{
"id": 1033,
"sub_category": "Grace Pack",
"category": "Lake Group",
"type": 0,
"letters": "AGIMST",
"mov": 28,
"shovels": 1,
"coins": 5,
"rows": 15,
"cols": 15,
"c": 0,
"b": -1,
"w": 11,
"h": 10,
"dws": [
"AITS",
"AIT",
"AGIST",
"AMIS",
"TIGS",
"SIMA",
"SAI",
"TAM",
"MAIST",
"MAS",
"AIS",
"TAIGS",
"TAI",
"ITA",
"AGS",
"AMI",
"MAGI",
"MIS",
"SMA",
"MIGS",
"GAMS",
"TAIG",
"ISM",
"GATS",
"TAMIS",
"GAST",
"TAMS",
"GAM",
"SMIT",
"TAGS",
"AGISM",
"SAM",
"MAGS",
"AIMS",
"MIST",
"GISM",
"SATI",
"MATS",
"TAS",
"STIM",
"TAIS",
"ATS",
"SIG",
"MIG",
"STAIG",
"GAT",
"GAITS",
"TIG",
"SAIM",
"GIS",
"ITAS",
"GITS"
],
"ws": [
{
"w": "AIM",
"v": true,
"row": 5,
"col": 1,
"def": "The pointing of a weapon, as a gun, a dart, or an arrow, or object, in the line of direction with the object intended to be struck; the line of fire; the direction of anything, as a spear, a blow, a discourse, a remark, towards a particular point or object, with a view to strike or affect it."
},
{
"w": "GAS",
"v": true,
"row": 1,
"col": 3,
"def": "Matter in a state intermediate between liquid and plasma that can be contained only if it is fully surrounded by a solid (or held together by gravitational pull); it can condense into a liquid, or can (rarely) become a solid directly."
},
{
"w": "ITS",
"v": false,
"row": 3,
"col": 1,
"def": "The one (or ones) belonging to it."
},
{
"w": "MAT",
"v": false,
"row": 7,
"col": 1,
"def": "A flat piece of coarse material used for wiping one's feet, or as a decorative or protective floor covering."
},
{
"w": "SAT",
"v": false,
"row": 9,
"col": 3,
"def": "Simple past tense and past participle of sit."
},
{
"w": "SIM",
"v": false,
"row": 8,
"col": 5,
"def": "A simulation."
},
{
"w": "SIT",
"v": true,
"row": 0,
"col": 7,
"def": "To be in a position in which the upper body is upright and the legs (especially the upper legs) are supported by some object."
},
{
"w": "TAG",
"v": true,
"row": 3,
"col": 2,
"def": "A small label."
},
{
"w": "TIS",
"v": true,
"row": 7,
"col": 3,
"def": "Plural of til."
},
{
"w": "GIT",
"v": false,
"row": 2,
"col": 5,
"def": "A contemptible person."
},
{
"w": "MAG",
"v": true,
"row": 0,
"col": 5,
"def": "Magazine, the publication or ammunition."
},
{
"w": "SAG",
"v": false,
"row": 5,
"col": 0,
"def": "The state of sinking or bending; sagging."
},
{
"w": "MAST",
"v": true,
"row": 6,
"col": 5,
"def": "A tall, slim post or tower, usually tapering upward, used to support, for examples, the sails on a ship, flags, floodlights, or communications equipment such as an aerial, usually supported by guy-wires."
},
{
"w": "GAIT",
"v": false,
"row": 7,
"col": 7,
"def": "Manner of walking or stepping; bearing or carriage while moving."
},
{
"w": "GIST",
"v": true,
"row": 4,
"col": 10,
"def": "The most essential part; the main idea or substance (of a longer or more complicated matter)."
},
{
"w": "STAG",
"v": false,
"row": 4,
"col": 7,
"def": "An adult male deer."
},
{
"w": "SIGMA",
"v": false,
"row": 1,
"col": 1,
"def": "The name for the eighteenth letter of the Classical and Modern Greek, the nineteenth letter of Old and Ancient."
},
{
"w": "STIGMA",
"v": true,
"row": 4,
"col": 7,
"def": "A mark of infamy or disgrace."
}
]
}