{
"id": 1038,
"sub_category": "Grace Pack",
"category": "Lake Group",
"type": 0,
"letters": "ACLLOR",
"mov": 20,
"shovels": 1,
"coins": 5,
"rows": 15,
"cols": 15,
"c": 0,
"b": -1,
"w": 9,
"h": 9,
"dws": [
"CARL",
"CLARO",
"LOR",
"CAR",
"ARCO",
"COLL",
"OCA",
"ARC",
"OLLA",
"LORAL",
"CAL",
"ORC",
"COL",
"ORA",
"ALCO",
"LOL",
"ALL",
"ACRO",
"LAR",
"LAC",
"LOCA",
"COR",
"OAR",
"CALO",
"ROC"
],
"ws": [
{
"w": "CALL",
"v": false,
"row": 4,
"col": 2,
"def": "A telephone conversation."
},
{
"w": "COAL",
"v": true,
"row": 1,
"col": 7,
"def": "A black rock formed from prehistoric plant remains, composed largely of carbon and burned as a fuel."
},
{
"w": "COLA",
"v": false,
"row": 1,
"col": 2,
"def": "The kola plant, genus Cola, famous for its nut, or one of these nuts."
},
{
"w": "ORAL",
"v": false,
"row": 3,
"col": 5,
"def": "A physical examination of the mouth."
},
{
"w": "ROLL",
"v": false,
"row": 8,
"col": 0,
"def": "To cause to revolve by turning over and over; to move by turning on an axis; to impel forward by causing to turn over and over on a supporting surface."
},
{
"w": "ORCA",
"v": true,
"row": 1,
"col": 3,
"def": "A sea mammal (scientific name: Orcinus orca) related to dolphins and porpoises, commonly called the killer whale."
},
{
"w": "CORAL",
"v": true,
"row": 4,
"col": 2,
"def": "A hard substance made of the limestone skeletons of marine polyps."
},
{
"w": "LOCAL",
"v": false,
"row": 6,
"col": 4,
"def": "From or in a nearby location."
},
{
"w": "CAROL",
"v": true,
"row": 0,
"col": 5,
"def": "To sing (a song) cheerfully."
},
{
"w": "COLLAR",
"v": true,
"row": 3,
"col": 0,
"def": "The part of an upper garment (shirt, jacket, etc.) that fits around the neck and throat, especially if sewn from a separate piece of fabric."
}
]
}