{
"id": 1056,
"sub_category": "Climb Packx",
"category": "Vista Group",
"type": 0,
"letters": "CENORS",
"mov": 26,
"shovels": 1,
"coins": 5,
"rows": 15,
"cols": 15,
"c": 0,
"b": -1,
"w": 13,
"h": 11,
"dws": [
"REC",
"COS",
"CORES",
"ONE",
"REOS",
"SON",
"EON",
"RENO",
"ONS",
"ECO",
"ROES",
"ONER",
"RECONS",
"CON",
"ERN",
"SECO",
"SER",
"RONES",
"OSE",
"COSE",
"SONE",
"REO",
"RONE",
"SEN",
"CRONES",
"ONCER",
"ORE",
"ROCS",
"ERS",
"CORNS",
"ORC",
"RENS",
"ONCES",
"CORSE",
"ONERS",
"ONCE",
"SORN",
"OES",
"RENOS",
"NOES",
"SERON",
"REN",
"CONE",
"CENS",
"CORS",
"NOS",
"EROS",
"NOR",
"SOC",
"ENS",
"CEROS",
"ROE",
"RECS",
"COR",
"SEC",
"ORS",
"SENOR",
"CERO",
"ERNS",
"RES",
"CONES",
"ROC",
"ECOS",
"NOSER",
"ORCS"
],
"ws": [
{
"w": "CONS",
"v": true,
"row": 2,
"col": 1,
"def": "Plural form of con."
},
{
"w": "CORE",
"v": false,
"row": 3,
"col": 0,
"def": "The central part of fruit, containing the kernels or seeds."
},
{
"w": "CORN",
"v": false,
"row": 1,
"col": 2,
"def": "A cereal plant grown for its grain, specifically the main such plant grown in a given region, such as oats in parts of Scotland and Ireland, wheat or barley in England and Wales, and maize or sweetcorn in the Americas."
},
{
"w": "NOSE",
"v": false,
"row": 7,
"col": 2,
"def": "To confront; be closely face to face or opposite to."
},
{
"w": "ONES",
"v": true,
"row": 0,
"col": 5,
"def": "Plural form of one."
},
{
"w": "ORES",
"v": false,
"row": 0,
"col": 5,
"def": "Plural form of ore."
},
{
"w": "ROSE",
"v": true,
"row": 5,
"col": 4,
"def": "A shrub of the genus Rosa, with red, pink, white or yellow flowers."
},
{
"w": "SORE",
"v": true,
"row": 0,
"col": 3,
"def": "Causing pain or discomfort; painfully sensitive."
},
{
"w": "EONS",
"v": true,
"row": 0,
"col": 7,
"def": "Plural form of eon."
},
{
"w": "SCORE",
"v": false,
"row": 3,
"col": 7,
"def": "The total number of points earned by a participant in a game."
},
{
"w": "CRONE",
"v": true,
"row": 1,
"col": 9,
"def": "An old woman."
},
{
"w": "SCORN",
"v": false,
"row": 5,
"col": 1,
"def": "To feel or display contempt or disdain for something or somebody; to despise."
},
{
"w": "SNORE",
"v": true,
"row": 4,
"col": 12,
"def": "To breathe during sleep with harsh, snorting noises caused by vibration of the soft palate."
},
{
"w": "SCONE",
"v": false,
"row": 8,
"col": 8,
"def": "A small, rich, pastry or quick bread, sometimes baked on a griddle."
},
{
"w": "RECON",
"v": false,
"row": 5,
"col": 8,
"def": "Reconnaissance."
},
{
"w": "CENSOR",
"v": true,
"row": 5,
"col": 2,
"def": "A Roman magistrate, originally a census administrator, by Classical times a high judge of public behavior and morality."
}
]
}