{
"id": 1061,
"sub_category": "Above Pack",
"category": "Vista Group",
"type": 0,
"letters": "CDDEEU",
"mov": 16,
"shovels": 1,
"coins": 5,
"rows": 15,
"cols": 15,
"c": 0,
"b": -1,
"w": 6,
"h": 5,
"dws": [
"CEDED",
"CEDE",
"EDUCED",
"EDUCE",
"CEE",
"DUED",
"ECU",
"DUCE",
"DEUCED",
"CUED",
"CUD",
"DEE",
"DEED"
],
"ws": [
{
"w": "CUE",
"v": true,
"row": 2,
"col": 4,
"def": "An action or event that is a signal for somebody to do something."
},
{
"w": "DUD",
"v": true,
"row": 2,
"col": 2,
"def": "A device or machine that is useless because it does not work properly or has failed to work, such as a bomb, or explosive projectile."
},
{
"w": "DUE",
"v": false,
"row": 4,
"col": 2,
"def": "Owed or owing."
},
{
"w": "DUDE",
"v": true,
"row": 0,
"col": 0,
"def": "A man."
},
{
"w": "DEUCE",
"v": false,
"row": 0,
"col": 0,
"def": "A card with two spots, one of four in a standard deck of playing cards."
},
{
"w": "DEDUCE",
"v": false,
"row": 2,
"col": 0,
"def": "To reach a conclusion by applying rules of logic to given premises."
}
]
}