{
"id": 1063,
"sub_category": "Above Pack",
"category": "Vista Group",
"type": 0,
"letters": "BBELRU",
"mov": 22,
"shovels": 1,
"coins": 5,
"rows": 15,
"cols": 15,
"c": 0,
"b": -1,
"w": 10,
"h": 9,
"dws": [
"BUB",
"BLUB",
"BEL",
"BUR",
"BURBLE",
"BURL",
"RUBEL",
"ULE",
"LEU",
"URE",
"BRU",
"REB",
"LUR",
"BLEB",
"LUBBER",
"RUBLE",
"BRULE",
"RUBE",
"BURB",
"URB"
],
"ws": [
{
"w": "RUB",
"v": true,
"row": 0,
"col": 3,
"def": "An act of rubbing."
},
{
"w": "RUE",
"v": false,
"row": 5,
"col": 0,
"def": "Repentance, regret."
},
{
"w": "EBB",
"v": true,
"row": 0,
"col": 6,
"def": "The receding movement of the tide."
},
{
"w": "BLUE",
"v": false,
"row": 2,
"col": 6,
"def": "Having a bluish colour shade."
},
{
"w": "BLUR",
"v": true,
"row": 2,
"col": 0,
"def": "To make indistinct or hazy, to obscure or dim."
},
{
"w": "BULB",
"v": false,
"row": 2,
"col": 0,
"def": "Any solid object rounded at one end and tapering on the other, possibly attached to a larger object at the tapered end."
},
{
"w": "LURE",
"v": false,
"row": 6,
"col": 5,
"def": "Something that tempts or attracts, especially one with a promise of reward or pleasure."
},
{
"w": "RULE",
"v": false,
"row": 0,
"col": 3,
"def": "A regulation, law, guideline."
},
{
"w": "LUBE",
"v": true,
"row": 2,
"col": 2,
"def": "Lubricant."
},
{
"w": "BLURB",
"v": false,
"row": 4,
"col": 2,
"def": "A short description of a book, film, musical work, or other product written and used for promotional purposes."
},
{
"w": "BLUER",
"v": true,
"row": 4,
"col": 6,
"def": "Comparative form of blue: more blue."
},
{
"w": "RUBBLE",
"v": true,
"row": 1,
"col": 8,
"def": "The broken remains of an object, usually rock or masonry."
}
]
}