{
"id": 1069,
"sub_category": "Above Pack",
"category": "Vista Group",
"type": 0,
"letters": "FGHOTU",
"mov": 18,
"shovels": 1,
"coins": 5,
"rows": 15,
"cols": 15,
"c": 0,
"b": -1,
"w": 9,
"h": 7,
"dws": [
"HOG",
"TUG",
"HUG",
"THO",
"UFO",
"FOUTH",
"FUG",
"HOUF",
"HUT",
"UGH",
"HOUT",
"HOT",
"FOH",
"TOG",
"OFT",
"FOU",
"FOG",
"OUT",
"GUT",
"GOT"
],
"ws": [
{
"w": "THUG",
"v": false,
"row": 6,
"col": 3,
"def": "To commit acts of thuggery, to live the life of a thug, or to dress and act in a manner reminiscent of someone who does."
},
{
"w": "TOFU",
"v": true,
"row": 2,
"col": 8,
"def": "A protein-rich food made from curdled soybean milk."
},
{
"w": "GOUT",
"v": false,
"row": 2,
"col": 5,
"def": "An extremely painful inflammation of joints, especially of the big toe, caused by a metabolic defect resulting in the accumulation of uric acid in the blood and the deposition of urates around the joints."
},
{
"w": "THOU",
"v": true,
"row": 3,
"col": 1,
"def": "You singular informal, nominative case."
},
{
"w": "GOTH",
"v": false,
"row": 5,
"col": 0,
"def": "A punk-derived subculture of people who predominately dress in black."
},
{
"w": "OUGHT",
"v": true,
"row": 0,
"col": 5,
"def": "Simple past of owe."
},
{
"w": "TOUGH",
"v": false,
"row": 3,
"col": 1,
"def": "Strong and resilient; sturdy."
},
{
"w": "FOUGHT",
"v": true,
"row": 1,
"col": 3,
"def": "Simple past tense and past participle of fight."
}
]
}