{
"id": 1098,
"sub_category": "Below Pack",
"category": "Vista Group",
"type": 0,
"letters": "BEPRSU",
"mov": 22,
"shovels": 1,
"coins": 5,
"rows": 15,
"cols": 15,
"c": 0,
"b": -1,
"w": 10,
"h": 9,
"dws": [
"SUER",
"PES",
"BRUS",
"SER",
"SUB",
"BURS",
"URBS",
"SPUE",
"PUBES",
"UPS",
"RUB",
"PUB",
"ERS",
"BES",
"PUBE",
"BUR",
"BURPS",
"URPS",
"SUE",
"SUP",
"SUPE",
"URES",
"REBUS",
"BUS",
"PER",
"URP",
"RUE",
"SPRUE",
"URE",
"BRU",
"RUBE",
"REB",
"PURES",
"BURSE",
"REBS",
"PURS",
"SUBER",
"RUBES",
"RUES",
"RES",
"REP",
"USE",
"PUR",
"PRE",
"PUS",
"PUER",
"URB"
],
"ws": [
{
"w": "PUBS",
"v": false,
"row": 6,
"col": 2,
"def": "Plural form of pub."
},
{
"w": "PURE",
"v": false,
"row": 4,
"col": 0,
"def": "Free of flaws or imperfections; unsullied."
},
{
"w": "RUBS",
"v": true,
"row": 3,
"col": 5,
"def": "Plural form of rub."
},
{
"w": "SURE",
"v": false,
"row": 3,
"col": 3,
"def": "Physically secure and certain, non-failing, reliable."
},
{
"w": "USER",
"v": false,
"row": 2,
"col": 0,
"def": "One who uses or makes use of something, a consumer."
},
{
"w": "BURP",
"v": true,
"row": 1,
"col": 0,
"def": "A belch."
},
{
"w": "REPS",
"v": true,
"row": 4,
"col": 2,
"def": "Rep."
},
{
"w": "SPUR",
"v": false,
"row": 2,
"col": 6,
"def": "A rigid implement, often roughly y-shaped, that is fixed to one's heel for purpose of prodding a horse. Often worn by, and emblematic of, the cowboy or the knight."
},
{
"w": "RUSE",
"v": true,
"row": 0,
"col": 6,
"def": "A trick."
},
{
"w": "PURSE",
"v": true,
"row": 0,
"col": 3,
"def": "A small bag for carrying money."
},
{
"w": "SUPER",
"v": false,
"row": 8,
"col": 4,
"def": "Of excellent quality, superfine."
},
{
"w": "SUPERB",
"v": true,
"row": 1,
"col": 8,
"def": "First-rate; of the highest quality; exceptionally good."
}
]
}