{
"id": 110,
"sub_category": "Pass Pack",
"category": "Canyon Group",
"type": 0,
"letters": "BEGINN",
"mov": 18,
"shovels": 1,
"coins": 5,
"rows": 15,
"cols": 15,
"c": 0,
"b": -1,
"w": 9,
"h": 7,
"dws": [
"GIE",
"BINE",
"BING",
"GIB",
"NEG",
"NIB",
"GIN",
"NIE",
"NEB",
"GIBE",
"BEIN",
"GEN",
"GIEN",
"BIG",
"GINN",
"BENI",
"BEN",
"BENNI",
"ENG",
"BIEN",
"ING"
],
"ws": [
{
"w": "BEG",
"v": true,
"row": 4,
"col": 4,
"def": "To request the help of someone, often in the form of money."
},
{
"w": "INN",
"v": true,
"row": 0,
"col": 4,
"def": "Any establishment where travellers can procure lodging, food, and drink."
},
{
"w": "BIN",
"v": false,
"row": 2,
"col": 2,
"def": "A container used for storage."
},
{
"w": "NINE",
"v": false,
"row": 1,
"col": 4,
"def": "A numerical value equal to 9; the number occurring after eight and before ten."
},
{
"w": "BEGIN",
"v": true,
"row": 2,
"col": 2,
"def": "To start, to initiate or take the first step into something."
},
{
"w": "BEING",
"v": true,
"row": 0,
"col": 7,
"def": "Present participle of be."
},
{
"w": "BINGE",
"v": false,
"row": 4,
"col": 4,
"def": "A short period of excessive consumption, especially of excessive alcohol consumption."
},
{
"w": "BENIGN",
"v": false,
"row": 6,
"col": 0,
"def": "Kind; gentle; mild."
}
]
}