{
"id": 115,
"sub_category": "Arch Pack",
"category": "Canyon Group",
"type": 0,
"letters": "ACELLR",
"mov": 26,
"shovels": 1,
"coins": 5,
"rows": 15,
"cols": 15,
"c": 0,
"b": -1,
"w": 11,
"h": 11,
"dws": [
"REC",
"CARL",
"ARE",
"ACER",
"ALEC",
"LARE",
"ACRE",
"CEL",
"CAL",
"ELL",
"RALE",
"CELLA",
"LEA",
"LAER",
"ALL",
"LEAR",
"LACE",
"ARLE",
"LEAL",
"LAR",
"LAC",
"LACER",
"CARLE"
],
"ws": [
{
"w": "ACE",
"v": true,
"row": 8,
"col": 2,
"def": "A single point or spot on a playing card or die."
},
{
"w": "ALE",
"v": true,
"row": 5,
"col": 3,
"def": "An intoxicating liquor made from an infusion of malt by fermentation and the addition of a bitter, usually hops."
},
{
"w": "ARC",
"v": true,
"row": 8,
"col": 4,
"def": "A directed edge."
},
{
"w": "CAR",
"v": false,
"row": 9,
"col": 2,
"def": "A wheeled vehicle, drawn by a horse or other animal."
},
{
"w": "EAR",
"v": false,
"row": 7,
"col": 7,
"def": "The organ of hearing, consisting of the pinna, auditory canal, eardrum, malleus, incus, stapes and cochlea."
},
{
"w": "ERA",
"v": false,
"row": 8,
"col": 0,
"def": "A time period of indeterminate length, generally more than one year."
},
{
"w": "CALL",
"v": false,
"row": 10,
"col": 4,
"def": "A telephone conversation."
},
{
"w": "CARE",
"v": true,
"row": 5,
"col": 9,
"def": "Grief, sorrow."
},
{
"w": "CELL",
"v": false,
"row": 6,
"col": 0,
"def": "A region of radio reception that is a part of a larger radio network."
},
{
"w": "EARL",
"v": true,
"row": 7,
"col": 7,
"def": "A British nobleman next in rank above a viscount and below a marquess; equivalent to a European count. A female using the style is termed a countess."
},
{
"w": "RACE",
"v": false,
"row": 5,
"col": 7,
"def": "A contest between people, animals, vehicles, etc. where the goal is to be the first to reach some objective. Several horses run in a horse race, and the first one to reach the finishing post wins."
},
{
"w": "REAL",
"v": false,
"row": 1,
"col": 5,
"def": "A commodity; see reality."
},
{
"w": "CLEAR",
"v": true,
"row": 4,
"col": 1,
"def": "Completely transparent in colour."
},
{
"w": "CALLER",
"v": true,
"row": 0,
"col": 7,
"def": "The person who made a telephone call."
},
{
"w": "RECALL",
"v": true,
"row": 1,
"col": 5,
"def": "The action or fact of calling someone or something back."
},
{
"w": "CELLAR",
"v": false,
"row": 3,
"col": 5,
"def": "An enclosed underground space, often under a building; used for storage or shelter."
}
]
}