{
"id": 1207,
"sub_category": "Fresh Pack",
"category": "Beach Group",
"type": 0,
"letters": "EIKNRT",
"mov": 30,
"shovels": 1,
"coins": 5,
"rows": 15,
"cols": 15,
"c": 0,
"b": -1,
"w": 14,
"h": 11,
"dws": [
"RET",
"RIT",
"KIER",
"KERN",
"NEK",
"KIRN",
"REKNIT",
"ERN",
"REI",
"NERK",
"TIKE",
"IRK",
"KEIR",
"RIN",
"NITER",
"TIK",
"NITE",
"REIK",
"NIE",
"TRINE",
"REN",
"KIR",
"KENT",
"RITE",
"RENK",
"INKER",
"TRIE",
"TIRE",
"KET",
"NITRE",
"EIK",
"TIER",
"TINK",
"REINK",
"ERK",
"TRIN",
"KNIT",
"KITER",
"KINE",
"TEIN",
"RINE",
"KEN"
],
"ws": [
{
"w": "INK",
"v": true,
"row": 6,
"col": 1,
"def": "To apply a tattoo to (someone)."
},
{
"w": "KIN",
"v": false,
"row": 8,
"col": 1,
"def": "Race; family; breed; kind."
},
{
"w": "KIT",
"v": false,
"row": 6,
"col": 0,
"def": "A circular wooden vessel, made of hooped staves."
},
{
"w": "NET",
"v": true,
"row": 8,
"col": 3,
"def": "A mesh of string, cord or rope."
},
{
"w": "TEN",
"v": false,
"row": 10,
"col": 3,
"def": "A numerical value equal to 10; the number occurring after nine and before eleven, represented in Roman numerals as X, in Arabic numerals as 10, and in the hexadecimal system (base 16) as A."
},
{
"w": "TIE",
"v": false,
"row": 3,
"col": 0,
"def": "A necktie (item of clothing consisting of a strip of cloth tied around the neck)."
},
{
"w": "TIN",
"v": true,
"row": 8,
"col": 5,
"def": "A malleable, ductile, metallic element, resistant to corrosion, with atomic number 50 and symbol Sn."
},
{
"w": "NIT",
"v": true,
"row": 8,
"col": 8,
"def": "The egg of a louse."
},
{
"w": "IRE",
"v": true,
"row": 1,
"col": 2,
"def": "Iron."
},
{
"w": "KITE",
"v": true,
"row": 7,
"col": 11,
"def": "Any of falconiform birds of prey in the subfamily Elaninae of the family Accipitridae with long wings and weak legs, feeding mostly on carrion and spending long periods soaring."
},
{
"w": "RENT",
"v": false,
"row": 5,
"col": 10,
"def": "A payment made by a tenant at intervals in order to occupy a property."
},
{
"w": "RINK",
"v": false,
"row": 8,
"col": 10,
"def": "A man, especially a warrior or hero."
},
{
"w": "TREK",
"v": true,
"row": 3,
"col": 0,
"def": "A slow or difficult journey."
},
{
"w": "REIN",
"v": true,
"row": 2,
"col": 12,
"def": "A strap or rope attached to the bridle or bit, used to control a horse, animal or young child."
},
{
"w": "TERN",
"v": false,
"row": 8,
"col": 5,
"def": "Any of various sea birds of the family Sternidae that are similar to gulls but are smaller, more elegant and have a forked tail."
},
{
"w": "TINE",
"v": false,
"row": 10,
"col": 8,
"def": "A spike or point on an implement or tool, especially a prong of a fork or a tooth of a comb."
},
{
"w": "INERT",
"v": false,
"row": 2,
"col": 9,
"def": "Unable to move or act; inanimate."
},
{
"w": "INTER",
"v": false,
"row": 0,
"col": 8,
"def": "To bury in a grave."
},
{
"w": "TRIKE",
"v": true,
"row": 5,
"col": 13,
"def": "A tricycle."
},
{
"w": "TINKER",
"v": true,
"row": 0,
"col": 10,
"def": "An itinerant tinsmith and mender of household utensils made of tin."
}
]
}