{
"id": 1233,
"sub_category": "Wash Pack",
"category": "Beach Group",
"type": 0,
"letters": "AGIMNR",
"mov": 30,
"shovels": 1,
"coins": 5,
"rows": 15,
"cols": 15,
"c": 0,
"b": -1,
"w": 13,
"h": 11,
"dws": [
"RAI",
"AIRN",
"GARI",
"INARM",
"MIR",
"RANI",
"GAR",
"MINAR",
"RIA",
"ARMING",
"AMIN",
"GIRN",
"RIN",
"MINA",
"RAMIN",
"AIM",
"AMI",
"NIM",
"MAGI",
"RAM",
"GNAR",
"ANI",
"MARG",
"RIG",
"AGRIN",
"AGIN",
"RNA",
"NAM",
"GAM",
"RIMA",
"AIN",
"MANI",
"GAMIN",
"AMIR",
"MIG",
"GAN",
"RAMI",
"MNA",
"RAGI",
"MING",
"GAIR",
"MAIR",
"GRAN",
"GARNI",
"ING",
"MANG"
],
"ws": [
{
"w": "AIR",
"v": true,
"row": 3,
"col": 10,
"def": "The atmospheric substance above the surface of the earth which animals breathe, formerly considered to be a single substance, one of the four basic elements of ancient philosophy and one of the five basic elements of Eastern traditions."
},
{
"w": "ARM",
"v": false,
"row": 5,
"col": 9,
"def": "The portion of the upper human appendage, from the shoulder to the wrist and sometimes including the hand."
},
{
"w": "GIN",
"v": false,
"row": 7,
"col": 9,
"def": "A colourless non-aged alcoholic liquor made by distilling fermented grains such as barley, corn, oats or rye with juniper berries; the base for many cocktails."
},
{
"w": "MAN",
"v": true,
"row": 5,
"col": 11,
"def": "An adult male human."
},
{
"w": "MAR",
"v": true,
"row": 8,
"col": 7,
"def": "To spoil, to damage."
},
{
"w": "NAG",
"v": false,
"row": 3,
"col": 9,
"def": "A small horse; a pony."
},
{
"w": "RAG",
"v": true,
"row": 8,
"col": 5,
"def": "A coarse kind of rock, somewhat cellular in texture; ragstone."
},
{
"w": "RAN",
"v": false,
"row": 10,
"col": 7,
"def": "Simple past of run."
},
{
"w": "RIM",
"v": false,
"row": 8,
"col": 5,
"def": "An edge around something, especially when circular."
},
{
"w": "MAG",
"v": false,
"row": 10,
"col": 3,
"def": "Magazine, the publication or ammunition."
},
{
"w": "GAIN",
"v": true,
"row": 7,
"col": 9,
"def": "Against."
},
{
"w": "GRAM",
"v": true,
"row": 3,
"col": 6,
"def": "A unit of mass equal to one-thousandth of a kilogram."
},
{
"w": "GRIM",
"v": true,
"row": 7,
"col": 3,
"def": "Dismal and gloomy, cold and forbidding."
},
{
"w": "GRIN",
"v": true,
"row": 0,
"col": 9,
"def": "A smile in which the lips are parted to reveal the teeth."
},
{
"w": "MAIN",
"v": true,
"row": 4,
"col": 2,
"def": "Great in size or degree; vast; strong; powerful; important."
},
{
"w": "RAIN",
"v": false,
"row": 1,
"col": 9,
"def": "Condensed water falling from a cloud."
},
{
"w": "RANG",
"v": false,
"row": 7,
"col": 0,
"def": "Simple past of ring."
},
{
"w": "RING",
"v": true,
"row": 0,
"col": 11,
"def": "A circumscribing object, (roughly) circular and hollow, looking like an annual ring, earring, finger ring etc."
},
{
"w": "GRAIN",
"v": false,
"row": 5,
"col": 0,
"def": "The harvested seeds of various grass-related food crops eg: wheat, corn, barley."
},
{
"w": "MARGIN",
"v": true,
"row": 0,
"col": 4,
"def": "The edge of the paper that remains blank."
}
]
}