{
"id": 1249,
"sub_category": "Aqua Pack",
"category": "Beach Group",
"type": 0,
"letters": "ANPRUW",
"mov": 16,
"shovels": 1,
"coins": 5,
"rows": 15,
"cols": 15,
"c": 0,
"b": -1,
"w": 7,
"h": 7,
"dws": [
"NUR",
"RAP",
"PAR",
"WAUR",
"PRAU",
"PAW",
"NAW",
"RAUN",
"WAR",
"RAW",
"NAP",
"RAN",
"RUN",
"RNA",
"PAN",
"URP",
"RAWN",
"WAP",
"PUN",
"WAN",
"URN",
"PUR",
"PUNA",
"AWN"
],
"ws": [
{
"w": "WARN",
"v": true,
"row": 0,
"col": 4,
"def": "To give warning."
},
{
"w": "WRAP",
"v": false,
"row": 6,
"col": 3,
"def": "To enclose (an object) completely in any flexible, thin material such as fabric or paper."
},
{
"w": "PAWN",
"v": true,
"row": 1,
"col": 6,
"def": "The most common chess piece, or a similar piece in a similar game. In chess each side has eight; moves are only forward, attacks are only forward diagonally or en passant."
},
{
"w": "WARP",
"v": false,
"row": 1,
"col": 3,
"def": "A throw; a cast."
},
{
"w": "PRAWN",
"v": false,
"row": 3,
"col": 0,
"def": "A large shrimp."
},
{
"w": "UNWRAP",
"v": true,
"row": 0,
"col": 1,
"def": "To open or undo, as what is wrapped or folded."
}
]
}