{
"id": 1303,
"sub_category": "Valley Pack",
"category": "Fog Group",
"type": 0,
"letters": "EEFILR",
"mov": 24,
"shovels": 1,
"coins": 5,
"rows": 15,
"cols": 15,
"c": 0,
"b": -1,
"w": 12,
"h": 10,
"dws": [
"EEL",
"FIER",
"LEI",
"FERLIE",
"LIE",
"LIEFER",
"REI",
"FELE",
"ERE",
"FLEER",
"RIEL",
"LIEF",
"REIF",
"LIRE",
"FER",
"RIF",
"LEIR",
"FEER",
"ELF",
"LIFER",
"FIR",
"REFILE",
"LEE",
"FERE",
"FEE",
"FILER",
"FIL",
"REE",
"REF",
"ERF",
"FIE",
"LERE",
"LIER",
"REFEL",
"FLIR",
"IRE"
],
"ws": [
{
"w": "FEEL",
"v": true,
"row": 0,
"col": 10,
"def": "To become aware of through the skin; to use the sense of touch."
},
{
"w": "FILE",
"v": true,
"row": 3,
"col": 9,
"def": "A collection of papers collated and archived together."
},
{
"w": "FIRE",
"v": true,
"row": 1,
"col": 7,
"def": "A (usually self-sustaining) chemical reaction involving the bonding of oxygen with carbon or other fuel, with the production of heat and the presence of flame or smouldering."
},
{
"w": "FLEE",
"v": false,
"row": 1,
"col": 7,
"def": "To run away; to escape."
},
{
"w": "FREE",
"v": false,
"row": 6,
"col": 7,
"def": "Not imprisoned or enslaved."
},
{
"w": "LIFE",
"v": false,
"row": 8,
"col": 5,
"def": "The state that follows birth, and precedes death; the state of being alive and living."
},
{
"w": "REEF",
"v": true,
"row": 6,
"col": 8,
"def": "Scabby; scurvy."
},
{
"w": "REEL",
"v": true,
"row": 5,
"col": 5,
"def": "A lively dance of the Highlanders of Scotland; also, the music to the dance; -- often called Scotch reel."
},
{
"w": "LEER",
"v": false,
"row": 5,
"col": 2,
"def": "A significant side glance; a glance expressive of some passion, as malignity, amorousness, etc.; a sly or lecherous look."
},
{
"w": "RIFE",
"v": true,
"row": 2,
"col": 3,
"def": "Widespread, common (especially of unpleasant or harmful things)."
},
{
"w": "RILE",
"v": true,
"row": 3,
"col": 0,
"def": "To make angry."
},
{
"w": "RIFLE",
"v": false,
"row": 3,
"col": 7,
"def": "A long firearm firing a single projectile, usually with a rifled barrel to improve accuracy."
},
{
"w": "FLIER",
"v": false,
"row": 0,
"col": 1,
"def": "Something that flies."
},
{
"w": "RELIEF",
"v": false,
"row": 3,
"col": 0,
"def": "The removal of stress or discomfort."
}
]
}