{
"id": 134,
"sub_category": "Cliff Pack",
"category": "Canyon Group",
"type": 0,
"letters": "DELMOU",
"mov": 28,
"shovels": 1,
"coins": 5,
"rows": 15,
"cols": 15,
"c": 0,
"b": -1,
"w": 11,
"h": 10,
"dws": [
"OLDE",
"EMO",
"ODEUM",
"MOUE",
"OULD",
"LOU",
"MEU",
"OLEUM",
"DOLE",
"LEUD",
"LUM",
"DOUM",
"MULED",
"MOE",
"OLE",
"OLM",
"MOU",
"DUM",
"MOD",
"MED",
"DOL",
"OUD",
"ELD",
"LOD",
"MEL",
"MOL",
"LUDO",
"DELO",
"DULE",
"ULE",
"MULE",
"LEU",
"UDO",
"EMU",
"ODE",
"MEOU",
"LUDE",
"DOM",
"LOME",
"LUD",
"MOULD",
"DEL"
],
"ws": [
{
"w": "DUE",
"v": false,
"row": 3,
"col": 4,
"def": "Owed or owing."
},
{
"w": "DUO",
"v": false,
"row": 4,
"col": 0,
"def": "A twosome, especially musicians."
},
{
"w": "ELM",
"v": false,
"row": 1,
"col": 2,
"def": "A tree of the genus Ulmus of the family Ulmaceae, large deciduous trees with alternate stipulate leaves and small apetalous flowers."
},
{
"w": "LED",
"v": true,
"row": 0,
"col": 2,
"def": "Simple past tense and past participle of lead."
},
{
"w": "MUD",
"v": false,
"row": 2,
"col": 0,
"def": "A mixture of water and soil or fine grained sediment."
},
{
"w": "OLD",
"v": true,
"row": 4,
"col": 2,
"def": "Of an object, concept, relationship, etc., having existed for a relatively long period of time."
},
{
"w": "DOE",
"v": false,
"row": 9,
"col": 5,
"def": "A female deer; also used of similar animals such as reindeer, antelope, goat."
},
{
"w": "DEMO",
"v": true,
"row": 2,
"col": 6,
"def": "A brief demonstration or visual explanation."
},
{
"w": "DOME",
"v": false,
"row": 8,
"col": 0,
"def": "A common structural element of architecture that resembles the hollow upper half of a sphere, a cupola."
},
{
"w": "DUEL",
"v": false,
"row": 6,
"col": 2,
"def": "Arranged, regular combat between two private persons, often over a matter of honor."
},
{
"w": "LOUD",
"v": true,
"row": 6,
"col": 5,
"def": "Of great intensity."
},
{
"w": "MODE",
"v": true,
"row": 2,
"col": 0,
"def": "One of several ancient scales, one of which corresponds to the modern major scale and one to the natural minor scale."
},
{
"w": "MOLD",
"v": false,
"row": 6,
"col": 7,
"def": "A hollow form or matrix for shaping a fluid or plastic substance."
},
{
"w": "MOLE",
"v": true,
"row": 6,
"col": 7,
"def": "A pigmented spot on the skin, a naevus, slightly raised, and sometimes hairy."
},
{
"w": "LODE",
"v": true,
"row": 4,
"col": 10,
"def": "A way or path; a road."
},
{
"w": "MELD",
"v": true,
"row": 1,
"col": 8,
"def": "To combine two similar objects into one."
},
{
"w": "MODEL",
"v": false,
"row": 4,
"col": 6,
"def": "A person who serves as a subject for artwork or fashion, usually in the medium of photography but also for painting or drawing."
},
{
"w": "MODULE",
"v": true,
"row": 1,
"col": 4,
"def": "A self-contained component of a system, often interchangeable, which has a well-defined interface to the other components."
}
]
}