{
"id": 1388,
"sub_category": "Luna Pack",
"category": "Celestial Group",
"type": 0,
"letters": "AELOSV",
"mov": 28,
"shovels": 1,
"coins": 5,
"rows": 15,
"cols": 15,
"c": 0,
"b": -1,
"w": 14,
"h": 10,
"dws": [
"VOES",
"LOAVE",
"VOL",
"SAL",
"LEVS",
"EVO",
"LES",
"SOAVE",
"SLAVE",
"SLOE",
"EVOS",
"VEALS",
"SAV",
"LOVES",
"ALOES",
"SELVA",
"LAEVO",
"SLAE",
"LEVO",
"VAES",
"OSE",
"LAV",
"AVEL",
"OAVES",
"OLE",
"SOLA",
"VOE",
"AVE",
"VALSE",
"VAS",
"SEL",
"LEV",
"AVELS",
"ALE",
"LAVES",
"OLEA",
"LEA",
"OVALS",
"VELA",
"LASE",
"LOS",
"VALES",
"OVEL",
"LAS",
"AVES",
"SAE",
"OES",
"OLES",
"VOLA",
"VOLES",
"LAVS",
"ELS",
"LEAS",
"ALS",
"SOV",
"LEVA",
"OVELS",
"OVA",
"AVOS",
"VAE",
"LAVE",
"SEV",
"LEVAS",
"EAS",
"SEA",
"VOLS",
"SOL",
"AVO"
],
"ws": [
{
"w": "ALES",
"v": false,
"row": 4,
"col": 0,
"def": "Plural form of ale."
},
{
"w": "ALSO",
"v": false,
"row": 1,
"col": 1,
"def": "To the same degree or extent; so, as."
},
{
"w": "LOSE",
"v": true,
"row": 1,
"col": 2,
"def": "To cause (something) to cease to be in one's possession or capability due to unfortunate or unknown circumstances, events or reasons."
},
{
"w": "LOVE",
"v": true,
"row": 0,
"col": 4,
"def": "An intense feeling of affection and care towards another person."
},
{
"w": "OVAL",
"v": false,
"row": 5,
"col": 3,
"def": "A shape rather like an egg or an ellipse."
},
{
"w": "SALE",
"v": true,
"row": 6,
"col": 1,
"def": "An exchange of goods or services for currency or credit."
},
{
"w": "SAVE",
"v": false,
"row": 7,
"col": 0,
"def": "In various sports, a block that prevents an opponent from scoring."
},
{
"w": "SEAL",
"v": true,
"row": 2,
"col": 6,
"def": "A pinniped, particularly an earless seal (true seal) or eared seal."
},
{
"w": "SOLE",
"v": true,
"row": 4,
"col": 3,
"def": "A wooden band or yoke put around the neck of an ox or cow in the stall."
},
{
"w": "VASE",
"v": false,
"row": 2,
"col": 4,
"def": "A container used mainly for displaying fresh, dried, or artificial flowers."
},
{
"w": "VEAL",
"v": false,
"row": 8,
"col": 4,
"def": "The flesh of a calf used for food."
},
{
"w": "VALE",
"v": true,
"row": 6,
"col": 7,
"def": "Valley."
},
{
"w": "ALOE",
"v": true,
"row": 5,
"col": 5,
"def": "The resins of the trees Aquilaria agallocha and Aquilaria malaccensis, known for their fragrant odour."
},
{
"w": "VOLE",
"v": false,
"row": 6,
"col": 7,
"def": "Any of a large number of species of small rodents of the family Cricetidae."
},
{
"w": "SOLVE",
"v": true,
"row": 4,
"col": 9,
"def": "To find an answer or solution to a problem or question; to work out."
},
{
"w": "SALVO",
"v": false,
"row": 0,
"col": 6,
"def": "An exception; a reservation; an excuse."
},
{
"w": "SALVE",
"v": false,
"row": 4,
"col": 9,
"def": "An ointment, cream, or balm with soothing, healing, or calming effects."
},
{
"w": "LOAVES",
"v": true,
"row": 0,
"col": 13,
"def": "Plural form of loaf."
}
]
}