{
"id": 1405,
"sub_category": "Strato Pack",
"category": "Celestial Group",
"type": 0,
"letters": "CIOPRT",
"mov": 18,
"shovels": 1,
"coins": 5,
"rows": 15,
"cols": 15,
"c": 0,
"b": -1,
"w": 9,
"h": 7,
"dws": [
"RIT",
"ROT",
"TORC",
"RIP",
"PIT",
"POT",
"COIR",
"TOP",
"TIC",
"TOPI",
"CRIT",
"TORIC",
"TOC",
"TORI",
"PRO",
"PICOT",
"CITO",
"PIC",
"ORC",
"TOR",
"POI",
"CIT",
"CRIP",
"TROP",
"OTIC",
"COIT",
"COT",
"COR",
"ROTI",
"TIRO",
"OPT",
"TIP",
"PIR",
"RIPT",
"ORT",
"ROC",
"COP"
],
"ws": [
{
"w": "CROP",
"v": true,
"row": 3,
"col": 6,
"def": "A plant, especially a cereal, grown to be harvested as food, livestock fodder, or fuel or for any other economic purpose."
},
{
"w": "PORT",
"v": false,
"row": 3,
"col": 1,
"def": "A place on the coast at which ships can shelter, or dock to load and unload cargo or passengers."
},
{
"w": "RIOT",
"v": true,
"row": 3,
"col": 3,
"def": "Wanton or unrestrained behavior; uproar; tumult."
},
{
"w": "TRIO",
"v": true,
"row": 0,
"col": 2,
"def": "A group of three people or things."
},
{
"w": "TRIP",
"v": false,
"row": 4,
"col": 5,
"def": "A journey."
},
{
"w": "TOPIC",
"v": true,
"row": 2,
"col": 8,
"def": "Topical."
},
{
"w": "OPTIC",
"v": false,
"row": 0,
"col": 0,
"def": "Of, or relating to the eye or to vision."
},
{
"w": "TROPIC",
"v": false,
"row": 6,
"col": 3,
"def": "Either of the two parallels of latitude 23\u00b027\u2032north and south of the equator; the farthest points at which the sun can be directly overhead; the boundaries of the torrid zone or tropics."
}
]
}