{
"id": 1453,
"sub_category": "Ray Pack",
"category": "Woodland Group",
"type": 0,
"letters": "ANORRW",
"mov": 26,
"shovels": 1,
"coins": 5,
"rows": 15,
"cols": 15,
"c": 0,
"b": -1,
"w": 11,
"h": 9,
"dws": [
"AROW",
"RNA",
"ROWAN",
"WAN",
"ANOW",
"RAWN",
"ORRA",
"AWN",
"ORA"
],
"ws": [
{
"w": "NOR",
"v": true,
"row": 6,
"col": 5,
"def": "Used to introduce a further negative statement."
},
{
"w": "NOW",
"v": true,
"row": 6,
"col": 3,
"def": "Present; current."
},
{
"w": "OAR",
"v": true,
"row": 4,
"col": 1,
"def": "An implement used to propel a boat or a ship in the water, having a flat blade at one end, being rowed from the other end and being normally fastened to the vessel."
},
{
"w": "OWN",
"v": false,
"row": 7,
"col": 5,
"def": "To have rightful possession of (property, goods or capital); \"To possess by right; to have the right of property in; to have the legal right or rightful title to.\" (Ref 1)."
},
{
"w": "RAN",
"v": false,
"row": 6,
"col": 1,
"def": "Simple past of run."
},
{
"w": "RAW",
"v": true,
"row": 2,
"col": 2,
"def": "Of weather: unpleasantly damp or cold."
},
{
"w": "ROW",
"v": false,
"row": 4,
"col": 0,
"def": "A line of objects, often regularly spaced, such as seats in a theatre, vegetable plants in a garden etc."
},
{
"w": "WAR",
"v": false,
"row": 8,
"col": 3,
"def": "Organized, large-scale, armed conflict between countries or between national, ethnic, or other sizeable groups, usually involving the engagement of military forces."
},
{
"w": "WON",
"v": false,
"row": 0,
"col": 5,
"def": "Simple past tense and past participle of win."
},
{
"w": "NAW",
"v": true,
"row": 0,
"col": 7,
"def": "Eye dialect spelling of no."
},
{
"w": "ROAR",
"v": false,
"row": 2,
"col": 2,
"def": "To make a loud, deep cry, especially from pain, anger, or other strong emotion."
},
{
"w": "WARN",
"v": true,
"row": 0,
"col": 5,
"def": "To give warning."
},
{
"w": "WORN",
"v": false,
"row": 2,
"col": 7,
"def": "Past participle of wear."
},
{
"w": "ROAN",
"v": true,
"row": 4,
"col": 7,
"def": "Especially of a horse, having a coat of a dark base color with individual white hairs mixed in."
},
{
"w": "ARROW",
"v": false,
"row": 4,
"col": 6,
"def": "A projectile consisting of a shaft, a point and a tail with stabilizing fins that is shot from a bow."
},
{
"w": "NARROW",
"v": true,
"row": 0,
"col": 9,
"def": "Having a small width; not wide; slim; slender; having opposite edges or sides that are close, especially by comparison to length or depth."
}
]
}