{
"id": 1462,
"sub_category": "Azure Pack",
"category": "Woodland Group",
"type": 0,
"letters": "BBGRUY",
"mov": 16,
"shovels": 1,
"coins": 5,
"rows": 15,
"cols": 15,
"c": 0,
"b": -1,
"w": 7,
"h": 6,
"dws": [
"BUB",
"GUB",
"BRU",
"RUG",
"GUR",
"BURB",
"BUY",
"RUBBY",
"YUG",
"RYU",
"RUB",
"BUG",
"BUR",
"GUY",
"URB"
],
"ws": [
{
"w": "BURY",
"v": true,
"row": 2,
"col": 3,
"def": "To ritualistically inter a corpse in a grave or tomb. (see burial)."
},
{
"w": "BURG",
"v": false,
"row": 0,
"col": 2,
"def": "A city or town."
},
{
"w": "GRUB",
"v": false,
"row": 2,
"col": 0,
"def": "An immature stage in the life cycle of an insect; a larva."
},
{
"w": "RUBY",
"v": false,
"row": 4,
"col": 3,
"def": "A clear, deep, red variety of corundum, valued as a precious stone."
},
{
"w": "RUGBY",
"v": true,
"row": 0,
"col": 0,
"def": "A sport where players can hold or kick an ovoid ball. The ball cannot be handled forwards and points are scored by touching the ball to the ground in the area past their opponent's territory or kicking the ball between goalposts and over a crossbar."
},
{
"w": "GRUBBY",
"v": true,
"row": 0,
"col": 5,
"def": "Dirty, unwashed, unclean."
}
]
}