{
"id": 147,
"sub_category": "Pillar Pack",
"category": "Canyon Group",
"type": 0,
"letters": "AEIKNT",
"mov": 24,
"shovels": 1,
"coins": 5,
"rows": 15,
"cols": 15,
"c": 0,
"b": -1,
"w": 10,
"h": 9,
"dws": [
"KAE",
"TEIN",
"AIT",
"ANTE",
"KAT",
"ATE",
"NIT",
"NAE",
"NEK",
"NAIK",
"KANE",
"KAIN",
"KIT",
"TAIN",
"ANE",
"TAE",
"TIKE",
"TAI",
"AKIN",
"NAT",
"ITA",
"TAKIN",
"EINA",
"TAKI",
"EAT",
"TIK",
"EAN",
"NITE",
"TENIA",
"ANTI",
"IKAN",
"KINA",
"IKAT",
"ANI",
"TINE",
"AINE",
"KAI",
"NIE",
"KANT",
"KAIE",
"TIKA",
"TAK",
"AIN",
"KENT",
"KETA",
"KET",
"ETNA",
"ETA",
"KAN",
"KATI",
"EIK",
"TINK",
"AKE",
"ENTIA",
"TEAK",
"TANE",
"KNIT",
"NET",
"TINA",
"TIAN",
"TINEA",
"KINE",
"KEA",
"KEN"
],
"ws": [
{
"w": "ANT",
"v": true,
"row": 4,
"col": 2,
"def": "Any of various insects in the family Formicidae in the order Hymenoptera, typically living in large colonies composed almost entirely of flightless females."
},
{
"w": "INK",
"v": true,
"row": 5,
"col": 4,
"def": "To apply a tattoo to (someone)."
},
{
"w": "KIN",
"v": false,
"row": 5,
"col": 0,
"def": "Race; family; breed; kind."
},
{
"w": "TAN",
"v": false,
"row": 6,
"col": 2,
"def": "A symbol of the trigonometric function tangent."
},
{
"w": "TEA",
"v": true,
"row": 6,
"col": 7,
"def": "The dried leaves or buds of the tea plant, Camellia sinensis."
},
{
"w": "TEN",
"v": false,
"row": 6,
"col": 7,
"def": "A numerical value equal to 10; the number occurring after nine and before eleven, represented in Roman numerals as X, in Arabic numerals as 10, and in the hexadecimal system (base 16) as A."
},
{
"w": "TIE",
"v": true,
"row": 0,
"col": 3,
"def": "A necktie (item of clothing consisting of a strip of cloth tied around the neck)."
},
{
"w": "TIN",
"v": true,
"row": 4,
"col": 9,
"def": "A malleable, ductile, metallic element, resistant to corrosion, with atomic number 50 and symbol Sn."
},
{
"w": "KITE",
"v": false,
"row": 7,
"col": 4,
"def": "Any of falconiform birds of prey in the subfamily Elaninae of the family Accipitridae with long wings and weak legs, feeding mostly on carrion and spending long periods soaring."
},
{
"w": "NEAT",
"v": false,
"row": 4,
"col": 6,
"def": "A bull or cow."
},
{
"w": "TAKE",
"v": false,
"row": 2,
"col": 0,
"def": "To grasp with the hands."
},
{
"w": "TANK",
"v": true,
"row": 2,
"col": 0,
"def": "A container for liquids or gases."
},
{
"w": "TAKEN",
"v": true,
"row": 0,
"col": 6,
"def": "Infatuated; fond of or attracted to."
},
{
"w": "INTAKE",
"v": false,
"row": 1,
"col": 3,
"def": "The place where water or air is taken into a pipe or conduit; opposed to outlet."
}
]
}