{
"id": 150,
"sub_category": "Pillar Pack",
"category": "Canyon Group",
"type": 0,
"letters": "ABINRY",
"mov": 26,
"shovels": 1,
"coins": 5,
"rows": 15,
"cols": 15,
"c": 0,
"b": -1,
"w": 12,
"h": 9,
"dws": [
"RAI",
"YAR",
"BRINY",
"BAR",
"AIRN",
"BIN",
"NABI",
"RANI",
"RYA",
"ARY",
"RAY",
"RIA",
"NIB",
"YIN",
"BRIN",
"BARNY",
"RIN",
"ABRI",
"AYIN",
"ABRIN",
"BRAY",
"BAIRN",
"BRAINY",
"ANI",
"RNA",
"RABI",
"AIN",
"RIBA",
"NARY",
"NAY",
"ARB",
"ABY",
"BANI",
"INBY"
],
"ws": [
{
"w": "AIR",
"v": false,
"row": 1,
"col": 2,
"def": "The atmospheric substance above the surface of the earth which animals breathe, formerly considered to be a single substance, one of the four basic elements of ancient philosophy and one of the five basic elements of Eastern traditions."
},
{
"w": "ANY",
"v": false,
"row": 2,
"col": 0,
"def": "To even the slightest extent, at all."
},
{
"w": "BAN",
"v": true,
"row": 6,
"col": 8,
"def": "To summon; call out."
},
{
"w": "BAY",
"v": true,
"row": 0,
"col": 2,
"def": "A berry."
},
{
"w": "BRA",
"v": false,
"row": 4,
"col": 1,
"def": "A brassiere."
},
{
"w": "NAB",
"v": true,
"row": 2,
"col": 1,
"def": "To seize, arrest or take into custody a criminal or fugitive."
},
{
"w": "RAN",
"v": true,
"row": 1,
"col": 4,
"def": "Simple past of run."
},
{
"w": "RIB",
"v": true,
"row": 4,
"col": 2,
"def": "Any of a series of long curved bones occurring in 12 pairs in humans and other animals and extending from the spine to or toward the sternum."
},
{
"w": "BARN",
"v": false,
"row": 6,
"col": 2,
"def": "A building, often found on a farm, used for storage or keeping animals such as cattle."
},
{
"w": "BRAN",
"v": true,
"row": 5,
"col": 4,
"def": "The broken coat of the seed of wheat, rye, or other cereal grain, separated from the flour or meal by sifting or bolting; the coarse, chaffy part of ground grain."
},
{
"w": "RAIN",
"v": true,
"row": 2,
"col": 6,
"def": "Condensed water falling from a cloud."
},
{
"w": "YARN",
"v": true,
"row": 4,
"col": 10,
"def": "A twisted strand of fiber used for knitting or weaving."
},
{
"w": "AIRY",
"v": false,
"row": 2,
"col": 4,
"def": "Consisting of air; as, an airy substance; the airy parts of bodies."
},
{
"w": "BRAIN",
"v": false,
"row": 0,
"col": 6,
"def": "The control center of the central nervous system of an animal located in the skull which is responsible for perception, cognition, attention, memory, emotion, and action."
},
{
"w": "RAINY",
"v": false,
"row": 7,
"col": 7,
"def": "Abounding with rain; wet; showery; as, rainy weather; a rainy day or season."
},
{
"w": "BINARY",
"v": false,
"row": 4,
"col": 5,
"def": "Being in a state of one of two mutually exclusive conditions such as on or off, true or false, presence or absence of a signal."
}
]
}