{
"id": 1531,
"sub_category": "Flat Pack",
"category": "Outback Group",
"type": 0,
"letters": "EIMNTU",
"mov": 30,
"shovels": 1,
"coins": 5,
"rows": 15,
"cols": 15,
"c": 0,
"b": -1,
"w": 12,
"h": 11,
"dws": [
"UNI",
"MENT",
"MEU",
"MENU",
"UTE",
"TUI",
"MUNT",
"MEINT",
"TUM",
"MUT",
"MIEN",
"MEIN",
"NUT",
"NITE",
"NIM",
"TINE",
"TUN",
"NIE",
"ETUI",
"MUTINE",
"NEUM",
"MUTI",
"MINUET",
"MUN",
"MUNI",
"TEN",
"TEIN"
],
"ws": [
{
"w": "MEN",
"v": false,
"row": 10,
"col": 1,
"def": "Plural form of man."
},
{
"w": "MET",
"v": true,
"row": 3,
"col": 0,
"def": "Simple past tense and past participle of meet."
},
{
"w": "NET",
"v": true,
"row": 5,
"col": 2,
"def": "A mesh of string, cord or rope."
},
{
"w": "TIE",
"v": false,
"row": 8,
"col": 3,
"def": "A necktie (item of clothing consisting of a strip of cloth tied around the neck)."
},
{
"w": "TIN",
"v": true,
"row": 8,
"col": 3,
"def": "A malleable, ductile, metallic element, resistant to corrosion, with atomic number 50 and symbol Sn."
},
{
"w": "EMU",
"v": true,
"row": 8,
"col": 5,
"def": "A large flightless bird native to Australia, Dromaius novaehollandiae."
},
{
"w": "NIT",
"v": false,
"row": 7,
"col": 0,
"def": "The egg of a louse."
},
{
"w": "ITEM",
"v": true,
"row": 7,
"col": 1,
"def": "A distinct physical object."
},
{
"w": "MINE",
"v": false,
"row": 9,
"col": 5,
"def": "Non-premodifying possessive case of I. My; belonging to me; that which belongs to me."
},
{
"w": "MINT",
"v": true,
"row": 7,
"col": 7,
"def": "To try, attempt; take aim."
},
{
"w": "MUTE",
"v": false,
"row": 7,
"col": 7,
"def": "To silence, to make quiet."
},
{
"w": "TIME",
"v": true,
"row": 4,
"col": 10,
"def": "Reminder by the umpire for the players to continue playing after their pause."
},
{
"w": "TUNE",
"v": false,
"row": 5,
"col": 0,
"def": "A melody."
},
{
"w": "UNIT",
"v": false,
"row": 4,
"col": 5,
"def": "A standard measure of a quantity."
},
{
"w": "EMIT",
"v": false,
"row": 5,
"col": 8,
"def": "To send out or give off."
},
{
"w": "MITE",
"v": true,
"row": 2,
"col": 8,
"def": "A minute arachnid, of the order Acarina, of which there are many species; as, the cheese mite, sugar mite, harvest mite, etc."
},
{
"w": "UNITE",
"v": true,
"row": 1,
"col": 3,
"def": "To come or bring together as one."
},
{
"w": "UNMET",
"v": false,
"row": 0,
"col": 7,
"def": "Not met; unfulfilled; not achieved; fallen short of."
},
{
"w": "UNTIE",
"v": false,
"row": 2,
"col": 2,
"def": "To loosen, as something interlaced or knotted; to disengage the parts of; as, to untie a knot."
},
{
"w": "MINUTE",
"v": true,
"row": 1,
"col": 5,
"def": "A unit of time equal to sixty seconds (one-sixtieth of an hour)."
}
]
}