{
"id": 1534,
"sub_category": "Flat Pack",
"category": "Outback Group",
"type": 0,
"letters": "EEIRSV",
"mov": 22,
"shovels": 1,
"coins": 5,
"rows": 15,
"cols": 15,
"c": 0,
"b": -1,
"w": 12,
"h": 9,
"dws": [
"VIES",
"REIVE",
"SEI",
"SIVER",
"VIERS",
"VEERS",
"REIS",
"REI",
"RIVE",
"SER",
"ERE",
"REES",
"SIREE",
"SEIR",
"EREV",
"EVES",
"VERS",
"VEE",
"EREVS",
"ERES",
"VIER",
"VIRES",
"SERE",
"ERS",
"VIRE",
"REVIE",
"REV",
"ESE",
"SIR",
"REIVES",
"EVE",
"RIVES",
"REE",
"SRI",
"SEV",
"RES",
"REVS",
"VIE",
"VIS",
"SEE",
"IRE",
"VEES"
],
"ws": [
{
"w": "EVER",
"v": true,
"row": 4,
"col": 3,
"def": "Always."
},
{
"w": "RISE",
"v": true,
"row": 1,
"col": 4,
"def": "The process of or an action or instance of moving upwards or becoming greater."
},
{
"w": "SEER",
"v": false,
"row": 7,
"col": 0,
"def": "Agent noun of see; one who sees something; an eyewitness."
},
{
"w": "SIRE",
"v": false,
"row": 2,
"col": 3,
"def": "A lord, master, or other person in authority, most commonly used vocatively."
},
{
"w": "VEER",
"v": false,
"row": 4,
"col": 2,
"def": "A turn or swerve; an instance of veering."
},
{
"w": "IRES",
"v": true,
"row": 0,
"col": 6,
"def": "Third-person singular simple present indicative form of ire."
},
{
"w": "VISE",
"v": true,
"row": 5,
"col": 0,
"def": "An instrument consisting of two jaws, closing by a screw, lever, cam, or the like, for holding work, as in filing."
},
{
"w": "SERVE",
"v": false,
"row": 3,
"col": 6,
"def": "An act of putting the ball or shuttlecock in play in various games."
},
{
"w": "VERSE",
"v": true,
"row": 1,
"col": 8,
"def": "A poetic form with regular meter and a fixed rhyme scheme."
},
{
"w": "SEVER",
"v": false,
"row": 5,
"col": 7,
"def": "To cut free."
},
{
"w": "SIEVE",
"v": true,
"row": 1,
"col": 10,
"def": "A device to separate larger objects from smaller objects, or to separate solid objects from a liquid."
},
{
"w": "REVISE",
"v": false,
"row": 1,
"col": 6,
"def": "To look at again, to reflect on."
}
]
}