{
"id": 1566,
"sub_category": "Arid Pack",
"category": "Outback Group",
"type": 0,
"letters": "EORRST",
"mov": 24,
"shovels": 1,
"coins": 5,
"rows": 15,
"cols": 15,
"c": 0,
"b": -1,
"w": 11,
"h": 11,
"dws": [
"RET",
"RESTO",
"ROST",
"TOE",
"SOT",
"REOS",
"SORTER",
"ROT",
"ESTRO",
"ROSET",
"ROES",
"ERST",
"TRES",
"RORTS",
"TORRS",
"STORER",
"SER",
"OSE",
"RORE",
"ROTES",
"REO",
"ORTS",
"TORSE",
"TORR",
"RORT",
"ORE",
"ERS",
"RETS",
"TOSE",
"TOR",
"EST",
"ERR",
"OES",
"TES",
"TORES",
"SORER",
"EROS",
"ROE",
"SET",
"ORS",
"RETROS",
"RES",
"TORS",
"RORES",
"ORT",
"SERR"
],
"ws": [
{
"w": "ORES",
"v": false,
"row": 2,
"col": 4,
"def": "Plural form of ore."
},
{
"w": "REST",
"v": true,
"row": 0,
"col": 7,
"def": "Relief from work or activity by sleeping; sleep."
},
{
"w": "ROSE",
"v": false,
"row": 0,
"col": 2,
"def": "A shrub of the genus Rosa, with red, pink, white or yellow flowers."
},
{
"w": "ROTS",
"v": false,
"row": 0,
"col": 7,
"def": "Third person singular of rot."
},
{
"w": "SORE",
"v": true,
"row": 0,
"col": 10,
"def": "Causing pain or discomfort; painfully sensitive."
},
{
"w": "SORT",
"v": false,
"row": 6,
"col": 7,
"def": "A general type."
},
{
"w": "TOES",
"v": false,
"row": 10,
"col": 5,
"def": "Plural form of toe."
},
{
"w": "TORE",
"v": false,
"row": 3,
"col": 7,
"def": "Hard, difficult; wearisome, tedious."
},
{
"w": "ROTE",
"v": true,
"row": 0,
"col": 2,
"def": "The process of learning or committing something to memory through mechanical repetition, usually by hearing and repeating aloud, often without full attention to comprehension or thought for the meaning."
},
{
"w": "ERRS",
"v": true,
"row": 0,
"col": 5,
"def": "Third-person singular simple present indicative form of err."
},
{
"w": "STORE",
"v": true,
"row": 6,
"col": 7,
"def": "A place where items may be accumulated or routinely kept."
},
{
"w": "RETRO",
"v": true,
"row": 3,
"col": 9,
"def": "Of, or relating to the past, past times, or the way things were."
},
{
"w": "RESORT",
"v": true,
"row": 5,
"col": 5,
"def": "A place where people go for recreation, especially one with facilities such as lodgings, entertainment, and a relaxing environment."
},
{
"w": "ROSTER",
"v": false,
"row": 9,
"col": 0,
"def": "A list of names, usually for an organization of some kind such as military officers and enlisted personnel enrolled in a particular unit; a muster roll; or a sports team, with the names of players who are eligible to be placed in the lineup for a particular game."
}
]
}