{
"id": 1601,
"sub_category": "White Packx",
"category": "Frost Group",
"type": 0,
"letters": "EEKLNY",
"mov": 16,
"shovels": 1,
"coins": 5,
"rows": 15,
"cols": 15,
"c": 0,
"b": -1,
"w": 7,
"h": 6,
"dws": [
"EEK",
"KYNE",
"EEL",
"NEK",
"ELK",
"LEKE",
"NYE",
"LYNE",
"EELY",
"KEY",
"EYNE",
"KEN",
"ENE",
"KYE",
"EYEN",
"KYLE",
"LEE",
"NEE",
"LYE",
"YEN",
"YELK",
"EKE",
"EYE",
"YLKE",
"LEK",
"EEN",
"LEY"
],
"ws": [
{
"w": "KEEN",
"v": false,
"row": 4,
"col": 3,
"def": "Showing a quick and ardent willingness or responsiveness, enthusiastic, eager; interested, intense."
},
{
"w": "KNEE",
"v": false,
"row": 3,
"col": 0,
"def": "In humans, the joint or the region of the joint in the middle part of the leg between the thigh and the shank."
},
{
"w": "KEEL",
"v": false,
"row": 1,
"col": 0,
"def": "A large beam along the underside of a ship's hull from bow to stern."
},
{
"w": "LEEK",
"v": true,
"row": 1,
"col": 3,
"def": "The vegetable Allium ampeloprasum variety porrum, of the lily family, having edible leaves and an onion-like bulb but with a milder flavour than the onion."
},
{
"w": "KNEEL",
"v": true,
"row": 1,
"col": 5,
"def": "To stoop down and rest on the knee or knees."
},
{
"w": "KEENLY",
"v": true,
"row": 0,
"col": 1,
"def": "In a keen manner."
}
]
}