{
"id": 162,
"sub_category": "Wind Pack",
"category": "Sky Group",
"type": 0,
"letters": "EHIRTV",
"mov": 22,
"shovels": 1,
"coins": 5,
"rows": 15,
"cols": 15,
"c": 0,
"b": -1,
"w": 10,
"h": 9,
"dws": [
"RET",
"VITE",
"RIT",
"HIVER",
"ITHER",
"REI",
"RIVE",
"VIER",
"RIVET",
"VIRE",
"THIR",
"VET",
"REV",
"HIE",
"TEHR",
"HET",
"VERT",
"TIE",
"TRIE",
"ETH",
"REH",
"HIT"
],
"ws": [
{
"w": "HER",
"v": false,
"row": 2,
"col": 5,
"def": "Belonging to her."
},
{
"w": "THE",
"v": true,
"row": 1,
"col": 5,
"def": "With a comparative or more and a verb phrase, establishes a parallel with one or more other such comparatives."
},
{
"w": "VIE",
"v": false,
"row": 3,
"col": 3,
"def": "To rival; to struggle for superiority; to contend; to compete eagerly so as to gain something."
},
{
"w": "IRE",
"v": false,
"row": 3,
"col": 7,
"def": "Iron."
},
{
"w": "HIRE",
"v": true,
"row": 5,
"col": 6,
"def": "Payment for the temporary use of something."
},
{
"w": "TIRE",
"v": false,
"row": 4,
"col": 0,
"def": "To become sleepy or weary."
},
{
"w": "HEIR",
"v": false,
"row": 5,
"col": 6,
"def": "Someone who inherits, or is designated to inherit, the property of another."
},
{
"w": "RITE",
"v": true,
"row": 4,
"col": 2,
"def": "A religious custom."
},
{
"w": "TIER",
"v": false,
"row": 7,
"col": 0,
"def": "One who ties (knots, etc)."
},
{
"w": "HIVE",
"v": true,
"row": 1,
"col": 3,
"def": "A structure for housing a swarm of honeybees."
},
{
"w": "THEIR",
"v": true,
"row": 1,
"col": 9,
"def": "Belonging to, from, of, or relating to, them."
},
{
"w": "THRIVE",
"v": true,
"row": 0,
"col": 7,
"def": "To grow or increase stature; to grow vigorously or luxuriantly, to flourish."
}
]
}