{
"id": 1620,
"sub_category": "Valley Packx",
"category": "Frost Group",
"type": 0,
"letters": "AEHRSV",
"mov": 26,
"shovels": 1,
"coins": 5,
"rows": 15,
"cols": 15,
"c": 0,
"b": -1,
"w": 13,
"h": 12,
"dws": [
"ARE",
"REHS",
"VARS",
"AVER",
"SHA",
"RASE",
"VERA",
"SAV",
"ERA",
"HAVERS",
"HES",
"RAVS",
"SER",
"VAES",
"HEARS",
"RAVES",
"RAV",
"VERS",
"AVE",
"HAE",
"VAS",
"SHEA",
"ERS",
"ARSE",
"HAES",
"HAS",
"EHS",
"VARES",
"SERA",
"REV",
"SHE",
"ARES",
"AVES",
"SAE",
"EAR",
"ASH",
"ARS",
"SAR",
"SHEVA",
"AHS",
"AVERS",
"HAVER",
"RAH",
"VARE",
"VAR",
"REH",
"VAE",
"RAS",
"HER",
"SEV",
"EAS",
"SEA",
"HARES",
"RES",
"RHEA",
"REVS",
"RHEAS",
"RAHS",
"HAVES",
"RESH"
],
"ws": [
{
"w": "EARS",
"v": true,
"row": 2,
"col": 12,
"def": "Plural form of ear."
},
{
"w": "ERAS",
"v": false,
"row": 0,
"col": 7,
"def": "Plural form of era."
},
{
"w": "HARE",
"v": true,
"row": 5,
"col": 9,
"def": "Any of several plant-eating animals of the family Leporidae, especially of the genus Lepus, similar to a rabbit, but larger and with longer ears."
},
{
"w": "HAVE",
"v": false,
"row": 8,
"col": 6,
"def": "To possess, own, hold."
},
{
"w": "HEAR",
"v": true,
"row": 8,
"col": 6,
"def": "To sympathize with; to share the feeling or opinion of."
},
{
"w": "HERS",
"v": false,
"row": 5,
"col": 9,
"def": "That which belongs to her; the possessive case of she, used without a following noun."
},
{
"w": "RASH",
"v": true,
"row": 0,
"col": 8,
"def": "Hasty, not careful or considered."
},
{
"w": "SAVE",
"v": false,
"row": 9,
"col": 3,
"def": "In various sports, a block that prevents an opponent from scoring."
},
{
"w": "VASE",
"v": true,
"row": 7,
"col": 3,
"def": "A container used mainly for displaying fresh, dried, or artificial flowers."
},
{
"w": "SEAR",
"v": true,
"row": 0,
"col": 10,
"def": "Dry; withered, especially of vegetation."
},
{
"w": "RAVE",
"v": false,
"row": 10,
"col": 0,
"def": "An enthusiastic review (such as of a play)."
},
{
"w": "SHARE",
"v": false,
"row": 2,
"col": 8,
"def": "A portion of something, especially a portion given or allotted to someone."
},
{
"w": "SHAVE",
"v": true,
"row": 1,
"col": 3,
"def": "To make bald by using a tool such as a razor or pair of electric clippers to cut the hair close to the skin."
},
{
"w": "SHEAR",
"v": true,
"row": 7,
"col": 1,
"def": "To cut, originally with a sword or other bladed weapon, now usually with shears, or as if using shears."
},
{
"w": "SAVER",
"v": false,
"row": 7,
"col": 1,
"def": "One who saves."
},
{
"w": "SHAVER",
"v": true,
"row": 2,
"col": 5,
"def": "One who shaves."
}
]
}