{
"id": 1631,
"sub_category": "Valley Packx",
"category": "Frost Group",
"type": 0,
"letters": "ABBCOT",
"mov": 26,
"shovels": 1,
"coins": 5,
"rows": 15,
"cols": 15,
"c": 0,
"b": -1,
"w": 10,
"h": 9,
"dws": [
"TOC",
"CABOB",
"OCTA",
"BOAB",
"ABB",
"COBB",
"ABO",
"BAC",
"BOBAC",
"OCA",
"BOBA",
"OBA",
"TAO",
"ATOC",
"BOTA"
],
"ws": [
{
"w": "ACT",
"v": false,
"row": 6,
"col": 0,
"def": "Something done, a deed."
},
{
"w": "BAT",
"v": true,
"row": 2,
"col": 2,
"def": "Any of the small, nocturnal, flying mammals of the order Chiroptera, which navigate by means of echolocation. They look like a mouse with membranous wings extending from the forelimbs to the hind limbs or tail. Altogether, there are about 1,000 bat species in the world."
},
{
"w": "BOB",
"v": false,
"row": 2,
"col": 2,
"def": "To move gently and vertically, in either a single motion or repeatedly up and down, at or near the surface of a body of water."
},
{
"w": "CAB",
"v": true,
"row": 0,
"col": 4,
"def": "A taxi; a taxicab."
},
{
"w": "CAT",
"v": true,
"row": 6,
"col": 1,
"def": "Any similar animal of the family Felidae, which includes lions, tigers, bobcats, etc."
},
{
"w": "TAB",
"v": true,
"row": 0,
"col": 6,
"def": "A small flap or strip of material attached to something, for holding, manipulation, identification, etc."
},
{
"w": "BOA",
"v": true,
"row": 4,
"col": 0,
"def": "Any of a group of large American snakes, of the genus Boa, including the boa constrictor, the emperor boa of Mexico, and the chevalier boa of Peru."
},
{
"w": "COT",
"v": false,
"row": 0,
"col": 4,
"def": "A symbol of the trigonometric function cotangent."
},
{
"w": "BOT",
"v": false,
"row": 4,
"col": 0,
"def": "The larva of a bot fly, which infests the skin of various mammals, producing warbles, or the nasal passage of sheep, or the stomach of horses."
},
{
"w": "COB",
"v": true,
"row": 4,
"col": 4,
"def": "A male swan."
},
{
"w": "OAT",
"v": true,
"row": 2,
"col": 7,
"def": "Widely cultivated cereal grass, typically Avena sativa."
},
{
"w": "BOAT",
"v": false,
"row": 2,
"col": 6,
"def": "A craft used for transportation of goods, fishing, racing, recreational cruising, or military use on or in the water, propelled by oars or outboard motor or inboard motor or by wind."
},
{
"w": "COAT",
"v": false,
"row": 4,
"col": 4,
"def": "An outer garment covering the upper torso and arms."
},
{
"w": "TACO",
"v": true,
"row": 5,
"col": 8,
"def": "A Mexican snack food; a small tortilla with some rice, beans, cheese, diced vegetables (usually tomatoes and lettuce, as served in the United States) and salsa."
},
{
"w": "ABBOT",
"v": false,
"row": 8,
"col": 5,
"def": "A layman who received the abbey's revenues, after the closing of the monasteries."
},
{
"w": "BOBCAT",
"v": false,
"row": 6,
"col": 4,
"def": "A North American wild cat, Lynx rufus, having tufted ears and a short tail."
}
]
}