{
"id": 1741,
"sub_category": "Brood Packx",
"category": "Timberland Group",
"type": 0,
"letters": "ABIMRU",
"mov": 26,
"shovels": 1,
"coins": 5,
"rows": 15,
"cols": 15,
"c": 0,
"b": -1,
"w": 12,
"h": 9,
"dws": [
"RAI",
"MIR",
"MIB",
"RIA",
"RIMU",
"RUMBA",
"URBIA",
"ABRI",
"IMBAR",
"AMI",
"BUR",
"MUIR",
"BARM",
"BURA",
"IAMB",
"MBIRA",
"RABI",
"RIMA",
"RIBA",
"RUBAI",
"MURA",
"AMIR",
"BAUR",
"BRU",
"ARB",
"RAMI",
"AMU",
"MAIR",
"ARUM",
"BIMA",
"URB"
],
"ws": [
{
"w": "AIM",
"v": true,
"row": 2,
"col": 7,
"def": "The pointing of a weapon, as a gun, a dart, or an arrow, or object, in the line of direction with the object intended to be struck; the line of fire; the direction of anything, as a spear, a blow, a discourse, a remark, towards a particular point or object, with a view to strike or affect it."
},
{
"w": "AIR",
"v": false,
"row": 2,
"col": 7,
"def": "The atmospheric substance above the surface of the earth which animals breathe, formerly considered to be a single substance, one of the four basic elements of ancient philosophy and one of the five basic elements of Eastern traditions."
},
{
"w": "ARM",
"v": false,
"row": 3,
"col": 9,
"def": "The portion of the upper human appendage, from the shoulder to the wrist and sometimes including the hand."
},
{
"w": "BAR",
"v": false,
"row": 1,
"col": 9,
"def": "A solid, more or less rigid object with a uniform cross-section smaller than its length."
},
{
"w": "BRA",
"v": true,
"row": 1,
"col": 9,
"def": "A brassiere."
},
{
"w": "MAR",
"v": true,
"row": 2,
"col": 5,
"def": "To spoil, to damage."
},
{
"w": "RAM",
"v": false,
"row": 4,
"col": 5,
"def": "A male sheep."
},
{
"w": "RIB",
"v": true,
"row": 3,
"col": 10,
"def": "Any of a series of long curved bones occurring in 12 pairs in humans and other animals and extending from the spine to or toward the sternum."
},
{
"w": "RIM",
"v": false,
"row": 2,
"col": 3,
"def": "An edge around something, especially when circular."
},
{
"w": "RUB",
"v": true,
"row": 6,
"col": 3,
"def": "An act of rubbing."
},
{
"w": "RUM",
"v": true,
"row": 2,
"col": 3,
"def": "A distilled spirit derived from fermented cane sugar and molasses."
},
{
"w": "BAM",
"v": false,
"row": 4,
"col": 1,
"def": "Representing a loud noise or heavy impact."
},
{
"w": "BUM",
"v": true,
"row": 4,
"col": 1,
"def": "The buttocks."
},
{
"w": "BRIM",
"v": true,
"row": 0,
"col": 11,
"def": "The sea; ocean; water; flood."
},
{
"w": "UMBRA",
"v": false,
"row": 6,
"col": 0,
"def": "A shadow."
},
{
"w": "BARIUM",
"v": false,
"row": 8,
"col": 3,
"def": "A metallic chemical element (symbol Ba) with an atomic number of 56."
}
]
}