{
"id": 1750,
"sub_category": "View Packx",
"category": "Timberland Group",
"type": 0,
"letters": "ACLORR",
"mov": 18,
"shovels": 1,
"coins": 5,
"rows": 15,
"cols": 15,
"c": 0,
"b": -1,
"w": 9,
"h": 7,
"dws": [
"CARL",
"CLARO",
"LOR",
"CAR",
"RORAL",
"ARCO",
"OCA",
"ARC",
"CARR",
"CAL",
"ORC",
"COL",
"ORRA",
"ORA",
"ALCO",
"ACRO",
"LAR",
"LAC",
"LOCA",
"COR",
"OAR",
"CALO",
"ROC"
],
"ws": [
{
"w": "COAL",
"v": true,
"row": 2,
"col": 1,
"def": "A black rock formed from prehistoric plant remains, composed largely of carbon and burned as a fuel."
},
{
"w": "COLA",
"v": false,
"row": 3,
"col": 0,
"def": "The kola plant, genus Cola, famous for its nut, or one of these nuts."
},
{
"w": "ORAL",
"v": true,
"row": 2,
"col": 8,
"def": "A physical examination of the mouth."
},
{
"w": "ROAR",
"v": false,
"row": 3,
"col": 5,
"def": "To make a loud, deep cry, especially from pain, anger, or other strong emotion."
},
{
"w": "ORCA",
"v": false,
"row": 1,
"col": 3,
"def": "A sea mammal (scientific name: Orcinus orca) related to dolphins and porpoises, commonly called the killer whale."
},
{
"w": "CORAL",
"v": true,
"row": 0,
"col": 3,
"def": "A hard substance made of the limestone skeletons of marine polyps."
},
{
"w": "CAROL",
"v": false,
"row": 5,
"col": 4,
"def": "To sing (a song) cheerfully."
},
{
"w": "CORRAL",
"v": true,
"row": 1,
"col": 5,
"def": "An enclosure for livestock, especially a circular one."
}
]
}