{
"id": 1792,
"sub_category": "Above Packx",
"category": "Hills Group",
"type": 0,
"letters": "EGINRS",
"mov": 26,
"shovels": 1,
"coins": 5,
"rows": 15,
"cols": 15,
"c": 0,
"b": -1,
"w": 13,
"h": 11,
"dws": [
"GIE",
"RINGS",
"INGS",
"SEI",
"GRIS",
"SIN",
"GENS",
"REG",
"RENIG",
"REIS",
"ERN",
"EGIS",
"REI",
"NEG",
"SER",
"SIEN",
"SEG",
"SENGI",
"GIRNS",
"SEIR",
"REIGNS",
"SINGER",
"ERGS",
"ERG",
"SIGNER",
"GIRN",
"SEN",
"RIN",
"GIN",
"NEGS",
"ENGS",
"NIS",
"ERS",
"NIGER",
"GRINS",
"GRISE",
"GREN",
"SERIN",
"RENS",
"RIG",
"SEGNI",
"NIE",
"SIR",
"GEN",
"GIEN",
"SERING",
"REIN",
"REN",
"REGS",
"GIES",
"GRENS",
"GINS",
"ENS",
"SIG",
"SRI",
"ING",
"REINS",
"GER",
"ENG",
"RINES",
"ERNS",
"RES",
"RINE",
"INS",
"GIS",
"NIES",
"SNIG",
"IRE",
"RINS",
"RENIGS"
],
"ws": [
{
"w": "GRIN",
"v": true,
"row": 3,
"col": 6,
"def": "A smile in which the lips are parted to reveal the teeth."
},
{
"w": "RIGS",
"v": false,
"row": 3,
"col": 4,
"def": "Plural form of rig."
},
{
"w": "RING",
"v": false,
"row": 6,
"col": 4,
"def": "A circumscribing object, (roughly) circular and hollow, looking like an annual ring, earring, finger ring etc."
},
{
"w": "RISE",
"v": false,
"row": 4,
"col": 1,
"def": "The process of or an action or instance of moving upwards or becoming greater."
},
{
"w": "SIGN",
"v": false,
"row": 9,
"col": 5,
"def": "A visible indication."
},
{
"w": "SING",
"v": false,
"row": 7,
"col": 0,
"def": "To produce musical or harmonious sounds with one's voice."
},
{
"w": "SIRE",
"v": true,
"row": 1,
"col": 4,
"def": "A lord, master, or other person in authority, most commonly used vocatively."
},
{
"w": "IRES",
"v": true,
"row": 6,
"col": 5,
"def": "Third-person singular simple present indicative form of ire."
},
{
"w": "SINE",
"v": true,
"row": 7,
"col": 8,
"def": "In a right triangle, the ratio of the length of the side opposite an angle to the length of the hypotenuse."
},
{
"w": "RINSE",
"v": true,
"row": 3,
"col": 12,
"def": "To wash (something) quickly using water and no soap."
},
{
"w": "RISEN",
"v": false,
"row": 0,
"col": 6,
"def": "Past participle of rise."
},
{
"w": "SIREN",
"v": true,
"row": 3,
"col": 2,
"def": "(Greek mythology) One of a group of nymphs who lured mariners to their death on the rocks."
},
{
"w": "REIGN",
"v": false,
"row": 5,
"col": 8,
"def": "The exercise of sovereign power."
},
{
"w": "RESIN",
"v": true,
"row": 5,
"col": 0,
"def": "A viscous hydrocarbon secretion of many plants, particularly coniferous trees."
},
{
"w": "SINGE",
"v": false,
"row": 7,
"col": 8,
"def": "To burn slightly."
},
{
"w": "RESIGN",
"v": true,
"row": 2,
"col": 10,
"def": "To sign again; to provide one's signature again."
}
]
}