{
"id": 1807,
"sub_category": "Fall Packx",
"category": "Hills Group",
"type": 0,
"letters": "EEFSTW",
"mov": 20,
"shovels": 1,
"coins": 5,
"rows": 15,
"cols": 15,
"c": 0,
"b": -1,
"w": 9,
"h": 8,
"dws": [
"TEW",
"FETES",
"SWEE",
"TEWS",
"FETS",
"WEFTS",
"WEE",
"WEES",
"WEETS",
"EWTS",
"EFT",
"TEE",
"FES",
"EWE",
"WEEST",
"EWT",
"EEW",
"EFTS",
"TWEE",
"EST",
"ESE",
"SEW",
"WEFT",
"WET",
"TEF",
"TES",
"FEE",
"STEE",
"FEST",
"SET",
"EFS",
"FET",
"WEET",
"TEFS",
"SEE",
"FEW"
],
"ws": [
{
"w": "FEES",
"v": true,
"row": 0,
"col": 1,
"def": "Plural form of fee."
},
{
"w": "FEET",
"v": false,
"row": 5,
"col": 0,
"def": "Plural form of foot."
},
{
"w": "STEW",
"v": true,
"row": 0,
"col": 5,
"def": "A pool in which fish are kept in preparation for eating."
},
{
"w": "TEES",
"v": false,
"row": 2,
"col": 0,
"def": "Plural form of tee."
},
{
"w": "WEST",
"v": true,
"row": 0,
"col": 3,
"def": "One of the four principal compass points, specifically 270\u00b0, conventionally directed to the left on maps; the direction of the setting sun at an equinox."
},
{
"w": "WETS",
"v": false,
"row": 3,
"col": 5,
"def": "Plural form of wet."
},
{
"w": "EWES",
"v": true,
"row": 3,
"col": 6,
"def": "Plural form of ewe."
},
{
"w": "FETE",
"v": false,
"row": 5,
"col": 5,
"def": "A festival open to the public, the proceeds from which are often given to charity."
},
{
"w": "SWEET",
"v": true,
"row": 3,
"col": 8,
"def": "Having a pleasant taste, especially one relating to the basic taste sensation induced by sugar."
},
{
"w": "FEWEST",
"v": false,
"row": 0,
"col": 1,
"def": "Superlative of few; the smallest number."
}
]
}