{
"id": 1845,
"sub_category": "Ray Packx",
"category": "Mist Group",
"type": 0,
"letters": "FHIRST",
"mov": 28,
"shovels": 1,
"coins": 5,
"rows": 15,
"cols": 15,
"c": 0,
"b": -1,
"w": 12,
"h": 11,
"dws": [
"SIF",
"RIT",
"SHRI",
"FIRTHS",
"FIRS",
"HITS",
"RIFTS",
"FITS",
"RIF",
"THIR",
"FRITH",
"IFS",
"SIHR",
"FRITS",
"FRIS",
"SHIT",
"ISH",
"SITH",
"SRI",
"FRIST",
"HIST",
"RIFS",
"FRIT",
"FIRTH",
"FRITHS",
"SHIR",
"RITS"
],
"ws": [
{
"w": "FIR",
"v": false,
"row": 7,
"col": 9,
"def": "A conifer of the genus Abies."
},
{
"w": "FIT",
"v": true,
"row": 7,
"col": 9,
"def": "Suitable, proper."
},
{
"w": "HIS",
"v": true,
"row": 7,
"col": 5,
"def": "Belonging to him."
},
{
"w": "HIT",
"v": true,
"row": 3,
"col": 10,
"def": "To administer a blow to."
},
{
"w": "ITS",
"v": false,
"row": 5,
"col": 9,
"def": "The one (or ones) belonging to it."
},
{
"w": "SIR",
"v": true,
"row": 5,
"col": 11,
"def": "A man of a higher rank or position."
},
{
"w": "SIT",
"v": false,
"row": 1,
"col": 7,
"def": "To be in a position in which the upper body is upright and the legs (especially the upper legs) are supported by some object."
},
{
"w": "TIS",
"v": true,
"row": 1,
"col": 9,
"def": "Plural of til."
},
{
"w": "FISH",
"v": false,
"row": 3,
"col": 7,
"def": "A cold-blooded vertebrate animal that lives in water, moving with the help of fins and breathing with gills."
},
{
"w": "FIST",
"v": false,
"row": 4,
"col": 4,
"def": "Hand with the fingers clenched or curled inward."
},
{
"w": "RIFT",
"v": true,
"row": 2,
"col": 4,
"def": "A chasm or fissure."
},
{
"w": "SIFT",
"v": true,
"row": 1,
"col": 7,
"def": "To sieve or strain (something)."
},
{
"w": "STIR",
"v": true,
"row": 7,
"col": 7,
"def": "To change the place of in any manner; to move."
},
{
"w": "THIS",
"v": false,
"row": 7,
"col": 4,
"def": "The (thing) here (used in indicating something or someone nearby)."
},
{
"w": "FIRST",
"v": false,
"row": 5,
"col": 0,
"def": "Having no predecessor. The ordinal number corresponding to one."
},
{
"w": "SHIFT",
"v": false,
"row": 0,
"col": 1,
"def": "To change, swap."
},
{
"w": "SHIRT",
"v": false,
"row": 9,
"col": 5,
"def": "An article of clothing that is worn on the upper part of the body, and often has sleeves, either long or short, that cover the arms."
},
{
"w": "SHRIFT",
"v": true,
"row": 2,
"col": 1,
"def": "The act of going to or hearing a religious confession."
}
]
}