{
"id": 1854,
"sub_category": "Ray Packx",
"category": "Mist Group",
"type": 0,
"letters": "ELMORT",
"mov": 24,
"shovels": 1,
"coins": 5,
"rows": 15,
"cols": 15,
"c": 0,
"b": -1,
"w": 12,
"h": 9,
"dws": [
"RET",
"MET",
"EMO",
"TOE",
"LOR",
"REM",
"EORL",
"ROT",
"ROTL",
"OMER",
"ELT",
"MOE",
"OLE",
"OLM",
"REO",
"MOT",
"MOREL",
"TOM",
"TOLE",
"ORE",
"TEL",
"TOR",
"ORLE",
"MEL",
"MOL",
"MOR",
"MORT",
"MERL",
"ROE",
"ROM",
"LET",
"LOT",
"LOTE",
"METOL",
"LOME",
"TREM",
"MOLTER",
"ELM",
"ORT",
"ERM"
],
"ws": [
{
"w": "MELT",
"v": true,
"row": 2,
"col": 11,
"def": "Molten material, the product of melting."
},
{
"w": "MOLE",
"v": false,
"row": 3,
"col": 8,
"def": "A pigmented spot on the skin, a naevus, slightly raised, and sometimes hairy."
},
{
"w": "MORE",
"v": false,
"row": 8,
"col": 6,
"def": "Comparative form of many: in greater number. (Used for a discrete quantity.)."
},
{
"w": "ROLE",
"v": false,
"row": 1,
"col": 5,
"def": "A character or part played by a performer or actor."
},
{
"w": "TERM",
"v": true,
"row": 0,
"col": 8,
"def": "Limitation, restriction or regulation."
},
{
"w": "TORE",
"v": true,
"row": 0,
"col": 6,
"def": "Hard, difficult; wearisome, tedious."
},
{
"w": "LORE",
"v": true,
"row": 5,
"col": 9,
"def": "All the facts and traditions about a particular subject that have been accumulated over time through education or experience."
},
{
"w": "ROTE",
"v": false,
"row": 3,
"col": 3,
"def": "The process of learning or committing something to memory through mechanical repetition, usually by hearing and repeating aloud, often without full attention to comprehension or thought for the meaning."
},
{
"w": "TOME",
"v": true,
"row": 2,
"col": 4,
"def": "One in a series of volumes."
},
{
"w": "MOLT",
"v": true,
"row": 4,
"col": 2,
"def": "To shed hair, feathers, skin, horns etc. and replace it by a fresh layer."
},
{
"w": "MOTE",
"v": false,
"row": 5,
"col": 1,
"def": "A small particle; a speck."
},
{
"w": "METRO",
"v": true,
"row": 4,
"col": 7,
"def": "An underground railway."
},
{
"w": "MOTEL",
"v": false,
"row": 7,
"col": 0,
"def": "Lodging establishment typically featuring a series of rooms whose entrance is immediately adjacent to a parking lot, as might facilitate easy access to one's automobile during an overnight stay, particularly located near a major highway."
},
{
"w": "MERLOT",
"v": false,
"row": 5,
"col": 6,
"def": "A black variety of grape, originally from the Bordeaux region of France."
}
]
}