{
"id": 1885,
"sub_category": "Toad Packx",
"category": "Mist Group",
"type": 0,
"letters": "BGHIRT",
"mov": 16,
"shovels": 1,
"coins": 5,
"rows": 15,
"cols": 15,
"c": 0,
"b": -1,
"w": 7,
"h": 7,
"dws": [
"BIGHT",
"RIB",
"RIG",
"RIT",
"BIT",
"GIT",
"HIT",
"THIG",
"BIG",
"GIB",
"TIG",
"BRITH",
"GIRT",
"TRIG",
"GHI",
"THIR",
"BRIT",
"GRITH"
],
"ws": [
{
"w": "BRIG",
"v": true,
"row": 3,
"col": 1,
"def": "A two-masted vessel, square-rigged on both foremast and mainmast."
},
{
"w": "GRIT",
"v": true,
"row": 0,
"col": 6,
"def": "Collection of hard small materials, such as dirt, ground stone, debris from sandblasting or other such grinding, swarf from metalworking."
},
{
"w": "BIRTH",
"v": true,
"row": 2,
"col": 3,
"def": "The process of childbearing."
},
{
"w": "RIGHT",
"v": false,
"row": 0,
"col": 0,
"def": "Straight, not bent."
},
{
"w": "GIRTH",
"v": false,
"row": 5,
"col": 0,
"def": "The distance measured around an object."
},
{
"w": "BRIGHT",
"v": false,
"row": 3,
"col": 1,
"def": "Visually dazzling; luminous, lucent, clear, radiant; not dark."
}
]
}