{
"id": 1894,
"sub_category": "Brook Packx",
"category": "Mist Group",
"type": 0,
"letters": "EHIKRS",
"mov": 24,
"shovels": 1,
"coins": 5,
"rows": 15,
"cols": 15,
"c": 0,
"b": -1,
"w": 11,
"h": 10,
"dws": [
"KISH",
"KESH",
"KIER",
"REHS",
"SHRI",
"SEI",
"HIKES",
"HIRES",
"SIKER",
"REIS",
"REI",
"HES",
"SER",
"EIKS",
"HIS",
"SHEIK",
"SEIR",
"REIKS",
"KHIS",
"SKI",
"EISH",
"SHIER",
"IRK",
"KHI",
"KEIR",
"KIS",
"SKER",
"ERS",
"HEIRS",
"REIK",
"EHS",
"SIK",
"SERK",
"KEIRS",
"HIE",
"SHE",
"SIR",
"SIHR",
"KIR",
"ERKS",
"ISH",
"HIKERS",
"SIKE",
"REH",
"SRI",
"SHRIKE",
"EIK",
"SEIK",
"HER",
"KRIS",
"KIERS",
"HIES",
"RES",
"ERK",
"SHIR",
"KIRS",
"RESH",
"IRE"
],
"ws": [
{
"w": "HERS",
"v": true,
"row": 6,
"col": 7,
"def": "That which belongs to her; the possessive case of she, used without a following noun."
},
{
"w": "HIKE",
"v": false,
"row": 6,
"col": 7,
"def": "A long walk."
},
{
"w": "HIRE",
"v": false,
"row": 7,
"col": 4,
"def": "Payment for the temporary use of something."
},
{
"w": "RISE",
"v": true,
"row": 6,
"col": 5,
"def": "The process of or an action or instance of moving upwards or becoming greater."
},
{
"w": "RISK",
"v": false,
"row": 1,
"col": 7,
"def": "A possible, usually negative, outcome, e.g., a danger."
},
{
"w": "HEIR",
"v": false,
"row": 6,
"col": 0,
"def": "Someone who inherits, or is designated to inherit, the property of another."
},
{
"w": "IRKS",
"v": true,
"row": 0,
"col": 7,
"def": "Third-person singular simple present indicative form of irk."
},
{
"w": "SIRE",
"v": false,
"row": 9,
"col": 2,
"def": "A lord, master, or other person in authority, most commonly used vocatively."
},
{
"w": "IRES",
"v": true,
"row": 6,
"col": 2,
"def": "Third-person singular simple present indicative form of ire."
},
{
"w": "SKIER",
"v": true,
"row": 2,
"col": 3,
"def": "Someone who skis."
},
{
"w": "SHIRE",
"v": true,
"row": 0,
"col": 5,
"def": "Former administrative area of Britain; a county."
},
{
"w": "SHIRK",
"v": false,
"row": 2,
"col": 3,
"def": "To avoid, especially a duty, responsibility, etc.; to stay away from."
},
{
"w": "HIKER",
"v": false,
"row": 4,
"col": 2,
"def": "One who hikes, especially frequently."
},
{
"w": "SHRIEK",
"v": true,
"row": 1,
"col": 9,
"def": "A sharp, shrill outcry or scream; a shrill wild cry such as is caused by sudden or extreme terror, pain, or the like."
}
]
}