{
"id": 194,
"sub_category": "Dusk Pack",
"category": "Sky Group",
"type": 0,
"letters": "ACELLO",
"mov": 20,
"shovels": 1,
"coins": 5,
"rows": 15,
"cols": 15,
"c": 0,
"b": -1,
"w": 9,
"h": 7,
"dws": [
"ALOE",
"ALEC",
"ECO",
"COLL",
"OCA",
"OLLA",
"OLE",
"CEL",
"CAL",
"ELL",
"ALE",
"CELLA",
"OLEA",
"COL",
"LEA",
"COLE",
"ALCO",
"LOL",
"LEAL",
"LAC",
"LOCA",
"CALO"
],
"ws": [
{
"w": "ACE",
"v": false,
"row": 1,
"col": 6,
"def": "A single point or spot on a playing card or die."
},
{
"w": "ALL",
"v": false,
"row": 3,
"col": 4,
"def": "Intensifier."
},
{
"w": "CALL",
"v": true,
"row": 0,
"col": 6,
"def": "A telephone conversation."
},
{
"w": "CELL",
"v": true,
"row": 0,
"col": 8,
"def": "A region of radio reception that is a part of a larger radio network."
},
{
"w": "COAL",
"v": true,
"row": 1,
"col": 4,
"def": "A black rock formed from prehistoric plant remains, composed largely of carbon and burned as a fuel."
},
{
"w": "COLA",
"v": true,
"row": 0,
"col": 2,
"def": "The kola plant, genus Cola, famous for its nut, or one of these nuts."
},
{
"w": "LACE",
"v": false,
"row": 0,
"col": 0,
"def": "A light fabric containing patterns of holes, usually built up from a single thread."
},
{
"w": "CELLO",
"v": false,
"row": 2,
"col": 0,
"def": "A large stringed instrument of the violin family with four strings. (From lowest to highest C-G-D-A)."
},
{
"w": "LOCAL",
"v": false,
"row": 6,
"col": 2,
"def": "From or in a nearby location."
},
{
"w": "LOCALE",
"v": true,
"row": 0,
"col": 0,
"def": "The place where something happens."
}
]
}