{
"id": 1958,
"sub_category": "Serene Packx",
"category": "Formation Group",
"type": 0,
"letters": "HNOOPT",
"mov": 16,
"shovels": 1,
"coins": 5,
"rows": 15,
"cols": 15,
"c": 0,
"b": -1,
"w": 7,
"h": 6,
"dws": [
"PHONO",
"OOH",
"HOP",
"TOO",
"NTH",
"TOHO",
"OOP",
"POT",
"PONT",
"TOP",
"NOO",
"HOON",
"THO",
"POOH",
"POOT",
"PHT",
"HON",
"PHON",
"POH",
"PHO",
"POON",
"NOH",
"ONO",
"OOT",
"OON",
"TOPH",
"HOT",
"TOPO",
"OHO",
"NOOP",
"THON",
"TON",
"NOT",
"OONT",
"OPT",
"PHOT",
"POO",
"HOO"
],
"ws": [
{
"w": "HOOP",
"v": true,
"row": 0,
"col": 2,
"def": "A circular band of metal used to bind a barrel."
},
{
"w": "ONTO",
"v": true,
"row": 0,
"col": 0,
"def": "Upon; on top of."
},
{
"w": "HOOT",
"v": true,
"row": 2,
"col": 4,
"def": "A derisive cry or shout."
},
{
"w": "TOON",
"v": true,
"row": 2,
"col": 6,
"def": "A cartoon, especially an animated television show."
},
{
"w": "PHOTO",
"v": false,
"row": 3,
"col": 2,
"def": "Photograph."
},
{
"w": "PHOTON",
"v": false,
"row": 5,
"col": 1,
"def": "The quantum of light and other electromagnetic energy, regarded as a discrete particle having zero rest mass, no electric charge, and an indefinitely long lifetime. It is a gauge boson."
}
]
}