{
"id": 2052,
"sub_category": "Aqua Packx",
"category": "Coast Group",
"type": 0,
"letters": "AEINTU",
"mov": 30,
"shovels": 1,
"coins": 5,
"rows": 15,
"cols": 15,
"c": 0,
"b": -1,
"w": 13,
"h": 10,
"dws": [
"UNI",
"UTA",
"AIT",
"UNAI",
"NIT",
"NAE",
"TEA",
"TAIN",
"UTE",
"TUI",
"ANE",
"TAE",
"TAI",
"NAT",
"ITA",
"EAU",
"EINA",
"EAN",
"NITE",
"TENIA",
"ANI",
"AINE",
"TUN",
"AITU",
"NIE",
"ETUI",
"AIN",
"TUAN",
"ETNA",
"ETA",
"AUNE",
"TIN",
"ENTIA",
"AUE",
"TANE",
"TINA",
"TIAN",
"TINEA",
"TEIN"
],
"ws": [
{
"w": "ANT",
"v": false,
"row": 8,
"col": 7,
"def": "Any of various insects in the family Formicidae in the order Hymenoptera, typically living in large colonies composed almost entirely of flightless females."
},
{
"w": "ATE",
"v": true,
"row": 7,
"col": 9,
"def": "Simple past of eat."
},
{
"w": "EAT",
"v": false,
"row": 9,
"col": 9,
"def": "To consume (something solid or semi-solid, usually food) by putting it into the mouth and swallowing it."
},
{
"w": "NET",
"v": true,
"row": 7,
"col": 11,
"def": "A mesh of string, cord or rope."
},
{
"w": "NUT",
"v": false,
"row": 5,
"col": 5,
"def": "A hard-shelled seed."
},
{
"w": "TAN",
"v": false,
"row": 4,
"col": 10,
"def": "A symbol of the trigonometric function tangent."
},
{
"w": "TEN",
"v": false,
"row": 2,
"col": 8,
"def": "A numerical value equal to 10; the number occurring after nine and before eleven, represented in Roman numerals as X, in Arabic numerals as 10, and in the hexadecimal system (base 16) as A."
},
{
"w": "TIE",
"v": false,
"row": 6,
"col": 2,
"def": "A necktie (item of clothing consisting of a strip of cloth tied around the neck)."
},
{
"w": "TAU",
"v": true,
"row": 3,
"col": 6,
"def": "The name of the letter T/\u03c4 in the Greek, Hebrew and ancient Semitic alphabets, being the nineteenth letter of the Classical and Modern Greek, the twentieth letter of Old and Ancient Greek."
},
{
"w": "AUNT",
"v": false,
"row": 7,
"col": 9,
"def": "A sister or sister-in-law of someone's parent."
},
{
"w": "NEAT",
"v": true,
"row": 4,
"col": 12,
"def": "A bull or cow."
},
{
"w": "TUNA",
"v": true,
"row": 5,
"col": 7,
"def": "Any of several species of fish, of the genus Thunnus, in the family Scombridae."
},
{
"w": "TUNE",
"v": true,
"row": 6,
"col": 2,
"def": "A melody."
},
{
"w": "UNIT",
"v": true,
"row": 1,
"col": 10,
"def": "A standard measure of a quantity."
},
{
"w": "ANTI",
"v": true,
"row": 3,
"col": 3,
"def": "Describing a torsion angle between 90\u00b0 and 180\u00b0."
},
{
"w": "ANTE",
"v": true,
"row": 0,
"col": 8,
"def": "A price or cost, as in up the ante."
},
{
"w": "TINE",
"v": false,
"row": 8,
"col": 0,
"def": "A spike or point on an implement or tool, especially a prong of a fork or a tooth of a comb."
},
{
"w": "UNITE",
"v": true,
"row": 5,
"col": 0,
"def": "To come or bring together as one."
},
{
"w": "UNTIE",
"v": false,
"row": 1,
"col": 2,
"def": "To loosen, as something interlaced or knotted; to disengage the parts of; as, to untie a knot."
},
{
"w": "AUNTIE",
"v": false,
"row": 3,
"col": 3,
"def": "Diminutive of aunt."
}
]
}