{
"id": 2075,
"sub_category": "Pebble Packx",
"category": "Coast Group",
"type": 0,
"letters": "ABINRY",
"mov": 18,
"shovels": 1,
"coins": 5,
"rows": 15,
"cols": 15,
"c": 0,
"b": -1,
"w": 9,
"h": 7,
"dws": [
"RAI",
"YAR",
"BRINY",
"BAR",
"AIRN",
"BIN",
"BAY",
"NABI",
"RANI",
"RYA",
"ARY",
"BAN",
"RAY",
"RIA",
"NIB",
"YIN",
"NAB",
"BRIN",
"BARNY",
"RIN",
"ABRI",
"AYIN",
"RAN",
"ABRIN",
"BRAY",
"BAIRN",
"BRAINY",
"ANI",
"RAINY",
"RIB",
"AIR",
"RNA",
"RABI",
"AIN",
"RIBA",
"NAY",
"ARB",
"BANI",
"BRA",
"ABY",
"INBY",
"ANY"
],
"ws": [
{
"w": "BARN",
"v": true,
"row": 3,
"col": 3,
"def": "A building, often found on a farm, used for storage or keeping animals such as cattle."
},
{
"w": "BRAN",
"v": false,
"row": 1,
"col": 1,
"def": "The broken coat of the seed of wheat, rye, or other cereal grain, separated from the flour or meal by sifting or bolting; the coarse, chaffy part of ground grain."
},
{
"w": "RAIN",
"v": false,
"row": 5,
"col": 3,
"def": "Condensed water falling from a cloud."
},
{
"w": "YARN",
"v": false,
"row": 6,
"col": 0,
"def": "A twisted strand of fiber used for knitting or weaving."
},
{
"w": "AIRY",
"v": true,
"row": 0,
"col": 8,
"def": "Consisting of air; as, an airy substance; the airy parts of bodies."
},
{
"w": "NARY",
"v": true,
"row": 3,
"col": 0,
"def": "Not one."
},
{
"w": "BRAIN",
"v": true,
"row": 1,
"col": 6,
"def": "The control center of the central nervous system of an animal located in the skull which is responsible for perception, cognition, attention, memory, emotion, and action."
},
{
"w": "BINARY",
"v": false,
"row": 3,
"col": 3,
"def": "Being in a state of one of two mutually exclusive conditions such as on or off, true or false, presence or absence of a signal."
}
]
}