{
"id": 2084,
"sub_category": "Mist Packx",
"category": "Twilight Group",
"type": 0,
"letters": "ADELLU",
"mov": 20,
"shovels": 1,
"coins": 5,
"rows": 15,
"cols": 15,
"c": 0,
"b": -1,
"w": 10,
"h": 8,
"dws": [
"ALUDEL",
"LADE",
"DAE",
"LEUD",
"AULD",
"EAU",
"ELL",
"ALE",
"LEA",
"DUE",
"ELD",
"LAD",
"DALLE",
"ALL",
"DULE",
"ULE",
"LED",
"LEU",
"LEAL",
"ALU",
"UDAL",
"LUDE",
"DAL",
"AUE",
"LUD",
"DEL"
],
"ws": [
{
"w": "DEAL",
"v": true,
"row": 2,
"col": 2,
"def": "A division, a portion, a share."
},
{
"w": "DUAL",
"v": false,
"row": 4,
"col": 0,
"def": "Characterized by having two (usually equivalent) components."
},
{
"w": "DUEL",
"v": true,
"row": 0,
"col": 5,
"def": "Arranged, regular combat between two private persons, often over a matter of honor."
},
{
"w": "DULL",
"v": false,
"row": 0,
"col": 5,
"def": "Lacking the ability to cut easily; not sharp."
},
{
"w": "LEAD",
"v": true,
"row": 0,
"col": 7,
"def": "A heavy, pliable, inelastic metal element, having a bright, bluish color, but easily tarnished; both malleable and ductile, though with little tenacity. It is easily fusible, forms alloys with other metals, and is an ingredient of solder and type metal. Atomic number 82, symbol Pb (from Latin plumbum)."
},
{
"w": "DALE",
"v": false,
"row": 2,
"col": 2,
"def": "A valley in an otherwise hilly area."
},
{
"w": "DELL",
"v": true,
"row": 4,
"col": 0,
"def": "Valley."
},
{
"w": "LAUD",
"v": true,
"row": 3,
"col": 8,
"def": "Praise or glorification."
},
{
"w": "LADLE",
"v": false,
"row": 3,
"col": 5,
"def": "A deep-bowled spoon with a long, usually curved, handle."
},
{
"w": "ALLUDE",
"v": false,
"row": 6,
"col": 4,
"def": "To refer to something indirectly or by suggestion."
}
]
}