{
"id": 209,
"sub_category": "Cloud Pack",
"category": "Sky Group",
"type": 0,
"letters": "EIRSTT",
"mov": 28,
"shovels": 1,
"coins": 5,
"rows": 15,
"cols": 15,
"c": 0,
"b": -1,
"w": 12,
"h": 11,
"dws": [
"RET",
"RIT",
"SEI",
"ERST",
"TETRI",
"TRETS",
"TRES",
"REIS",
"TITE",
"RITT",
"REI",
"SETT",
"SER",
"TIS",
"SEIR",
"TET",
"TRIST",
"TITRES",
"TREST",
"STET",
"ERS",
"RETS",
"TIT",
"TRISTE",
"REIST",
"IRES",
"TITERS",
"EST",
"RESIT",
"TIERS",
"RITTS",
"TES",
"TETS",
"TIE",
"RITES",
"STIE",
"TRET",
"TITRE",
"TRIE",
"TIRES",
"SRI",
"TITS",
"RES",
"RITS",
"TITER",
"TETRIS"
],
"ws": [
{
"w": "ITS",
"v": true,
"row": 7,
"col": 7,
"def": "The one (or ones) belonging to it."
},
{
"w": "SET",
"v": false,
"row": 8,
"col": 5,
"def": "To put (something) down, to rest."
},
{
"w": "SIR",
"v": true,
"row": 8,
"col": 5,
"def": "A man of a higher rank or position."
},
{
"w": "SIT",
"v": true,
"row": 8,
"col": 2,
"def": "To be in a position in which the upper body is upright and the legs (especially the upper legs) are supported by some object."
},
{
"w": "IRE",
"v": false,
"row": 7,
"col": 7,
"def": "Iron."
},
{
"w": "REST",
"v": false,
"row": 8,
"col": 0,
"def": "Relief from work or activity by sleeping; sleep."
},
{
"w": "RISE",
"v": true,
"row": 5,
"col": 1,
"def": "The process of or an action or instance of moving upwards or becoming greater."
},
{
"w": "SITE",
"v": false,
"row": 6,
"col": 0,
"def": "Sorrow, grief."
},
{
"w": "STIR",
"v": false,
"row": 4,
"col": 8,
"def": "To change the place of in any manner; to move."
},
{
"w": "TEST",
"v": true,
"row": 5,
"col": 3,
"def": "A challenge."
},
{
"w": "TIES",
"v": true,
"row": 1,
"col": 8,
"def": "Plural form of tie."
},
{
"w": "TIRE",
"v": true,
"row": 4,
"col": 9,
"def": "To become sleepy or weary."
},
{
"w": "RITE",
"v": true,
"row": 2,
"col": 6,
"def": "A religious custom."
},
{
"w": "TIER",
"v": false,
"row": 10,
"col": 2,
"def": "One who ties (knots, etc)."
},
{
"w": "SIRE",
"v": false,
"row": 0,
"col": 4,
"def": "A lord, master, or other person in authority, most commonly used vocatively."
},
{
"w": "TRIES",
"v": false,
"row": 5,
"col": 3,
"def": "Plural form of try."
},
{
"w": "TRITE",
"v": false,
"row": 3,
"col": 4,
"def": "Worn out; hackneyed; used so many times that it is no longer interesting or effective (often in reference to a word or phrase)."
},
{
"w": "SITTER",
"v": true,
"row": 0,
"col": 4,
"def": "Someone who sits e.g. for a portrait."
}
]
}