{
"id": 2102,
"sub_category": "Bright Packx",
"category": "Twilight Group",
"type": 0,
"letters": "BDEORR",
"mov": 30,
"shovels": 1,
"coins": 5,
"rows": 15,
"cols": 15,
"c": 0,
"b": -1,
"w": 12,
"h": 10,
"dws": [
"DERO",
"DORR",
"BRER",
"RORE",
"DERRO",
"DORE",
"BORED",
"ROBED",
"REO",
"DOR",
"ORE",
"BRR",
"BOR",
"ORBED",
"OBE",
"DOBE",
"ORD",
"ROE",
"REB",
"DEB",
"BORD",
"DORB",
"ROED",
"BROD",
"BORDE",
"DOB"
],
"ws": [
{
"w": "BED",
"v": true,
"row": 7,
"col": 6,
"def": "A piece of furniture, usually flat and soft, to sleep on."
},
{
"w": "RED",
"v": false,
"row": 6,
"col": 2,
"def": "Having red as its colour."
},
{
"w": "ROB",
"v": true,
"row": 6,
"col": 10,
"def": "To steal from, especially using force or violence."
},
{
"w": "ROD",
"v": false,
"row": 9,
"col": 4,
"def": "A straight, round stick, shaft, bar, cane, or staff."
},
{
"w": "BOD",
"v": false,
"row": 7,
"col": 6,
"def": "The body."
},
{
"w": "DOE",
"v": true,
"row": 7,
"col": 8,
"def": "A female deer; also used of similar animals such as reindeer, antelope, goat."
},
{
"w": "ORB",
"v": false,
"row": 8,
"col": 8,
"def": "A spherical body; a globe; especially, one of the celestial spheres; a sun, planet, or star."
},
{
"w": "BRO",
"v": false,
"row": 4,
"col": 7,
"def": "Brother; a male sibling."
},
{
"w": "ERR",
"v": false,
"row": 6,
"col": 9,
"def": "To make a mistake."
},
{
"w": "ODE",
"v": true,
"row": 4,
"col": 9,
"def": "A short poetical composition proper to be set to music or sung; a lyric poem; esp., now, a poem characterized by sustained noble sentiment and appropriate dignity of style."
},
{
"w": "BORE",
"v": false,
"row": 2,
"col": 5,
"def": "To make a hole through something."
},
{
"w": "BRED",
"v": true,
"row": 2,
"col": 5,
"def": "Simple past tense and past participle of breed."
},
{
"w": "ROBE",
"v": true,
"row": 2,
"col": 7,
"def": "A long loose outer garment, often signifying honorary stature."
},
{
"w": "RODE",
"v": false,
"row": 4,
"col": 2,
"def": "The line from the vessel to its anchor. Also warp."
},
{
"w": "REDO",
"v": true,
"row": 6,
"col": 2,
"def": "To do again."
},
{
"w": "BODE",
"v": false,
"row": 2,
"col": 0,
"def": "To indicate by signs, as future events; to be the omen of; to portend to presage; to foreshow."
},
{
"w": "DOER",
"v": true,
"row": 6,
"col": 4,
"def": "Someone who does, performs, or executes; an active person, an agent."
},
{
"w": "ORDER",
"v": true,
"row": 0,
"col": 2,
"def": "Arrangement, disposition, sequence."
},
{
"w": "BORER",
"v": false,
"row": 0,
"col": 4,
"def": "A person who bores, who drills."
},
{
"w": "BORDER",
"v": true,
"row": 2,
"col": 0,
"def": "The outer edge of something."
}
]
}