{
"id": 212,
"sub_category": "Cloud Pack",
"category": "Sky Group",
"type": 0,
"letters": "CEERSU",
"mov": 22,
"shovels": 1,
"coins": 5,
"rows": 15,
"cols": 15,
"c": 0,
"b": -1,
"w": 11,
"h": 8,
"dws": [
"REC",
"CRU",
"CUR",
"CRUES",
"SUER",
"CRUSE",
"RUC",
"ECRU",
"CRUE",
"CREES",
"CERE",
"ERE",
"RUSE",
"SER",
"REES",
"SCREE",
"ERES",
"ECRUS",
"CEE",
"SERE",
"ECU",
"ECUS",
"ERS",
"CEES",
"CERUSE",
"CRUS",
"CREE",
"SUCRE",
"SUE",
"ESE",
"RUCS",
"CEREUS",
"URES",
"SCUR",
"CURES",
"REE",
"URE",
"RECUSE",
"RECS",
"SEC",
"RUES",
"RES",
"CURS",
"CERES",
"CUES"
],
"ws": [
{
"w": "CUE",
"v": true,
"row": 3,
"col": 10,
"def": "An action or event that is a signal for somebody to do something."
},
{
"w": "SEE",
"v": true,
"row": 1,
"col": 3,
"def": "To perceive or detect with the eyes, or as if by sight."
},
{
"w": "USE",
"v": false,
"row": 6,
"col": 3,
"def": "The act of using."
},
{
"w": "RUE",
"v": true,
"row": 5,
"col": 3,
"def": "Repentance, regret."
},
{
"w": "CURE",
"v": false,
"row": 3,
"col": 0,
"def": "A method, device or medication that restores good health."
},
{
"w": "SURE",
"v": true,
"row": 3,
"col": 5,
"def": "Physically secure and certain, non-failing, reliable."
},
{
"w": "USER",
"v": false,
"row": 5,
"col": 0,
"def": "One who uses or makes use of something, a consumer."
},
{
"w": "SEER",
"v": false,
"row": 3,
"col": 5,
"def": "Agent noun of see; one who sees something; an eyewitness."
},
{
"w": "CURSE",
"v": true,
"row": 2,
"col": 1,
"def": "A supernatural detriment or hindrance; a bane."
},
{
"w": "REUSE",
"v": true,
"row": 2,
"col": 7,
"def": "The act of salvaging or in some manner returning a discarded item into something usable."
},
{
"w": "RESCUE",
"v": false,
"row": 5,
"col": 5,
"def": "To save from any violence, danger or evil."
},
{
"w": "SECURE",
"v": false,
"row": 0,
"col": 5,
"def": "Free from attack or danger; protected."
}
]
}