{
"id": 2127,
"sub_category": "Dawn Packx",
"category": "Twilight Group",
"type": 0,
"letters": "ALNOOS",
"mov": 16,
"shovels": 1,
"coins": 5,
"rows": 15,
"cols": 15,
"c": 0,
"b": -1,
"w": 7,
"h": 7,
"dws": [
"SAL",
"SON",
"ANS",
"ONS",
"NOO",
"OOS",
"LOANS",
"ONOS",
"SOLA",
"NAS",
"SNOOL",
"LOO",
"NOLOS",
"SOLANO",
"LOS",
"SOLAN",
"LAS",
"ONO",
"OON",
"OONS",
"LOAN",
"ALS",
"NOS",
"SOOL",
"ALOO",
"SAN",
"LOONS",
"SOLON",
"LOOS",
"NAOS",
"SOL",
"NOLO"
],
"ws": [
{
"w": "ALSO",
"v": false,
"row": 4,
"col": 0,
"def": "To the same degree or extent; so, as."
},
{
"w": "SOLO",
"v": false,
"row": 0,
"col": 0,
"def": "A piece of music for one performer."
},
{
"w": "SOON",
"v": true,
"row": 0,
"col": 5,
"def": "Occurring within a short time, or quickly."
},
{
"w": "LOON",
"v": true,
"row": 2,
"col": 3,
"def": "Any of various birds, of the order Gaviiformes, of North America and Europe that dive for fish and have a short tail, webbed feet and a yodeling cry."
},
{
"w": "SALON",
"v": true,
"row": 2,
"col": 1,
"def": "A large room, especially one used to receive and entertain guests."
},
{
"w": "SALOON",
"v": false,
"row": 2,
"col": 1,
"def": "A tavern, especially in an American Old West setting."
}
]
}