{
"id": 2129,
"sub_category": "Brood Packx",
"category": "Twilight Group",
"type": 0,
"letters": "BBEGLO",
"mov": 26,
"shovels": 1,
"coins": 5,
"rows": 15,
"cols": 15,
"c": 0,
"b": -1,
"w": 11,
"h": 10,
"dws": [
"BEL",
"LOGE",
"GOE",
"OLE",
"OBE",
"BLEB",
"BOLE",
"GOLE",
"GOEL",
"BOGLE",
"BEGO",
"GOB",
"GEO"
],
"ws": [
{
"w": "BEG",
"v": true,
"row": 4,
"col": 10,
"def": "To request the help of someone, often in the form of money."
},
{
"w": "BOB",
"v": true,
"row": 0,
"col": 6,
"def": "To move gently and vertically, in either a single motion or repeatedly up and down, at or near the surface of a body of water."
},
{
"w": "BOG",
"v": false,
"row": 6,
"col": 8,
"def": "An expanse of marshland."
},
{
"w": "EGO",
"v": true,
"row": 5,
"col": 5,
"def": "The self, especially with a sense of self-importance."
},
{
"w": "GEL",
"v": false,
"row": 5,
"col": 4,
"def": "A semi-solid to almost solid colloid of a solid and a liquid, such as jelly, cheese or opal."
},
{
"w": "LEG",
"v": true,
"row": 3,
"col": 4,
"def": "The lower limb of a human being or animal that extends from the groin to the ankle."
},
{
"w": "LOB",
"v": true,
"row": 4,
"col": 1,
"def": "To throw or hit a ball into the air in a high arch."
},
{
"w": "LOG",
"v": true,
"row": 2,
"col": 7,
"def": "Logarithm."
},
{
"w": "EBB",
"v": false,
"row": 6,
"col": 0,
"def": "The receding movement of the tide."
},
{
"w": "BLOG",
"v": false,
"row": 2,
"col": 6,
"def": "A website that allows users to reflect, share opinions, and discuss various topics in the form of an online journal while readers may comment on posts. Most blogs are written in a slightly informal tone (personal journals, news, businesses, etc.) Entries typically appear in reverse chronological order."
},
{
"w": "LOBE",
"v": true,
"row": 4,
"col": 8,
"def": "Any projection or division, especially one of a somewhat rounded form."
},
{
"w": "GLOB",
"v": false,
"row": 4,
"col": 7,
"def": "A round, shapeless or amorphous lump, as of a semisolid substance."
},
{
"w": "BLOB",
"v": true,
"row": 6,
"col": 2,
"def": "A shapeless or amorphous mass; a vague shape or amount, especially of a liquid or semisolid substance; a clump, group or collection that lacks definite shape."
},
{
"w": "OGLE",
"v": false,
"row": 7,
"col": 5,
"def": ", (intransitive) To stare at (someone or something), especially impertinently, amorously, or covetously."
},
{
"w": "GLOBE",
"v": false,
"row": 4,
"col": 0,
"def": "Any spherical object."
},
{
"w": "GOBBLE",
"v": false,
"row": 9,
"col": 0,
"def": "To make the sound of a turkey."
}
]
}