{
"id": 2154,
"sub_category": "View Packx",
"category": "Twilight Group",
"type": 0,
"letters": "ELPRUY",
"mov": 26,
"shovels": 1,
"coins": 5,
"rows": 15,
"cols": 15,
"c": 0,
"b": -1,
"w": 11,
"h": 9,
"dws": [
"PYE",
"PLYER",
"PUL",
"RELY",
"YER",
"PLU",
"PULY",
"LERP",
"RYPE",
"PEL",
"PULE",
"PURE",
"LYRE",
"PURL",
"PUY",
"YULE",
"UEY",
"URP",
"ULE",
"PULER",
"LEU",
"URE",
"LUR",
"PLUE",
"LEP",
"RULY",
"RYU",
"PUR",
"PRE",
"PUER",
"LEY"
],
"ws": [
{
"w": "PER",
"v": true,
"row": 4,
"col": 5,
"def": "For each."
},
{
"w": "PRY",
"v": true,
"row": 6,
"col": 7,
"def": "To look where one is not welcome; to be nosey."
},
{
"w": "RYE",
"v": false,
"row": 5,
"col": 3,
"def": "Caraway (from the mistaken assumption that the whole seeds, often used to season rye bread, are the rye itself)."
},
{
"w": "YEP",
"v": true,
"row": 6,
"col": 9,
"def": "Yes."
},
{
"w": "YUP",
"v": false,
"row": 8,
"col": 7,
"def": "A yes; an affirmative answer."
},
{
"w": "PLY",
"v": false,
"row": 4,
"col": 0,
"def": "A layer of material. (two-ply toilet paper)."
},
{
"w": "REP",
"v": true,
"row": 5,
"col": 3,
"def": "Short form of reputation."
},
{
"w": "RUE",
"v": false,
"row": 6,
"col": 1,
"def": "Repentance, regret."
},
{
"w": "LYE",
"v": true,
"row": 0,
"col": 5,
"def": "A strong caustic alkaline solution of potassium or sodium salts, obtained by leaching wood ashes. It is much used in making soap as well as its use in biodiesel."
},
{
"w": "LURE",
"v": true,
"row": 4,
"col": 1,
"def": "Something that tempts or attracts, especially one with a promise of reward or pleasure."
},
{
"w": "PREY",
"v": true,
"row": 1,
"col": 2,
"def": "Anything, as goods, etc., taken or got by violence; anything taken by force from an enemy in war; spoil; booty; plunder."
},
{
"w": "RULE",
"v": false,
"row": 2,
"col": 2,
"def": "A regulation, law, guideline."
},
{
"w": "YELP",
"v": false,
"row": 1,
"col": 5,
"def": "An abrupt, high-pitched noise or utterance."
},
{
"w": "PYRE",
"v": true,
"row": 1,
"col": 8,
"def": "A funeral pile; a combustible heap on which corpses are burned."
},
{
"w": "REPLY",
"v": false,
"row": 6,
"col": 5,
"def": "To give a written or spoken response, especially to a question, request, accusation or criticism; to answer."
},
{
"w": "PURELY",
"v": false,
"row": 4,
"col": 5,
"def": "Without physical adulterants; refinedly, with no admixture."
}
]
}