{
"id": 2165,
"sub_category": "Fall Packx",
"category": "Marsh Group",
"type": 0,
"letters": "AEINSV",
"mov": 22,
"shovels": 1,
"coins": 5,
"rows": 15,
"cols": 15,
"c": 0,
"b": -1,
"w": 10,
"h": 10,
"dws": [
"AVENS",
"SAVIN",
"VIES",
"VAN",
"SEI",
"VINE",
"ANS",
"SIN",
"NAE",
"SAV",
"VISNE",
"NAV",
"SAI",
"VIAS",
"VAES",
"SIEN",
"SENA",
"AIS",
"AVINE",
"ANE",
"VEINS",
"NAVES",
"AVE",
"VIA",
"SEN",
"VAS",
"EANS",
"EINA",
"ANIS",
"VINS",
"EAN",
"NIS",
"NAIVES",
"SAVINE",
"SAIN",
"NAS",
"ANI",
"NAEVI",
"AINE",
"VIN",
"AVISE",
"NIE",
"INS",
"AVES",
"SAE",
"SEAN",
"NAVS",
"AIN",
"ANISE",
"NAES",
"ENS",
"VINAS",
"SAN",
"VANES",
"VINES",
"VAE",
"VENA",
"SEV",
"VEIN",
"AINS",
"EAS",
"SEA",
"VIAE",
"ANES",
"VINA",
"VIE",
"NIES",
"VIS",
"NEVI"
],
"ws": [
{
"w": "SANE",
"v": false,
"row": 4,
"col": 3,
"def": "Being in a healthy condition; not deranged; acting rationally; -- regarding the mind."
},
{
"w": "SAVE",
"v": true,
"row": 3,
"col": 4,
"def": "In various sports, a block that prevents an opponent from scoring."
},
{
"w": "VAIN",
"v": false,
"row": 8,
"col": 0,
"def": "Overly proud of oneself, especially when concerning appearance."
},
{
"w": "VANS",
"v": true,
"row": 6,
"col": 3,
"def": "Plural form of van."
},
{
"w": "VASE",
"v": true,
"row": 1,
"col": 6,
"def": "A container used mainly for displaying fresh, dried, or artificial flowers."
},
{
"w": "VISA",
"v": false,
"row": 1,
"col": 6,
"def": "A permit to enter and leave a country, normally issued by the authorities of the country to be visited."
},
{
"w": "VANE",
"v": true,
"row": 0,
"col": 9,
"def": "A weather vane."
},
{
"w": "NAVE",
"v": true,
"row": 6,
"col": 0,
"def": "The middle or body of a church, extending from the transepts to the principal entrances."
},
{
"w": "SINE",
"v": false,
"row": 3,
"col": 6,
"def": "In a right triangle, the ratio of the length of the side opposite an angle to the length of the hypotenuse."
},
{
"w": "VISE",
"v": false,
"row": 7,
"col": 5,
"def": "An instrument consisting of two jaws, closing by a screw, lever, cam, or the like, for holding work, as in filing."
},
{
"w": "NAIVE",
"v": false,
"row": 6,
"col": 0,
"def": "Lacking experience, wisdom, or judgement."
},
{
"w": "NAVIES",
"v": true,
"row": 3,
"col": 8,
"def": "Plural form of navy."
}
]
}