{
"id": 2190,
"sub_category": "Bark Packx",
"category": "Marsh Group",
"type": 0,
"letters": "EILLNT",
"mov": 30,
"shovels": 1,
"coins": 5,
"rows": 15,
"cols": 15,
"c": 0,
"b": -1,
"w": 13,
"h": 10,
"dws": [
"TINE",
"INTEL",
"NILL",
"LINTEL",
"TELLIN",
"NIE",
"ELT",
"LET",
"TEIL",
"LIN",
"LEI",
"TIE",
"ELL",
"NITE",
"TEL",
"ELINT",
"TEIN"
],
"ws": [
{
"w": "ILL",
"v": true,
"row": 5,
"col": 10,
"def": "Extremely bad (bad enough to make one ill). Generally used indirectly with to be."
},
{
"w": "LIE",
"v": false,
"row": 2,
"col": 5,
"def": "To be in a horizontal position."
},
{
"w": "LIT",
"v": true,
"row": 3,
"col": 9,
"def": "Little."
},
{
"w": "NET",
"v": true,
"row": 1,
"col": 7,
"def": "A mesh of string, cord or rope."
},
{
"w": "TEN",
"v": false,
"row": 0,
"col": 3,
"def": "A numerical value equal to 10; the number occurring after nine and before eleven, represented in Roman numerals as X, in Arabic numerals as 10, and in the hexadecimal system (base 16) as A."
},
{
"w": "TIN",
"v": true,
"row": 0,
"col": 3,
"def": "A malleable, ductile, metallic element, resistant to corrosion, with atomic number 50 and symbol Sn."
},
{
"w": "NIT",
"v": true,
"row": 4,
"col": 2,
"def": "The egg of a louse."
},
{
"w": "NIL",
"v": true,
"row": 0,
"col": 5,
"def": "Nothing; zero."
},
{
"w": "TIL",
"v": false,
"row": 3,
"col": 7,
"def": "Until, till."
},
{
"w": "LINE",
"v": true,
"row": 1,
"col": 1,
"def": "A path through two or more points (compare 'segment'); a continuous mark, including as made by a pen; any path, curved or straight."
},
{
"w": "TELL",
"v": false,
"row": 8,
"col": 0,
"def": "To count, reckon, or enumerate."
},
{
"w": "TILE",
"v": false,
"row": 5,
"col": 9,
"def": "A regularly-shaped slab of clay or other material, affixed to cover or decorate a surface, as in a roof-tile, glazed tile, stove tile, etc."
},
{
"w": "TILL",
"v": false,
"row": 6,
"col": 2,
"def": "To."
},
{
"w": "LENT",
"v": false,
"row": 4,
"col": 0,
"def": "Simple past tense and past participle of lend."
},
{
"w": "LILT",
"v": true,
"row": 6,
"col": 5,
"def": "To do something rhythmically, with animation and quickness, usually of music."
},
{
"w": "LINT",
"v": false,
"row": 8,
"col": 5,
"def": "A fine material made by scraping cotton or linen cloth; used for dressing wounds."
},
{
"w": "LITE",
"v": true,
"row": 6,
"col": 8,
"def": "Light in composition, notably low in fat, calories etc.:."
},
{
"w": "LIEN",
"v": false,
"row": 2,
"col": 0,
"def": "A tendon."
},
{
"w": "INLET",
"v": false,
"row": 7,
"col": 8,
"def": "To let in; admit."
},
{
"w": "LENTIL",
"v": true,
"row": 4,
"col": 12,
"def": "Any of several plants of the genus Lens, especially Lens culinaris, from southwest Asia, that have edible, lens-shaped seeds within flattened pods."
}
]
}