{
"id": 2198,
"sub_category": "Red Packx",
"category": "Marsh Group",
"type": 0,
"letters": "ACDILY",
"mov": 20,
"shovels": 1,
"coins": 5,
"rows": 15,
"cols": 15,
"c": 0,
"b": -1,
"w": 9,
"h": 7,
"dws": [
"IDYL",
"CID",
"LAIC",
"CADI",
"DIYA",
"YCLAD",
"ICY",
"AID",
"LID",
"LAY",
"DALI",
"CAL",
"YAD",
"LAD",
"YALD",
"CAY",
"ALCID",
"CALID",
"CLY",
"LAC",
"AIL",
"DAY",
"ACIDY",
"CAID",
"YID",
"ACYL",
"DAL",
"CAD"
],
"ws": [
{
"w": "ACID",
"v": false,
"row": 5,
"col": 2,
"def": "Sour, sharp, or biting to the taste; tart; having the taste of vinegar."
},
{
"w": "CLAY",
"v": true,
"row": 3,
"col": 2,
"def": "A mineral substance made up of small crystals of silica and alumina, that is ductile when moist; the material of pre-fired ceramics."
},
{
"w": "DIAL",
"v": false,
"row": 0,
"col": 0,
"def": "A graduated, circular scale over which a needle moves to show a measurement (such as speed)."
},
{
"w": "LADY",
"v": true,
"row": 0,
"col": 3,
"def": "The mistress of a household."
},
{
"w": "LAID",
"v": true,
"row": 2,
"col": 5,
"def": "Simple past tense and past participle of lay."
},
{
"w": "CLAD",
"v": false,
"row": 0,
"col": 5,
"def": "To clothe."
},
{
"w": "IDLY",
"v": false,
"row": 4,
"col": 5,
"def": "In an idle manner."
},
{
"w": "LACY",
"v": false,
"row": 3,
"col": 0,
"def": "Made of lace or decorated with it."
},
{
"w": "DAILY",
"v": true,
"row": 0,
"col": 0,
"def": "Quotidian, that occurs every day, or at least every weekday/ working day."
},
{
"w": "ACIDLY",
"v": true,
"row": 0,
"col": 7,
"def": "Sourly; tartly."
}
]
}