{
"id": 2206,
"sub_category": "Red Packx",
"category": "Marsh Group",
"type": 0,
"letters": "ACHLOR",
"mov": 22,
"shovels": 1,
"coins": 5,
"rows": 15,
"cols": 15,
"c": 0,
"b": -1,
"w": 11,
"h": 8,
"dws": [
"CARL",
"ORAL",
"CLARO",
"LOR",
"LOCH",
"HORA",
"LORCHA",
"ARCO",
"OCA",
"CHOLA",
"HORAL",
"CHA",
"CHAL",
"HOC",
"CAL",
"ORC",
"COL",
"CHAO",
"ORACH",
"ORA",
"RHO",
"LARCH",
"ALCO",
"RACH",
"HOAR",
"ACRO",
"RAH",
"LAR",
"LAC",
"LOCA",
"COR",
"ROCH",
"LOACH",
"HARO",
"ACH",
"HARL",
"HOA",
"OCH",
"OAR",
"CALO",
"ROC",
"LAH",
"HAO"
],
"ws": [
{
"w": "ARC",
"v": false,
"row": 3,
"col": 7,
"def": "A directed edge."
},
{
"w": "CAR",
"v": true,
"row": 5,
"col": 5,
"def": "A wheeled vehicle, drawn by a horse or other animal."
},
{
"w": "ARCH",
"v": true,
"row": 4,
"col": 2,
"def": "An inverted U shape."
},
{
"w": "COAL",
"v": true,
"row": 3,
"col": 9,
"def": "A black rock formed from prehistoric plant remains, composed largely of carbon and burned as a fuel."
},
{
"w": "COLA",
"v": false,
"row": 6,
"col": 2,
"def": "The kola plant, genus Cola, famous for its nut, or one of these nuts."
},
{
"w": "HALO",
"v": false,
"row": 4,
"col": 1,
"def": "A circular band of coloured light, visible around the sun or moon etc., caused by reflection and refraction of light by ice crystals in the atmosphere."
},
{
"w": "CHAR",
"v": false,
"row": 2,
"col": 0,
"def": "A time; a turn or occasion."
},
{
"w": "ORCA",
"v": true,
"row": 0,
"col": 0,
"def": "A sea mammal (scientific name: Orcinus orca) related to dolphins and porpoises, commonly called the killer whale."
},
{
"w": "CORAL",
"v": true,
"row": 0,
"col": 3,
"def": "A hard substance made of the limestone skeletons of marine polyps."
},
{
"w": "ROACH",
"v": false,
"row": 0,
"col": 5,
"def": "A small freshwater fish in the carp family (Cyprinidae), Rutilus rutilus."
},
{
"w": "CAROL",
"v": true,
"row": 2,
"col": 7,
"def": "To sing (a song) cheerfully."
},
{
"w": "CHORAL",
"v": false,
"row": 5,
"col": 5,
"def": "Of, relating to, written for, or performed by a choir or a chorus."
}
]
}