{
"id": 2268,
"sub_category": "Leaf Packx",
"category": "Woods Group",
"type": 0,
"letters": "AGLNOS",
"mov": 28,
"shovels": 1,
"coins": 5,
"rows": 15,
"cols": 15,
"c": 0,
"b": -1,
"w": 13,
"h": 11,
"dws": [
"LANG",
"GLANS",
"SAL",
"SON",
"ANS",
"NOG",
"GOS",
"ONS",
"AGON",
"LOANS",
"SNOG",
"GAOL",
"SLAG",
"LONGS",
"SOLA",
"GOAS",
"GOA",
"GAS",
"NOGS",
"AGS",
"NAS",
"GAL",
"GONS",
"AGONS",
"SAG",
"LOS",
"LOG",
"SOG",
"GON",
"LONGA",
"LAS",
"SOLAN",
"GAOLS",
"NAG",
"ANGLOS",
"SANGO",
"ALS",
"NOS",
"GAN",
"LAG",
"AGO",
"SAN",
"NAOS",
"GOALS",
"LOGANS",
"SOL",
"GANS",
"LOGAN"
],
"ws": [
{
"w": "ALSO",
"v": true,
"row": 1,
"col": 7,
"def": "To the same degree or extent; so, as."
},
{
"w": "GALS",
"v": false,
"row": 1,
"col": 6,
"def": "Plural form of gal."
},
{
"w": "GOAL",
"v": true,
"row": 0,
"col": 11,
"def": "A result that one is attempting to achieve."
},
{
"w": "LAGS",
"v": false,
"row": 3,
"col": 4,
"def": "Plural form of lag."
},
{
"w": "LOAN",
"v": false,
"row": 2,
"col": 9,
"def": "A sum of money or other valuables or consideration that an individual, group or other legal entity borrows from another individual, group or legal entity (the latter often being a financial institution) with the condition that it be returned or repaid at a later date (sometimes with interest)."
},
{
"w": "LOGS",
"v": true,
"row": 3,
"col": 4,
"def": "Plural form of log."
},
{
"w": "LONG",
"v": false,
"row": 5,
"col": 1,
"def": "Having much distance from one terminating point on an object or an area to another terminating point (usually applies to horizontal dimensions; see Usage Notes below)."
},
{
"w": "NAGS",
"v": false,
"row": 7,
"col": 0,
"def": "Plural form of nag."
},
{
"w": "SANG",
"v": true,
"row": 7,
"col": 3,
"def": "Simple past of sing."
},
{
"w": "SONG",
"v": true,
"row": 4,
"col": 2,
"def": "A musical composition with lyrics for voice or voices, performed by singing."
},
{
"w": "SLOG",
"v": true,
"row": 1,
"col": 9,
"def": "A long, tedious walk, or session of work."
},
{
"w": "SNAG",
"v": false,
"row": 9,
"col": 2,
"def": "A stump or base of a branch that has been lopped off; a short branch, or a sharp or rough branch; a knot; a protuberance."
},
{
"w": "SAGO",
"v": true,
"row": 7,
"col": 5,
"def": "A powdered starch obtained from certain palms used as a food thickener."
},
{
"w": "ALONG",
"v": false,
"row": 8,
"col": 5,
"def": "By the length; in a line with the length; lengthwise."
},
{
"w": "SALON",
"v": false,
"row": 1,
"col": 0,
"def": "A large room, especially one used to receive and entertain guests."
},
{
"w": "SLANG",
"v": true,
"row": 5,
"col": 8,
"def": "Language outside of conventional usage."
},
{
"w": "ANGLO",
"v": true,
"row": 5,
"col": 12,
"def": "An English person or person of English ancestry."
},
{
"w": "SLOGAN",
"v": false,
"row": 6,
"col": 7,
"def": "A battle cry (original meaning)."
}
]
}