{
"id": 2277,
"sub_category": "Fall Packx",
"category": "Woods Group",
"type": 0,
"letters": "ADRTWY",
"mov": 30,
"shovels": 1,
"coins": 5,
"rows": 15,
"cols": 15,
"c": 0,
"b": -1,
"w": 12,
"h": 11,
"dws": [
"YAR",
"DAWT",
"TAW",
"RYA",
"ARD",
"ARY",
"TWAY",
"TRAD",
"DAW",
"WAR",
"DRY",
"WAT",
"TRAY",
"DRAT",
"YAD",
"WADT",
"DRAY",
"TWA",
"WARTY",
"ADRY",
"TAY",
"WADY",
"WRY",
"ARTY",
"YAW"
],
"ws": [
{
"w": "ART",
"v": false,
"row": 2,
"col": 4,
"def": "Human effort to imitate, supplement, alter, or counteract the work of nature."
},
{
"w": "DAY",
"v": false,
"row": 3,
"col": 2,
"def": "Any period of 24 hours."
},
{
"w": "RAT",
"v": true,
"row": 0,
"col": 6,
"def": "A medium-sized rodent belonging to the genus Rattus."
},
{
"w": "RAW",
"v": false,
"row": 0,
"col": 6,
"def": "Of weather: unpleasantly damp or cold."
},
{
"w": "RAY",
"v": true,
"row": 1,
"col": 4,
"def": "A beam of light or radiation."
},
{
"w": "TAD",
"v": true,
"row": 2,
"col": 11,
"def": "A small amount; a little bit."
},
{
"w": "TAR",
"v": true,
"row": 5,
"col": 7,
"def": "A black, oily, sticky, viscous substance, consisting mainly of hydrocarbons derived from organic materials such as wood, peat, or coal."
},
{
"w": "TRY",
"v": false,
"row": 5,
"col": 7,
"def": "To attempt. Followed by infinitive."
},
{
"w": "WAD",
"v": true,
"row": 0,
"col": 8,
"def": "An amorphous, compact mass."
},
{
"w": "WAY",
"v": false,
"row": 5,
"col": 0,
"def": "A road, a direction, a (physical or conceptual) path from one place to another."
},
{
"w": "RAD",
"v": false,
"row": 4,
"col": 9,
"def": "Excellent, short for radical."
},
{
"w": "DART",
"v": false,
"row": 2,
"col": 8,
"def": "A pointed missile weapon, intended to be thrown by the hand; a short lance; a javelin; any sharp-pointed missile weapon, as an arrow."
},
{
"w": "DRAW",
"v": true,
"row": 7,
"col": 3,
"def": "To sketch; depict with lines; to produce a picture with pencil, crayon, chalk, etc. on paper, cardboard, etc."
},
{
"w": "WARD",
"v": true,
"row": 5,
"col": 0,
"def": "Protection, defence."
},
{
"w": "WARY",
"v": false,
"row": 7,
"col": 5,
"def": "Cautious of danger; carefully watching and guarding against deception, artifices, and dangers; timorously or suspiciously prudent; circumspect; scrupulous; careful."
},
{
"w": "YARD",
"v": true,
"row": 7,
"col": 8,
"def": "A small, usually uncultivated area adjoining or (now especially) within the precincts of a house or other building."
},
{
"w": "WART",
"v": true,
"row": 7,
"col": 5,
"def": "A type of deformed growth occurring on the skin caused by the human papillomavirus (HPV)."
},
{
"w": "AWRY",
"v": true,
"row": 2,
"col": 9,
"def": "Obliquely, crookedly; askew."
},
{
"w": "TARDY",
"v": false,
"row": 10,
"col": 5,
"def": "Late; overdue or delayed."
},
{
"w": "TAWDRY",
"v": true,
"row": 0,
"col": 2,
"def": "Cheap and gaudy; showy."
}
]
}