{
"id": 2358,
"sub_category": "Dawn Packx",
"category": "Arid Group",
"type": 0,
"letters": "ACDEHS",
"mov": 30,
"shovels": 1,
"coins": 5,
"rows": 15,
"cols": 15,
"c": 0,
"b": -1,
"w": 13,
"h": 13,
"dws": [
"CHAS",
"SCAD",
"HADS",
"AHED",
"SHA",
"SED",
"CAD",
"HADES",
"CASED",
"EDH",
"DAS",
"ACES",
"HES",
"DEASH",
"DACE",
"DAE",
"CHA",
"DAHS",
"CHE",
"EDHS",
"DAES",
"HAE",
"SHEA",
"HAES",
"CADE",
"HAS",
"DAH",
"EHS",
"ASHED",
"CHADS",
"CADS",
"SADE",
"SAE",
"ASH",
"SADHE",
"AHS",
"ECADS",
"SECH",
"HEADS",
"SHAD",
"ACHE",
"SEC",
"DACES",
"CADES",
"HADE",
"EDS",
"EAS",
"ACH",
"ECAD",
"ECH",
"HAED",
"ACHES",
"AESC"
],
"ws": [
{
"w": "ACE",
"v": false,
"row": 4,
"col": 0,
"def": "A single point or spot on a playing card or die."
},
{
"w": "ADS",
"v": true,
"row": 2,
"col": 4,
"def": "Plural form of ad."
},
{
"w": "HAD",
"v": true,
"row": 3,
"col": 6,
"def": "Simple past tense and past participle of have."
},
{
"w": "SAD",
"v": false,
"row": 3,
"col": 2,
"def": "Sated, having had one's fill; satisfied, weary."
},
{
"w": "SEA",
"v": false,
"row": 4,
"col": 4,
"def": "A large body of salty water. (Major seas are known as oceans.)."
},
{
"w": "SHE",
"v": true,
"row": 1,
"col": 7,
"def": "A female person or animal."
},
{
"w": "SAC",
"v": false,
"row": 1,
"col": 7,
"def": "A bag or pouch inside a plant or animal that typically contains a fluid."
},
{
"w": "CASE",
"v": true,
"row": 2,
"col": 11,
"def": "An actual event, situation, or fact."
},
{
"w": "CASH",
"v": true,
"row": 7,
"col": 7,
"def": "Money in the form of notes/bills and coins, as opposed to cheques/checks or electronic transactions."
},
{
"w": "DASH",
"v": true,
"row": 3,
"col": 0,
"def": "A mark or line [- or \u2014], in writing or printing, denoting a sudden break, stop, or transition in a sentence, or an abrupt change in its construction, a long or significant pause, or an unexpected or epigrammatic turn of sentiment. Dashes are also sometimes used instead of marks or parenthesis."
},
{
"w": "EACH",
"v": false,
"row": 2,
"col": 9,
"def": "All; every; qualifying a singular noun, indicating all examples of the thing so named seen as individual or separate items (compare every)."
},
{
"w": "HEAD",
"v": false,
"row": 3,
"col": 6,
"def": "The part of the body of an animal or human which contains the brain, mouth, and main sense organs."
},
{
"w": "SHED",
"v": false,
"row": 5,
"col": 9,
"def": "To part or divide."
},
{
"w": "ACED",
"v": true,
"row": 0,
"col": 9,
"def": "Simple past tense and past participle of ace."
},
{
"w": "CHAD",
"v": false,
"row": 7,
"col": 7,
"def": "Small pieces of paper punched out from the edges of continuous stationery, punched cards, paper tape etc."
},
{
"w": "CHASE",
"v": true,
"row": 0,
"col": 2,
"def": "The action of the verb \"to chase\"."
},
{
"w": "SHADE",
"v": true,
"row": 5,
"col": 9,
"def": "Darkness where light, particularly sunlight, is blocked."
},
{
"w": "ACHED",
"v": true,
"row": 8,
"col": 5,
"def": "Simple past tense and past participle of ache."
},
{
"w": "CASHED",
"v": false,
"row": 9,
"col": 5,
"def": "Simple past tense and past participle of cash."
},
{
"w": "CHASED",
"v": true,
"row": 6,
"col": 3,
"def": "Simple past tense and past participle of chase."
}
]
}