{
"id": 2389,
"sub_category": "Dry Pack",
"category": "Arid Group",
"type": 0,
"letters": "AHLOOP",
"mov": 20,
"shovels": 1,
"coins": 5,
"rows": 15,
"cols": 15,
"c": 0,
"b": -1,
"w": 8,
"h": 8,
"dws": [
"PAOLO",
"OOH",
"ALP",
"OOP",
"POOH",
"POA",
"HOLP",
"APO",
"PAH",
"POH",
"PHO",
"HAP",
"LOO",
"OPAH",
"HOO",
"OPA",
"OHO",
"ALOO",
"POL",
"HOLO",
"HOA",
"LOP",
"POO",
"LAH",
"HAO"
],
"ws": [
{
"w": "HOP",
"v": true,
"row": 0,
"col": 1,
"def": "A short jump."
},
{
"w": "LAP",
"v": true,
"row": 4,
"col": 7,
"def": "The loose part of a coat; the lower part of a garment that plays loosely; a skirt; an apron."
},
{
"w": "PAL",
"v": true,
"row": 0,
"col": 4,
"def": "A friend, buddy, mate, cobber, someone to hang around with."
},
{
"w": "HOOP",
"v": false,
"row": 6,
"col": 4,
"def": "A circular band of metal used to bind a barrel."
},
{
"w": "LOOP",
"v": true,
"row": 4,
"col": 0,
"def": "A length of thread, line or rope that is doubled over to make an opening; the opening so formed."
},
{
"w": "POLO",
"v": true,
"row": 3,
"col": 5,
"def": "A ball game where two teams of players on horseback use long-handled mallets to propel the ball along the ground and into their opponent's goal."
},
{
"w": "POOL",
"v": false,
"row": 2,
"col": 1,
"def": "A small and rather deep collection of (usually) fresh water, as one supplied by a spring, or occurring in the course of a stream; a reservoir for water."
},
{
"w": "HALO",
"v": false,
"row": 4,
"col": 2,
"def": "A circular band of coloured light, visible around the sun or moon etc., caused by reflection and refraction of light by ice crystals in the atmosphere."
},
{
"w": "OPAL",
"v": true,
"row": 2,
"col": 3,
"def": "A mineral consisting, like quartz, of silica, but inferior to quartz in hardness and specific gravity, of the chemical formula SiO2\u00b7nH2O."
},
{
"w": "HOOPLA",
"v": false,
"row": 0,
"col": 1,
"def": "A bustling to-do."
}
]
}