{
"id": 2425,
"sub_category": "Wave Packx",
"category": "Tide Group",
"type": 0,
"letters": "ACDELW",
"mov": 30,
"shovels": 1,
"coins": 5,
"rows": 15,
"cols": 15,
"c": 0,
"b": -1,
"w": 14,
"h": 11,
"dws": [
"CLEW",
"AWDL",
"ALEC",
"CAW",
"LAWED",
"LADE",
"DACE",
"DAE",
"CAWED",
"LAWE",
"DAW",
"DWALE",
"CEL",
"LEW",
"CAL",
"WEALD",
"CADE",
"DALE",
"WALD",
"WEAL",
"LEA",
"ELD",
"DEAW",
"LEAD",
"CLADE",
"WALE",
"DECLAW",
"ALEW",
"LAC",
"AWL",
"DEAL",
"ECAD",
"DAL",
"WAE",
"CAD",
"WALED",
"DEL"
],
"ws": [
{
"w": "ACE",
"v": false,
"row": 6,
"col": 9,
"def": "A single point or spot on a playing card or die."
},
{
"w": "ALE",
"v": true,
"row": 4,
"col": 11,
"def": "An intoxicating liquor made from an infusion of malt by fermentation and the addition of a bitter, usually hops."
},
{
"w": "AWE",
"v": false,
"row": 4,
"col": 11,
"def": "A feeling of fear and reverence."
},
{
"w": "DEW",
"v": true,
"row": 2,
"col": 12,
"def": "Moisture in the air that settles on plants, etc in the morning, resulting in drops."
},
{
"w": "LAD",
"v": false,
"row": 2,
"col": 10,
"def": "A boy or young man."
},
{
"w": "LAW",
"v": false,
"row": 0,
"col": 8,
"def": "The body of rules and standards issued by a government, or to be applied by courts and similar authorities."
},
{
"w": "LED",
"v": true,
"row": 0,
"col": 8,
"def": "Simple past tense and past participle of lead."
},
{
"w": "WAD",
"v": true,
"row": 5,
"col": 9,
"def": "An amorphous, compact mass."
},
{
"w": "WED",
"v": false,
"row": 2,
"col": 6,
"def": "To perform the marriage ceremony for; to join in matrimony."
},
{
"w": "CLAW",
"v": false,
"row": 5,
"col": 6,
"def": "A curved, pointed horny nail on each digit of the foot of a mammal, reptile, or bird."
},
{
"w": "LACE",
"v": true,
"row": 5,
"col": 7,
"def": "A light fabric containing patterns of holes, usually built up from a single thread."
},
{
"w": "WADE",
"v": false,
"row": 1,
"col": 3,
"def": "To walk through water or something that impedes progress."
},
{
"w": "WELD",
"v": true,
"row": 0,
"col": 10,
"def": "A herb (Reseda luteola) related to mignonette, growing in Europe, and to some extent in America, used to make a yellow dye; dyer's broom; dyer's rocket; dyer's weed; wild woad."
},
{
"w": "CLAD",
"v": false,
"row": 4,
"col": 1,
"def": "To clothe."
},
{
"w": "AWED",
"v": true,
"row": 1,
"col": 4,
"def": "Simple past tense and past participle of awe."
},
{
"w": "LEWD",
"v": true,
"row": 0,
"col": 6,
"def": "Lascivious, sexually promiscuous, rude."
},
{
"w": "ACED",
"v": true,
"row": 4,
"col": 3,
"def": "Simple past tense and past participle of ace."
},
{
"w": "LACED",
"v": false,
"row": 6,
"col": 0,
"def": "Tainted with something, especially a drug."
},
{
"w": "DECAL",
"v": false,
"row": 10,
"col": 4,
"def": "A design or picture produced in order to be transferred to another surface either permanently or temporarily."
},
{
"w": "CLAWED",
"v": true,
"row": 4,
"col": 1,
"def": "Simple past tense and past participle of claw."
}
]
}