{
"id": 2437,
"sub_category": "Calm Packx",
"category": "Tide Group",
"type": 0,
"letters": "AHORTU",
"mov": 30,
"shovels": 1,
"coins": 5,
"rows": 15,
"cols": 15,
"c": 0,
"b": -1,
"w": 13,
"h": 10,
"dws": [
"RATU",
"UTA",
"HORA",
"TORAH",
"THAR",
"RATO",
"THO",
"TARO",
"TORA",
"TAHR",
"TAU",
"HUT",
"TAO",
"OUTA",
"ORA",
"RHO",
"TOR",
"OAT",
"RATH",
"HOAR",
"URAO",
"RUTH",
"HOUT",
"THRO",
"RAH",
"HAUT",
"ROTA",
"HARO",
"TROU",
"HOA",
"ORT",
"ROUTH",
"HAO"
],
"ws": [
{
"w": "ART",
"v": true,
"row": 7,
"col": 5,
"def": "Human effort to imitate, supplement, alter, or counteract the work of nature."
},
{
"w": "HAT",
"v": true,
"row": 6,
"col": 3,
"def": "A covering for the head, often in the approximate form of a cone or a cylinder closed at its top end, and sometimes having a brim and other decoration."
},
{
"w": "HOT",
"v": true,
"row": 6,
"col": 8,
"def": "Of an object, having a high temperature."
},
{
"w": "OAR",
"v": true,
"row": 4,
"col": 10,
"def": "An implement used to propel a boat or a ship in the water, having a flat blade at one end, being rowed from the other end and being normally fastened to the vessel."
},
{
"w": "OUR",
"v": false,
"row": 4,
"col": 10,
"def": "Belonging to us."
},
{
"w": "OUT",
"v": false,
"row": 1,
"col": 10,
"def": "Away from home or one's usual place, or not indoors."
},
{
"w": "RAT",
"v": false,
"row": 2,
"col": 8,
"def": "A medium-sized rodent belonging to the genus Rattus."
},
{
"w": "ROT",
"v": true,
"row": 0,
"col": 10,
"def": "To suffer decomposition due to biological action, especially by fungi or bacteria."
},
{
"w": "RUT",
"v": true,
"row": 2,
"col": 8,
"def": "Sexual desire or oestrus of cattle, and various other mammals."
},
{
"w": "TAR",
"v": false,
"row": 8,
"col": 3,
"def": "A black, oily, sticky, viscous substance, consisting mainly of hydrocarbons derived from organic materials such as wood, peat, or coal."
},
{
"w": "AUTO",
"v": false,
"row": 7,
"col": 5,
"def": "An automobile."
},
{
"w": "HOUR",
"v": false,
"row": 0,
"col": 5,
"def": "A time period of sixty minutes; one twenty-fourth of a day."
},
{
"w": "HURT",
"v": false,
"row": 6,
"col": 8,
"def": "To be painful."
},
{
"w": "OATH",
"v": false,
"row": 2,
"col": 3,
"def": "A solemn pledge or promise to a god, king, or another person, to attest to the truth of a statement or contract."
},
{
"w": "TOUR",
"v": true,
"row": 1,
"col": 12,
"def": "A journey through a particular building, estate, country, etc."
},
{
"w": "ROUT",
"v": false,
"row": 4,
"col": 5,
"def": "To make a noise; roar; bellow; snort."
},
{
"w": "THRU",
"v": true,
"row": 2,
"col": 5,
"def": "Alternative spelling of through."
},
{
"w": "HART",
"v": false,
"row": 0,
"col": 0,
"def": "A male deer, especially the male of the red deer after its fifth year."
},
{
"w": "THOU",
"v": true,
"row": 0,
"col": 3,
"def": "You singular informal, nominative case."
},
{
"w": "AUTHOR",
"v": true,
"row": 0,
"col": 1,
"def": "The originator or creator of a work, especially of a literary composition."
}
]
}