{
"id": 2463,
"sub_category": "Breeze Pack",
"category": "Tide Group",
"type": 0,
"letters": "AEOPTT",
"mov": 30,
"shovels": 1,
"coins": 5,
"rows": 15,
"cols": 15,
"c": 0,
"b": -1,
"w": 12,
"h": 9,
"dws": [
"TOE",
"POTT",
"TEPA",
"TOEA",
"TAT",
"OPE",
"APTOTE",
"TET",
"POA",
"PETTO",
"TAE",
"APO",
"TAO",
"POTE",
"PATTE",
"ATT",
"TATE",
"OPA",
"ETA",
"TEAT",
"OPT",
"TAPET",
"ETAT",
"TOPE"
],
"ws": [
{
"w": "APE",
"v": true,
"row": 4,
"col": 2,
"def": "A primate of the clade Hominoidea, generally larger than monkeys and distinguished from them by having no tail."
},
{
"w": "ATE",
"v": true,
"row": 2,
"col": 1,
"def": "Simple past of eat."
},
{
"w": "EAT",
"v": false,
"row": 6,
"col": 2,
"def": "To consume (something solid or semi-solid, usually food) by putting it into the mouth and swallowing it."
},
{
"w": "PAT",
"v": true,
"row": 3,
"col": 6,
"def": "The sound of a light slap or tap with a soft flat object, especially of a footstep."
},
{
"w": "PEA",
"v": false,
"row": 4,
"col": 0,
"def": "A plant, member of the legume (Fabaceae) family."
},
{
"w": "PET",
"v": true,
"row": 0,
"col": 0,
"def": "An animal kept as a companion."
},
{
"w": "POT",
"v": false,
"row": 0,
"col": 0,
"def": "A vessel used for cooking or storing food."
},
{
"w": "TAP",
"v": false,
"row": 2,
"col": 0,
"def": "A tapering cylindrical pin or peg used to stop the vent in a cask; a spigot."
},
{
"w": "TEA",
"v": false,
"row": 2,
"col": 7,
"def": "The dried leaves or buds of the tea plant, Camellia sinensis."
},
{
"w": "TOP",
"v": true,
"row": 0,
"col": 2,
"def": "That part of an object furthest away in the opposite direction from that in which an unsupported object would fall."
},
{
"w": "APT",
"v": false,
"row": 5,
"col": 4,
"def": "Suitable; appropriate; fit or fitted; suited."
},
{
"w": "OAT",
"v": false,
"row": 1,
"col": 2,
"def": "Widely cultivated cereal grass, typically Avena sativa."
},
{
"w": "TOT",
"v": true,
"row": 1,
"col": 4,
"def": "A small child."
},
{
"w": "ATOP",
"v": true,
"row": 5,
"col": 4,
"def": "On the top of."
},
{
"w": "PEAT",
"v": false,
"row": 7,
"col": 6,
"def": "A pet, a darling; a woman."
},
{
"w": "POET",
"v": false,
"row": 4,
"col": 8,
"def": "A person who writes poems."
},
{
"w": "TAPE",
"v": false,
"row": 3,
"col": 4,
"def": "Flexible material in a roll with a sticky surface on one or both sides, adhesive tape."
},
{
"w": "PATE",
"v": true,
"row": 0,
"col": 7,
"def": "The head, particularly the top or crown."
},
{
"w": "TOTE",
"v": true,
"row": 4,
"col": 11,
"def": "A bag, specifically a tote bag."
},
{
"w": "TEAPOT",
"v": true,
"row": 0,
"col": 9,
"def": "A vessel for brewing and serving tea."
}
]
}