{
"id": 2471,
"sub_category": "Float Pack",
"category": "Tide Group",
"type": 0,
"letters": "ADILNS",
"mov": 30,
"shovels": 1,
"coins": 5,
"rows": 15,
"cols": 15,
"c": 0,
"b": -1,
"w": 14,
"h": 10,
"dws": [
"LINS",
"SAL",
"NID",
"ANIL",
"ANS",
"SAI",
"DAS",
"SADI",
"LIS",
"LADS",
"AIS",
"AID",
"NILS",
"LIND",
"NADS",
"DNA",
"DAIS",
"DALI",
"ANIS",
"NIS",
"LANDS",
"DIALS",
"LIDS",
"SAIN",
"NAS",
"DINS",
"SIND",
"ANI",
"LIAS",
"ANDS",
"ANILS",
"LINDS",
"LSD",
"SAD",
"LAS",
"DAN",
"AIN",
"LIN",
"SILD",
"AILS",
"ALS",
"NIDAL",
"DIS",
"DISA",
"SAN",
"DALS",
"NAILS",
"DALIS",
"SIDA",
"AINS",
"DAL",
"IDS",
"INS",
"DANS",
"NIDS",
"AIDS",
"SIAL"
],
"ws": [
{
"w": "ADS",
"v": true,
"row": 6,
"col": 4,
"def": "Plural form of ad."
},
{
"w": "AND",
"v": false,
"row": 6,
"col": 4,
"def": "As a coordinating conjunction; expressing two elements to be taken together or in addition to each other."
},
{
"w": "LAD",
"v": true,
"row": 4,
"col": 6,
"def": "A boy or young man."
},
{
"w": "LID",
"v": false,
"row": 7,
"col": 2,
"def": "The top or cover of a container."
},
{
"w": "SIN",
"v": true,
"row": 2,
"col": 4,
"def": "A violation of God's will or religious law."
},
{
"w": "DIN",
"v": true,
"row": 0,
"col": 9,
"def": "A loud noise; a cacophony or loud commotion."
},
{
"w": "NIL",
"v": false,
"row": 4,
"col": 4,
"def": "Nothing; zero."
},
{
"w": "AIL",
"v": true,
"row": 0,
"col": 7,
"def": "Painful; troublesome."
},
{
"w": "DIAL",
"v": true,
"row": 4,
"col": 2,
"def": "A graduated, circular scale over which a needle moves to show a measurement (such as speed)."
},
{
"w": "LAID",
"v": false,
"row": 0,
"col": 6,
"def": "Simple past tense and past participle of lay."
},
{
"w": "LAND",
"v": true,
"row": 2,
"col": 12,
"def": "The part of Earth which is not covered by oceans or other bodies of water."
},
{
"w": "NAIL",
"v": false,
"row": 2,
"col": 9,
"def": "To drive a nail."
},
{
"w": "SAID",
"v": false,
"row": 5,
"col": 0,
"def": "Simple past tense and past participle of say."
},
{
"w": "SAIL",
"v": false,
"row": 2,
"col": 4,
"def": "A piece of fabric attached to a boat and arranged such that it causes the wind to drive the boat along. The sail may be attached to the boat via a combination of mast, spars and ropes."
},
{
"w": "SAND",
"v": false,
"row": 4,
"col": 10,
"def": "Rock that is ground more finely than gravel, but is not as fine as silt (more formally, see grain sizes chart), forming beaches and deserts and also used in construction."
},
{
"w": "SLID",
"v": true,
"row": 4,
"col": 10,
"def": "Simple past tense and past participle of slide."
},
{
"w": "LAIN",
"v": false,
"row": 6,
"col": 8,
"def": "Past participle of lie (oriented in a horizontal position, situated)."
},
{
"w": "SNAIL",
"v": true,
"row": 5,
"col": 0,
"def": "Any of very many animals (either hermaphroditic or nonhermaphroditic), of the class Gastropoda, having a coiled shell."
},
{
"w": "SLAIN",
"v": false,
"row": 8,
"col": 4,
"def": "Past participle of slay."
},
{
"w": "ISLAND",
"v": true,
"row": 4,
"col": 8,
"def": "A contiguous area of land, smaller than a continent, totally surrounded by water."
}
]
}