{
"id": 2473,
"sub_category": "Float Pack",
"category": "Tide Group",
"type": 0,
"letters": "AELLTW",
"mov": 30,
"shovels": 1,
"coins": 5,
"rows": 15,
"cols": 15,
"c": 0,
"b": -1,
"w": 11,
"h": 10,
"dws": [
"TEW",
"TELA",
"TAW",
"TWAE",
"TAE",
"LAWE",
"ELT",
"WAT",
"EWT",
"LEW",
"ELL",
"TEL",
"WEAL",
"LEA",
"TWAL",
"LEAT",
"WALE",
"TWA",
"LEAL",
"ALEW",
"WATE",
"ETA",
"AWL",
"WETA",
"WAE",
"TAEL"
],
"ws": [
{
"w": "ALE",
"v": false,
"row": 6,
"col": 6,
"def": "An intoxicating liquor made from an infusion of malt by fermentation and the addition of a bitter, usually hops."
},
{
"w": "ALL",
"v": false,
"row": 7,
"col": 8,
"def": "Intensifier."
},
{
"w": "ATE",
"v": true,
"row": 6,
"col": 6,
"def": "Simple past of eat."
},
{
"w": "AWE",
"v": false,
"row": 8,
"col": 4,
"def": "A feeling of fear and reverence."
},
{
"w": "EAT",
"v": true,
"row": 6,
"col": 8,
"def": "To consume (something solid or semi-solid, usually food) by putting it into the mouth and swallowing it."
},
{
"w": "LAW",
"v": true,
"row": 7,
"col": 4,
"def": "The body of rules and standards issued by a government, or to be applied by courts and similar authorities."
},
{
"w": "LET",
"v": true,
"row": 7,
"col": 10,
"def": "To allow to, not to prevent (+ infinitive, but usually without to)."
},
{
"w": "TEA",
"v": true,
"row": 5,
"col": 2,
"def": "The dried leaves or buds of the tea plant, Camellia sinensis."
},
{
"w": "WET",
"v": false,
"row": 5,
"col": 0,
"def": "Of an object, etc, covered with or impregnated with liquid."
},
{
"w": "ALT",
"v": false,
"row": 3,
"col": 1,
"def": "A state of excitement, conveyed by a high pitched voice."
},
{
"w": "LAT",
"v": false,
"row": 2,
"col": 3,
"def": "A Latvian coin and national monetary unit."
},
{
"w": "LATE",
"v": true,
"row": 2,
"col": 1,
"def": "Near the end of a period of time."
},
{
"w": "TALE",
"v": false,
"row": 4,
"col": 4,
"def": "Number."
},
{
"w": "TALL",
"v": false,
"row": 7,
"col": 1,
"def": "Obsequious; obedient."
},
{
"w": "TELL",
"v": true,
"row": 0,
"col": 10,
"def": "To count, reckon, or enumerate."
},
{
"w": "WALL",
"v": false,
"row": 3,
"col": 7,
"def": "To boil."
},
{
"w": "WELL",
"v": true,
"row": 3,
"col": 7,
"def": "Accurately, competently."
},
{
"w": "TEAL",
"v": true,
"row": 2,
"col": 5,
"def": "Any of various small freshwater ducks of the genus Anas that are brightly coloured and have short necks."
},
{
"w": "WELT",
"v": true,
"row": 0,
"col": 3,
"def": "A raised mark on the body caused by a blow; a wheal or weal."
},
{
"w": "WALLET",
"v": false,
"row": 0,
"col": 5,
"def": "A small case, often flat and often made of leather, for keeping money (especially paper money), credit cards, etc."
}
]
}