{
"id": 2480,
"sub_category": "Float Pack",
"category": "Tide Group",
"type": 0,
"letters": "EGHRSU",
"mov": 26,
"shovels": 1,
"coins": 5,
"rows": 15,
"cols": 15,
"c": 0,
"b": -1,
"w": 12,
"h": 12,
"dws": [
"REHS",
"SUER",
"GRUE",
"REG",
"HUG",
"HES",
"GUE",
"SER",
"UGHS",
"SEG",
"URGES",
"ERGS",
"RHUS",
"GUES",
"ERG",
"ERS",
"SUG",
"EHS",
"SUE",
"RUG",
"SHE",
"UGS",
"GUR",
"UGH",
"URES",
"EUGHS",
"GURSH",
"GURS",
"REGS",
"ERHU",
"GUS",
"RUE",
"HUER",
"SUGH",
"URE",
"HUE",
"REH",
"GER",
"HUERS",
"HER",
"EUGH",
"RES",
"RUES",
"USE",
"GRUES",
"RESH"
],
"ws": [
{
"w": "HERS",
"v": false,
"row": 11,
"col": 6,
"def": "That which belongs to her; the possessive case of she, used without a following noun."
},
{
"w": "HUES",
"v": true,
"row": 7,
"col": 5,
"def": "Plural form of hue."
},
{
"w": "HUGE",
"v": true,
"row": 8,
"col": 7,
"def": "Distinctly interesting, significant, important, likeable, well regarded."
},
{
"w": "HUGS",
"v": false,
"row": 10,
"col": 2,
"def": "Plural form of hug."
},
{
"w": "RUGS",
"v": true,
"row": 8,
"col": 9,
"def": "Plural form of rug."
},
{
"w": "RUSH",
"v": true,
"row": 7,
"col": 2,
"def": "Any of several stiff aquatic or marsh plants of the genus Juncus, having hollow or pithy stems and small flowers."
},
{
"w": "SURE",
"v": false,
"row": 7,
"col": 0,
"def": "Physically secure and certain, non-failing, reliable."
},
{
"w": "URGE",
"v": true,
"row": 4,
"col": 3,
"def": "A strong desire; an itch to do something."
},
{
"w": "USER",
"v": false,
"row": 4,
"col": 3,
"def": "One who uses or makes use of something, a consumer."
},
{
"w": "GUSH",
"v": false,
"row": 3,
"col": 8,
"def": "A sudden rapid outflow."
},
{
"w": "RUSE",
"v": true,
"row": 1,
"col": 5,
"def": "A trick."
},
{
"w": "HUGER",
"v": false,
"row": 2,
"col": 4,
"def": "Comparative form of huge: more huge."
},
{
"w": "SHRUG",
"v": true,
"row": 1,
"col": 1,
"def": "A lifting of the shoulders to signal indifference."
},
{
"w": "SURGE",
"v": true,
"row": 0,
"col": 8,
"def": "A sudden rush, flood or increase which is transient."
},
{
"w": "USHER",
"v": false,
"row": 8,
"col": 5,
"def": "A person, in a church, cinema etc., who escorts people to their seats."
},
{
"w": "GUSHER",
"v": true,
"row": 1,
"col": 10,
"def": "One that gushes."
}
]
}