{
"id": 2491,
"sub_category": "River Packx",
"category": "Passage Group",
"type": 0,
"letters": "ACEHKR",
"mov": 30,
"shovels": 1,
"coins": 5,
"rows": 15,
"cols": 15,
"c": 0,
"b": -1,
"w": 12,
"h": 12,
"dws": [
"REC",
"HECK",
"KAE",
"CARK",
"ACER",
"HAKE",
"CHA",
"CHE",
"CRAKE",
"RACHE",
"HAE",
"RECK",
"CHER",
"CHARK",
"CHAR",
"RAKE",
"RACH",
"HARE",
"CHARE",
"RAH",
"ACHE",
"HACEK",
"REH",
"ACKER",
"AKE",
"RACK",
"ACH",
"ECH",
"RHEA",
"ERK",
"REAK",
"KEA"
],
"ws": [
{
"w": "ACE",
"v": true,
"row": 5,
"col": 0,
"def": "A single point or spot on a playing card or die."
},
{
"w": "ARC",
"v": false,
"row": 1,
"col": 4,
"def": "A directed edge."
},
{
"w": "ARE",
"v": false,
"row": 5,
"col": 0,
"def": "Second-person singular simple present tense of be."
},
{
"w": "ARK",
"v": false,
"row": 2,
"col": 2,
"def": "A large box with a flat lid."
},
{
"w": "CAR",
"v": true,
"row": 1,
"col": 6,
"def": "A wheeled vehicle, drawn by a horse or other animal."
},
{
"w": "EAR",
"v": false,
"row": 3,
"col": 4,
"def": "The organ of hearing, consisting of the pinna, auditory canal, eardrum, malleus, incus, stapes and cochlea."
},
{
"w": "ERA",
"v": true,
"row": 5,
"col": 7,
"def": "A time period of indeterminate length, generally more than one year."
},
{
"w": "HER",
"v": false,
"row": 6,
"col": 5,
"def": "Belonging to her."
},
{
"w": "ARCH",
"v": true,
"row": 3,
"col": 5,
"def": "An inverted U shape."
},
{
"w": "CAKE",
"v": true,
"row": 0,
"col": 4,
"def": "A rich, sweet dessert food, typically made of flour, sugar, and eggs and baked in an oven, and often covered in icing."
},
{
"w": "CARE",
"v": true,
"row": 5,
"col": 9,
"def": "Grief, sorrow."
},
{
"w": "EACH",
"v": false,
"row": 5,
"col": 7,
"def": "All; every; qualifying a singular noun, indicating all examples of the thing so named seen as individual or separate items (compare every)."
},
{
"w": "HACK",
"v": true,
"row": 8,
"col": 8,
"def": "To hack into; to gain unauthorized access to (a computer system, e.g., a website, or network) by manipulating code; to crack."
},
{
"w": "HEAR",
"v": false,
"row": 8,
"col": 8,
"def": "To sympathize with; to share the feeling or opinion of."
},
{
"w": "RACE",
"v": false,
"row": 10,
"col": 6,
"def": "A contest between people, animals, vehicles, etc. where the goal is to be the first to reach some objective. Several horses run in a horse race, and the first one to reach the finishing post wins."
},
{
"w": "ACRE",
"v": true,
"row": 8,
"col": 4,
"def": "A field."
},
{
"w": "HARK",
"v": true,
"row": 8,
"col": 6,
"def": "To listen attentively; often used in the imperative."
},
{
"w": "REACH",
"v": false,
"row": 8,
"col": 2,
"def": "To extend; to stretch; to thrust out; to put forth, as a limb, a member, something held, or the like."
},
{
"w": "CREAK",
"v": false,
"row": 11,
"col": 2,
"def": "The sound produced by anything that creaks; a creaking."
},
{
"w": "HACKER",
"v": true,
"row": 1,
"col": 2,
"def": "Something which hacks, a tool or device for hacking."
}
]
}