{
"id": 2494,
"sub_category": "River Packx",
"category": "Passage Group",
"type": 0,
"letters": "INOPTY",
"mov": 20,
"shovels": 1,
"coins": 5,
"rows": 15,
"cols": 15,
"c": 0,
"b": -1,
"w": 9,
"h": 9,
"dws": [
"YON",
"PION",
"POYNT",
"PIT",
"NIT",
"POT",
"PONT",
"PINY",
"TOP",
"TOPI",
"PITON",
"TONY",
"NIP",
"PYIN",
"PIN",
"ION",
"YIN",
"NOY",
"PIOY",
"POI",
"PYOT",
"YIP",
"TIYN",
"YONT",
"YONI",
"OINT",
"POTIN",
"PIONY",
"TON",
"NOT",
"TIN",
"TIP",
"OPT",
"PONTY",
"ONY",
"TOY",
"TYIN"
],
"ws": [
{
"w": "INTO",
"v": false,
"row": 6,
"col": 0,
"def": "Going inside (of)."
},
{
"w": "PINT",
"v": false,
"row": 5,
"col": 3,
"def": "A unit of volume, equivalent to 1/8 of a gallon or 16 ounces."
},
{
"w": "PITY",
"v": true,
"row": 4,
"col": 8,
"def": "A feeling of sympathy at the misfortune or suffering of someone or something."
},
{
"w": "PONY",
"v": false,
"row": 4,
"col": 0,
"def": "Any of several small breeds of horse under 14.2 hands."
},
{
"w": "TINY",
"v": false,
"row": 7,
"col": 5,
"def": "Very small."
},
{
"w": "TYPO",
"v": true,
"row": 3,
"col": 3,
"def": "A compositor; a typographer."
},
{
"w": "POINT",
"v": true,
"row": 4,
"col": 0,
"def": "A discrete division of something."
},
{
"w": "PINTO",
"v": true,
"row": 0,
"col": 1,
"def": "A horse with a patchy coloration that includes white."
},
{
"w": "PINOT",
"v": true,
"row": 3,
"col": 5,
"def": "Any of several grape varieties grown in Europe and North America."
},
{
"w": "POINTY",
"v": false,
"row": 0,
"col": 1,
"def": "Pointed in shape, having a point or points."
}
]
}