{
"id": 2528,
"sub_category": "Hole Pack",
"category": "Passage Group",
"type": 0,
"letters": "ENORTT",
"mov": 26,
"shovels": 1,
"coins": 5,
"rows": 15,
"cols": 15,
"c": 0,
"b": -1,
"w": 12,
"h": 12,
"dws": [
"TRONE",
"RET",
"TOE",
"ONE",
"TORTEN",
"EON",
"ROT",
"RENO",
"ONER",
"ERN",
"TRON",
"TET",
"REO",
"RONE",
"ROTTE",
"ORE",
"NOTT",
"TOR",
"TOTER",
"NOTER",
"REN",
"TRET",
"NETT",
"NOR",
"ROE",
"TON",
"NOT",
"NET",
"ORT",
"TEN",
"RONT",
"TOT"
],
"ws": [
{
"w": "NOTE",
"v": true,
"row": 4,
"col": 3,
"def": "Use; employment."
},
{
"w": "RENT",
"v": false,
"row": 7,
"col": 2,
"def": "A payment made by a tenant at intervals in order to occupy a property."
},
{
"w": "TENT",
"v": true,
"row": 7,
"col": 5,
"def": "A pavilion or portable lodge consisting of skins, canvas, or some strong cloth, stretched and sustained by poles, used for sheltering persons from the weather."
},
{
"w": "TONE",
"v": false,
"row": 2,
"col": 0,
"def": "A specific pitch."
},
{
"w": "TORE",
"v": false,
"row": 10,
"col": 5,
"def": "Hard, difficult; wearisome, tedious."
},
{
"w": "TORN",
"v": false,
"row": 4,
"col": 0,
"def": "Past participle of tear (rip, rend, speed)."
},
{
"w": "TORT",
"v": true,
"row": 8,
"col": 7,
"def": "Tart, sharp."
},
{
"w": "ROTE",
"v": true,
"row": 6,
"col": 10,
"def": "The process of learning or committing something to memory through mechanical repetition, usually by hearing and repeating aloud, often without full attention to comprehension or thought for the meaning."
},
{
"w": "TOTE",
"v": true,
"row": 2,
"col": 0,
"def": "A bag, specifically a tote bag."
},
{
"w": "TROT",
"v": false,
"row": 8,
"col": 7,
"def": "A gait of a four-legged animal between walk and canter, a diagonal gait (in which diagonally opposite pairs of legs move together)."
},
{
"w": "TERN",
"v": false,
"row": 6,
"col": 8,
"def": "Any of various sea birds of the family Sternidae that are similar to gulls but are smaller, more elegant and have a forked tail."
},
{
"w": "TONER",
"v": true,
"row": 0,
"col": 2,
"def": "Powder used in laser printers and photocopiers to form the text and images on the printed paper."
},
{
"w": "TENOR",
"v": false,
"row": 4,
"col": 5,
"def": "Musical part or section that holds or performs the main melody, as opposed to the contratenor bassus and contratenor altus, who perform countermelodies."
},
{
"w": "OTTER",
"v": true,
"row": 4,
"col": 8,
"def": "Any aquatic or marine carnivorous mammal, member of the family Mustelidae, which also includes weasels, polecats, badgers, and others."
},
{
"w": "TORTE",
"v": true,
"row": 0,
"col": 6,
"def": "A rich, dense cake, typically made with many eggs and relatively little flour (as opposed to a sponge cake or g\u00e2teau)."
},
{
"w": "ROTTEN",
"v": false,
"row": 2,
"col": 6,
"def": "Of perishable items, overridden with bacteria and other infectious agents."
}
]
}