{
"id": 2530,
"sub_category": "Mist Packx",
"category": "Passage Group",
"type": 0,
"letters": "ADEENR",
"mov": 24,
"shovels": 1,
"coins": 5,
"rows": 15,
"cols": 15,
"c": 0,
"b": -1,
"w": 12,
"h": 10,
"dws": [
"RADE",
"RED",
"ARE",
"NAE",
"DERE",
"ERA",
"END",
"RAND",
"ERN",
"REDAN",
"ARD",
"ERE",
"NEED",
"EARD",
"DEARE",
"ENDER",
"DAE",
"ANE",
"NARD",
"EARED",
"DNA",
"ERED",
"DEN",
"DERN",
"ENE",
"EAN",
"DEARN",
"RAN",
"DEE",
"RANEE",
"DENAR",
"AREDE",
"RAD",
"ARENE",
"RNA",
"DREE",
"EAR",
"DAN",
"REN",
"NEE",
"REE",
"REAN",
"REEN",
"NED",
"ERNE",
"ARED",
"NARE",
"REDE",
"AND",
"DEEN",
"DENE",
"EEN"
],
"ws": [
{
"w": "DARE",
"v": true,
"row": 3,
"col": 0,
"def": "To have enough courage (to do something)."
},
{
"w": "DARN",
"v": false,
"row": 3,
"col": 0,
"def": "Damn."
},
{
"w": "DEAN",
"v": true,
"row": 0,
"col": 3,
"def": "A senior official in a college or university, who may be in charge of a division or faculty (for example, the dean of science) or have some other advisory or disciplinary function (for example, the dean of students)."
},
{
"w": "DEAR",
"v": true,
"row": 6,
"col": 5,
"def": "Loved; lovable."
},
{
"w": "DEER",
"v": false,
"row": 9,
"col": 2,
"def": "A beast, usually a quadruped as opposed to birds, fish, etc."
},
{
"w": "EARN",
"v": false,
"row": 6,
"col": 0,
"def": "To gain (success, reward, recognition) through applied effort or work."
},
{
"w": "NEAR",
"v": false,
"row": 1,
"col": 2,
"def": "Physically close."
},
{
"w": "READ",
"v": true,
"row": 1,
"col": 5,
"def": "A reading or an act of reading, especially an actor's part of a play."
},
{
"w": "REED",
"v": true,
"row": 6,
"col": 2,
"def": "Any of various types of tall stiff perennial grass-like plants growing together in groups near water."
},
{
"w": "NERD",
"v": true,
"row": 2,
"col": 8,
"def": "A person who is intellectual but generally introverted."
},
{
"w": "REND",
"v": false,
"row": 4,
"col": 8,
"def": "To separate into parts with force or sudden violence; to tear asunder; to split; to burst."
},
{
"w": "EARNED",
"v": false,
"row": 2,
"col": 5,
"def": "Simple past tense and past participle of earn."
},
{
"w": "NEARED",
"v": true,
"row": 4,
"col": 10,
"def": "Simple past tense and past participle of near."
},
{
"w": "ENDEAR",
"v": false,
"row": 7,
"col": 5,
"def": "To make (someone) dear or precious."
}
]
}