{
"id": 2536,
"sub_category": "Mist Packx",
"category": "Passage Group",
"type": 0,
"letters": "AAELMT",
"mov": 24,
"shovels": 1,
"coins": 5,
"rows": 15,
"cols": 15,
"c": 0,
"b": -1,
"w": 11,
"h": 10,
"dws": [
"MAA",
"MET",
"AMA",
"TELA",
"TAMAL",
"TALMA",
"ATE",
"AMATE",
"ATMA",
"TEA",
"MAE",
"TAM",
"ALME",
"LEAM",
"TAE",
"ELT",
"META",
"MELA",
"EAT",
"ALE",
"TEL",
"MAT",
"TALA",
"ALT",
"MALA",
"ALMA",
"LEA",
"AAL",
"AME",
"LEAT",
"MEL",
"MEATAL",
"LAT",
"ALA",
"ETA",
"LET",
"TALEA",
"LAM",
"ALAE",
"MALATE",
"MAL",
"LAMA",
"TAEL",
"ELM",
"TAAL",
"ALATE",
"AMLA"
],
"ws": [
{
"w": "LAME",
"v": true,
"row": 5,
"col": 7,
"def": "Unable to walk properly because of a problem with one's feet or legs."
},
{
"w": "LATE",
"v": true,
"row": 5,
"col": 10,
"def": "Near the end of a period of time."
},
{
"w": "MALE",
"v": false,
"row": 5,
"col": 5,
"def": "Someone of male (masculine) gender:."
},
{
"w": "MATE",
"v": false,
"row": 6,
"col": 2,
"def": "A fellow, comrade, colleague, partner or someone with whom something is shared, e.g. shipmate, classmate."
},
{
"w": "MEAL",
"v": true,
"row": 6,
"col": 2,
"def": "Food that is prepared and eaten, usually at a specific time (e.g. breakfast = morning meal, lunch = noon meal, etc)."
},
{
"w": "MEAT",
"v": false,
"row": 3,
"col": 6,
"def": "A meathead."
},
{
"w": "MELT",
"v": false,
"row": 0,
"col": 3,
"def": "Molten material, the product of melting."
},
{
"w": "TALE",
"v": false,
"row": 8,
"col": 4,
"def": "Number."
},
{
"w": "TAME",
"v": true,
"row": 2,
"col": 8,
"def": "Not or no longer wild; domesticated."
},
{
"w": "TEAM",
"v": true,
"row": 0,
"col": 6,
"def": "A set of draught animals, such as two horses in front of a carriage."
},
{
"w": "MALT",
"v": true,
"row": 0,
"col": 3,
"def": "Malted grain (sprouted grain) (usually barley), used in brewing and otherwise."
},
{
"w": "TEAL",
"v": false,
"row": 2,
"col": 0,
"def": "Any of various small freshwater ducks of the genus Anas that are brightly coloured and have short necks."
},
{
"w": "METAL",
"v": true,
"row": 5,
"col": 5,
"def": "Any of a number of chemical elements in the periodic table that form a metallic bond with other metal atoms; generally shiny, somewhat malleable and hard, often a conductor of heat and electricity."
},
{
"w": "TAMALE",
"v": true,
"row": 2,
"col": 0,
"def": "Mexican dish of cornmeal dough shell filled with various ingredients (e.g. chopped beef, pork, sweet filling) then steamed in corn husks."
}
]
}