{
"id": 2556,
"sub_category": "Spire Packx",
"category": "Passage Group",
"type": 0,
"letters": "ILNSTU",
"mov": 24,
"shovels": 1,
"coins": 5,
"rows": 15,
"cols": 15,
"c": 0,
"b": -1,
"w": 12,
"h": 11,
"dws": [
"UNI",
"NUS",
"LINS",
"LUNTS",
"SIN",
"NIT",
"LITS",
"UNITS",
"SLUT",
"LIT",
"LUN",
"UNS",
"TIS",
"LIS",
"LITU",
"TUI",
"NILS",
"TUIS",
"NUT",
"SUN",
"LUNT",
"LUST",
"NIS",
"TULSI",
"TIL",
"TUN",
"TUNS",
"INS",
"UTS",
"SLUIT",
"SITU",
"LIN",
"UNLIST",
"UTIS",
"SNIT",
"SUI",
"UNIS",
"NIL",
"TIN",
"LINTS",
"LUNS",
"INUST",
"ITS",
"SIT",
"TILS",
"SUINT"
],
"ws": [
{
"w": "LIST",
"v": true,
"row": 0,
"col": 4,
"def": "A strip of fabric, especially from the edge of a piece of cloth."
},
{
"w": "NUTS",
"v": true,
"row": 3,
"col": 3,
"def": "Plural form of nut."
},
{
"w": "SUIT",
"v": true,
"row": 4,
"col": 1,
"def": "A set of clothes to be worn together, now especially a man's matching jacket and trousers (also business suit or lounge suit), or a similar outfit for a woman."
},
{
"w": "TINS",
"v": false,
"row": 6,
"col": 0,
"def": "Plural form of tin."
},
{
"w": "UNIT",
"v": true,
"row": 2,
"col": 9,
"def": "A standard measure of a quantity."
},
{
"w": "NITS",
"v": false,
"row": 1,
"col": 3,
"def": "Plural form of nit."
},
{
"w": "LINT",
"v": false,
"row": 8,
"col": 5,
"def": "A fine material made by scraping cotton or linen cloth; used for dressing wounds."
},
{
"w": "SILT",
"v": true,
"row": 1,
"col": 6,
"def": "Mud or fine earth deposited from running or standing water."
},
{
"w": "SLIT",
"v": true,
"row": 5,
"col": 8,
"def": "A narrow cut or opening; a slot."
},
{
"w": "STUN",
"v": false,
"row": 5,
"col": 8,
"def": "To incapacitate; especially by inducing disorientation or unconsciousness."
},
{
"w": "UNTIL",
"v": false,
"row": 3,
"col": 2,
"def": "Up to the time of (something happening)."
},
{
"w": "UNLIT",
"v": true,
"row": 6,
"col": 5,
"def": "Not lit."
},
{
"w": "INSULT",
"v": false,
"row": 2,
"col": 6,
"def": "An action or form of speech deliberately intended to be rude."
},
{
"w": "SUNLIT",
"v": false,
"row": 10,
"col": 0,
"def": "Illuminated by sunlight."
}
]
}