{
"id": 256,
"sub_category": "Shore Pack",
"category": "Tropic Group",
"type": 0,
"letters": "ANNSTU",
"mov": 18,
"shovels": 1,
"coins": 5,
"rows": 15,
"cols": 15,
"c": 0,
"b": -1,
"w": 8,
"h": 7,
"dws": [
"UTA",
"NUS",
"NANS",
"TAN",
"ANS",
"SUNN",
"NAN",
"UTAS",
"UNS",
"NAT",
"ANN",
"NUT",
"SUN",
"SAUNT",
"TAU",
"TAUS",
"ANUS",
"NAS",
"TUN",
"SAUT",
"SUNNA",
"TUNS",
"ANT",
"UTS",
"SAT",
"SAU",
"TAS",
"TUAN",
"ATS",
"SAN",
"ANTS",
"ANNS",
"NAUNT",
"TUANS",
"TUNAS",
"SANT",
"NATS",
"NUN",
"ASTUN"
],
"ws": [
{
"w": "AUNT",
"v": false,
"row": 4,
"col": 0,
"def": "A sister or sister-in-law of someone's parent."
},
{
"w": "NUNS",
"v": true,
"row": 0,
"col": 6,
"def": "Plural form of nun."
},
{
"w": "NUTS",
"v": false,
"row": 3,
"col": 3,
"def": "Plural form of nut."
},
{
"w": "TANS",
"v": true,
"row": 3,
"col": 0,
"def": "Plural form of tan."
},
{
"w": "TUNA",
"v": true,
"row": 3,
"col": 5,
"def": "Any of several species of fish, of the genus Thunnus, in the family Scombridae."
},
{
"w": "STUN",
"v": false,
"row": 6,
"col": 0,
"def": "To incapacitate; especially by inducing disorientation or unconsciousness."
},
{
"w": "AUNTS",
"v": false,
"row": 5,
"col": 3,
"def": "Plural form of aunt."
},
{
"w": "SUNTAN",
"v": true,
"row": 1,
"col": 3,
"def": "In humans a brown or darkened coloration of the skin caused by exposure to ultraviolet light."
}
]
}