{
"id": 2571,
"sub_category": "Valley Packx",
"category": "Air Group",
"type": 0,
"letters": "ADEHLN",
"mov": 22,
"shovels": 1,
"coins": 5,
"rows": 15,
"cols": 15,
"c": 0,
"b": -1,
"w": 10,
"h": 9,
"dws": [
"DHAL",
"AHED",
"HALED",
"NAE",
"EDH",
"END",
"NEAL",
"HAEN",
"LADE",
"LANDE",
"DAE",
"ANE",
"NAH",
"DAHL",
"HEAD",
"HEND",
"DNA",
"DEN",
"HAE",
"EAN",
"ALE",
"HAN",
"DAH",
"HEN",
"LEA",
"HAND",
"ELD",
"LAD",
"DAN",
"ELAN",
"DEAN",
"NALED",
"HAD",
"ELAND",
"LED",
"NED",
"HEALD",
"HADE",
"DAL",
"AND",
"HAED",
"LAH",
"DEL"
],
"ws": [
{
"w": "DEAL",
"v": false,
"row": 3,
"col": 6,
"def": "A division, a portion, a share."
},
{
"w": "HEAL",
"v": false,
"row": 7,
"col": 6,
"def": "To hide; conceal; keep secret."
},
{
"w": "HELD",
"v": true,
"row": 0,
"col": 3,
"def": "Simple past tense and past participle of hold."
},
{
"w": "LAND",
"v": true,
"row": 3,
"col": 0,
"def": "The part of Earth which is not covered by oceans or other bodies of water."
},
{
"w": "LANE",
"v": false,
"row": 1,
"col": 0,
"def": "A narrow passageway between fences, walls, hedges or trees."
},
{
"w": "LEAD",
"v": false,
"row": 3,
"col": 0,
"def": "A heavy, pliable, inelastic metal element, having a bright, bluish color, but easily tarnished; both malleable and ductile, though with little tenacity. It is easily fusible, forms alloys with other metals, and is an ingredient of solder and type metal. Atomic number 82, symbol Pb (from Latin plumbum)."
},
{
"w": "LEAN",
"v": false,
"row": 2,
"col": 3,
"def": "To hang outwards."
},
{
"w": "LEND",
"v": true,
"row": 0,
"col": 6,
"def": "The lumbar region; loin."
},
{
"w": "DALE",
"v": true,
"row": 0,
"col": 1,
"def": "A valley in an otherwise hilly area."
},
{
"w": "HALE",
"v": true,
"row": 2,
"col": 8,
"def": "Health, welfare."
},
{
"w": "LADEN",
"v": true,
"row": 4,
"col": 4,
"def": "Weighed down with a load, burdened."
},
{
"w": "HANDLE",
"v": false,
"row": 5,
"col": 3,
"def": "A part of an object which is held in the hand when used or moved, as the haft of a sword, the knob of a door, the bail of a kettle, etc."
}
]
}