{
"id": 2577,
"sub_category": "Sky Pack",
"category": "Air Group",
"type": 0,
"letters": "DEHOOT",
"mov": 22,
"shovels": 1,
"coins": 5,
"rows": 15,
"cols": 15,
"c": 0,
"b": -1,
"w": 8,
"h": 8,
"dws": [
"TOD",
"TOHO",
"EDH",
"THO",
"DOETH",
"HOD",
"HOTE",
"HET",
"OOT",
"DOH",
"DOTH",
"HOED",
"OHED",
"DOTE",
"TED",
"ETH",
"OHO",
"TOED",
"DOO",
"OOHED",
"HOO"
],
"ws": [
{
"w": "DOT",
"v": false,
"row": 5,
"col": 5,
"def": "A small spot."
},
{
"w": "HOT",
"v": false,
"row": 2,
"col": 1,
"def": "Of an object, having a high temperature."
},
{
"w": "THE",
"v": true,
"row": 2,
"col": 3,
"def": "With a comparative or more and a verb phrase, establishes a parallel with one or more other such comparatives."
},
{
"w": "TOE",
"v": true,
"row": 1,
"col": 5,
"def": "Each of the five digits on the end of the foot."
},
{
"w": "TOO",
"v": true,
"row": 0,
"col": 2,
"def": "Likewise."
},
{
"w": "DOE",
"v": true,
"row": 5,
"col": 5,
"def": "A female deer; also used of similar animals such as reindeer, antelope, goat."
},
{
"w": "OOH",
"v": false,
"row": 2,
"col": 5,
"def": "An expression of surprise."
},
{
"w": "HOE",
"v": false,
"row": 3,
"col": 3,
"def": "An agricultural tool consisting of a long handle with a flat blade fixed perpendicular to it at the end, used for digging rows."
},
{
"w": "ODE",
"v": false,
"row": 4,
"col": 1,
"def": "A short poetical composition proper to be set to music or sung; a lyric poem; esp., now, a poem characterized by sustained noble sentiment and appropriate dignity of style."
},
{
"w": "HOOD",
"v": true,
"row": 2,
"col": 1,
"def": "A covering such as worn over one's head."
},
{
"w": "HOOT",
"v": false,
"row": 7,
"col": 0,
"def": "A derisive cry or shout."
},
{
"w": "HOOTED",
"v": true,
"row": 2,
"col": 7,
"def": "Past participle of hoot."
}
]
}