{
"id": 2578,
"sub_category": "Sky Pack",
"category": "Air Group",
"type": 0,
"letters": "ABEKRR",
"mov": 28,
"shovels": 1,
"coins": 5,
"rows": 15,
"cols": 15,
"c": 0,
"b": -1,
"w": 12,
"h": 12,
"dws": [
"KAE",
"REBAR",
"BRER",
"BRAE",
"KEBAR",
"RARK",
"KRAB",
"BARER",
"BRR",
"KBAR",
"BERK",
"ERR",
"RAKER",
"KERB",
"KEB",
"BRAK",
"ARB",
"REB",
"KAB",
"BARRE",
"AKE",
"ERK",
"REAK",
"KEA"
],
"ws": [
{
"w": "ARE",
"v": true,
"row": 2,
"col": 2,
"def": "Second-person singular simple present tense of be."
},
{
"w": "ARK",
"v": false,
"row": 2,
"col": 2,
"def": "A large box with a flat lid."
},
{
"w": "BAR",
"v": true,
"row": 0,
"col": 3,
"def": "A solid, more or less rigid object with a uniform cross-section smaller than its length."
},
{
"w": "BRA",
"v": true,
"row": 4,
"col": 1,
"def": "A brassiere."
},
{
"w": "EAR",
"v": true,
"row": 0,
"col": 6,
"def": "The organ of hearing, consisting of the pinna, auditory canal, eardrum, malleus, incus, stapes and cochlea."
},
{
"w": "ERA",
"v": true,
"row": 2,
"col": 9,
"def": "A time period of indeterminate length, generally more than one year."
},
{
"w": "BAKE",
"v": false,
"row": 0,
"col": 3,
"def": "To cook (something) in an oven."
},
{
"w": "BARE",
"v": false,
"row": 6,
"col": 0,
"def": "Minimal; that is or are just sufficient."
},
{
"w": "BARK",
"v": false,
"row": 4,
"col": 8,
"def": "To make a short, loud, explosive noise with the vocal organs (said of animals, especially dogs)."
},
{
"w": "BEAK",
"v": false,
"row": 4,
"col": 1,
"def": "A rigid structure projecting from the front of a bird's face, used for pecking, grooming and for eating food."
},
{
"w": "BEAR",
"v": true,
"row": 4,
"col": 8,
"def": "A large omnivorous mammal, related to the dog and raccoon, having shaggy hair, a very small tail, and flat feet; a member of family Ursidae, particularly of subfamily Ursinae."
},
{
"w": "RARE",
"v": false,
"row": 2,
"col": 6,
"def": "Cooked very lightly, so the meat is still red (in the case of steak or beef in the general sense)."
},
{
"w": "REAR",
"v": true,
"row": 6,
"col": 2,
"def": "To raise physically; to lift up; to cause to rise, to elevate."
},
{
"w": "RAKE",
"v": false,
"row": 5,
"col": 5,
"def": "A garden tool with a row of pointed teeth fixed to a long handle, used for collecting grass or debris, or for loosening soil."
},
{
"w": "BAKER",
"v": false,
"row": 7,
"col": 4,
"def": "A person who bakes and sells bread, cakes and similar items."
},
{
"w": "BREAK",
"v": true,
"row": 6,
"col": 10,
"def": "To separate into two or more pieces, to fracture or crack, by a process that cannot easily be reversed for reassembly."
},
{
"w": "BRAKE",
"v": true,
"row": 7,
"col": 4,
"def": "A type of machine for bending sheet metal."
},
{
"w": "BARKER",
"v": true,
"row": 4,
"col": 6,
"def": "Someone or something who barks."
}
]
}