{
"id": 2587,
"sub_category": "Sky Pack",
"category": "Air Group",
"type": 0,
"letters": "ADDENS",
"mov": 20,
"shovels": 1,
"coins": 5,
"rows": 15,
"cols": 15,
"c": 0,
"b": -1,
"w": 10,
"h": 8,
"dws": [
"SANED",
"ANS",
"SED",
"NEDS",
"NAE",
"DAD",
"END",
"DAS",
"SENA",
"DAE",
"ANE",
"NADS",
"DAES",
"DNA",
"ADS",
"DEN",
"SEN",
"EANS",
"EAN",
"SNEAD",
"NAS",
"ANDS",
"DEANS",
"SAD",
"SADE",
"SAE",
"DAN",
"SEAN",
"DEAN",
"ADD",
"SNED",
"SADDEN",
"NAES",
"ENS",
"NED",
"DEDANS",
"SAN",
"DESAND",
"EDS",
"EAS",
"SEA",
"DEADS",
"AND",
"ANES",
"DANS"
],
"ws": [
{
"w": "ADDS",
"v": true,
"row": 4,
"col": 4,
"def": "Plural form of add."
},
{
"w": "DADS",
"v": true,
"row": 1,
"col": 3,
"def": "Plural form of dad."
},
{
"w": "DEAD",
"v": true,
"row": 3,
"col": 6,
"def": "No longer living."
},
{
"w": "DENS",
"v": false,
"row": 3,
"col": 6,
"def": "Plural form of den."
},
{
"w": "ENDS",
"v": true,
"row": 2,
"col": 8,
"def": "Plural form of end."
},
{
"w": "SAND",
"v": false,
"row": 3,
"col": 0,
"def": "Rock that is ground more finely than gravel, but is not as fine as silt (more formally, see grain sizes chart), forming beaches and deserts and also used in construction."
},
{
"w": "SANE",
"v": false,
"row": 4,
"col": 3,
"def": "Being in a healthy condition; not deranged; acting rationally; -- regarding the mind."
},
{
"w": "SEND",
"v": false,
"row": 1,
"col": 0,
"def": "To make something (such as an object or message) go from one place to another."
},
{
"w": "SEDAN",
"v": true,
"row": 0,
"col": 1,
"def": "An enclosed windowed chair suitable for a single occupant, carried by at least two porters, in equal numbers in front and behind, using wooden rails that passed through metal brackets on the sides of the chair."
},
{
"w": "SANDED",
"v": false,
"row": 6,
"col": 1,
"def": "Simple past tense and past participle of sand."
}
]
}