{
"id": 2606,
"sub_category": "Lake Packx",
"category": "Air Group",
"type": 0,
"letters": "ADGILO",
"mov": 18,
"shovels": 1,
"coins": 5,
"rows": 15,
"cols": 15,
"c": 0,
"b": -1,
"w": 9,
"h": 7,
"dws": [
"LIG",
"DAGO",
"ODA",
"DOLIA",
"OLID",
"GAID",
"GOD",
"GLIA",
"AID",
"GILD",
"LID",
"GAOL",
"ALGOID",
"DIG",
"IDOLA",
"GOA",
"DALI",
"DOL",
"IGAD",
"AGIO",
"GLAD",
"ODAL",
"DOG",
"GAL",
"DAG",
"GADI",
"LAD",
"LOG",
"LOD",
"GILA",
"OLD",
"ADO",
"LOID",
"GID",
"LIDO",
"AIL",
"GAD",
"AGO",
"LAG",
"LOGIA",
"DAL",
"OIL",
"GIO",
"GLID",
"ALGID",
"DIOL",
"ALOD"
],
"ws": [
{
"w": "DIAL",
"v": false,
"row": 4,
"col": 0,
"def": "A graduated, circular scale over which a needle moves to show a measurement (such as speed)."
},
{
"w": "GOAL",
"v": false,
"row": 0,
"col": 2,
"def": "A result that one is attempting to achieve."
},
{
"w": "GOLD",
"v": true,
"row": 2,
"col": 3,
"def": "A heavy yellow elemental metal of great value, with atomic number 79 and symbol Au."
},
{
"w": "IDOL",
"v": true,
"row": 3,
"col": 7,
"def": "A graven image or representation of anything that is revered, or believed to convey spiritual power."
},
{
"w": "LAID",
"v": false,
"row": 3,
"col": 5,
"def": "Simple past tense and past participle of lay."
},
{
"w": "LOAD",
"v": true,
"row": 3,
"col": 5,
"def": "A burden; a weight to be carried."
},
{
"w": "GOAD",
"v": true,
"row": 1,
"col": 0,
"def": "A long, pointed stick used to prod animals."
},
{
"w": "DIALOG",
"v": false,
"row": 5,
"col": 3,
"def": "A conversation or other form of discourse between two or more individuals."
}
]
}