{
"id": 261,
"sub_category": "Frond Pack",
"category": "Tropic Group",
"type": 0,
"letters": "DEEGLR",
"mov": 22,
"shovels": 1,
"coins": 5,
"rows": 15,
"cols": 15,
"c": 0,
"b": -1,
"w": 11,
"h": 8,
"dws": [
"LEED",
"EEL",
"REDLEG",
"REG",
"DERE",
"ERE",
"ERG",
"ERED",
"GELDER",
"DREG",
"GED",
"GREE",
"DEE",
"ELD",
"DREE",
"GEED",
"LEE",
"LERED",
"GERE",
"REEL",
"LED",
"REE",
"EGRE",
"LEG",
"GLEDE",
"GLEED",
"GELD",
"LEDE",
"GER",
"EDGER",
"REDE",
"DELE",
"LERE",
"LEGER",
"EGER",
"DEG",
"GLED",
"DEL"
],
"ws": [
{
"w": "GEE",
"v": true,
"row": 0,
"col": 5,
"def": "A general exclamation of surprise or frustration."
},
{
"w": "GEL",
"v": true,
"row": 4,
"col": 8,
"def": "A semi-solid to almost solid colloid of a solid and a liquid, such as jelly, cheese or opal."
},
{
"w": "RED",
"v": true,
"row": 5,
"col": 10,
"def": "Having red as its colour."
},
{
"w": "DEER",
"v": false,
"row": 4,
"col": 0,
"def": "A beast, usually a quadruped as opposed to birds, fish, etc."
},
{
"w": "EDGE",
"v": false,
"row": 0,
"col": 3,
"def": "The boundary line of a surface."
},
{
"w": "GLEE",
"v": false,
"row": 6,
"col": 7,
"def": "Joy; merriment; mirth; gaiety; particularly, the mirth enjoyed at a feast."
},
{
"w": "REED",
"v": true,
"row": 2,
"col": 6,
"def": "Any of various types of tall stiff perennial grass-like plants growing together in groups near water."
},
{
"w": "LEER",
"v": true,
"row": 2,
"col": 1,
"def": "A significant side glance; a glance expressive of some passion, as malignity, amorousness, etc.; a sly or lecherous look."
},
{
"w": "ELDER",
"v": true,
"row": 0,
"col": 3,
"def": "Comparative of old; greater than another in age or seniority."
},
{
"w": "GREED",
"v": false,
"row": 7,
"col": 1,
"def": "A selfish or excessive desire for more than is needed or deserved, especially of money, wealth, food, or other possessions."
},
{
"w": "LEDGE",
"v": false,
"row": 4,
"col": 5,
"def": "A shelf on which articles may be laid; also, that which resembles such a shelf in form or use, as a projecting ridge or part, or a molding or edge in joinery."
},
{
"w": "LEDGER",
"v": false,
"row": 2,
"col": 1,
"def": "A book for keeping notes, especially one for keeping accounting records."
}
]
}