{
"id": 2610,
"sub_category": "Vast Packx",
"category": "Air Group",
"type": 0,
"letters": "AAILMP",
"mov": 16,
"shovels": 1,
"coins": 5,
"rows": 15,
"cols": 15,
"c": 0,
"b": -1,
"w": 7,
"h": 6,
"dws": [
"MAA",
"AMA",
"ALP",
"PIMA",
"PAAL",
"LAMIA",
"PILA",
"PAM",
"IMP",
"AMLA",
"MILPA",
"PIA",
"AIM",
"AMI",
"MALA",
"AIA",
"ALMA",
"AAL",
"MALI",
"LAP",
"PIAL",
"MIL",
"PLIM",
"LIMA",
"PALI",
"AMP",
"ALA",
"ALAP",
"AMIA",
"AIL",
"LIP",
"LIMPA",
"LAM",
"LIPA",
"PAL",
"MAL",
"LAMA",
"MAP"
],
"ws": [
{
"w": "LAMP",
"v": true,
"row": 0,
"col": 5,
"def": "A device that generates heat, light or other radiation."
},
{
"w": "LIMP",
"v": false,
"row": 5,
"col": 2,
"def": "Flaccid; flabby, as flesh."
},
{
"w": "MAIL",
"v": true,
"row": 0,
"col": 2,
"def": "To send (a letter or parcel) through the mail."
},
{
"w": "PALM",
"v": true,
"row": 2,
"col": 0,
"def": "Any of various evergreen trees from the family Palmae or Arecaceae, which are mainly found in the tropics."
},
{
"w": "PAIL",
"v": false,
"row": 2,
"col": 0,
"def": "A vessel of wood, tin, plastic, etc., usually cylindrical and having a handle -- used especially for carrying liquids, for example water or milk; a bucket (sometimes with a cover)."
},
{
"w": "IMPALA",
"v": false,
"row": 0,
"col": 1,
"def": "An African antelope Aepyceros melampus noted for its leaping ability; the male has ridged, curved horns,."
}
]
}