{
"id": 2639,
"sub_category": "Shore Packx",
"category": "Air Group",
"type": 0,
"letters": "BCNOOR",
"mov": 20,
"shovels": 1,
"coins": 5,
"rows": 15,
"cols": 15,
"c": 0,
"b": -1,
"w": 8,
"h": 7,
"dws": [
"ROB",
"OOR",
"NOO",
"BOO",
"NOB",
"ORB",
"BOOR",
"ORC",
"BROO",
"BOR",
"NOOB",
"OBO",
"BRO",
"BRONC",
"ONO",
"OON",
"BON",
"COON",
"ROO",
"COR",
"ROON",
"ROC"
],
"ws": [
{
"w": "CON",
"v": true,
"row": 2,
"col": 5,
"def": "To study, especially in order to gain knowledge of."
},
{
"w": "NOR",
"v": false,
"row": 4,
"col": 5,
"def": "Used to introduce a further negative statement."
},
{
"w": "COO",
"v": true,
"row": 0,
"col": 6,
"def": "The murmuring sound made by a dove or pigeon."
},
{
"w": "COB",
"v": false,
"row": 2,
"col": 5,
"def": "A male swan."
},
{
"w": "BOON",
"v": false,
"row": 1,
"col": 1,
"def": "A prayer; petition."
},
{
"w": "BORN",
"v": true,
"row": 1,
"col": 1,
"def": "Past participle of bear; given birth to."
},
{
"w": "CORN",
"v": true,
"row": 0,
"col": 3,
"def": "A cereal plant grown for its grain, specifically the main such plant grown in a given region, such as oats in parts of Scotland and Ireland, wheat or barley in England and Wales, and maize or sweetcorn in the Americas."
},
{
"w": "BORON",
"v": true,
"row": 2,
"col": 7,
"def": "The chemical element (symbol B) with an atomic number of 5; a metalloid."
},
{
"w": "CROON",
"v": false,
"row": 6,
"col": 1,
"def": "To hum or sing softly or in a sentimental manner."
},
{
"w": "BRONCO",
"v": false,
"row": 3,
"col": 0,
"def": "A horse of western North America that is wild or not fully broken."
}
]
}