{
"id": 266,
"sub_category": "Frond Pack",
"category": "Tropic Group",
"type": 0,
"letters": "AEORTT",
"mov": 22,
"shovels": 1,
"coins": 5,
"rows": 15,
"cols": 15,
"c": 0,
"b": -1,
"w": 11,
"h": 8,
"dws": [
"RET",
"ARE",
"ARET",
"TAR",
"TOE",
"TORTE",
"ROT",
"OTTAR",
"ATE",
"TEA",
"ERA",
"RATO",
"TOEA",
"AERO",
"TAT",
"TARO",
"TORA",
"TET",
"TAE",
"REO",
"TARE",
"TATER",
"ROTTE",
"EAT",
"ORE",
"TAO",
"TOR",
"TOTER",
"ORA",
"ATT",
"ORATE",
"TATE",
"OAT",
"TORTA",
"EAR",
"TRET",
"ART",
"ETA",
"ROE",
"TEAT",
"RAT",
"ROTA",
"TETRA",
"TRAT",
"ETAT",
"OAR",
"ORT",
"TROAT",
"OATER",
"TOT"
],
"ws": [
{
"w": "RATE",
"v": false,
"row": 2,
"col": 4,
"def": "A wage calculated in relation to a unit of time."
},
{
"w": "TART",
"v": false,
"row": 4,
"col": 7,
"def": "Sharp to the taste; acid; sour."
},
{
"w": "TEAR",
"v": true,
"row": 1,
"col": 9,
"def": "To rend (a solid material) by holding or restraining in two places and pulling apart, whether intentionally or not; to destroy or separate."
},
{
"w": "TORT",
"v": true,
"row": 4,
"col": 10,
"def": "Tart, sharp."
},
{
"w": "ROTE",
"v": false,
"row": 1,
"col": 7,
"def": "The process of learning or committing something to memory through mechanical repetition, usually by hearing and repeating aloud, often without full attention to comprehension or thought for the meaning."
},
{
"w": "TROT",
"v": true,
"row": 1,
"col": 4,
"def": "A gait of a four-legged animal between walk and canter, a diagonal gait (in which diagonally opposite pairs of legs move together)."
},
{
"w": "TREAT",
"v": true,
"row": 0,
"col": 7,
"def": "An entertainment, outing, or other indulgence provided by someone for the enjoyment of others."
},
{
"w": "OTTER",
"v": true,
"row": 0,
"col": 0,
"def": "Any aquatic or marine carnivorous mammal, member of the family Mustelidae, which also includes weasels, polecats, badgers, and others."
},
{
"w": "TAROT",
"v": false,
"row": 1,
"col": 0,
"def": "A card game played in various different variations."
},
{
"w": "ROTATE",
"v": false,
"row": 4,
"col": 0,
"def": "To spin, turn, or revolve."
},
{
"w": "TOTE",
"v": true,
"row": 4,
"col": 2,
"def": "A bag, specifically a tote bag."
},
{
"w": "TORE",
"v": false,
"row": 6,
"col": 2,
"def": "Hard, difficult; wearisome, tedious."
}
]
}