{
"id": 2669,
"sub_category": "Beach Packx",
"category": "Lagoon Group",
"type": 0,
"letters": "ABEFPR",
"mov": 18,
"shovels": 1,
"coins": 5,
"rows": 15,
"cols": 15,
"c": 0,
"b": -1,
"w": 9,
"h": 7,
"dws": [
"ARE",
"BAR",
"FAB",
"PAR",
"BRAE",
"RAP",
"ERA",
"FRAB",
"BARF",
"FAE",
"PEA",
"BARP",
"FER",
"PRE",
"FRAPE",
"FAR",
"APER",
"EAR",
"ARF",
"RAPE",
"PER",
"REF",
"FRAE",
"ARB",
"REB",
"BRA",
"FAP",
"BAP",
"ERF",
"APE",
"REP",
"PEBA",
"FRA",
"FRAP"
],
"ws": [
{
"w": "BARE",
"v": true,
"row": 1,
"col": 1,
"def": "Minimal; that is or are just sufficient."
},
{
"w": "BEAR",
"v": true,
"row": 0,
"col": 5,
"def": "A large omnivorous mammal, related to the dog and raccoon, having shaggy hair, a very small tail, and flat feet; a member of family Ursidae, particularly of subfamily Ursinae."
},
{
"w": "FARE",
"v": false,
"row": 2,
"col": 0,
"def": "Money paid for a transport ticket."
},
{
"w": "FEAR",
"v": false,
"row": 4,
"col": 0,
"def": "A strong, uncontrollable, unpleasant emotion caused by actual or perceived danger or threat."
},
{
"w": "PEAR",
"v": true,
"row": 1,
"col": 3,
"def": "An edible fruit produced by the pear tree, similar to an apple but elongated towards the stem."
},
{
"w": "REAP",
"v": false,
"row": 3,
"col": 5,
"def": "To cut with a sickle, scythe, or reaping machine, as grain; to gather, as a harvest, by cutting."
},
{
"w": "PARE",
"v": true,
"row": 3,
"col": 8,
"def": "To remove the outer covering or skin of something with a cutting device, typically a knife."
},
{
"w": "PREFAB",
"v": false,
"row": 1,
"col": 3,
"def": "Prefabricated."
}
]
}