{
"id": 2691,
"sub_category": "Star Pack",
"category": "Lagoon Group",
"type": 0,
"letters": "CDEEIP",
"mov": 20,
"shovels": 1,
"coins": 5,
"rows": 15,
"cols": 15,
"c": 0,
"b": -1,
"w": 9,
"h": 7,
"dws": [
"DIE",
"CEPE",
"EIDE",
"CID",
"DEP",
"CEE",
"PEE",
"PEC",
"CEDE",
"DEI",
"DEE",
"PED",
"IDE",
"PEED",
"DEICE",
"IDEE",
"PIED",
"CEDI",
"PICE",
"CEP"
],
"ws": [
{
"w": "DIP",
"v": true,
"row": 3,
"col": 0,
"def": "A lower section of a road or geological feature."
},
{
"w": "ICE",
"v": true,
"row": 4,
"col": 4,
"def": "Water in frozen (solid) form."
},
{
"w": "PIE",
"v": false,
"row": 5,
"col": 0,
"def": "A type of pastry that consists of an outer crust and a filling."
},
{
"w": "PIC",
"v": true,
"row": 2,
"col": 5,
"def": "A picture, especially a photographic image."
},
{
"w": "DEEP",
"v": true,
"row": 3,
"col": 2,
"def": "Having its bottom far down."
},
{
"w": "DICE",
"v": true,
"row": 0,
"col": 7,
"def": "Plural form of die."
},
{
"w": "EPIC",
"v": false,
"row": 4,
"col": 2,
"def": "An extended narrative poem in elevated or dignified language, celebrating the feats of a deity or demigod (heroic epic) or other legendary or traditional hero."
},
{
"w": "ICED",
"v": false,
"row": 3,
"col": 5,
"def": "With ice added."
},
{
"w": "PIECE",
"v": false,
"row": 6,
"col": 2,
"def": "A part of a larger whole, usually in such a form that it is able to be separated from other parts."
},
{
"w": "PIECED",
"v": false,
"row": 0,
"col": 2,
"def": "Simple past tense and past participle of piece."
}
]
}