{
"id": 2701,
"sub_category": "Star Pack",
"category": "Lagoon Group",
"type": 0,
"letters": "ADEORR",
"mov": 30,
"shovels": 1,
"coins": 5,
"rows": 15,
"cols": 15,
"c": 0,
"b": -1,
"w": 13,
"h": 13,
"dws": [
"RADE",
"DERO",
"DREAR",
"RODE",
"DORR",
"ODA",
"ARD",
"AERO",
"EARD",
"DAE",
"RORE",
"DERRO",
"DORE",
"REO",
"REDO",
"DOE",
"ORAD",
"DOR",
"ORE",
"ADORER",
"OREAD",
"ORRA",
"ORA",
"RAD",
"OARED",
"ADO",
"ODEA",
"DARER",
"ORD",
"ROE",
"RARED",
"ARED",
"ROED"
],
"ws": [
{
"w": "ARE",
"v": true,
"row": 10,
"col": 7,
"def": "Second-person singular simple present tense of be."
},
{
"w": "EAR",
"v": false,
"row": 12,
"col": 7,
"def": "The organ of hearing, consisting of the pinna, auditory canal, eardrum, malleus, incus, stapes and cochlea."
},
{
"w": "ERA",
"v": false,
"row": 10,
"col": 5,
"def": "A time period of indeterminate length, generally more than one year."
},
{
"w": "OAR",
"v": true,
"row": 10,
"col": 9,
"def": "An implement used to propel a boat or a ship in the water, having a flat blade at one end, being rowed from the other end and being normally fastened to the vessel."
},
{
"w": "RED",
"v": true,
"row": 8,
"col": 10,
"def": "Having red as its colour."
},
{
"w": "ROD",
"v": false,
"row": 8,
"col": 10,
"def": "A straight, round stick, shaft, bar, cane, or staff."
},
{
"w": "ERR",
"v": false,
"row": 9,
"col": 3,
"def": "To make a mistake."
},
{
"w": "ODE",
"v": false,
"row": 10,
"col": 9,
"def": "A short poetical composition proper to be set to music or sung; a lyric poem; esp., now, a poem characterized by sustained noble sentiment and appropriate dignity of style."
},
{
"w": "DARE",
"v": false,
"row": 6,
"col": 9,
"def": "To have enough courage (to do something)."
},
{
"w": "DEAR",
"v": false,
"row": 3,
"col": 6,
"def": "Loved; lovable."
},
{
"w": "RARE",
"v": true,
"row": 7,
"col": 5,
"def": "Cooked very lightly, so the meat is still red (in the case of steak or beef in the general sense)."
},
{
"w": "READ",
"v": true,
"row": 5,
"col": 12,
"def": "A reading or an act of reading, especially an actor's part of a play."
},
{
"w": "REAR",
"v": true,
"row": 2,
"col": 7,
"def": "To raise physically; to lift up; to cause to rise, to elevate."
},
{
"w": "ROAD",
"v": true,
"row": 3,
"col": 9,
"def": "At the venue of the opposing team or competitor."
},
{
"w": "ROAR",
"v": true,
"row": 2,
"col": 4,
"def": "To make a loud, deep cry, especially from pain, anger, or other strong emotion."
},
{
"w": "DOER",
"v": false,
"row": 2,
"col": 1,
"def": "Someone who does, performs, or executes; an active person, an agent."
},
{
"w": "ADORE",
"v": true,
"row": 5,
"col": 3,
"def": "To worship."
},
{
"w": "ORDER",
"v": true,
"row": 0,
"col": 1,
"def": "Arrangement, disposition, sequence."
},
{
"w": "ARDOR",
"v": false,
"row": 5,
"col": 3,
"def": "Great warmth of feeling; fervor; passion."
},
{
"w": "ROARED",
"v": false,
"row": 0,
"col": 0,
"def": "Simple past tense and past participle of roar."
}
]
}