{
"id": 2705,
"sub_category": "Dusk Packx",
"category": "Lagoon Group",
"type": 0,
"letters": "BEEINW",
"mov": 20,
"shovels": 1,
"coins": 5,
"rows": 15,
"cols": 15,
"c": 0,
"b": -1,
"w": 8,
"h": 7,
"dws": [
"NIB",
"ENEW",
"BENI",
"BEN",
"NIE",
"BENE",
"BINE",
"NEB",
"WEN",
"BEIN",
"BIEN",
"ENE",
"EEW",
"NEE",
"WEEN",
"NEWIE",
"NEWB",
"EEN"
],
"ws": [
{
"w": "BEE",
"v": true,
"row": 2,
"col": 5,
"def": "A flying insect, of the superfamily Apoidea, known for their organised societies, for collecting pollen, and producing wax and honey."
},
{
"w": "NEW",
"v": false,
"row": 4,
"col": 0,
"def": "Recently made, or created."
},
{
"w": "WEB",
"v": true,
"row": 4,
"col": 2,
"def": "The silken structure a spider builds using silk secreted from the spinnerets at the caudal tip of its abdomen; a spiderweb."
},
{
"w": "WIN",
"v": true,
"row": 4,
"col": 4,
"def": "Pleasure; joy; delight."
},
{
"w": "BIN",
"v": false,
"row": 6,
"col": 2,
"def": "A container used for storage."
},
{
"w": "EWE",
"v": true,
"row": 0,
"col": 7,
"def": "A female sheep, as opposed to a ram."
},
{
"w": "WEE",
"v": false,
"row": 4,
"col": 4,
"def": "Small, little."
},
{
"w": "BEEN",
"v": true,
"row": 1,
"col": 0,
"def": "Past participle of be."
},
{
"w": "WINE",
"v": false,
"row": 0,
"col": 2,
"def": "An alcoholic beverage made by fermenting juice of grapes."
},
{
"w": "NEWBIE",
"v": false,
"row": 2,
"col": 2,
"def": "A new user or participant; someone who is extremely new and inexperienced (to a game or activity). A beginner."
}
]
}