{
"id": 2711,
"sub_category": "Dusk Packx",
"category": "Lagoon Group",
"type": 0,
"letters": "EFISTY",
"mov": 22,
"shovels": 1,
"coins": 5,
"rows": 15,
"cols": 15,
"c": 0,
"b": -1,
"w": 8,
"h": 8,
"dws": [
"SIF",
"YEST",
"SEI",
"TYES",
"FETS",
"FEY",
"FEIS",
"EFT",
"TIES",
"SEY",
"FITS",
"FES",
"FEYS",
"STEY",
"FISTY",
"STYE",
"EFTS",
"SEITY",
"EST",
"FIEST",
"IFS",
"STY",
"FEIST",
"TEF",
"TES",
"FESTY",
"TIE",
"STIE",
"SEIF",
"YITES",
"YETIS",
"FEST",
"TYE",
"YITE",
"EFS",
"FET",
"FIE",
"TEFS",
"SYE"
],
"ws": [
{
"w": "FIT",
"v": false,
"row": 2,
"col": 0,
"def": "Suitable, proper."
},
{
"w": "ITS",
"v": true,
"row": 1,
"col": 2,
"def": "The one (or ones) belonging to it."
},
{
"w": "SET",
"v": false,
"row": 3,
"col": 2,
"def": "To put (something) down, to rest."
},
{
"w": "SIT",
"v": true,
"row": 5,
"col": 2,
"def": "To be in a position in which the upper body is upright and the legs (especially the upper legs) are supported by some object."
},
{
"w": "YES",
"v": false,
"row": 4,
"col": 5,
"def": "A word used to show agreement or acceptance."
},
{
"w": "YET",
"v": false,
"row": 7,
"col": 0,
"def": "To melt; found; cast, as metal."
},
{
"w": "TIS",
"v": true,
"row": 2,
"col": 7,
"def": "Plural of til."
},
{
"w": "FIST",
"v": true,
"row": 0,
"col": 4,
"def": "Hand with the fingers clenched or curled inward."
},
{
"w": "SIFT",
"v": false,
"row": 2,
"col": 4,
"def": "To sieve or strain (something)."
},
{
"w": "SITE",
"v": false,
"row": 5,
"col": 2,
"def": "Sorrow, grief."
},
{
"w": "YETI",
"v": true,
"row": 4,
"col": 5,
"def": "An unidentified humanoid animal said to live in the Himalayas."
},
{
"w": "FEISTY",
"v": true,
"row": 2,
"col": 0,
"def": "Tenacious, energetic, spunky."
}
]
}