{
"id": 2731,
"sub_category": "Valley Packx",
"category": "Peak Group",
"type": 0,
"letters": "AEPRRW",
"mov": 30,
"shovels": 1,
"coins": 5,
"rows": 15,
"cols": 15,
"c": 0,
"b": -1,
"w": 11,
"h": 10,
"dws": [
"PARER",
"AREW",
"REAR",
"WARE",
"PARR",
"RAPER",
"PAWER",
"RARE",
"ERR",
"REW",
"REWRAP",
"RAWER",
"APER",
"AWE",
"RAPE",
"WAP",
"WARRE",
"WAE",
"PRE",
"WARPER"
],
"ws": [
{
"w": "APE",
"v": false,
"row": 7,
"col": 4,
"def": "A primate of the clade Hominoidea, generally larger than monkeys and distinguished from them by having no tail."
},
{
"w": "ARE",
"v": true,
"row": 7,
"col": 4,
"def": "Second-person singular simple present tense of be."
},
{
"w": "EAR",
"v": false,
"row": 8,
"col": 2,
"def": "The organ of hearing, consisting of the pinna, auditory canal, eardrum, malleus, incus, stapes and cochlea."
},
{
"w": "ERA",
"v": true,
"row": 7,
"col": 6,
"def": "A time period of indeterminate length, generally more than one year."
},
{
"w": "PAR",
"v": false,
"row": 6,
"col": 8,
"def": "By; with."
},
{
"w": "PAW",
"v": true,
"row": 6,
"col": 8,
"def": "The soft foot of a mammal or other animal, generally a quadruped, that has claws or nails; comparable to a human hand or foot."
},
{
"w": "PEA",
"v": true,
"row": 4,
"col": 9,
"def": "A plant, member of the legume (Fabaceae) family."
},
{
"w": "PER",
"v": true,
"row": 7,
"col": 2,
"def": "For each."
},
{
"w": "PEW",
"v": false,
"row": 2,
"col": 5,
"def": "One of the long benches in a church, seating several persons, usually fixed to the floor and facing the chancel."
},
{
"w": "RAP",
"v": false,
"row": 7,
"col": 0,
"def": "A sharp blow with something hard."
},
{
"w": "RAW",
"v": false,
"row": 8,
"col": 6,
"def": "Of weather: unpleasantly damp or cold."
},
{
"w": "WAR",
"v": true,
"row": 2,
"col": 7,
"def": "Organized, large-scale, armed conflict between countries or between national, ethnic, or other sizeable groups, usually involving the engagement of military forces."
},
{
"w": "REP",
"v": false,
"row": 4,
"col": 7,
"def": "Short form of reputation."
},
{
"w": "PEAR",
"v": true,
"row": 2,
"col": 5,
"def": "An edible fruit produced by the pear tree, similar to an apple but elongated towards the stem."
},
{
"w": "WEAR",
"v": true,
"row": 2,
"col": 1,
"def": "To guard; watch; keep watch, especially from entry or invasion."
},
{
"w": "WRAP",
"v": true,
"row": 0,
"col": 3,
"def": "To enclose (an object) completely in any flexible, thin material such as fabric or paper."
},
{
"w": "REAP",
"v": false,
"row": 3,
"col": 0,
"def": "To cut with a sickle, scythe, or reaping machine, as grain; to gather, as a harvest, by cutting."
},
{
"w": "PARE",
"v": true,
"row": 5,
"col": 0,
"def": "To remove the outer covering or skin of something with a cutting device, typically a knife."
},
{
"w": "WARP",
"v": false,
"row": 0,
"col": 3,
"def": "A throw; a cast."
},
{
"w": "PREWAR",
"v": false,
"row": 5,
"col": 0,
"def": "Prior to hostilities; in the time before the war; often, before the most recent significant war."
}
]
}