{
"id": 2743,
"sub_category": "Up Pack",
"category": "Peak Group",
"type": 0,
"letters": "ADERRY",
"mov": 30,
"shovels": 1,
"coins": 5,
"rows": 15,
"cols": 15,
"c": 0,
"b": -1,
"w": 13,
"h": 10,
"dws": [
"RADE",
"YAR",
"EYRA",
"DREAR",
"YER",
"DEY",
"RYA",
"DREY",
"ARD",
"ARY",
"RAY",
"EARD",
"YARE",
"DAE",
"YARR",
"DERRY",
"DRY",
"AYRE",
"YAD",
"DEARY",
"YARDER",
"DYE",
"YARER",
"AERY",
"YEARD",
"DRAY",
"DYER",
"YEAD",
"DARER",
"YAE",
"ADRY",
"RARED",
"ARED",
"RAYED",
"YERD",
"REDRY",
"DERAY"
],
"ws": [
{
"w": "ARE",
"v": false,
"row": 9,
"col": 6,
"def": "Second-person singular simple present tense of be."
},
{
"w": "AYE",
"v": true,
"row": 7,
"col": 8,
"def": "Ever, always."
},
{
"w": "DAY",
"v": true,
"row": 5,
"col": 5,
"def": "Any period of 24 hours."
},
{
"w": "EAR",
"v": true,
"row": 7,
"col": 10,
"def": "The organ of hearing, consisting of the pinna, auditory canal, eardrum, malleus, incus, stapes and cochlea."
},
{
"w": "ERA",
"v": true,
"row": 7,
"col": 6,
"def": "A time period of indeterminate length, generally more than one year."
},
{
"w": "RED",
"v": false,
"row": 9,
"col": 10,
"def": "Having red as its colour."
},
{
"w": "RYE",
"v": false,
"row": 7,
"col": 4,
"def": "Caraway (from the mistaken assumption that the whole seeds, often used to season rye bread, are the rye itself)."
},
{
"w": "RAD",
"v": true,
"row": 7,
"col": 12,
"def": "Excellent, short for radical."
},
{
"w": "ERR",
"v": false,
"row": 7,
"col": 10,
"def": "To make a mistake."
},
{
"w": "YEA",
"v": false,
"row": 8,
"col": 8,
"def": "Yes."
},
{
"w": "DARE",
"v": false,
"row": 5,
"col": 8,
"def": "To have enough courage (to do something)."
},
{
"w": "DEAR",
"v": true,
"row": 4,
"col": 11,
"def": "Loved; lovable."
},
{
"w": "RARE",
"v": false,
"row": 3,
"col": 7,
"def": "Cooked very lightly, so the meat is still red (in the case of steak or beef in the general sense)."
},
{
"w": "READ",
"v": true,
"row": 3,
"col": 9,
"def": "A reading or an act of reading, especially an actor's part of a play."
},
{
"w": "REAR",
"v": true,
"row": 0,
"col": 7,
"def": "To raise physically; to lift up; to cause to rise, to elevate."
},
{
"w": "YARD",
"v": false,
"row": 0,
"col": 5,
"def": "A small, usually uncultivated area adjoining or (now especially) within the precincts of a house or other building."
},
{
"w": "YEAR",
"v": true,
"row": 0,
"col": 5,
"def": "The time it takes the Earth to complete one revolution of the Sun (between 365.24 and 365.26 days depending on the point of reference)."
},
{
"w": "DRYER",
"v": false,
"row": 3,
"col": 1,
"def": "A household appliance that removes the water from clothing by accelerating evaporation, usually though heat and a tumbling motion."
},
{
"w": "READY",
"v": false,
"row": 9,
"col": 0,
"def": "Prepared for immediate action or use."
},
{
"w": "DREARY",
"v": true,
"row": 2,
"col": 2,
"def": "Grievous, dire; appalling."
}
]
}