{
"id": 2763,
"sub_category": "Height Pack",
"category": "Peak Group",
"type": 0,
"letters": "EGILRU",
"mov": 18,
"shovels": 1,
"coins": 5,
"rows": 15,
"cols": 15,
"c": 0,
"b": -1,
"w": 9,
"h": 8,
"dws": [
"GIE",
"LIG",
"LUGE",
"GLEI",
"GURL",
"GRUE",
"REG",
"LEI",
"LIGURE",
"LIE",
"GLUIER",
"REI",
"GUE",
"LIEU",
"LIGER",
"GLUER",
"RIEL",
"ERG",
"LIRE",
"LEIR",
"GLUE",
"GUL",
"RIG",
"RUG",
"GUR",
"LUGER",
"GULE",
"GEL",
"ULE",
"RUE",
"LEU",
"LEG",
"URE",
"LUG",
"REGULI",
"LUR",
"GER",
"IGLU",
"LIER",
"IRE"
],
"ws": [
{
"w": "GIRL",
"v": true,
"row": 4,
"col": 0,
"def": "A young female human; (in contrast to boy), a female child or young adult."
},
{
"w": "LURE",
"v": true,
"row": 1,
"col": 5,
"def": "Something that tempts or attracts, especially one with a promise of reward or pleasure."
},
{
"w": "RULE",
"v": false,
"row": 6,
"col": 0,
"def": "A regulation, law, guideline."
},
{
"w": "URGE",
"v": false,
"row": 4,
"col": 2,
"def": "A strong desire; an itch to do something."
},
{
"w": "RILE",
"v": false,
"row": 3,
"col": 5,
"def": "To make angry."
},
{
"w": "GUILE",
"v": true,
"row": 3,
"col": 2,
"def": "Astuteness often marked by a certain sense of cunning or artful deception."
},
{
"w": "GRUEL",
"v": true,
"row": 0,
"col": 8,
"def": "A thin, watery porridge."
},
{
"w": "UGLIER",
"v": false,
"row": 1,
"col": 3,
"def": "Comparative form of ugly: more ugly."
}
]
}