{
"id": 277,
"sub_category": "Palm Pack",
"category": "Tropic Group",
"type": 0,
"letters": "AHLPSS",
"mov": 26,
"shovels": 1,
"coins": 5,
"rows": 15,
"cols": 15,
"c": 0,
"b": -1,
"w": 11,
"h": 10,
"dws": [
"ASS",
"SLAPS",
"HAPS",
"SAL",
"SHA",
"ALP",
"LAPS",
"ALPS",
"ASPS",
"SHAPS",
"SALPS",
"PAS",
"HASS",
"HASP",
"PAH",
"HAP",
"HASPS",
"LAS",
"PLASH",
"AHS",
"SALS",
"PASH",
"SAPS",
"LAHS",
"ALS",
"PAHS",
"LAH",
"SALP"
],
"ws": [
{
"w": "ASH",
"v": false,
"row": 3,
"col": 3,
"def": "The solid remains of a fire."
},
{
"w": "HAS",
"v": true,
"row": 2,
"col": 3,
"def": "Third-person singular simple present indicative form of have."
},
{
"w": "LAP",
"v": false,
"row": 0,
"col": 5,
"def": "The loose part of a coat; the lower part of a garment that plays loosely; a skirt; an apron."
},
{
"w": "PAL",
"v": true,
"row": 0,
"col": 7,
"def": "A friend, buddy, mate, cobber, someone to hang around with."
},
{
"w": "SAP",
"v": true,
"row": 2,
"col": 9,
"def": "The juice of plants of any kind, especially the ascending and descending juices or circulating fluid essential to nutrition."
},
{
"w": "SPA",
"v": false,
"row": 4,
"col": 8,
"def": "A health resort near a mineral spring or hot spring."
},
{
"w": "ASP",
"v": true,
"row": 6,
"col": 3,
"def": "A water snake."
},
{
"w": "PALS",
"v": false,
"row": 4,
"col": 0,
"def": "Plural form of pal."
},
{
"w": "PASS",
"v": false,
"row": 0,
"col": 0,
"def": "An opening, road, or track, available for passing; especially, one through or over some dangerous or otherwise impracticable barrier such as a mountain range; a passageway; a defile; a ford."
},
{
"w": "SLAP",
"v": true,
"row": 4,
"col": 8,
"def": "A blow, especially one given with the open hand, or with something broad and flat."
},
{
"w": "SPAS",
"v": false,
"row": 6,
"col": 1,
"def": "Plural form of spa."
},
{
"w": "LASH",
"v": true,
"row": 0,
"col": 5,
"def": "The thong or braided cord of a whip, with which the blow is given."
},
{
"w": "LASS",
"v": true,
"row": 3,
"col": 1,
"def": "A young woman or girl."
},
{
"w": "SASH",
"v": true,
"row": 6,
"col": 6,
"def": "A decorative length of cloth worn as a broad belt or over the shoulder, often for ceremonial or other formal occasions."
},
{
"w": "SLASH",
"v": false,
"row": 6,
"col": 6,
"def": "A swift cut with a blade, particularly with fighting weapons as a sword, saber, knife etc."
},
{
"w": "SPLASH",
"v": false,
"row": 2,
"col": 5,
"def": "The sound made by an object hitting a liquid."
}
]
}