{
"id": 2818,
"sub_category": "Freeze Pack",
"category": "Ice Group",
"type": 0,
"letters": "ADDEIL",
"mov": 26,
"shovels": 1,
"coins": 5,
"rows": 15,
"cols": 15,
"c": 0,
"b": -1,
"w": 12,
"h": 12,
"dws": [
"DIE",
"ILEA",
"LEI",
"LADDIE",
"DAD",
"LIE",
"ADDLE",
"LADE",
"DAE",
"AID",
"LID",
"DALI",
"DEIL",
"ALE",
"DEI",
"LEA",
"AILED",
"IDE",
"ELD",
"LAD",
"DIEL",
"DID",
"ADD",
"EILD",
"LED",
"DEID",
"LADED",
"AIL",
"DAL",
"DEDAL",
"DEL"
],
"ws": [
{
"w": "AIDE",
"v": true,
"row": 1,
"col": 3,
"def": "An assistant."
},
{
"w": "DEAD",
"v": true,
"row": 4,
"col": 4,
"def": "No longer living."
},
{
"w": "DEAL",
"v": false,
"row": 6,
"col": 2,
"def": "A division, a portion, a share."
},
{
"w": "DIAL",
"v": false,
"row": 1,
"col": 1,
"def": "A graduated, circular scale over which a needle moves to show a measurement (such as speed)."
},
{
"w": "DIED",
"v": true,
"row": 1,
"col": 1,
"def": "Simple past tense and past participle of die."
},
{
"w": "IDEA",
"v": false,
"row": 9,
"col": 2,
"def": "A musical theme or melodic subject."
},
{
"w": "LAID",
"v": true,
"row": 8,
"col": 5,
"def": "Simple past tense and past participle of lay."
},
{
"w": "LEAD",
"v": false,
"row": 8,
"col": 5,
"def": "A heavy, pliable, inelastic metal element, having a bright, bluish color, but easily tarnished; both malleable and ductile, though with little tenacity. It is easily fusible, forms alloys with other metals, and is an ingredient of solder and type metal. Atomic number 82, symbol Pb (from Latin plumbum)."
},
{
"w": "LIED",
"v": true,
"row": 5,
"col": 8,
"def": "An art song, sung in German and accompanied on the piano."
},
{
"w": "DELI",
"v": true,
"row": 6,
"col": 2,
"def": "A shop that sells cooked or prepared food ready for serving."
},
{
"w": "IDLE",
"v": false,
"row": 5,
"col": 6,
"def": "Empty, vacant."
},
{
"w": "DALE",
"v": true,
"row": 2,
"col": 9,
"def": "A valley in an otherwise hilly area."
},
{
"w": "AIDED",
"v": false,
"row": 2,
"col": 7,
"def": "Simple past tense and past participle of aid."
},
{
"w": "IDEAL",
"v": true,
"row": 6,
"col": 0,
"def": "Optimal; being the best possibility."
},
{
"w": "IDLED",
"v": false,
"row": 4,
"col": 0,
"def": "Simple past tense and past participle of idle."
},
{
"w": "DIALED",
"v": true,
"row": 0,
"col": 7,
"def": "Simple past tense and past participle of dial."
}
]
}