{
"id": 2823,
"sub_category": "Freeze Pack",
"category": "Ice Group",
"type": 0,
"letters": "BEMNRU",
"mov": 16,
"shovels": 1,
"coins": 5,
"rows": 15,
"cols": 15,
"c": 0,
"b": -1,
"w": 7,
"h": 6,
"dws": [
"UNBE",
"REM",
"BRUME",
"NUR",
"ERN",
"MEN",
"MEU",
"MENU",
"BUM",
"RUM",
"RUB",
"BUR",
"RUN",
"UMBE",
"NEB",
"NUB",
"BREN",
"REN",
"NEUM",
"BUN",
"RUE",
"EMU",
"URE",
"MURE",
"UMBRE",
"BRU",
"RUMEN",
"REB",
"BEN",
"MUN",
"URN",
"RUME",
"RUBE",
"ERM",
"URB"
],
"ws": [
{
"w": "BURN",
"v": true,
"row": 1,
"col": 1,
"def": "A physical injury caused by heat or cold or electricity or radiation or caustic chemicals."
},
{
"w": "NUMB",
"v": false,
"row": 0,
"col": 3,
"def": "Without the power of sensation and motion or feeling; insensible."
},
{
"w": "BERM",
"v": true,
"row": 2,
"col": 3,
"def": "A narrow ledge or shelf, as along the top or bottom of a slope."
},
{
"w": "RUNE",
"v": true,
"row": 2,
"col": 5,
"def": "A letter, or character, belonging to the written language of various ancient Germanic peoples, especially the Scandinavians and the Anglo-Saxons."
},
{
"w": "UMBER",
"v": false,
"row": 5,
"col": 2,
"def": "A brown clay, somewhat darker than ochre, which contains iron and manganese oxides."
},
{
"w": "NUMBER",
"v": false,
"row": 2,
"col": 0,
"def": "An abstract entity used to describe quantity."
}
]
}