{
"id": 2835,
"sub_category": "Light Pack",
"category": "Ice Group",
"type": 0,
"letters": "ADEMMN",
"mov": 30,
"shovels": 1,
"coins": 5,
"rows": 15,
"cols": 15,
"c": 0,
"b": -1,
"w": 12,
"h": 11,
"dws": [
"DAMN",
"NEMA",
"EMMA",
"NAE",
"MAE",
"MEM",
"ANE",
"DAE",
"ADMEN",
"DNA",
"MED",
"EAN",
"MANED",
"AME",
"NAM",
"DAN",
"MAND",
"MENAD",
"NED",
"MNA",
"DAMME"
],
"ws": [
{
"w": "AND",
"v": true,
"row": 4,
"col": 1,
"def": "As a coordinating conjunction; expressing two elements to be taken together or in addition to each other."
},
{
"w": "DAM",
"v": false,
"row": 6,
"col": 1,
"def": "Structure placed across a flowing body of water to stop the flow."
},
{
"w": "DEN",
"v": false,
"row": 8,
"col": 1,
"def": "The home of certain animals."
},
{
"w": "END",
"v": true,
"row": 8,
"col": 2,
"def": "The final point of something in space or time."
},
{
"w": "MAD",
"v": false,
"row": 4,
"col": 0,
"def": "Insane; crazy, mentally deranged."
},
{
"w": "MAN",
"v": true,
"row": 0,
"col": 3,
"def": "An adult male human."
},
{
"w": "MEN",
"v": true,
"row": 6,
"col": 3,
"def": "Plural form of man."
},
{
"w": "MAM",
"v": true,
"row": 2,
"col": 0,
"def": "Diminutive of mother."
},
{
"w": "AMEN",
"v": true,
"row": 7,
"col": 5,
"def": "At the end of Judeo-Christian prayers: so be it."
},
{
"w": "DEAN",
"v": false,
"row": 10,
"col": 2,
"def": "A senior official in a college or university, who may be in charge of a division or faculty (for example, the dean of science) or have some other advisory or disciplinary function (for example, the dean of students)."
},
{
"w": "MADE",
"v": false,
"row": 8,
"col": 5,
"def": "A maggot or grub."
},
{
"w": "MANE",
"v": true,
"row": 5,
"col": 8,
"def": "Longer hair growth on back of neck of an animal, especially a horse or lion."
},
{
"w": "MEAN",
"v": false,
"row": 2,
"col": 0,
"def": "To intend."
},
{
"w": "NAME",
"v": false,
"row": 7,
"col": 8,
"def": "Any nounal word or phrase which indicates a particular person, place, class, or thing."
},
{
"w": "DAME",
"v": true,
"row": 5,
"col": 10,
"def": "The equivalent title to Sir for a female knight."
},
{
"w": "MEAD",
"v": true,
"row": 0,
"col": 8,
"def": "An alcoholic drink fermented from honey and water."
},
{
"w": "MEND",
"v": true,
"row": 3,
"col": 6,
"def": "A place, as in clothing, which has been repaired by mending."
},
{
"w": "NAMED",
"v": false,
"row": 5,
"col": 6,
"def": "Having a name."
},
{
"w": "AMEND",
"v": false,
"row": 10,
"col": 7,
"def": "To make better."
},
{
"w": "MADMEN",
"v": false,
"row": 3,
"col": 6,
"def": "Plural form of madman."
}
]
}