{
"id": 2839,
"sub_category": "Light Pack",
"category": "Ice Group",
"type": 0,
"letters": "DENPTU",
"mov": 28,
"shovels": 1,
"coins": 5,
"rows": 15,
"cols": 15,
"c": 0,
"b": -1,
"w": 11,
"h": 10,
"dws": [
"DEP",
"END",
"DUNT",
"UTE",
"TUND",
"UPEND",
"PEND",
"DEN",
"NUDE",
"NEP",
"PED",
"TUN",
"TENDU",
"UNDE",
"TED",
"DUNE",
"NED",
"TUP",
"PUD",
"DUP"
],
"ws": [
{
"w": "DUE",
"v": true,
"row": 2,
"col": 1,
"def": "Owed or owing."
},
{
"w": "NET",
"v": true,
"row": 0,
"col": 5,
"def": "A mesh of string, cord or rope."
},
{
"w": "NUT",
"v": true,
"row": 2,
"col": 7,
"def": "A hard-shelled seed."
},
{
"w": "PEN",
"v": true,
"row": 0,
"col": 3,
"def": "An enclosed area used to contain domesticated animals, especially sheep or cattle."
},
{
"w": "PET",
"v": false,
"row": 4,
"col": 0,
"def": "An animal kept as a companion."
},
{
"w": "PUT",
"v": true,
"row": 4,
"col": 0,
"def": "To place something somewhere."
},
{
"w": "TEN",
"v": false,
"row": 6,
"col": 0,
"def": "A numerical value equal to 10; the number occurring after nine and before eleven, represented in Roman numerals as X, in Arabic numerals as 10, and in the hexadecimal system (base 16) as A."
},
{
"w": "PUN",
"v": false,
"row": 0,
"col": 3,
"def": "To beat; strike with force; ram; pound, as in a mortar; reduce to powder."
},
{
"w": "DUN",
"v": false,
"row": 2,
"col": 1,
"def": "A brownish grey colour."
},
{
"w": "DENT",
"v": false,
"row": 4,
"col": 4,
"def": "A shallow deformation in the surface of an object, produced by an impact."
},
{
"w": "PUNT",
"v": false,
"row": 0,
"col": 7,
"def": "A pontoon; a narrow shallow boat propelled by a pole."
},
{
"w": "TEND",
"v": false,
"row": 2,
"col": 5,
"def": "To kindle; ignite; set on fire; light; inflame; burn."
},
{
"w": "TUNE",
"v": true,
"row": 6,
"col": 7,
"def": "A melody."
},
{
"w": "DUPE",
"v": true,
"row": 4,
"col": 4,
"def": "To swindle, deceive, or trick."
},
{
"w": "DUET",
"v": true,
"row": 6,
"col": 9,
"def": "A musical composition in two parts, each performed by a single voice (singer, instrument or univoce ensemble)."
},
{
"w": "PENT",
"v": false,
"row": 6,
"col": 4,
"def": "Confined in a pen, imprisoned."
},
{
"w": "TUNED",
"v": true,
"row": 4,
"col": 2,
"def": "Adjusted in pitch or resonance."
},
{
"w": "PUNTED",
"v": false,
"row": 8,
"col": 5,
"def": "Simple past tense and past participle of punt."
}
]
}