{
"id": 2841,
"sub_category": "Light Pack",
"category": "Ice Group",
"type": 0,
"letters": "AFIRTY",
"mov": 30,
"shovels": 1,
"coins": 5,
"rows": 15,
"cols": 15,
"c": 0,
"b": -1,
"w": 12,
"h": 11,
"dws": [
"RAI",
"YAR",
"RIT",
"AIT",
"TIAR",
"RYA",
"RAIT",
"FIAR",
"FRY",
"ARY",
"RIA",
"FIAT",
"TAI",
"ITA",
"AIRT",
"RIF",
"FART",
"FAR",
"ARF",
"TRAYF",
"ARTI",
"FAY",
"TAY",
"IFTAR",
"FRIT",
"FRA",
"AFRIT"
],
"ws": [
{
"w": "AIR",
"v": true,
"row": 4,
"col": 3,
"def": "The atmospheric substance above the surface of the earth which animals breathe, formerly considered to be a single substance, one of the four basic elements of ancient philosophy and one of the five basic elements of Eastern traditions."
},
{
"w": "ART",
"v": true,
"row": 0,
"col": 3,
"def": "Human effort to imitate, supplement, alter, or counteract the work of nature."
},
{
"w": "FAT",
"v": false,
"row": 4,
"col": 2,
"def": "A large tub or vessel for water, wine, or other liquids; a cistern."
},
{
"w": "FIR",
"v": false,
"row": 6,
"col": 1,
"def": "A conifer of the genus Abies."
},
{
"w": "FIT",
"v": true,
"row": 6,
"col": 1,
"def": "Suitable, proper."
},
{
"w": "RAT",
"v": true,
"row": 2,
"col": 4,
"def": "A medium-sized rodent belonging to the genus Rattus."
},
{
"w": "RAY",
"v": true,
"row": 8,
"col": 3,
"def": "A beam of light or radiation."
},
{
"w": "TAR",
"v": false,
"row": 8,
"col": 1,
"def": "A black, oily, sticky, viscous substance, consisting mainly of hydrocarbons derived from organic materials such as wood, peat, or coal."
},
{
"w": "TRY",
"v": false,
"row": 2,
"col": 3,
"def": "To attempt. Followed by infinitive."
},
{
"w": "AFT",
"v": false,
"row": 9,
"col": 3,
"def": "The stern portion of a vessel."
},
{
"w": "FAIR",
"v": false,
"row": 1,
"col": 0,
"def": "Beautiful, of a pleasing appearance, with a pure and fresh quality."
},
{
"w": "FRAY",
"v": false,
"row": 8,
"col": 5,
"def": "Affray; broil; contest; combat; brawl; melee."
},
{
"w": "RAFT",
"v": true,
"row": 6,
"col": 5,
"def": "A flat structure made of planks, barrels etc., that floats on water, and is used for transport, emergencies or a platform for swimmers."
},
{
"w": "RIFT",
"v": true,
"row": 4,
"col": 9,
"def": "A chasm or fissure."
},
{
"w": "TRAY",
"v": true,
"row": 6,
"col": 7,
"def": "Trouble; annoyance; anger."
},
{
"w": "AIRY",
"v": false,
"row": 4,
"col": 7,
"def": "Consisting of air; as, an airy substance; the airy parts of bodies."
},
{
"w": "FRAT",
"v": true,
"row": 1,
"col": 0,
"def": "Shortened form for fraternity, college organization. (Often used as a noun modifier.)."
},
{
"w": "ARTY",
"v": true,
"row": 1,
"col": 10,
"def": "Pretending to artistic worth; high-flown."
},
{
"w": "FAIRY",
"v": false,
"row": 2,
"col": 7,
"def": "The realm of faerie; enchantment, illusion."
},
{
"w": "RATIFY",
"v": false,
"row": 6,
"col": 5,
"def": "To give formal consent to; make officially valid."
}
]
}