{
"id": 285,
"sub_category": "Palm Pack",
"category": "Tropic Group",
"type": 0,
"letters": "ALSTVY",
"mov": 24,
"shovels": 1,
"coins": 5,
"rows": 15,
"cols": 15,
"c": 0,
"b": -1,
"w": 11,
"h": 10,
"dws": [
"TAYS",
"SAL",
"LAYS",
"SAV",
"AYS",
"LAV",
"SYLVA",
"VATS",
"TAVS",
"VAS",
"TAV",
"SLY",
"VLY",
"ALTS",
"SLATY",
"LATS",
"STY",
"LAS",
"LAVS",
"TAS",
"ALS",
"ATS",
"YAS",
"TAY",
"VASTY"
],
"ws": [
{
"w": "LAY",
"v": false,
"row": 8,
"col": 0,
"def": "To place down in a position of rest, or in a horizontal position."
},
{
"w": "SAT",
"v": false,
"row": 6,
"col": 2,
"def": "Simple past tense and past participle of sit."
},
{
"w": "SAY",
"v": true,
"row": 6,
"col": 2,
"def": "To pronounce."
},
{
"w": "VAT",
"v": true,
"row": 1,
"col": 9,
"def": "A large tub, such as is used for making wine or for tanning."
},
{
"w": "ALT",
"v": false,
"row": 7,
"col": 4,
"def": "A state of excitement, conveyed by a high pitched voice."
},
{
"w": "LAT",
"v": true,
"row": 5,
"col": 6,
"def": "A Latvian coin and national monetary unit."
},
{
"w": "SALT",
"v": true,
"row": 2,
"col": 7,
"def": "A common substance, chemically consisting mainly of sodium chloride (NaCl), used extensively as a condiment and preservative."
},
{
"w": "STAY",
"v": true,
"row": 5,
"col": 4,
"def": "A strong rope supporting a mast, and leading from the head of one mast down to some other, or other part of the vessel."
},
{
"w": "VAST",
"v": false,
"row": 4,
"col": 0,
"def": "Very large or wide (literally or figuratively)."
},
{
"w": "SLAT",
"v": true,
"row": 1,
"col": 3,
"def": "A thin, narrow strip or bar of wood or metal."
},
{
"w": "SLAY",
"v": false,
"row": 2,
"col": 7,
"def": "To eradicate or stamp out."
},
{
"w": "SALTY",
"v": false,
"row": 5,
"col": 4,
"def": "Tasting of salt."
},
{
"w": "VASTLY",
"v": true,
"row": 4,
"col": 0,
"def": "Greatly, in a vast manner."
},
{
"w": "LAST",
"v": true,
"row": 0,
"col": 5,
"def": "Final, ultimate, coming after all others of its kind."
}
]
}