{
"id": 2852,
"sub_category": "Melt Pack",
"category": "Ice Group",
"type": 0,
"letters": "EMRSTU",
"mov": 26,
"shovels": 1,
"coins": 5,
"rows": 15,
"cols": 15,
"c": 0,
"b": -1,
"w": 12,
"h": 11,
"dws": [
"RET",
"MET",
"SUER",
"REM",
"STURE",
"TURM",
"ERST",
"TRES",
"STUMER",
"MEU",
"MUS",
"SER",
"UTE",
"UTES",
"TRUES",
"STUM",
"TUM",
"MUT",
"SMUR",
"REMS",
"RUM",
"MURES",
"TURMS",
"UMS",
"MUSET",
"MERUS",
"ERS",
"RETS",
"SUET",
"EMS",
"RUT",
"EST",
"SUE",
"EMUS",
"TEMS",
"MUTES",
"URES",
"UTS",
"MEUS",
"TES",
"TUMS",
"METS",
"MUTER",
"RUE",
"EMU",
"URE",
"MURE",
"TREMS",
"SET",
"TERMS",
"MUSER",
"MES",
"TREM",
"RUES",
"SUM",
"RES",
"USE",
"MUTS",
"RUMES",
"RUMS",
"ESTRUM",
"RUME",
"ERM"
],
"ws": [
{
"w": "MUST",
"v": false,
"row": 3,
"col": 1,
"def": "To do with certainty; indicates that the speaker is certain that the subject will have executed the predicate."
},
{
"w": "MUTE",
"v": true,
"row": 0,
"col": 7,
"def": "To silence, to make quiet."
},
{
"w": "REST",
"v": true,
"row": 0,
"col": 4,
"def": "Relief from work or activity by sleeping; sleep."
},
{
"w": "RUST",
"v": true,
"row": 1,
"col": 10,
"def": "The deteriorated state of iron or steel as a result of moisture and oxidation."
},
{
"w": "RUTS",
"v": false,
"row": 4,
"col": 8,
"def": "Plural form of rut."
},
{
"w": "STEM",
"v": true,
"row": 4,
"col": 11,
"def": "The above-ground stalk (technically axis) of a vascular plant, and certain anatomically similar, below-ground organs such as rhizomes, bulbs, tubers, and corms."
},
{
"w": "SURE",
"v": false,
"row": 6,
"col": 8,
"def": "Physically secure and certain, non-failing, reliable."
},
{
"w": "TERM",
"v": true,
"row": 4,
"col": 5,
"def": "Limitation, restriction or regulation."
},
{
"w": "TRUE",
"v": true,
"row": 1,
"col": 2,
"def": "Conforming to the actual state of reality or fact; factually correct."
},
{
"w": "USER",
"v": false,
"row": 1,
"col": 7,
"def": "One who uses or makes use of something, a consumer."
},
{
"w": "MUSE",
"v": false,
"row": 7,
"col": 5,
"def": "A source of inspiration."
},
{
"w": "RUSE",
"v": true,
"row": 4,
"col": 8,
"def": "A trick."
},
{
"w": "SMUT",
"v": false,
"row": 2,
"col": 4,
"def": "Soot."
},
{
"w": "SERUM",
"v": true,
"row": 6,
"col": 2,
"def": "The clear yellowish fluid obtained upon separating whole blood into its solid and liquid components after it has been allowed to clot. Also called blood serum."
},
{
"w": "STRUM",
"v": false,
"row": 9,
"col": 4,
"def": "To play a guitar or other stringed instrument using various strings simultaneously."
},
{
"w": "MUSTER",
"v": false,
"row": 6,
"col": 0,
"def": "Gathering."
}
]
}