{
"id": 2857,
"sub_category": "Melt Pack",
"category": "Ice Group",
"type": 0,
"letters": "DEFILM",
"mov": 30,
"shovels": 1,
"coins": 5,
"rows": 15,
"cols": 15,
"c": 0,
"b": -1,
"w": 13,
"h": 10,
"dws": [
"FID",
"DIME",
"DIE",
"LEI",
"LIE",
"LIMED",
"DELF",
"FLIM",
"FEM",
"DEIF",
"LIEF",
"LIFE",
"MED",
"DEIL",
"DEI",
"MELD",
"DEFI",
"ELD",
"IDE",
"DIEL",
"MEL",
"FLIED",
"EILD",
"FIL",
"EMF",
"DEF",
"DIF",
"FIE",
"IDEM",
"FELID",
"DEL"
],
"ws": [
{
"w": "DIM",
"v": true,
"row": 7,
"col": 7,
"def": "Not bright or colorful."
},
{
"w": "ELF",
"v": false,
"row": 4,
"col": 10,
"def": "A mythical, supernatural being resembling but seen as distinct from humans."
},
{
"w": "ELM",
"v": false,
"row": 2,
"col": 9,
"def": "A tree of the genus Ulmus of the family Ulmaceae, large deciduous trees with alternate stipulate leaves and small apetalous flowers."
},
{
"w": "FED",
"v": true,
"row": 4,
"col": 12,
"def": "A federal government officer or official, especially FBI and DEA agents."
},
{
"w": "LED",
"v": true,
"row": 1,
"col": 9,
"def": "Simple past tense and past participle of lead."
},
{
"w": "LID",
"v": false,
"row": 3,
"col": 7,
"def": "The top or cover of a container."
},
{
"w": "MID",
"v": true,
"row": 4,
"col": 6,
"def": "With."
},
{
"w": "MIL",
"v": true,
"row": 2,
"col": 11,
"def": "An angular mil, a unit of angular measurement equal to 1/6400 of a complete circle. At 1000 metres one mil subtends about one metre (0.98 m). Also 1/6000 and 1/6300 are used in other countries."
},
{
"w": "FILE",
"v": true,
"row": 1,
"col": 7,
"def": "A collection of papers collated and archived together."
},
{
"w": "FILM",
"v": true,
"row": 6,
"col": 9,
"def": "A thin layer of some substance."
},
{
"w": "FLED",
"v": false,
"row": 6,
"col": 9,
"def": "Simple past tense and past participle of flee."
},
{
"w": "LIED",
"v": true,
"row": 6,
"col": 5,
"def": "An art song, sung in German and accompanied on the piano."
},
{
"w": "LIME",
"v": false,
"row": 4,
"col": 4,
"def": "A general term for inorganic materials containing calcium, usually calcium oxide or calcium hydroxide; quicklime."
},
{
"w": "MILD",
"v": false,
"row": 6,
"col": 3,
"def": "Gentle and not easily provoked:."
},
{
"w": "MILE",
"v": true,
"row": 6,
"col": 3,
"def": "A Roman unit of measure equal to 1000 (double) steps (mille passus or mille passuum) or 5000 Roman feet (approx. 1480m)."
},
{
"w": "DELI",
"v": false,
"row": 7,
"col": 0,
"def": "A shop that sells cooked or prepared food ready for serving."
},
{
"w": "IDLE",
"v": false,
"row": 8,
"col": 7,
"def": "Empty, vacant."
},
{
"w": "FIELD",
"v": false,
"row": 9,
"col": 1,
"def": "A land area free of woodland, cities, and towns; open country."
},
{
"w": "FILED",
"v": true,
"row": 0,
"col": 2,
"def": "Simple past tense and past participle of file."
},
{
"w": "FILMED",
"v": true,
"row": 2,
"col": 0,
"def": "Simple past tense and past participle of film."
}
]
}