{
"id": 2863,
"sub_category": "Melt Pack",
"category": "Ice Group",
"type": 0,
"letters": "AMMRSY",
"mov": 18,
"shovels": 1,
"coins": 5,
"rows": 15,
"cols": 15,
"c": 0,
"b": -1,
"w": 7,
"h": 5,
"dws": [
"SMARM",
"YAR",
"MARM",
"RYA",
"RAMS",
"ARY",
"SYMAR",
"MAS",
"AYS",
"RAY",
"MAMS",
"RAMMY",
"ARMS",
"MAM",
"RYAS",
"MARY",
"YAMS",
"MAYS",
"SMA",
"MARS",
"MARMS",
"SAR",
"ARS",
"SAM",
"ARSY",
"RAYS",
"YAS",
"RAS"
],
"ws": [
{
"w": "ARM",
"v": true,
"row": 0,
"col": 2,
"def": "The portion of the upper human appendage, from the shoulder to the wrist and sometimes including the hand."
},
{
"w": "MAR",
"v": true,
"row": 0,
"col": 4,
"def": "To spoil, to damage."
},
{
"w": "MAY",
"v": true,
"row": 2,
"col": 6,
"def": "The hawthorn bush or its blossoms."
},
{
"w": "RAM",
"v": false,
"row": 2,
"col": 4,
"def": "A male sheep."
},
{
"w": "SAY",
"v": true,
"row": 0,
"col": 0,
"def": "To pronounce."
},
{
"w": "YAM",
"v": false,
"row": 2,
"col": 0,
"def": "Any climbing vine of the genus Dioscorea in the Eastern and Western hemispheres, usually cultivated."
},
{
"w": "ARMY",
"v": false,
"row": 4,
"col": 3,
"def": "A large, highly organized military force, concerned mainly with ground (rather than air or naval) operations."
},
{
"w": "SMARMY",
"v": false,
"row": 0,
"col": 0,
"def": "Falsely earnest, smug, or ingratiating."
}
]
}