{
"id": 290,
"sub_category": "Beach Pack",
"category": "Tropic Group",
"type": 0,
"letters": "BBELOW",
"mov": 18,
"shovels": 1,
"coins": 5,
"rows": 15,
"cols": 15,
"c": 0,
"b": -1,
"w": 8,
"h": 7,
"dws": [
"BEL",
"WEB",
"EBB",
"OWL",
"BLEB",
"OLE",
"OBE",
"BOWE",
"BOLE",
"LOWE",
"LEW",
"LOB",
"WOE",
"BOWEL",
"BOB",
"OWE",
"LOW",
"BOW"
],
"ws": [
{
"w": "BLEW",
"v": false,
"row": 3,
"col": 4,
"def": "Simple past of blow."
},
{
"w": "BLOW",
"v": true,
"row": 1,
"col": 2,
"def": "To produce an air current."
},
{
"w": "BOWL",
"v": false,
"row": 4,
"col": 0,
"def": "A roughly hemispherical container used to hold, mix or present food, such as salad, fruit or soup, or other items."
},
{
"w": "LOBE",
"v": true,
"row": 3,
"col": 5,
"def": "Any projection or division, especially one of a somewhat rounded form."
},
{
"w": "BLOB",
"v": true,
"row": 0,
"col": 4,
"def": "A shapeless or amorphous mass; a vague shape or amount, especially of a liquid or semisolid substance; a clump, group or collection that lacks definite shape."
},
{
"w": "BELOW",
"v": false,
"row": 1,
"col": 2,
"def": "Lower in spatial position than."
},
{
"w": "ELBOW",
"v": true,
"row": 2,
"col": 0,
"def": "The joint between the upper arm and the forearm."
},
{
"w": "WOBBLE",
"v": false,
"row": 6,
"col": 0,
"def": "An unsteady motion."
}
]
}