{
"id": 2902,
"sub_category": "Pond Pack",
"category": "Bloom Group",
"type": 0,
"letters": "DDENOS",
"mov": 28,
"shovels": 1,
"coins": 5,
"rows": 15,
"cols": 15,
"c": 0,
"b": -1,
"w": 11,
"h": 11,
"dws": [
"EONS",
"DONS",
"EON",
"SNOD",
"DOES",
"ONS",
"SED",
"NEDS",
"ODDS",
"DOEN",
"OSE",
"DOD",
"DOS",
"SONE",
"ODS",
"EDDO",
"SEN",
"NODES",
"SONDE",
"NODS",
"OES",
"NOES",
"ONES",
"SNED",
"NOS",
"ENS",
"ODES",
"NED",
"DENS",
"DODS",
"EDS",
"ENDS",
"DSO"
],
"ws": [
{
"w": "DEN",
"v": true,
"row": 3,
"col": 2,
"def": "The home of certain animals."
},
{
"w": "END",
"v": false,
"row": 3,
"col": 0,
"def": "The final point of something in space or time."
},
{
"w": "NOD",
"v": false,
"row": 5,
"col": 2,
"def": "To incline the head up and down, as to indicate agreement."
},
{
"w": "ODD",
"v": true,
"row": 0,
"col": 3,
"def": "Single; sole; singular; not having a mate."
},
{
"w": "ONE",
"v": true,
"row": 8,
"col": 2,
"def": "A numerical value equal to 1; the first number in the set of natural numbers (especially in number theory); the cardinality of the smallest nonempty set. Ordinal: first."
},
{
"w": "SOD",
"v": false,
"row": 1,
"col": 1,
"def": "That stratum of the surface of the soil which is filled with the roots of grass, or any portion of that surface; turf; sward."
},
{
"w": "SON",
"v": true,
"row": 1,
"col": 1,
"def": "A male child, a boy or man in relation to his parents; one's male offspring."
},
{
"w": "DOE",
"v": false,
"row": 2,
"col": 3,
"def": "A female deer; also used of similar animals such as reindeer, antelope, goat."
},
{
"w": "ODE",
"v": true,
"row": 0,
"col": 5,
"def": "A short poetical composition proper to be set to music or sung; a lyric poem; esp., now, a poem characterized by sustained noble sentiment and appropriate dignity of style."
},
{
"w": "DON",
"v": false,
"row": 1,
"col": 5,
"def": "A university professor, particularly one at Oxford or Cambridge."
},
{
"w": "DONE",
"v": true,
"row": 5,
"col": 4,
"def": "Ready, fully cooked."
},
{
"w": "DOSE",
"v": false,
"row": 8,
"col": 1,
"def": "A measured portion of medicine taken at any one time."
},
{
"w": "NODE",
"v": true,
"row": 1,
"col": 7,
"def": "A knot, knob, protuberance or swelling."
},
{
"w": "NOSE",
"v": true,
"row": 4,
"col": 8,
"def": "To confront; be closely face to face or opposite to."
},
{
"w": "SEND",
"v": false,
"row": 4,
"col": 6,
"def": "To make something (such as an object or message) go from one place to another."
},
{
"w": "DOSED",
"v": false,
"row": 6,
"col": 6,
"def": "Simple past tense and past participle of dose."
},
{
"w": "NOSED",
"v": false,
"row": 9,
"col": 6,
"def": "Having some specific type of nose."
},
{
"w": "SODDEN",
"v": true,
"row": 4,
"col": 6,
"def": "Soaked or drenched with liquid; soggy, saturated."
}
]
}