{
"id": 2904,
"sub_category": "Pond Pack",
"category": "Bloom Group",
"type": 0,
"letters": "DEIPSW",
"mov": 26,
"shovels": 1,
"coins": 5,
"rows": 15,
"cols": 15,
"c": 0,
"b": -1,
"w": 14,
"h": 11,
"dws": [
"PIE",
"PISE",
"PEDS",
"DIE",
"SEI",
"SPIE",
"SIPE",
"DEPS",
"SIPED",
"SED",
"DEP",
"PSI",
"PES",
"WED",
"PIS",
"WEID",
"WIPES",
"DESI",
"SIP",
"DIP",
"DEI",
"PED",
"DEWS",
"IDE",
"SEW",
"PEW",
"DEW",
"IDES",
"PIED",
"WIS",
"DIS",
"WISED",
"EDS",
"IDS",
"DIES",
"WEIDS",
"SPIDE",
"WIDES"
],
"ws": [
{
"w": "DIPS",
"v": false,
"row": 6,
"col": 0,
"def": "Plural form of dip."
},
{
"w": "PEWS",
"v": true,
"row": 3,
"col": 3,
"def": "Plural form of pew."
},
{
"w": "PIES",
"v": true,
"row": 5,
"col": 1,
"def": "Plural form of pie."
},
{
"w": "SIDE",
"v": false,
"row": 8,
"col": 1,
"def": "A bounding straight edge of a two-dimensional shape."
},
{
"w": "WIDE",
"v": true,
"row": 7,
"col": 6,
"def": "Having a large physical extent from side to side."
},
{
"w": "WIPE",
"v": false,
"row": 7,
"col": 6,
"def": "To move an object over, maintaining contact, with the intention of removing some substance from the surface. (cf. rub)."
},
{
"w": "WISE",
"v": false,
"row": 2,
"col": 5,
"def": "Showing good judgement or the benefit of experience."
},
{
"w": "SPED",
"v": true,
"row": 2,
"col": 7,
"def": "Simple past tense and past participle of speed."
},
{
"w": "WISP",
"v": true,
"row": 2,
"col": 5,
"def": "A small bundle, as of straw or other like substance; any slender, flexible structure or group."
},
{
"w": "SPEW",
"v": false,
"row": 10,
"col": 4,
"def": "To eject forcibly and in a stream."
},
{
"w": "WEDS",
"v": true,
"row": 7,
"col": 4,
"def": "Third-person singular simple present indicative form of wed."
},
{
"w": "WIPED",
"v": false,
"row": 5,
"col": 3,
"def": "Simple past tense and past participle of wipe."
},
{
"w": "SPIED",
"v": true,
"row": 4,
"col": 9,
"def": "Simple past tense and past participle of spy."
},
{
"w": "SWIPE",
"v": false,
"row": 4,
"col": 9,
"def": "To steal or snatch."
},
{
"w": "SWIPED",
"v": true,
"row": 0,
"col": 13,
"def": "Simple past tense and past participle of swipe."
},
{
"w": "WISPED",
"v": false,
"row": 0,
"col": 4,
"def": "Simple past tense and past participle of wisp."
}
]
}