{
"id": 291,
"sub_category": "Beach Pack",
"category": "Tropic Group",
"type": 0,
"letters": "AJNTUY",
"mov": 22,
"shovels": 1,
"coins": 5,
"rows": 15,
"cols": 15,
"c": 0,
"b": -1,
"w": 9,
"h": 8,
"dws": [
"TUN",
"UTA",
"TAY",
"AYU",
"TAJ",
"NAT",
"JUNTA",
"AUNTY",
"TUNY",
"JANTY",
"TUAN",
"YUAN",
"JUN"
],
"ws": [
{
"w": "ANT",
"v": true,
"row": 4,
"col": 6,
"def": "Any of various insects in the family Formicidae in the order Hymenoptera, typically living in large colonies composed almost entirely of flightless females."
},
{
"w": "JAY",
"v": false,
"row": 4,
"col": 5,
"def": "Any one of the numerous species of birds belonging to several genera within the family Corvidae, including Garrulus, Cyanocitta, allied to the crows, but smaller, more graceful in form, often handsomely colored, usually having a crest, and often noisy."
},
{
"w": "NUT",
"v": false,
"row": 6,
"col": 4,
"def": "A hard-shelled seed."
},
{
"w": "TAN",
"v": true,
"row": 3,
"col": 3,
"def": "A symbol of the trigonometric function tangent."
},
{
"w": "JUT",
"v": false,
"row": 1,
"col": 1,
"def": "Something that sticks out."
},
{
"w": "NAY",
"v": true,
"row": 2,
"col": 7,
"def": "No."
},
{
"w": "TAU",
"v": true,
"row": 0,
"col": 6,
"def": "The name of the letter T/\u03c4 in the Greek, Hebrew and ancient Semitic alphabets, being the nineteenth letter of the Classical and Modern Greek, the twentieth letter of Old and Ancient Greek."
},
{
"w": "AUNT",
"v": false,
"row": 3,
"col": 0,
"def": "A sister or sister-in-law of someone's parent."
},
{
"w": "TUNA",
"v": false,
"row": 5,
"col": 1,
"def": "Any of several species of fish, of the genus Thunnus, in the family Scombridae."
},
{
"w": "JAUNT",
"v": false,
"row": 2,
"col": 4,
"def": "A wearisome journey."
},
{
"w": "JAUNTY",
"v": true,
"row": 1,
"col": 1,
"def": "Airy; showy; finical; hence, characterized by an affected or fantastical manner."
},
{
"w": "ANY",
"v": true,
"row": 5,
"col": 4,
"def": "To even the slightest extent, at all."
}
]
}