{
"id": 2921,
"sub_category": "Shine Packx",
"category": "Bloom Group",
"type": 0,
"letters": "CDEKSU",
"mov": 22,
"shovels": 1,
"coins": 5,
"rows": 15,
"cols": 15,
"c": 0,
"b": -1,
"w": 11,
"h": 9,
"dws": [
"CUKE",
"SED",
"CUKES",
"EUKS",
"DUCE",
"SUK",
"DUCKS",
"CUE",
"UDS",
"ECU",
"ECUS",
"CUSK",
"DEUS",
"DECKS",
"DUCES",
"KED",
"EUK",
"SUE",
"DUE",
"UKE",
"SKED",
"CUDS",
"CUD",
"SEC",
"DUKES",
"UKES",
"EDS",
"SUD",
"USE",
"KUES",
"CUED",
"KUE",
"KEDS"
],
"ws": [
{
"w": "CUES",
"v": true,
"row": 0,
"col": 5,
"def": "Plural form of cue."
},
{
"w": "DECK",
"v": true,
"row": 1,
"col": 9,
"def": "Any flat surface that can be walked on: a balcony; a porch; a raised patio; a flat rooftop."
},
{
"w": "DESK",
"v": false,
"row": 4,
"col": 6,
"def": "A table, frame, or case, usually with sloping top, but often with flat top, for the use writers and readers. It often has a drawer or repository underneath."
},
{
"w": "DUCK",
"v": true,
"row": 2,
"col": 3,
"def": "An aquatic bird of the family Anatidae, having a flat bill and webbed feet."
},
{
"w": "DUES",
"v": false,
"row": 3,
"col": 2,
"def": "Plural form of due."
},
{
"w": "DUKE",
"v": true,
"row": 1,
"col": 7,
"def": "The male ruler of a duchy (compare duchess)."
},
{
"w": "DUSK",
"v": false,
"row": 5,
"col": 0,
"def": "A period of time occurring at the end of the day during which the sun sets."
},
{
"w": "USED",
"v": false,
"row": 2,
"col": 7,
"def": "Simple past tense and past participle of use."
},
{
"w": "SUCK",
"v": true,
"row": 5,
"col": 2,
"def": "A weak, self-pitying person; a person who won't go along, especially out of spite; a crybaby or sore loser."
},
{
"w": "SUED",
"v": false,
"row": 1,
"col": 4,
"def": "Simple past tense and past participle of sue."
},
{
"w": "SCUD",
"v": true,
"row": 4,
"col": 8,
"def": "To race along swiftly (especially used of clouds)."
},
{
"w": "SUCKED",
"v": false,
"row": 7,
"col": 0,
"def": "Simple past tense and past participle of suck."
}
]
}