{
"id": 2923,
"sub_category": "Shine Packx",
"category": "Bloom Group",
"type": 0,
"letters": "BCDERU",
"mov": 30,
"shovels": 1,
"coins": 5,
"rows": 15,
"cols": 15,
"c": 0,
"b": -1,
"w": 13,
"h": 11,
"dws": [
"REC",
"CRU",
"RUC",
"CUBER",
"URD",
"DURE",
"ECRU",
"CRUE",
"DUCE",
"CRED",
"BURD",
"RUED",
"CUB",
"ECU",
"CURE",
"BUR",
"DEBUR",
"REDUB",
"CUD",
"URE",
"BRU",
"REB",
"DEB",
"RUD",
"CUED",
"URDE",
"RUBE",
"BEDU",
"URB"
],
"ws": [
{
"w": "BED",
"v": false,
"row": 5,
"col": 0,
"def": "A piece of furniture, usually flat and soft, to sleep on."
},
{
"w": "BUD",
"v": true,
"row": 0,
"col": 10,
"def": "A newly formed leaf or flower that has not yet unfolded."
},
{
"w": "CUE",
"v": true,
"row": 0,
"col": 4,
"def": "An action or event that is a signal for somebody to do something."
},
{
"w": "DUE",
"v": false,
"row": 2,
"col": 6,
"def": "Owed or owing."
},
{
"w": "RED",
"v": true,
"row": 0,
"col": 6,
"def": "Having red as its colour."
},
{
"w": "RUB",
"v": false,
"row": 0,
"col": 8,
"def": "An act of rubbing."
},
{
"w": "DUB",
"v": false,
"row": 2,
"col": 10,
"def": "To confer knighthood; the conclusion of the ceremony was marked by a tap on the shoulder with the sword."
},
{
"w": "RUE",
"v": true,
"row": 0,
"col": 8,
"def": "Repentance, regret."
},
{
"w": "CUR",
"v": false,
"row": 0,
"col": 4,
"def": "A mongrel or inferior dog."
},
{
"w": "BRED",
"v": true,
"row": 2,
"col": 12,
"def": "Simple past tense and past participle of breed."
},
{
"w": "CUBE",
"v": false,
"row": 4,
"col": 9,
"def": "A regular polyhedron having six identical square faces."
},
{
"w": "CURB",
"v": true,
"row": 2,
"col": 0,
"def": "A row of concrete along the edge of a road; a kerb (UK)."
},
{
"w": "RUDE",
"v": false,
"row": 7,
"col": 7,
"def": "Bad mannered."
},
{
"w": "CRUD",
"v": true,
"row": 4,
"col": 9,
"def": "Dirt, filth or refuse."
},
{
"w": "CURD",
"v": true,
"row": 5,
"col": 7,
"def": "The part of milk that coagulates when it sours or is treated with enzymes; used to make cottage cheese."
},
{
"w": "DRUB",
"v": false,
"row": 10,
"col": 5,
"def": "To beat (someone or something) with a stick."
},
{
"w": "CRUDE",
"v": false,
"row": 2,
"col": 0,
"def": "Being in a natural state."
},
{
"w": "CUBED",
"v": false,
"row": 8,
"col": 3,
"def": "Simple past tense and past participle of cube."
},
{
"w": "CURED",
"v": true,
"row": 1,
"col": 2,
"def": "Simple past tense and past participle of cure."
},
{
"w": "CURBED",
"v": true,
"row": 5,
"col": 5,
"def": "Restrained."
}
]
}