{
"id": 2929,
"sub_category": "Grass Pack",
"category": "Bloom Group",
"type": 0,
"letters": "ADEMNU",
"mov": 30,
"shovels": 1,
"coins": 5,
"rows": 15,
"cols": 15,
"c": 0,
"b": -1,
"w": 14,
"h": 11,
"dws": [
"DAMN",
"NEMA",
"DUN",
"MADE",
"NAE",
"MAE",
"MAUN",
"MEU",
"ANE",
"DAE",
"ADMEN",
"MAUND",
"DNA",
"EAU",
"DUM",
"MED",
"EAN",
"DUAN",
"MANED",
"NAMU",
"DUMA",
"DUE",
"AME",
"UNDAM",
"NAM",
"DAN",
"DEAN",
"NEUM",
"UNDE",
"MAND",
"EMU",
"AUNE",
"MEND",
"MENAD",
"NED",
"DUNAM",
"MNA",
"AMU",
"MUN",
"AUE",
"MAUD"
],
"ws": [
{
"w": "AND",
"v": false,
"row": 8,
"col": 5,
"def": "As a coordinating conjunction; expressing two elements to be taken together or in addition to each other."
},
{
"w": "DAM",
"v": true,
"row": 6,
"col": 2,
"def": "Structure placed across a flowing body of water to stop the flow."
},
{
"w": "DEN",
"v": true,
"row": 8,
"col": 7,
"def": "The home of certain animals."
},
{
"w": "END",
"v": false,
"row": 6,
"col": 0,
"def": "The final point of something in space or time."
},
{
"w": "MAD",
"v": true,
"row": 8,
"col": 11,
"def": "Insane; crazy, mentally deranged."
},
{
"w": "MAN",
"v": false,
"row": 8,
"col": 11,
"def": "An adult male human."
},
{
"w": "MEN",
"v": true,
"row": 4,
"col": 1,
"def": "Plural form of man."
},
{
"w": "MUD",
"v": false,
"row": 6,
"col": 11,
"def": "A mixture of water and soil or fine grained sediment."
},
{
"w": "AMEN",
"v": false,
"row": 7,
"col": 2,
"def": "At the end of Judeo-Christian prayers: so be it."
},
{
"w": "DUNE",
"v": true,
"row": 6,
"col": 13,
"def": "A ridge or hill of sand piled up by the wind."
},
{
"w": "MANE",
"v": false,
"row": 4,
"col": 9,
"def": "Longer hair growth on back of neck of an animal, especially a horse or lion."
},
{
"w": "MEAN",
"v": false,
"row": 4,
"col": 1,
"def": "To intend."
},
{
"w": "MENU",
"v": true,
"row": 3,
"col": 12,
"def": "The details of the food to be served at a banquet; a bill of fare."
},
{
"w": "NAME",
"v": true,
"row": 7,
"col": 5,
"def": "Any nounal word or phrase which indicates a particular person, place, class, or thing."
},
{
"w": "DAME",
"v": true,
"row": 2,
"col": 9,
"def": "The equivalent title to Sir for a female knight."
},
{
"w": "MEAD",
"v": false,
"row": 2,
"col": 6,
"def": "An alcoholic drink fermented from honey and water."
},
{
"w": "NUDE",
"v": true,
"row": 4,
"col": 4,
"def": "Without clothing or other covering of the skin."
},
{
"w": "NAMED",
"v": false,
"row": 10,
"col": 7,
"def": "Having a name."
},
{
"w": "AMEND",
"v": true,
"row": 0,
"col": 7,
"def": "To make better."
},
{
"w": "UNMADE",
"v": false,
"row": 0,
"col": 4,
"def": "Not (yet) made."
}
]
}