{
"id": 2955,
"sub_category": "Frond Packx",
"category": "Bloom Group",
"type": 0,
"letters": "DEHLOR",
"mov": 30,
"shovels": 1,
"coins": 5,
"rows": 15,
"cols": 15,
"c": 0,
"b": -1,
"w": 13,
"h": 12,
"dws": [
"OLDE",
"DERO",
"HERL",
"LOR",
"LORD",
"EORL",
"EDH",
"DOLE",
"DORE",
"LODE",
"REO",
"OLE",
"DOL",
"DOR",
"HOD",
"RHO",
"ELD",
"LOD",
"DHOLE",
"ORLE",
"DELO",
"DOH",
"HOED",
"OHED",
"DHOL",
"LED",
"ORD",
"HORE",
"HELO",
"ROE",
"LEHR",
"REH",
"HOER",
"HERO",
"ROED",
"HOE",
"DEL"
],
"ws": [
{
"w": "HER",
"v": true,
"row": 9,
"col": 4,
"def": "Belonging to her."
},
{
"w": "OLD",
"v": true,
"row": 9,
"col": 6,
"def": "Of an object, concept, relationship, etc., having existed for a relatively long period of time."
},
{
"w": "ORE",
"v": false,
"row": 9,
"col": 6,
"def": "Rock that contains utilitarian materials; primarily a rock containing metals or gems which (at the time of the rock's evaluation and proposal for extraction) are able to be separated from its neighboring minerals and processed at a cost that does not exceed those materials' present-day economic values."
},
{
"w": "RED",
"v": false,
"row": 11,
"col": 4,
"def": "Having red as its colour."
},
{
"w": "ROD",
"v": true,
"row": 8,
"col": 2,
"def": "A straight, round stick, shaft, bar, cane, or staff."
},
{
"w": "DOE",
"v": false,
"row": 10,
"col": 2,
"def": "A female deer; also used of similar animals such as reindeer, antelope, goat."
},
{
"w": "ODE",
"v": true,
"row": 6,
"col": 1,
"def": "A short poetical composition proper to be set to music or sung; a lyric poem; esp., now, a poem characterized by sustained noble sentiment and appropriate dignity of style."
},
{
"w": "HELD",
"v": true,
"row": 5,
"col": 3,
"def": "Simple past tense and past participle of hold."
},
{
"w": "HERD",
"v": false,
"row": 8,
"col": 0,
"def": "To unite or associate in a herd; to feed or run together, or in company."
},
{
"w": "HOLD",
"v": false,
"row": 6,
"col": 7,
"def": "Gracious; friendly; faithful; true."
},
{
"w": "HOLE",
"v": false,
"row": 6,
"col": 0,
"def": "A hollow spot in a surface."
},
{
"w": "RODE",
"v": true,
"row": 4,
"col": 10,
"def": "The line from the vessel to its anchor. Also warp."
},
{
"w": "ROLE",
"v": false,
"row": 3,
"col": 4,
"def": "A character or part played by a performer or actor."
},
{
"w": "LORE",
"v": false,
"row": 7,
"col": 3,
"def": "All the facts and traditions about a particular subject that have been accumulated over time through education or experience."
},
{
"w": "REDO",
"v": false,
"row": 2,
"col": 9,
"def": "To do again."
},
{
"w": "DOER",
"v": false,
"row": 4,
"col": 7,
"def": "Someone who does, performs, or executes; an active person, an agent."
},
{
"w": "OLDER",
"v": true,
"row": 6,
"col": 8,
"def": "Comparative form of old: more old, elder, senior."
},
{
"w": "HOLED",
"v": true,
"row": 0,
"col": 7,
"def": "Simple past tense and past participle of hole."
},
{
"w": "HORDE",
"v": true,
"row": 0,
"col": 9,
"def": "A wandering troop or gang; especially, a clan or tribe of a nomadic people (originally Tatars) migrating from place to place for the sake of pasturage, plunder, etc.; a predatory multitude."
},
{
"w": "HOLDER",
"v": true,
"row": 2,
"col": 5,
"def": "A thing that holds."
}
]
}