{
"id": 2989,
"sub_category": "Birch Pack",
"category": "Fall Group",
"type": 0,
"letters": "INOPRS",
"mov": 26,
"shovels": 1,
"coins": 5,
"rows": 15,
"cols": 15,
"c": 0,
"b": -1,
"w": 9,
"h": 9,
"dws": [
"PIRN",
"PONS",
"ISO",
"ROINS",
"IONS",
"RISP",
"SPINOR",
"ONS",
"PROS",
"PSI",
"PIONS",
"PIS",
"IRONS",
"ROSIN",
"PIRS",
"POIS",
"OIS",
"NORI",
"NOIRS",
"POS",
"PRION",
"RIN",
"NIS",
"ROIN",
"PSION",
"PIRNS",
"OPSIN",
"PRIONS",
"INRO",
"ORNIS",
"POI",
"ORPINS",
"PISO",
"NIPS",
"ORPIN",
"IOS",
"SORN",
"PROIN",
"PORN",
"NOS",
"PINS",
"PORINS",
"RINS",
"SRI",
"ORS",
"NORIS",
"PIR",
"SORI",
"PORNS",
"INS",
"RIPS",
"PION",
"PORIN",
"NOIR"
],
"ws": [
{
"w": "ION",
"v": false,
"row": 4,
"col": 0,
"def": "An atom or group of atoms bearing an electrical charge such as the sodium and chlorine atoms in a salt solution."
},
{
"w": "NOR",
"v": true,
"row": 6,
"col": 2,
"def": "Used to introduce a further negative statement."
},
{
"w": "PIN",
"v": true,
"row": 6,
"col": 4,
"def": "A small device, made (usually) of drawn-out steel wire with one end sharpened and the other flattened or rounded into a head, used for fastening."
},
{
"w": "PRO",
"v": true,
"row": 2,
"col": 4,
"def": "An advantage of something, especially when contrasted with its disadvantages (cons)."
},
{
"w": "RIP",
"v": false,
"row": 3,
"col": 4,
"def": "A tear (in paper, etc.)."
},
{
"w": "SIN",
"v": true,
"row": 2,
"col": 2,
"def": "A violation of God's will or religious law."
},
{
"w": "SIP",
"v": false,
"row": 2,
"col": 2,
"def": "A small mouthful of drink."
},
{
"w": "SIR",
"v": false,
"row": 1,
"col": 6,
"def": "A man of a higher rank or position."
},
{
"w": "SON",
"v": false,
"row": 5,
"col": 6,
"def": "A male child, a boy or man in relation to his parents; one's male offspring."
},
{
"w": "NIP",
"v": false,
"row": 8,
"col": 6,
"def": "A small quantity of something edible or a potable liquor."
},
{
"w": "SOP",
"v": true,
"row": 1,
"col": 6,
"def": "Something entirely soaked."
},
{
"w": "OPS",
"v": true,
"row": 4,
"col": 1,
"def": "Plural form of op."
},
{
"w": "IRON",
"v": false,
"row": 8,
"col": 1,
"def": "A common, inexpensive metal, often black in color, that rusts, is attracted by magnets, and is used in making steel."
},
{
"w": "SPIN",
"v": true,
"row": 5,
"col": 6,
"def": "To rotate, revolve, gyrate (usually quickly); to partially or completely rotate to face another direction."
},
{
"w": "SNIP",
"v": false,
"row": 6,
"col": 1,
"def": "To cut with short sharp actions, as with scissors."
},
{
"w": "PRISON",
"v": true,
"row": 0,
"col": 8,
"def": "A place of long-term confinement for those convicted of serious crimes, or otherwise considered undesirable by the government."
}
]
}