{
"id": 3015,
"sub_category": "Oak Pack",
"category": "Fall Group",
"type": 0,
"letters": "BDEKLU",
"mov": 16,
"shovels": 1,
"coins": 5,
"rows": 15,
"cols": 15,
"c": 0,
"b": -1,
"w": 6,
"h": 6,
"dws": [
"BED",
"ELK",
"KUE",
"BEL",
"BUKE",
"LEUD",
"LUKE",
"KED",
"EUK",
"DUE",
"DUEL",
"ELD",
"UKE",
"DULE",
"LEKU",
"ULE",
"KEB",
"LED",
"LEU",
"DUB",
"LUBED",
"DEB",
"LUDE",
"LUD",
"LEK",
"BLUED",
"BUD",
"BEDU",
"DEL"
],
"ws": [
{
"w": "BLUE",
"v": true,
"row": 0,
"col": 0,
"def": "Having a bluish colour shade."
},
{
"w": "BULK",
"v": false,
"row": 5,
"col": 0,
"def": "Size, mass or volume."
},
{
"w": "DUKE",
"v": true,
"row": 2,
"col": 5,
"def": "The male ruler of a duchy (compare duchess)."
},
{
"w": "LUBE",
"v": true,
"row": 0,
"col": 2,
"def": "Lubricant."
},
{
"w": "BLED",
"v": false,
"row": 2,
"col": 2,
"def": "Simple past tense and past participle of bleed."
},
{
"w": "BULKED",
"v": false,
"row": 0,
"col": 0,
"def": "Simple past tense and past participle of bulk."
}
]
}