{
"id": 3031,
"sub_category": "Grove Pack",
"category": "Fall Group",
"type": 0,
"letters": "ADEMTT",
"mov": 22,
"shovels": 1,
"coins": 5,
"rows": 15,
"cols": 15,
"c": 0,
"b": -1,
"w": 10,
"h": 10,
"dws": [
"MET",
"ATE",
"TEA",
"MAE",
"TAM",
"TAT",
"DAM",
"TET",
"DAE",
"TAE",
"TEAD",
"META",
"MED",
"EAT",
"MAT",
"ATT",
"TAD",
"AME",
"TATE",
"MATT",
"MAD",
"TAED",
"TED",
"ETA",
"TEAT",
"ETAT"
],
"ws": [
{
"w": "DATE",
"v": false,
"row": 8,
"col": 3,
"def": "The fruit of the date palm. This sweet fruit is somewhat in the shape of an olive, containing a soft pulp and enclosing a hard kernel."
},
{
"w": "MADE",
"v": true,
"row": 6,
"col": 3,
"def": "A maggot or grub."
},
{
"w": "MATE",
"v": false,
"row": 2,
"col": 1,
"def": "A fellow, comrade, colleague, partner or someone with whom something is shared, e.g. shipmate, classmate."
},
{
"w": "MEAT",
"v": true,
"row": 5,
"col": 5,
"def": "A meathead."
},
{
"w": "TAME",
"v": true,
"row": 2,
"col": 6,
"def": "Not or no longer wild; domesticated."
},
{
"w": "TEAM",
"v": false,
"row": 6,
"col": 0,
"def": "A set of draught animals, such as two horses in front of a carriage."
},
{
"w": "DAME",
"v": true,
"row": 0,
"col": 8,
"def": "The equivalent title to Sir for a female knight."
},
{
"w": "MEAD",
"v": false,
"row": 5,
"col": 5,
"def": "An alcoholic drink fermented from honey and water."
},
{
"w": "MATED",
"v": true,
"row": 0,
"col": 3,
"def": "Simple past tense and past participle of mate."
},
{
"w": "MATTE",
"v": true,
"row": 2,
"col": 1,
"def": "A decorative border around a picture."
},
{
"w": "TAMED",
"v": false,
"row": 3,
"col": 5,
"def": "Domesticated."
},
{
"w": "MATTED",
"v": false,
"row": 0,
"col": 3,
"def": "Simple past tense and past participle of mat."
}
]
}