{
"id": 3049,
"sub_category": "Green Packx",
"category": "Rain+forest Group",
"type": 0,
"letters": "HILMOY",
"mov": 18,
"shovels": 1,
"coins": 5,
"rows": 15,
"cols": 15,
"c": 0,
"b": -1,
"w": 8,
"h": 6,
"dws": [
"MHO",
"LYM",
"HOM",
"YOM",
"HOLM",
"HOMY",
"HOY",
"OLM",
"MOL",
"MOY",
"MOLY",
"MOYL",
"MOIL",
"LOY",
"LIMY",
"HOI",
"MOI",
"MILO"
],
"ws": [
{
"w": "HIM",
"v": false,
"row": 0,
"col": 5,
"def": "A masculine pronoun; he as a grammatical object."
},
{
"w": "OIL",
"v": false,
"row": 2,
"col": 1,
"def": "Liquid fat."
},
{
"w": "MIL",
"v": true,
"row": 0,
"col": 7,
"def": "An angular mil, a unit of angular measurement equal to 1/6400 of a complete circle. At 1000 metres one mil subtends about one metre (0.98 m). Also 1/6000 and 1/6300 are used in other countries."
},
{
"w": "OHM",
"v": true,
"row": 2,
"col": 1,
"def": "In the International System of Units, the derived unit of electrical resistance; the electrical resistance of a device across which a potential difference of one volt causes a current of one ampere."
},
{
"w": "HOLY",
"v": false,
"row": 5,
"col": 2,
"def": "Dedicated to a religious purpose or a god."
},
{
"w": "OILY",
"v": false,
"row": 0,
"col": 0,
"def": "Relating to oil."
},
{
"w": "LIMO",
"v": true,
"row": 2,
"col": 3,
"def": "A limousine."
},
{
"w": "HOMILY",
"v": true,
"row": 0,
"col": 5,
"def": "A sermon, especially concerning a practical matter."
}
]
}