{
"id": 3058,
"sub_category": "Grow Packx",
"category": "Rain+forest Group",
"type": 0,
"letters": "DEHRSU",
"mov": 26,
"shovels": 1,
"coins": 5,
"rows": 15,
"cols": 15,
"c": 0,
"b": -1,
"w": 11,
"h": 11,
"dws": [
"RED",
"REHS",
"SUER",
"SURD",
"SHERD",
"URD",
"DURE",
"SED",
"URDS",
"DRUSE",
"DURES",
"EDH",
"RUDES",
"HES",
"SER",
"HURDS",
"EDHS",
"RUED",
"UDS",
"RHUS",
"HUED",
"DEUS",
"ERS",
"HERDS",
"EHS",
"DUE",
"SUE",
"SHE",
"URES",
"ERHU",
"RUE",
"HUER",
"URE",
"HUE",
"REH",
"RUD",
"HUERS",
"DUSH",
"HER",
"EDS",
"RUES",
"RES",
"DUH",
"SUD",
"USE",
"RUDS",
"URDE",
"RESH"
],
"ws": [
{
"w": "DUES",
"v": false,
"row": 5,
"col": 1,
"def": "Plural form of due."
},
{
"w": "HERD",
"v": false,
"row": 2,
"col": 4,
"def": "To unite or associate in a herd; to feed or run together, or in company."
},
{
"w": "HERS",
"v": false,
"row": 9,
"col": 0,
"def": "That which belongs to her; the possessive case of she, used without a following noun."
},
{
"w": "HUES",
"v": true,
"row": 2,
"col": 4,
"def": "Plural form of hue."
},
{
"w": "REDS",
"v": true,
"row": 0,
"col": 7,
"def": "Plural form of red."
},
{
"w": "RUDE",
"v": true,
"row": 4,
"col": 2,
"def": "Bad mannered."
},
{
"w": "RUSH",
"v": false,
"row": 0,
"col": 7,
"def": "Any of several stiff aquatic or marsh plants of the genus Juncus, having hollow or pithy stems and small flowers."
},
{
"w": "SHED",
"v": true,
"row": 7,
"col": 1,
"def": "To part or divide."
},
{
"w": "SURE",
"v": true,
"row": 0,
"col": 9,
"def": "Physically secure and certain, non-failing, reliable."
},
{
"w": "USED",
"v": false,
"row": 6,
"col": 6,
"def": "Simple past tense and past participle of use."
},
{
"w": "USER",
"v": false,
"row": 7,
"col": 0,
"def": "One who uses or makes use of something, a consumer."
},
{
"w": "SUED",
"v": false,
"row": 3,
"col": 7,
"def": "Simple past tense and past participle of sue."
},
{
"w": "RUSE",
"v": true,
"row": 7,
"col": 3,
"def": "A trick."
},
{
"w": "USHER",
"v": true,
"row": 3,
"col": 8,
"def": "A person, in a church, cinema etc., who escorts people to their seats."
},
{
"w": "SHRED",
"v": false,
"row": 0,
"col": 1,
"def": "A long, narrow piece cut or torn off; a strip."
},
{
"w": "RUSHED",
"v": true,
"row": 5,
"col": 6,
"def": "Very busy."
}
]
}