{
"id": 3061,
"sub_category": "Grow Packx",
"category": "Rain+forest Group",
"type": 0,
"letters": "AEINRZ",
"mov": 16,
"shovels": 1,
"coins": 5,
"rows": 15,
"cols": 15,
"c": 0,
"b": -1,
"w": 6,
"h": 6,
"dws": [
"RAI",
"ARE",
"AIRN",
"ZARI",
"NAE",
"RANI",
"ERA",
"RIZ",
"ERN",
"ZINE",
"REI",
"ZIN",
"RIA",
"ANE",
"EINA",
"NAZIR",
"RIN",
"EAN",
"RAN",
"ZEIN",
"ANI",
"AINE",
"AZINE",
"NIE",
"AIR",
"RNA",
"NAZI",
"RIZA",
"EAR",
"AIN",
"REN",
"IZAR",
"ZEA",
"REAN",
"NAZE",
"NARE",
"ZAIRE",
"IRE",
"RINE",
"REZ"
],
"ws": [
{
"w": "EARN",
"v": false,
"row": 4,
"col": 1,
"def": "To gain (success, reward, recognition) through applied effort or work."
},
{
"w": "NEAR",
"v": true,
"row": 2,
"col": 2,
"def": "Physically close."
},
{
"w": "RAIN",
"v": false,
"row": 0,
"col": 0,
"def": "Condensed water falling from a cloud."
},
{
"w": "RAZE",
"v": true,
"row": 0,
"col": 0,
"def": "To demolish; to level to the ground."
},
{
"w": "REIN",
"v": true,
"row": 1,
"col": 4,
"def": "A strap or rope attached to the bridle or bit, used to control a horse, animal or young child."
},
{
"w": "ZANIER",
"v": false,
"row": 2,
"col": 0,
"def": "Comparative form of zany: more zany."
}
]
}