{
"id": 3065,
"sub_category": "Grow Packx",
"category": "Rain+forest Group",
"type": 0,
"letters": "CDEKOP",
"mov": 26,
"shovels": 1,
"coins": 5,
"rows": 15,
"cols": 15,
"c": 0,
"b": -1,
"w": 11,
"h": 10,
"dws": [
"KOP",
"KEP",
"ECO",
"DEP",
"DOEK",
"OPE",
"COKED",
"PEC",
"PED",
"KED",
"DECO",
"OPED",
"CODE",
"OKE",
"DOP",
"ECOD",
"POCK",
"CEP",
"COED"
],
"ws": [
{
"w": "COD",
"v": true,
"row": 6,
"col": 4,
"def": "A bag."
},
{
"w": "COP",
"v": true,
"row": 6,
"col": 2,
"def": "To (be forced to) take; to receive; to shoulder; to bear, especially blame or punishment for a particular instance of wrongdoing."
},
{
"w": "DOC",
"v": false,
"row": 6,
"col": 0,
"def": "A doctor."
},
{
"w": "POD",
"v": true,
"row": 0,
"col": 5,
"def": "A seed case for legumes (e.g. peas, beans, peppers)."
},
{
"w": "DOE",
"v": true,
"row": 5,
"col": 6,
"def": "A female deer; also used of similar animals such as reindeer, antelope, goat."
},
{
"w": "ODE",
"v": false,
"row": 7,
"col": 4,
"def": "A short poetical composition proper to be set to music or sung; a lyric poem; esp., now, a poem characterized by sustained noble sentiment and appropriate dignity of style."
},
{
"w": "COKE",
"v": true,
"row": 2,
"col": 7,
"def": "Solid residue from roasting coal in a coke oven; used principally as a fuel and in the production of steel and formerly as a domestic fuel."
},
{
"w": "COPE",
"v": false,
"row": 2,
"col": 7,
"def": "To deal effectively with something difficult."
},
{
"w": "DECK",
"v": false,
"row": 5,
"col": 6,
"def": "Any flat surface that can be walked on: a balcony; a porch; a raised patio; a flat rooftop."
},
{
"w": "DOCK",
"v": true,
"row": 6,
"col": 0,
"def": "Any of the genus Rumex of coarse weedy plants with small green flowers related to buckwheat, especially the common dock, and used as potherbs and in folk medicine, especially in curing nettle rash."
},
{
"w": "DOPE",
"v": true,
"row": 0,
"col": 9,
"def": "Any viscous liquid or paste, such as a lubricant, used in preparing a surface."
},
{
"w": "POKE",
"v": true,
"row": 1,
"col": 1,
"def": "To poke a fire to remove ash or promote burning."
},
{
"w": "PECK",
"v": false,
"row": 4,
"col": 0,
"def": "One quarter of a bushel; a dry measure of eight quarts."
},
{
"w": "COPED",
"v": false,
"row": 8,
"col": 0,
"def": "Simple past tense and past participle of cope."
},
{
"w": "POKED",
"v": false,
"row": 0,
"col": 5,
"def": "Simple past tense and past participle of poke."
},
{
"w": "POCKED",
"v": false,
"row": 2,
"col": 0,
"def": "Simple past tense and past participle of pock."
}
]
}