{
"id": 3075,
"sub_category": "Curl Pack",
"category": "Rain+forest Group",
"type": 0,
"letters": "ACIPRY",
"mov": 30,
"shovels": 1,
"coins": 5,
"rows": 15,
"cols": 15,
"c": 0,
"b": -1,
"w": 11,
"h": 11,
"dws": [
"RAI",
"YAR",
"CAPI",
"CAPRI",
"RYA",
"CRAPY",
"ARY",
"PYRIC",
"RICY",
"RIA",
"PYA",
"CRIA",
"YAP",
"PICRA",
"PIA",
"CRAY",
"PACY",
"CRIP",
"PAC",
"YIP",
"PRICY",
"PIR",
"CRAP",
"PYIC",
"PICA",
"CARPI"
],
"ws": [
{
"w": "AIR",
"v": true,
"row": 2,
"col": 3,
"def": "The atmospheric substance above the surface of the earth which animals breathe, formerly considered to be a single substance, one of the four basic elements of ancient philosophy and one of the five basic elements of Eastern traditions."
},
{
"w": "ARC",
"v": false,
"row": 1,
"col": 4,
"def": "A directed edge."
},
{
"w": "CAP",
"v": true,
"row": 0,
"col": 2,
"def": "A close-fitting head covering either without a brim or with a peak."
},
{
"w": "CAR",
"v": false,
"row": 0,
"col": 2,
"def": "A wheeled vehicle, drawn by a horse or other animal."
},
{
"w": "CRY",
"v": false,
"row": 4,
"col": 2,
"def": "To shed tears; to weep."
},
{
"w": "ICY",
"v": true,
"row": 0,
"col": 6,
"def": "Pertaining to, resembling, or abounding in ice; cold; frosty."
},
{
"w": "PAR",
"v": true,
"row": 6,
"col": 0,
"def": "By; with."
},
{
"w": "PAY",
"v": false,
"row": 2,
"col": 2,
"def": "To give money or other compensation to in exchange for goods or services."
},
{
"w": "PRY",
"v": false,
"row": 6,
"col": 0,
"def": "To look where one is not welcome; to be nosey."
},
{
"w": "RAP",
"v": false,
"row": 8,
"col": 0,
"def": "A sharp blow with something hard."
},
{
"w": "RAY",
"v": true,
"row": 0,
"col": 4,
"def": "A beam of light or radiation."
},
{
"w": "RIP",
"v": true,
"row": 8,
"col": 5,
"def": "A tear (in paper, etc.)."
},
{
"w": "PIC",
"v": true,
"row": 8,
"col": 2,
"def": "A picture, especially a photographic image."
},
{
"w": "CAY",
"v": true,
"row": 4,
"col": 2,
"def": "A small, low island largely made of sand or coral."
},
{
"w": "PAIR",
"v": false,
"row": 5,
"col": 6,
"def": "Two similar or identical things taken together; often followed by of."
},
{
"w": "PRAY",
"v": false,
"row": 8,
"col": 4,
"def": "To petition or solicit help from a supernatural or higher being."
},
{
"w": "AIRY",
"v": true,
"row": 5,
"col": 7,
"def": "Consisting of air; as, an airy substance; the airy parts of bodies."
},
{
"w": "CARP",
"v": false,
"row": 10,
"col": 2,
"def": "Any of various freshwater fish of the family Cyprinidae, especially the common carp, Cyprinus carpio."
},
{
"w": "RACY",
"v": false,
"row": 7,
"col": 7,
"def": "Having a strong flavor indicating origin; of distinct characteristic taste; tasting of the soil; hence, fresh; rich."
},
{
"w": "PIRACY",
"v": true,
"row": 3,
"col": 9,
"def": "Robbery at sea, a violation of international law; taking a ship away from the control of those who are legally entitled to it."
}
]
}