{
"id": 3083,
"sub_category": "Curl Pack",
"category": "Rain+forest Group",
"type": 0,
"letters": "ADEKNT",
"mov": 30,
"shovels": 1,
"coins": 5,
"rows": 15,
"cols": 15,
"c": 0,
"b": -1,
"w": 13,
"h": 13,
"dws": [
"KAE",
"TAN",
"ANTE",
"KAT",
"ANTED",
"NEK",
"NAE",
"KAED",
"KANE",
"DAK",
"DAE",
"ANE",
"TAE",
"TEAD",
"NAT",
"DNA",
"KADE",
"DEN",
"EAN",
"DANT",
"KED",
"KANT",
"TAK",
"DAN",
"KENT",
"TAED",
"KETA",
"NAKED",
"TED",
"ETNA",
"KET",
"ETA",
"AKED",
"KAN",
"NED",
"AKE",
"TANE",
"NET",
"KEA",
"KEN"
],
"ws": [
{
"w": "AND",
"v": true,
"row": 8,
"col": 9,
"def": "As a coordinating conjunction; expressing two elements to be taken together or in addition to each other."
},
{
"w": "ANT",
"v": false,
"row": 8,
"col": 9,
"def": "Any of various insects in the family Formicidae in the order Hymenoptera, typically living in large colonies composed almost entirely of flightless females."
},
{
"w": "ATE",
"v": true,
"row": 10,
"col": 10,
"def": "Simple past of eat."
},
{
"w": "EAT",
"v": true,
"row": 6,
"col": 11,
"def": "To consume (something solid or semi-solid, usually food) by putting it into the mouth and swallowing it."
},
{
"w": "END",
"v": true,
"row": 10,
"col": 12,
"def": "The final point of something in space or time."
},
{
"w": "TAD",
"v": false,
"row": 3,
"col": 8,
"def": "A small amount; a little bit."
},
{
"w": "TEA",
"v": false,
"row": 6,
"col": 10,
"def": "The dried leaves or buds of the tea plant, Camellia sinensis."
},
{
"w": "TEN",
"v": true,
"row": 3,
"col": 8,
"def": "A numerical value equal to 10; the number occurring after nine and before eleven, represented in Roman numerals as X, in Arabic numerals as 10, and in the hexadecimal system (base 16) as A."
},
{
"w": "DATE",
"v": false,
"row": 10,
"col": 9,
"def": "The fruit of the date palm. This sweet fruit is somewhat in the shape of an olive, containing a soft pulp and enclosing a hard kernel."
},
{
"w": "DEAN",
"v": false,
"row": 5,
"col": 5,
"def": "A senior official in a college or university, who may be in charge of a division or faculty (for example, the dean of science) or have some other advisory or disciplinary function (for example, the dean of students)."
},
{
"w": "DENT",
"v": true,
"row": 3,
"col": 10,
"def": "A shallow deformation in the surface of an object, produced by an impact."
},
{
"w": "NEAT",
"v": false,
"row": 2,
"col": 3,
"def": "A bull or cow."
},
{
"w": "TAKE",
"v": true,
"row": 2,
"col": 6,
"def": "To grasp with the hands."
},
{
"w": "TANK",
"v": true,
"row": 0,
"col": 3,
"def": "A container for liquids or gases."
},
{
"w": "TEND",
"v": false,
"row": 12,
"col": 9,
"def": "To kindle; ignite; set on fire; light; inflame; burn."
},
{
"w": "DANK",
"v": false,
"row": 3,
"col": 0,
"def": "(intransitive) To moisten, dampen; used of mist, dew etc."
},
{
"w": "TEAK",
"v": false,
"row": 5,
"col": 0,
"def": "An extremely durable timber highly valued for shipbuilding and other purposes, yielded by Tectona grandis (and Tectona spp.)."
},
{
"w": "TAKEN",
"v": true,
"row": 2,
"col": 1,
"def": "Infatuated; fond of or attracted to."
},
{
"w": "KNEAD",
"v": true,
"row": 5,
"col": 3,
"def": "To work and press into a mass, usually with the hands; especially, to work, as by repeated pressure with the knuckles, into a well mixed mass, the materials of bread, cake, etc."
},
{
"w": "TANKED",
"v": false,
"row": 8,
"col": 2,
"def": "Simple past tense and past participle of tank."
}
]
}