{
"id": 3110,
"sub_category": "Lush Packx",
"category": "Rain+forest Group",
"type": 0,
"letters": "EEFRTU",
"mov": 22,
"shovels": 1,
"coins": 5,
"rows": 15,
"cols": 15,
"c": 0,
"b": -1,
"w": 9,
"h": 9,
"dws": [
"RET",
"FEU",
"TRUE",
"TREF",
"ERE",
"EFT",
"REFT",
"UTE",
"RETE",
"FER",
"FEER",
"RUT",
"TEF",
"FERE",
"RUE",
"TERF",
"REE",
"URE",
"FREET",
"FET",
"ERF",
"TEER"
],
"ws": [
{
"w": "FEE",
"v": true,
"row": 1,
"col": 1,
"def": "Cattle; livestock, especially considered as the basis of wealth."
},
{
"w": "FUR",
"v": false,
"row": 1,
"col": 1,
"def": "Hairy coat of various mammal species, especially: when fine, soft and thick."
},
{
"w": "TEE",
"v": true,
"row": 3,
"col": 2,
"def": "The name of the Latin script letter T/t."
},
{
"w": "REF",
"v": true,
"row": 0,
"col": 5,
"def": "Referee."
},
{
"w": "FEET",
"v": true,
"row": 5,
"col": 3,
"def": "Plural form of foot."
},
{
"w": "FREE",
"v": true,
"row": 4,
"col": 5,
"def": "Not imprisoned or enslaved."
},
{
"w": "REEF",
"v": false,
"row": 5,
"col": 0,
"def": "Scabby; scurvy."
},
{
"w": "TREE",
"v": true,
"row": 0,
"col": 3,
"def": "A large plant, not exactly defined, but typically over four meters in height, a single trunk which grows in girth with age and branches (which also grow in circumference with age)."
},
{
"w": "TURF",
"v": false,
"row": 0,
"col": 3,
"def": "A layer of earth covered with grass; sod."
},
{
"w": "FRET",
"v": false,
"row": 2,
"col": 5,
"def": "A fog or mist at sea or coming inland from the sea."
},
{
"w": "FETE",
"v": false,
"row": 3,
"col": 0,
"def": "A festival open to the public, the proceeds from which are often given to charity."
},
{
"w": "REFUTE",
"v": true,
"row": 1,
"col": 7,
"def": "To prove (something) to be false or incorrect."
}
]
}