{
"id": 3111,
"sub_category": "Lush Packx",
"category": "Rain+forest Group",
"type": 0,
"letters": "ADEERS",
"mov": 30,
"shovels": 1,
"coins": 5,
"rows": 15,
"cols": 15,
"c": 0,
"b": -1,
"w": 14,
"h": 10,
"dws": [
"RADE",
"DEARS",
"SEDER",
"REDES",
"RASE",
"SED",
"SARD",
"DERE",
"DAS",
"EARDS",
"ARD",
"SER",
"ERE",
"REES",
"SEED",
"DEES",
"EARD",
"ARDS",
"RASED",
"DAE",
"DEARE",
"READS",
"RADS",
"DAES",
"ERES",
"ERED",
"EARED",
"SERE",
"ERS",
"ARSE",
"DEE",
"AREDE",
"ESE",
"SERA",
"DEERS",
"ARES",
"DREE",
"SADE",
"SAE",
"SAR",
"ARS",
"ERAS",
"REEDS",
"DERES",
"EASER",
"REE",
"AEDES",
"DARES",
"RESEDA",
"ARED",
"EARS",
"DREES",
"ARSED",
"RAS",
"REDE",
"EAS",
"EDS",
"SAREE",
"RES",
"REDS",
"SERED",
"SEE"
],
"ws": [
{
"w": "ADS",
"v": true,
"row": 7,
"col": 4,
"def": "Plural form of ad."
},
{
"w": "ARE",
"v": false,
"row": 4,
"col": 0,
"def": "Second-person singular simple present tense of be."
},
{
"w": "EAR",
"v": true,
"row": 2,
"col": 1,
"def": "The organ of hearing, consisting of the pinna, auditory canal, eardrum, malleus, incus, stapes and cochlea."
},
{
"w": "ERA",
"v": false,
"row": 2,
"col": 1,
"def": "A time period of indeterminate length, generally more than one year."
},
{
"w": "RED",
"v": false,
"row": 0,
"col": 5,
"def": "Having red as its colour."
},
{
"w": "SAD",
"v": true,
"row": 1,
"col": 3,
"def": "Sated, having had one's fill; satisfied, weary."
},
{
"w": "SEA",
"v": false,
"row": 1,
"col": 3,
"def": "A large body of salty water. (Major seas are known as oceans.)."
},
{
"w": "RAD",
"v": true,
"row": 0,
"col": 5,
"def": "Excellent, short for radical."
},
{
"w": "DARE",
"v": true,
"row": 0,
"col": 7,
"def": "To have enough courage (to do something)."
},
{
"w": "DEAR",
"v": false,
"row": 3,
"col": 6,
"def": "Loved; lovable."
},
{
"w": "DEER",
"v": true,
"row": 3,
"col": 6,
"def": "A beast, usually a quadruped as opposed to birds, fish, etc."
},
{
"w": "EASE",
"v": false,
"row": 5,
"col": 6,
"def": "The state of being comfortable or free from stress."
},
{
"w": "READ",
"v": true,
"row": 1,
"col": 13,
"def": "A reading or an act of reading, especially an actor's part of a play."
},
{
"w": "REED",
"v": true,
"row": 3,
"col": 9,
"def": "Any of various types of tall stiff perennial grass-like plants growing together in groups near water."
},
{
"w": "SEAR",
"v": false,
"row": 7,
"col": 2,
"def": "Dry; withered, especially of vegetation."
},
{
"w": "SEER",
"v": false,
"row": 1,
"col": 10,
"def": "Agent noun of see; one who sees something; an eyewitness."
},
{
"w": "EASED",
"v": false,
"row": 4,
"col": 9,
"def": "Past participle of ease."
},
{
"w": "ERASE",
"v": true,
"row": 1,
"col": 11,
"def": "To remove markings or information."
},
{
"w": "ERASED",
"v": true,
"row": 4,
"col": 2,
"def": "Simple past tense and past participle of erase."
},
{
"w": "SEARED",
"v": false,
"row": 8,
"col": 7,
"def": "Simple past tense and past participle of sear."
}
]
}