{
"id": 3112,
"sub_category": "Lush Packx",
"category": "Rain+forest Group",
"type": 0,
"letters": "DEMOOR",
"mov": 26,
"shovels": 1,
"coins": 5,
"rows": 15,
"cols": 15,
"c": 0,
"b": -1,
"w": 13,
"h": 10,
"dws": [
"DROME",
"RED",
"MODO",
"EMO",
"MOO",
"DERO",
"REM",
"OOR",
"MOOED",
"DORE",
"OMER",
"MOE",
"REO",
"DOE",
"MOD",
"MED",
"DOR",
"ORE",
"ROD",
"ROOMED",
"MOR",
"ORDO",
"ROMEO",
"ORD",
"ERM",
"ROO",
"ODE",
"DOO",
"ROM",
"ROE",
"DERM",
"MODER",
"ROOD",
"ROED",
"DOM",
"OOM"
],
"ws": [
{
"w": "DEMO",
"v": true,
"row": 6,
"col": 7,
"def": "A brief demonstration or visual explanation."
},
{
"w": "DOME",
"v": true,
"row": 6,
"col": 2,
"def": "A common structural element of architecture that resembles the hollow upper half of a sphere, a cupola."
},
{
"w": "DOOM",
"v": true,
"row": 4,
"col": 11,
"def": "A law."
},
{
"w": "DOOR",
"v": false,
"row": 6,
"col": 9,
"def": "A portal of entry into a building or room, consisting of a rigid plane movable on a hinge. Doors are frequently made of wood or metal. May have a handle to help open and close, a latch to hold the door closed, and a lock that ensures the door cannot be opened without the key."
},
{
"w": "DORM",
"v": true,
"row": 4,
"col": 4,
"def": "Dormitory."
},
{
"w": "MODE",
"v": false,
"row": 7,
"col": 4,
"def": "One of several ancient scales, one of which corresponds to the modern major scale and one to the natural minor scale."
},
{
"w": "MOOD",
"v": false,
"row": 4,
"col": 1,
"def": "A mental or emotional state, composure."
},
{
"w": "MORE",
"v": false,
"row": 8,
"col": 7,
"def": "Comparative form of many: in greater number. (Used for a discrete quantity.)."
},
{
"w": "ODOR",
"v": true,
"row": 5,
"col": 9,
"def": "Any smell, whether fragrant or offensive; scent; perfume."
},
{
"w": "RODE",
"v": false,
"row": 2,
"col": 0,
"def": "The line from the vessel to its anchor. Also warp."
},
{
"w": "ROOM",
"v": true,
"row": 1,
"col": 1,
"def": "Wide; spacious; roomy."
},
{
"w": "REDO",
"v": true,
"row": 1,
"col": 3,
"def": "To do again."
},
{
"w": "MOOR",
"v": true,
"row": 0,
"col": 7,
"def": "An extensive waste covered with patches of heath, and having a poor, light soil, but sometimes marshy, and abounding in peat; a heath."
},
{
"w": "DOER",
"v": true,
"row": 0,
"col": 12,
"def": "Someone who does, performs, or executes; an active person, an agent."
},
{
"w": "RODEO",
"v": false,
"row": 1,
"col": 3,
"def": "A North American sport involving skills with horses, cows and other livestock."
},
{
"w": "MOORED",
"v": false,
"row": 0,
"col": 7,
"def": "Simple past tense and past participle of moor."
}
]
}