{
"id": 3136,
"sub_category": "Field Packx",
"category": "Rows Group",
"type": 0,
"letters": "DDEIMN",
"mov": 18,
"shovels": 1,
"coins": 5,
"rows": 15,
"cols": 15,
"c": 0,
"b": -1,
"w": 9,
"h": 7,
"dws": [
"DIE",
"NID",
"NIDE",
"END",
"MEN",
"NIDED",
"DIN",
"MIEN",
"MEIN",
"DIED",
"DEN",
"MED",
"DINE",
"NIM",
"NIED",
"DIM",
"DEI",
"IDE",
"NIE",
"DID",
"MIDDEN",
"DEID",
"NED",
"DENI",
"IDEM",
"MID"
],
"ws": [
{
"w": "DIME",
"v": true,
"row": 2,
"col": 3,
"def": "A coin worth one-tenth of a dollar. The physical coin is smaller than a penny."
},
{
"w": "MIND",
"v": true,
"row": 3,
"col": 8,
"def": "The ability for rational thought."
},
{
"w": "MINE",
"v": false,
"row": 4,
"col": 3,
"def": "Non-premodifying possessive case of I. My; belonging to me; that which belongs to me."
},
{
"w": "MEND",
"v": false,
"row": 6,
"col": 5,
"def": "A place, as in clothing, which has been repaired by mending."
},
{
"w": "DENIM",
"v": true,
"row": 2,
"col": 5,
"def": "A textile often made of cotton with a distinct diagonal pattern."
},
{
"w": "DINED",
"v": false,
"row": 0,
"col": 3,
"def": "Simple past tense and past participle of dine."
},
{
"w": "MINED",
"v": true,
"row": 1,
"col": 1,
"def": "Simple past tense and past participle of mine."
},
{
"w": "MINDED",
"v": false,
"row": 2,
"col": 0,
"def": "Having a mind (inclination) for something."
}
]
}