{
"id": 3137,
"sub_category": "Lines Pack",
"category": "Rows Group",
"type": 0,
"letters": "ADEHRR",
"mov": 26,
"shovels": 1,
"coins": 5,
"rows": 15,
"cols": 15,
"c": 0,
"b": -1,
"w": 10,
"h": 10,
"dws": [
"RADE",
"DREAR",
"AHED",
"EDH",
"ARD",
"EARD",
"DAE",
"HEAD",
"HAE",
"DAH",
"HARED",
"HARE",
"HAD",
"DARER",
"RAH",
"RARED",
"ARED",
"REH",
"HADE",
"RHEA",
"HAED",
"HEAR"
],
"ws": [
{
"w": "ARE",
"v": false,
"row": 1,
"col": 2,
"def": "Second-person singular simple present tense of be."
},
{
"w": "EAR",
"v": true,
"row": 0,
"col": 2,
"def": "The organ of hearing, consisting of the pinna, auditory canal, eardrum, malleus, incus, stapes and cochlea."
},
{
"w": "ERA",
"v": true,
"row": 2,
"col": 1,
"def": "A time period of indeterminate length, generally more than one year."
},
{
"w": "HER",
"v": false,
"row": 2,
"col": 0,
"def": "Belonging to her."
},
{
"w": "RED",
"v": true,
"row": 4,
"col": 0,
"def": "Having red as its colour."
},
{
"w": "RAD",
"v": false,
"row": 4,
"col": 0,
"def": "Excellent, short for radical."
},
{
"w": "ERR",
"v": true,
"row": 5,
"col": 3,
"def": "To make a mistake."
},
{
"w": "DARE",
"v": false,
"row": 3,
"col": 4,
"def": "To have enough courage (to do something)."
},
{
"w": "DEAR",
"v": false,
"row": 6,
"col": 0,
"def": "Loved; lovable."
},
{
"w": "HARD",
"v": false,
"row": 6,
"col": 6,
"def": "Resistant to pressure."
},
{
"w": "HERD",
"v": true,
"row": 6,
"col": 6,
"def": "To unite or associate in a herd; to feed or run together, or in company."
},
{
"w": "RARE",
"v": false,
"row": 7,
"col": 3,
"def": "Cooked very lightly, so the meat is still red (in the case of steak or beef in the general sense)."
},
{
"w": "READ",
"v": true,
"row": 0,
"col": 4,
"def": "A reading or an act of reading, especially an actor's part of a play."
},
{
"w": "REAR",
"v": true,
"row": 6,
"col": 8,
"def": "To raise physically; to lift up; to cause to rise, to elevate."
},
{
"w": "HEARD",
"v": true,
"row": 0,
"col": 6,
"def": "Simple past tense and past participle of hear."
},
{
"w": "HARDER",
"v": false,
"row": 9,
"col": 3,
"def": "Comparative form of hard: more hard."
}
]
}