{
"id": 3138,
"sub_category": "Lines Pack",
"category": "Rows Group",
"type": 0,
"letters": "AEHKRS",
"mov": 26,
"shovels": 1,
"coins": 5,
"rows": 15,
"cols": 15,
"c": 0,
"b": -1,
"w": 12,
"h": 12,
"dws": [
"ARE",
"KAE",
"KESH",
"REHS",
"HASK",
"KSAR",
"SHA",
"RASE",
"ESKAR",
"ERA",
"HAKE",
"HES",
"SER",
"HEARS",
"REAKS",
"SKA",
"ARK",
"KESAR",
"HAE",
"SHEA",
"RAKES",
"SKER",
"ERS",
"ARSE",
"SARK",
"KAS",
"HAS",
"EHS",
"HAES",
"SERK",
"SAKER",
"SERA",
"SHE",
"ARES",
"KAES",
"SAE",
"EAR",
"ASH",
"ARS",
"SAR",
"KEAS",
"AHS",
"HAKES",
"KASHER",
"ERKS",
"RAH",
"ASK",
"HARKS",
"REH",
"RAS",
"HER",
"AKE",
"EAS",
"SEA",
"AKES",
"RES",
"RHEA",
"ERK",
"HARES",
"RHEAS",
"RAHS",
"REAK",
"ASKER",
"RESH",
"KEA"
],
"ws": [
{
"w": "ARKS",
"v": true,
"row": 6,
"col": 8,
"def": "Plural form of ark."
},
{
"w": "EARS",
"v": true,
"row": 4,
"col": 11,
"def": "Plural form of ear."
},
{
"w": "ERAS",
"v": false,
"row": 9,
"col": 5,
"def": "Plural form of era."
},
{
"w": "HARE",
"v": false,
"row": 4,
"col": 8,
"def": "Any of several plant-eating animals of the family Leporidae, especially of the genus Lepus, similar to a rabbit, but larger and with longer ears."
},
{
"w": "HEAR",
"v": true,
"row": 8,
"col": 5,
"def": "To sympathize with; to share the feeling or opinion of."
},
{
"w": "HERS",
"v": false,
"row": 11,
"col": 3,
"def": "That which belongs to her; the possessive case of she, used without a following noun."
},
{
"w": "RASH",
"v": true,
"row": 8,
"col": 3,
"def": "Hasty, not careful or considered."
},
{
"w": "SAKE",
"v": true,
"row": 5,
"col": 1,
"def": "Cause, interest or account."
},
{
"w": "HARK",
"v": true,
"row": 3,
"col": 9,
"def": "To listen attentively; often used in the imperative."
},
{
"w": "SEAR",
"v": false,
"row": 8,
"col": 0,
"def": "Dry; withered, especially of vegetation."
},
{
"w": "RAKE",
"v": false,
"row": 6,
"col": 0,
"def": "A garden tool with a row of pointed teeth fixed to a long handle, used for collecting grass or debris, or for loosening soil."
},
{
"w": "SHAKE",
"v": true,
"row": 2,
"col": 3,
"def": "To cause (something) to move rapidly in opposite directions alternatingly."
},
{
"w": "SHARE",
"v": false,
"row": 3,
"col": 2,
"def": "A portion of something, especially a portion given or allotted to someone."
},
{
"w": "SHARK",
"v": true,
"row": 0,
"col": 5,
"def": "A scaleless, predatory fish of the superorder Selachimorpha, with a cartilaginous skeleton and 5 to 7 gill slits on each side of its head."
},
{
"w": "SHEAR",
"v": false,
"row": 0,
"col": 5,
"def": "To cut, originally with a sword or other bladed weapon, now usually with shears, or as if using shears."
},
{
"w": "SHAKER",
"v": false,
"row": 6,
"col": 6,
"def": "A person or thing that shakes, or by means of which something is shaken."
}
]
}