{
"id": 3155,
"sub_category": "Far Pack",
"category": "Rows Group",
"type": 0,
"letters": "ADEEMT",
"mov": 22,
"shovels": 1,
"coins": 5,
"rows": 15,
"cols": 15,
"c": 0,
"b": -1,
"w": 10,
"h": 10,
"dws": [
"METED",
"MET",
"ATE",
"TEA",
"MAE",
"TAM",
"EME",
"DAM",
"DAE",
"TEE",
"TAE",
"TEEM",
"TEAD",
"META",
"TEED",
"MED",
"EAT",
"DATE",
"MAT",
"DEE",
"TAD",
"AME",
"METE",
"MEE",
"MEATED",
"TEME",
"MAD",
"TAED",
"ADEEM",
"TED",
"ETA",
"DEME",
"DEET",
"MEED",
"TEADE",
"EDEMA"
],
"ws": [
{
"w": "MADE",
"v": true,
"row": 1,
"col": 3,
"def": "A maggot or grub."
},
{
"w": "MATE",
"v": false,
"row": 2,
"col": 2,
"def": "A fellow, comrade, colleague, partner or someone with whom something is shared, e.g. shipmate, classmate."
},
{
"w": "MEAT",
"v": true,
"row": 2,
"col": 8,
"def": "A meathead."
},
{
"w": "MEET",
"v": false,
"row": 5,
"col": 5,
"def": "To come face to face with by accident; to encounter."
},
{
"w": "TAME",
"v": false,
"row": 6,
"col": 2,
"def": "Not or no longer wild; domesticated."
},
{
"w": "TEAM",
"v": true,
"row": 6,
"col": 2,
"def": "A set of draught animals, such as two horses in front of a carriage."
},
{
"w": "DAME",
"v": false,
"row": 9,
"col": 0,
"def": "The equivalent title to Sir for a female knight."
},
{
"w": "MEAD",
"v": true,
"row": 5,
"col": 5,
"def": "An alcoholic drink fermented from honey and water."
},
{
"w": "DEEM",
"v": true,
"row": 0,
"col": 5,
"def": "To judge; pass judgement on; sentence; doom."
},
{
"w": "MATED",
"v": false,
"row": 3,
"col": 5,
"def": "Simple past tense and past participle of mate."
},
{
"w": "TAMED",
"v": false,
"row": 4,
"col": 0,
"def": "Domesticated."
},
{
"w": "TEAMED",
"v": true,
"row": 4,
"col": 0,
"def": "Simple past tense and past participle of team."
}
]
}