{
"id": 317,
"sub_category": "Coast Pack",
"category": "Tropic Group",
"type": 0,
"letters": "AFLLTY",
"mov": 22,
"shovels": 1,
"coins": 5,
"rows": 15,
"cols": 15,
"c": 0,
"b": -1,
"w": 9,
"h": 8,
"dws": [
"FAY",
"TAY",
"FATLY",
"ALF",
"ALL",
"ALLY"
],
"ws": [
{
"w": "FAT",
"v": false,
"row": 0,
"col": 4,
"def": "A large tub or vessel for water, wine, or other liquids; a cistern."
},
{
"w": "FLY",
"v": true,
"row": 0,
"col": 4,
"def": "Any insect of the order Diptera; characterized by having two wings, also called true flies."
},
{
"w": "LAY",
"v": true,
"row": 5,
"col": 6,
"def": "To place down in a position of rest, or in a horizontal position."
},
{
"w": "AFT",
"v": true,
"row": 2,
"col": 3,
"def": "The stern portion of a vessel."
},
{
"w": "ALT",
"v": false,
"row": 4,
"col": 1,
"def": "A state of excitement, conveyed by a high pitched voice."
},
{
"w": "LAT",
"v": false,
"row": 3,
"col": 6,
"def": "A Latvian coin and national monetary unit."
},
{
"w": "FALL",
"v": false,
"row": 6,
"col": 5,
"def": "To move to a lower position under the effect of gravity."
},
{
"w": "FLAT",
"v": false,
"row": 6,
"col": 0,
"def": "Having no variations in altitude."
},
{
"w": "TALL",
"v": true,
"row": 0,
"col": 6,
"def": "Obsequious; obedient."
},
{
"w": "FLAY",
"v": false,
"row": 2,
"col": 1,
"def": "To cause to fly; put to flight; drive off (by frightening)."
},
{
"w": "TALLY",
"v": true,
"row": 3,
"col": 8,
"def": "Used as a mild intensifier: very (almost exclusively used by the upper classes)."
},
{
"w": "FLATLY",
"v": true,
"row": 2,
"col": 1,
"def": "In a definite manner; in a manner showing complete certainty."
}
]
}