{
"id": 318,
"sub_category": "Coast Pack",
"category": "Tropic Group",
"type": 0,
"letters": "MORSTY",
"mov": 18,
"shovels": 1,
"coins": 5,
"rows": 15,
"cols": 15,
"c": 0,
"b": -1,
"w": 8,
"h": 7,
"dws": [
"YOM",
"ROST",
"OYS",
"SOT",
"ROT",
"MOY",
"TROY",
"OMS",
"MOS",
"MOT",
"TOMS",
"ORTS",
"TOM",
"TYRO",
"MORTS",
"TROYS",
"TOR",
"MOTS",
"STY",
"MOR",
"TORY",
"RYOTS",
"TRY",
"MORT",
"MOYS",
"STROY",
"SOY",
"ROM",
"RYOT",
"TYROS",
"ORS",
"ROMS",
"MORS",
"TORS",
"SOMY",
"ORT",
"TOY",
"SOM"
],
"ws": [
{
"w": "MOST",
"v": false,
"row": 6,
"col": 0,
"def": "Superlative form of much."
},
{
"w": "ROSY",
"v": true,
"row": 0,
"col": 2,
"def": "Rose-coloured."
},
{
"w": "ROTS",
"v": false,
"row": 0,
"col": 2,
"def": "Third person singular of rot."
},
{
"w": "SORT",
"v": true,
"row": 3,
"col": 3,
"def": "A general type."
},
{
"w": "TOYS",
"v": false,
"row": 3,
"col": 0,
"def": "Plural form of toy."
},
{
"w": "STORM",
"v": true,
"row": 2,
"col": 0,
"def": "Any disturbed state of the atmosphere, especially as affecting the earth's surface, and strongly implying destructive or unpleasant weather."
},
{
"w": "STORY",
"v": true,
"row": 0,
"col": 7,
"def": "A sequence of real or fictional causal events; or, an account of such a sequence."
},
{
"w": "STORMY",
"v": true,
"row": 0,
"col": 5,
"def": "Of or pertaining to storms."
}
]
}