{
"id": 3181,
"sub_category": "Grain Pack",
"category": "Rows Group",
"type": 0,
"letters": "DEIMTU",
"mov": 30,
"shovels": 1,
"coins": 5,
"rows": 15,
"cols": 15,
"c": 0,
"b": -1,
"w": 12,
"h": 11,
"dws": [
"DIE",
"TUMID",
"MEU",
"DEMIT",
"UTE",
"TUI",
"TUM",
"MUT",
"MUID",
"DUM",
"MED",
"TID",
"DEI",
"TIDE",
"IDE",
"DIT",
"ETUI",
"DUIT",
"MUTI",
"TED",
"DUI",
"DITE",
"IDEM"
],
"ws": [
{
"w": "DIM",
"v": true,
"row": 3,
"col": 9,
"def": "Not bright or colorful."
},
{
"w": "DUE",
"v": false,
"row": 7,
"col": 9,
"def": "Owed or owing."
},
{
"w": "MET",
"v": false,
"row": 5,
"col": 9,
"def": "Simple past tense and past participle of meet."
},
{
"w": "MID",
"v": true,
"row": 8,
"col": 7,
"def": "With."
},
{
"w": "MUD",
"v": false,
"row": 3,
"col": 7,
"def": "A mixture of water and soil or fine grained sediment."
},
{
"w": "TIE",
"v": true,
"row": 5,
"col": 11,
"def": "A necktie (item of clothing consisting of a strip of cloth tied around the neck)."
},
{
"w": "EMU",
"v": true,
"row": 6,
"col": 6,
"def": "A large flightless bird native to Australia, Dromaius novaehollandiae."
},
{
"w": "DIET",
"v": true,
"row": 7,
"col": 9,
"def": "The food and beverage a person or animal consumes."
},
{
"w": "DIME",
"v": false,
"row": 2,
"col": 4,
"def": "A coin worth one-tenth of a dollar. The physical coin is smaller than a penny."
},
{
"w": "EDIT",
"v": false,
"row": 10,
"col": 6,
"def": "A change to the text of a document."
},
{
"w": "ITEM",
"v": true,
"row": 0,
"col": 7,
"def": "A distinct physical object."
},
{
"w": "MUTE",
"v": false,
"row": 5,
"col": 0,
"def": "To silence, to make quiet."
},
{
"w": "TIED",
"v": false,
"row": 3,
"col": 0,
"def": "Connected."
},
{
"w": "TIME",
"v": false,
"row": 6,
"col": 3,
"def": "Reminder by the umpire for the players to continue playing after their pause."
},
{
"w": "EMIT",
"v": true,
"row": 0,
"col": 5,
"def": "To send out or give off."
},
{
"w": "DUET",
"v": true,
"row": 3,
"col": 3,
"def": "A musical composition in two parts, each performed by a single voice (singer, instrument or univoce ensemble)."
},
{
"w": "MITE",
"v": true,
"row": 0,
"col": 2,
"def": "A minute arachnid, of the order Acarina, of which there are many species; as, the cheese mite, sugar mite, harvest mite, etc."
},
{
"w": "TIMED",
"v": true,
"row": 3,
"col": 0,
"def": "Simple past tense and past participle of time."
},
{
"w": "MUTED",
"v": false,
"row": 10,
"col": 0,
"def": "Simple past tense and past participle of mute."
},
{
"w": "TEDIUM",
"v": false,
"row": 8,
"col": 2,
"def": "Boredom or tediousness; ennui."
}
]
}