{
"id": 3195,
"sub_category": "Seed Packx",
"category": "Rows Group",
"type": 0,
"letters": "EHOPPR",
"mov": 26,
"shovels": 1,
"coins": 5,
"rows": 15,
"cols": 15,
"c": 0,
"b": -1,
"w": 10,
"h": 9,
"dws": [
"HOPER",
"HOPE",
"HEP",
"OPE",
"REPP",
"REO",
"PEH",
"POH",
"PHO",
"RHO",
"EPHOR",
"PEPO",
"HORE",
"ROE",
"REH",
"PREOP",
"HOER",
"HERO",
"PERP",
"PRE"
],
"ws": [
{
"w": "HER",
"v": false,
"row": 2,
"col": 0,
"def": "Belonging to her."
},
{
"w": "HOP",
"v": true,
"row": 2,
"col": 0,
"def": "A short jump."
},
{
"w": "ORE",
"v": false,
"row": 5,
"col": 2,
"def": "Rock that contains utilitarian materials; primarily a rock containing metals or gems which (at the time of the rock's evaluation and proposal for extraction) are able to be separated from its neighboring minerals and processed at a cost that does not exceed those materials' present-day economic values."
},
{
"w": "PEP",
"v": true,
"row": 0,
"col": 4,
"def": "To inject with energy and enthusiasm."
},
{
"w": "PER",
"v": true,
"row": 4,
"col": 4,
"def": "For each."
},
{
"w": "POP",
"v": false,
"row": 4,
"col": 0,
"def": "A loud, sharp sound as of a cork coming out of a bottle."
},
{
"w": "PRO",
"v": true,
"row": 2,
"col": 6,
"def": "An advantage of something, especially when contrasted with its disadvantages (cons)."
},
{
"w": "REP",
"v": false,
"row": 6,
"col": 7,
"def": "Short form of reputation."
},
{
"w": "HOE",
"v": true,
"row": 0,
"col": 1,
"def": "An agricultural tool consisting of a long handle with a flat blade fixed perpendicular to it at the end, used for digging rows."
},
{
"w": "POPE",
"v": false,
"row": 2,
"col": 4,
"def": "The bishop of Rome; the head of the Roman Catholic church."
},
{
"w": "PREP",
"v": false,
"row": 8,
"col": 2,
"def": "Preparation."
},
{
"w": "ROPE",
"v": true,
"row": 4,
"col": 9,
"def": "Thick strings, yarn, monofilaments, metal wires, or strands of other cordage that are twisted together to form a stronger line."
},
{
"w": "PROP",
"v": false,
"row": 4,
"col": 4,
"def": "An object placed against or under another, to support it; anything that supports."
},
{
"w": "PORE",
"v": true,
"row": 4,
"col": 7,
"def": "A tiny opening in the skin."
},
{
"w": "REPO",
"v": true,
"row": 2,
"col": 2,
"def": "Repossession."
},
{
"w": "HOPPER",
"v": false,
"row": 0,
"col": 1,
"def": "A temporary storage bin, filled from the top and emptied from the bottom, often funnel-shaped."
}
]
}