{
"id": 320,
"sub_category": "Coast Pack",
"category": "Tropic Group",
"type": 0,
"letters": "AELRTY",
"mov": 26,
"shovels": 1,
"coins": 5,
"rows": 15,
"cols": 15,
"c": 0,
"b": -1,
"w": 13,
"h": 11,
"dws": [
"RET",
"ARE",
"YAR",
"EYRA",
"ARET",
"TAR",
"YER",
"TELA",
"RAYLE",
"YET",
"ATE",
"YALE",
"TYER",
"RYA",
"TEA",
"ERA",
"LARE",
"ARY",
"LYART",
"RAY",
"YARE",
"YELT",
"TALE",
"TAE",
"ELT",
"TREY",
"TARE",
"LAY",
"AYRE",
"EAT",
"RATEL",
"ALE",
"RALE",
"LYRE",
"TEL",
"YATE",
"ALT",
"LYTE",
"LEA",
"ELYTRA",
"AERY",
"LAER",
"LEAT",
"ARYL",
"RYE",
"TALER",
"EAR",
"TRYE",
"LAT",
"LEAR",
"ARLE",
"ART",
"TRY",
"LYRATE",
"TELARY",
"AYE",
"TYRE",
"ETA",
"YAE",
"LAR",
"TYE",
"LYE",
"TAY",
"YEA",
"TEAL",
"LET",
"RYAL",
"LYRA",
"RAT",
"LATE",
"TAEL",
"LEARY",
"ARTEL",
"LEY"
],
"ws": [
{
"w": "EARL",
"v": true,
"row": 4,
"col": 0,
"def": "A British nobleman next in rank above a viscount and below a marquess; equivalent to a European count. A female using the style is termed a countess."
},
{
"w": "RATE",
"v": false,
"row": 6,
"col": 0,
"def": "A wage calculated in relation to a unit of time."
},
{
"w": "REAL",
"v": false,
"row": 9,
"col": 2,
"def": "A commodity; see reality."
},
{
"w": "RELY",
"v": true,
"row": 7,
"col": 5,
"def": "To rest with confidence, as when fully satisfied of the veracity, integrity, or ability of persons, or of the certainty of facts or of evidence; to have confidence; to trust; to depend."
},
{
"w": "TEAR",
"v": false,
"row": 2,
"col": 1,
"def": "To rend (a solid material) by holding or restraining in two places and pulling apart, whether intentionally or not; to destroy or separate."
},
{
"w": "TRAY",
"v": true,
"row": 1,
"col": 4,
"def": "Trouble; annoyance; anger."
},
{
"w": "YEAR",
"v": true,
"row": 1,
"col": 2,
"def": "The time it takes the Earth to complete one revolution of the Sun (between 365.24 and 365.26 days depending on the point of reference)."
},
{
"w": "ARTY",
"v": false,
"row": 7,
"col": 4,
"def": "Pretending to artistic worth; high-flown."
},
{
"w": "ALERT",
"v": true,
"row": 3,
"col": 6,
"def": "Attentive; awake; on-guard."
},
{
"w": "ALTER",
"v": false,
"row": 9,
"col": 7,
"def": "To change the form or structure of."
},
{
"w": "EARLY",
"v": false,
"row": 4,
"col": 0,
"def": "At a time in advance of the usual or expected event."
},
{
"w": "LATER",
"v": false,
"row": 4,
"col": 6,
"def": "Comparative form of late: more late."
},
{
"w": "LAYER",
"v": true,
"row": 0,
"col": 10,
"def": "A single thickness of some material covering a surface."
},
{
"w": "RELAY",
"v": false,
"row": 0,
"col": 8,
"def": "To lay (for example, flooring or railroad track) again."
},
{
"w": "TEARY",
"v": true,
"row": 6,
"col": 2,
"def": "Of a person, having eyes filled with tears; inclined to cry."
},
{
"w": "REALTY",
"v": true,
"row": 0,
"col": 8,
"def": "Real estate; a piece of real property; land."
}
]
}