{
"id": 3203,
"sub_category": "Chill Packx",
"category": "Basin Group",
"type": 0,
"letters": "DEFNRU",
"mov": 30,
"shovels": 1,
"coins": 5,
"rows": 15,
"cols": 15,
"c": 0,
"b": -1,
"w": 14,
"h": 10,
"dws": [
"FERN",
"NUR",
"URD",
"DURE",
"FEU",
"FED",
"ERN",
"ENUF",
"FUR",
"RUED",
"FER",
"DERN",
"UNFED",
"UNRED",
"RUND",
"DUE",
"RUNED",
"REN",
"NUDER",
"UNDE",
"URE",
"DEF",
"NURD",
"NED",
"FUNDER",
"RUD",
"FEN",
"NEF",
"ERF",
"FUD",
"URDE",
"DURN"
],
"ws": [
{
"w": "DEN",
"v": true,
"row": 5,
"col": 8,
"def": "The home of certain animals."
},
{
"w": "END",
"v": false,
"row": 9,
"col": 4,
"def": "The final point of something in space or time."
},
{
"w": "FUN",
"v": true,
"row": 5,
"col": 13,
"def": "Enjoyable, amusing."
},
{
"w": "RED",
"v": true,
"row": 7,
"col": 6,
"def": "Having red as its colour."
},
{
"w": "RUN",
"v": false,
"row": 7,
"col": 6,
"def": "Act or instance of running, of moving rapidly using the feet."
},
{
"w": "URN",
"v": true,
"row": 5,
"col": 1,
"def": "A vase with a footed base."
},
{
"w": "RUE",
"v": true,
"row": 7,
"col": 4,
"def": "Repentance, regret."
},
{
"w": "REF",
"v": true,
"row": 3,
"col": 0,
"def": "Referee."
},
{
"w": "DUN",
"v": false,
"row": 7,
"col": 11,
"def": "A brownish grey colour."
},
{
"w": "DUNE",
"v": false,
"row": 5,
"col": 8,
"def": "A ridge or hill of sand piled up by the wind."
},
{
"w": "FUND",
"v": false,
"row": 5,
"col": 0,
"def": "A sum or source of money."
},
{
"w": "RUDE",
"v": false,
"row": 3,
"col": 0,
"def": "Bad mannered."
},
{
"w": "FEND",
"v": true,
"row": 2,
"col": 3,
"def": "An enemy; fiend; the Devil."
},
{
"w": "FEUD",
"v": true,
"row": 4,
"col": 11,
"def": "A state of long-standing mutual hostility."
},
{
"w": "NERD",
"v": false,
"row": 4,
"col": 3,
"def": "A person who is intellectual but generally introverted."
},
{
"w": "NUDE",
"v": false,
"row": 3,
"col": 6,
"def": "Without clothing or other covering of the skin."
},
{
"w": "REND",
"v": true,
"row": 1,
"col": 6,
"def": "To separate into parts with force or sudden violence; to tear asunder; to split; to burst."
},
{
"w": "RUNE",
"v": true,
"row": 0,
"col": 9,
"def": "A letter, or character, belonging to the written language of various ancient Germanic peoples, especially the Scandinavians and the Anglo-Saxons."
},
{
"w": "UNDER",
"v": false,
"row": 7,
"col": 0,
"def": "In a lower level than."
},
{
"w": "REFUND",
"v": false,
"row": 1,
"col": 6,
"def": "To return (money) to (someone)."
}
]
}