{
"id": 3205,
"sub_category": "Chill Packx",
"category": "Basin Group",
"type": 0,
"letters": "AELMNW",
"mov": 30,
"shovels": 1,
"coins": 5,
"rows": 15,
"cols": 15,
"c": 0,
"b": -1,
"w": 13,
"h": 10,
"dws": [
"NEMA",
"MEW",
"NAE",
"WAME",
"MAE",
"MEN",
"NEAL",
"ALME",
"LEAM",
"MAWN",
"ANE",
"LAWE",
"MEWL",
"MELA",
"AMEN",
"LEW",
"EAN",
"LEMAN",
"WEAL",
"LEA",
"AME",
"MEL",
"NAM",
"WALE",
"WEM",
"ELAN",
"LEAN",
"ALEW",
"AWL",
"MNA",
"WEN",
"WAN",
"WAE",
"MAL",
"NAME",
"AWN"
],
"ws": [
{
"w": "ALE",
"v": false,
"row": 7,
"col": 9,
"def": "An intoxicating liquor made from an infusion of malt by fermentation and the addition of a bitter, usually hops."
},
{
"w": "AWE",
"v": true,
"row": 5,
"col": 11,
"def": "A feeling of fear and reverence."
},
{
"w": "ELM",
"v": false,
"row": 3,
"col": 10,
"def": "A tree of the genus Ulmus of the family Ulmaceae, large deciduous trees with alternate stipulate leaves and small apetalous flowers."
},
{
"w": "LAW",
"v": true,
"row": 5,
"col": 7,
"def": "The body of rules and standards issued by a government, or to be applied by courts and similar authorities."
},
{
"w": "MAN",
"v": true,
"row": 3,
"col": 12,
"def": "An adult male human."
},
{
"w": "NEW",
"v": false,
"row": 2,
"col": 3,
"def": "Recently made, or created."
},
{
"w": "NAW",
"v": true,
"row": 2,
"col": 3,
"def": "Eye dialect spelling of no."
},
{
"w": "LAM",
"v": false,
"row": 0,
"col": 5,
"def": "Used in the expression on the lam to mean that a person is fleeing law enforcement, possibly in hiding."
},
{
"w": "MAW",
"v": false,
"row": 4,
"col": 1,
"def": "The stomach, especially of an animal."
},
{
"w": "LAME",
"v": false,
"row": 6,
"col": 6,
"def": "Unable to walk properly because of a problem with one's feet or legs."
},
{
"w": "LANE",
"v": true,
"row": 0,
"col": 10,
"def": "A narrow passageway between fences, walls, hedges or trees."
},
{
"w": "LAWN",
"v": false,
"row": 2,
"col": 7,
"def": "An open space between woods."
},
{
"w": "MALE",
"v": true,
"row": 0,
"col": 7,
"def": "Someone of male (masculine) gender:."
},
{
"w": "MANE",
"v": true,
"row": 4,
"col": 1,
"def": "Longer hair growth on back of neck of an animal, especially a horse or lion."
},
{
"w": "MEAL",
"v": true,
"row": 5,
"col": 9,
"def": "Food that is prepared and eaten, usually at a specific time (e.g. breakfast = morning meal, lunch = noon meal, etc)."
},
{
"w": "MEAN",
"v": false,
"row": 5,
"col": 9,
"def": "To intend."
},
{
"w": "ANEW",
"v": false,
"row": 6,
"col": 0,
"def": "Again, once more."
},
{
"w": "WANE",
"v": true,
"row": 6,
"col": 3,
"def": "A gradual diminution in power, value, intensity etc."
},
{
"w": "WEAN",
"v": false,
"row": 9,
"col": 2,
"def": "To cease giving milk to an offspring."
},
{
"w": "LAWMEN",
"v": true,
"row": 0,
"col": 5,
"def": "Plural form of lawman."
}
]
}