{
"id": 3219,
"sub_category": "Slope Pack",
"category": "Basin Group",
"type": 0,
"letters": "CDEIOP",
"mov": 26,
"shovels": 1,
"coins": 5,
"rows": 15,
"cols": 15,
"c": 0,
"b": -1,
"w": 12,
"h": 9,
"dws": [
"DIE",
"EPODIC",
"CID",
"ECO",
"DEP",
"OPE",
"PEC",
"ODIC",
"DEI",
"PED",
"POI",
"DECO",
"IDE",
"OPED",
"CODE",
"COPE",
"DOP",
"PIED",
"ECOD",
"CEDI",
"PICE",
"CEP",
"COED"
],
"ws": [
{
"w": "COD",
"v": true,
"row": 4,
"col": 1,
"def": "A bag."
},
{
"w": "COP",
"v": true,
"row": 6,
"col": 3,
"def": "To (be forced to) take; to receive; to shoulder; to bear, especially blame or punishment for a particular instance of wrongdoing."
},
{
"w": "DIP",
"v": false,
"row": 2,
"col": 2,
"def": "A lower section of a road or geological feature."
},
{
"w": "DOC",
"v": false,
"row": 6,
"col": 1,
"def": "A doctor."
},
{
"w": "ICE",
"v": false,
"row": 4,
"col": 0,
"def": "Water in frozen (solid) form."
},
{
"w": "PIE",
"v": false,
"row": 8,
"col": 3,
"def": "A type of pastry that consists of an outer crust and a filling."
},
{
"w": "POD",
"v": true,
"row": 2,
"col": 8,
"def": "A seed case for legumes (e.g. peas, beans, peppers)."
},
{
"w": "DOE",
"v": true,
"row": 2,
"col": 2,
"def": "A female deer; also used of similar animals such as reindeer, antelope, goat."
},
{
"w": "PIC",
"v": true,
"row": 2,
"col": 4,
"def": "A picture, especially a photographic image."
},
{
"w": "ODE",
"v": true,
"row": 6,
"col": 5,
"def": "A short poetical composition proper to be set to music or sung; a lyric poem; esp., now, a poem characterized by sustained noble sentiment and appropriate dignity of style."
},
{
"w": "DICE",
"v": false,
"row": 7,
"col": 5,
"def": "Plural form of die."
},
{
"w": "DOPE",
"v": false,
"row": 0,
"col": 4,
"def": "Any viscous liquid or paste, such as a lubricant, used in preparing a surface."
},
{
"w": "EPIC",
"v": true,
"row": 4,
"col": 7,
"def": "An extended narrative poem in elevated or dignified language, celebrating the feats of a deity or demigod (heroic epic) or other legendary or traditional hero."
},
{
"w": "ICED",
"v": true,
"row": 0,
"col": 10,
"def": "With ice added."
},
{
"w": "COPED",
"v": false,
"row": 4,
"col": 4,
"def": "Simple past tense and past participle of cope."
},
{
"w": "COPIED",
"v": false,
"row": 2,
"col": 6,
"def": "Simple past tense and past participle of copy."
}
]
}