{
"id": 3235,
"sub_category": "Rock Packx",
"category": "Basin Group",
"type": 0,
"letters": "LOOPRY",
"mov": 18,
"shovels": 1,
"coins": 5,
"rows": 15,
"cols": 15,
"c": 0,
"b": -1,
"w": 9,
"h": 7,
"dws": [
"LOR",
"PROO",
"YOOP",
"ROPY",
"OOP",
"OOR",
"PRO",
"LORY",
"PRY",
"LOOR",
"YORP",
"LOO",
"ROOPY",
"PYRO",
"ORLOP",
"LOY",
"PORY",
"ROO",
"POL",
"LOP",
"POO",
"ROOP",
"PLY"
],
"ws": [
{
"w": "LOOP",
"v": true,
"row": 0,
"col": 5,
"def": "A length of thread, line or rope that is doubled over to make an opening; the opening so formed."
},
{
"w": "PLOY",
"v": false,
"row": 3,
"col": 5,
"def": "A tactic, strategy, or gimmick."
},
{
"w": "POLO",
"v": true,
"row": 3,
"col": 1,
"def": "A ball game where two teams of players on horseback use long-handled mallets to propel the ball along the ground and into their opponent's goal."
},
{
"w": "POOL",
"v": false,
"row": 1,
"col": 3,
"def": "A small and rather deep collection of (usually) fresh water, as one supplied by a spring, or occurring in the course of a stream; a reservoir for water."
},
{
"w": "POOR",
"v": false,
"row": 4,
"col": 0,
"def": "With little or no possessions or money."
},
{
"w": "POLY",
"v": false,
"row": 6,
"col": 0,
"def": "Short form of polytechnic."
},
{
"w": "LOOPY",
"v": true,
"row": 2,
"col": 7,
"def": "Having loops."
},
{
"w": "POORLY",
"v": true,
"row": 1,
"col": 3,
"def": "In a poor manner."
}
]
}