{
"id": 326,
"sub_category": "Crest Pack",
"category": "Mountain Group",
"type": 0,
"letters": "DEILTU",
"mov": 22,
"shovels": 1,
"coins": 5,
"rows": 15,
"cols": 15,
"c": 0,
"b": -1,
"w": 11,
"h": 8,
"dws": [
"DIE",
"LEI",
"LIE",
"LIT",
"LIEU",
"LITU",
"UTE",
"TUI",
"LEUD",
"LID",
"ELT",
"TULE",
"DEIL",
"TID",
"TUILE",
"TEL",
"DEI",
"TILE",
"LUTED",
"TIL",
"DUE",
"IDE",
"ELD",
"UTILE",
"DIEL",
"DIT",
"ETUI",
"TILDE",
"DUIT",
"TIE",
"DULE",
"EILD",
"TEIL",
"ULE",
"LED",
"LEU",
"TED",
"DELT",
"LET",
"DUI",
"LUDE",
"DITE",
"LUD",
"TELD",
"LITE",
"DEL"
],
"ws": [
{
"w": "DIET",
"v": false,
"row": 2,
"col": 6,
"def": "The food and beverage a person or animal consumes."
},
{
"w": "DUEL",
"v": false,
"row": 0,
"col": 1,
"def": "Arranged, regular combat between two private persons, often over a matter of honor."
},
{
"w": "EDIT",
"v": true,
"row": 4,
"col": 9,
"def": "A change to the text of a document."
},
{
"w": "LIED",
"v": true,
"row": 3,
"col": 5,
"def": "An art song, sung in German and accompanied on the piano."
},
{
"w": "TIDE",
"v": true,
"row": 0,
"col": 6,
"def": "The periodic change of the sea level, particularly when caused by the gravitational influence of the sun and the moon."
},
{
"w": "TIED",
"v": false,
"row": 4,
"col": 7,
"def": "Connected."
},
{
"w": "DELI",
"v": true,
"row": 1,
"col": 8,
"def": "A shop that sells cooked or prepared food ready for serving."
},
{
"w": "IDLE",
"v": false,
"row": 3,
"col": 3,
"def": "Empty, vacant."
},
{
"w": "LUTE",
"v": false,
"row": 5,
"col": 2,
"def": "A fretted stringed instrument, similar to a guitar, having a bowl-shaped body or soundbox."
},
{
"w": "TILED",
"v": false,
"row": 7,
"col": 0,
"def": "Simple past tense and past participle of tile."
},
{
"w": "DILUTE",
"v": true,
"row": 2,
"col": 3,
"def": "To make thinner by adding solvent to a solution; especially by adding water."
},
{
"w": "DUET",
"v": true,
"row": 4,
"col": 0,
"def": "A musical composition in two parts, each performed by a single voice (singer, instrument or univoce ensemble)."
}
]
}