{
"id": 3310,
"sub_category": "River Packx",
"category": "View Group",
"type": 0,
"letters": "ADEKNS",
"mov": 26,
"shovels": 1,
"coins": 5,
"rows": 15,
"cols": 15,
"c": 0,
"b": -1,
"w": 12,
"h": 12,
"dws": [
"SKEAN",
"KAE",
"SANED",
"ANS",
"SED",
"NEDS",
"NAE",
"NEK",
"KAED",
"KANE",
"END",
"DAS",
"KANS",
"DAK",
"SENA",
"KEN",
"DAKS",
"DAE",
"ANE",
"SKA",
"NADS",
"DAES",
"DNA",
"ADS",
"KADE",
"DEN",
"SEN",
"EANS",
"SKEN",
"EAN",
"DANKS",
"KAS",
"SNEAD",
"KNEADS",
"NAS",
"KED",
"ANDS",
"DEANS",
"SAD",
"KAES",
"SADE",
"SAE",
"DAN",
"KEAS",
"SKED",
"SEAN",
"KENS",
"NAKED",
"SNED",
"SANDEK",
"NAES",
"ENS",
"ASK",
"AKED",
"KAN",
"NED",
"SAN",
"NEKS",
"AKE",
"EDS",
"EAS",
"SEA",
"AKES",
"KANES",
"AND",
"ANES",
"DANS",
"KEA",
"KEDS",
"KADES"
],
"ws": [
{
"w": "DEAN",
"v": false,
"row": 10,
"col": 2,
"def": "A senior official in a college or university, who may be in charge of a division or faculty (for example, the dean of science) or have some other advisory or disciplinary function (for example, the dean of students)."
},
{
"w": "DENS",
"v": true,
"row": 5,
"col": 1,
"def": "Plural form of den."
},
{
"w": "DESK",
"v": false,
"row": 5,
"col": 1,
"def": "A table, frame, or case, usually with sloping top, but often with flat top, for the use writers and readers. It often has a drawer or repository underneath."
},
{
"w": "ENDS",
"v": false,
"row": 7,
"col": 0,
"def": "Plural form of end."
},
{
"w": "SAKE",
"v": true,
"row": 7,
"col": 3,
"def": "Cause, interest or account."
},
{
"w": "SAND",
"v": false,
"row": 2,
"col": 2,
"def": "Rock that is ground more finely than gravel, but is not as fine as silt (more formally, see grain sizes chart), forming beaches and deserts and also used in construction."
},
{
"w": "SANE",
"v": true,
"row": 2,
"col": 2,
"def": "Being in a healthy condition; not deranged; acting rationally; -- regarding the mind."
},
{
"w": "SANK",
"v": true,
"row": 0,
"col": 4,
"def": "Simple past of sink."
},
{
"w": "SEND",
"v": true,
"row": 8,
"col": 5,
"def": "To make something (such as an object or message) go from one place to another."
},
{
"w": "DANK",
"v": true,
"row": 0,
"col": 7,
"def": "(intransitive) To moisten, dampen; used of mist, dew etc."
},
{
"w": "ASKED",
"v": false,
"row": 0,
"col": 3,
"def": "Simple past tense and past participle of ask."
},
{
"w": "SEDAN",
"v": true,
"row": 2,
"col": 9,
"def": "An enclosed windowed chair suitable for a single occupant, carried by at least two porters, in equal numbers in front and behind, using wooden rails that passed through metal brackets on the sides of the chair."
},
{
"w": "SNAKE",
"v": false,
"row": 5,
"col": 7,
"def": "A legless reptile of the sub-order Serpentes with a long, thin body and a fork-shaped tongue."
},
{
"w": "SNEAK",
"v": true,
"row": 5,
"col": 7,
"def": "A mean, sneaking fellow."
},
{
"w": "KNEAD",
"v": false,
"row": 3,
"col": 7,
"def": "To work and press into a mass, usually with the hands; especially, to work, as by repeated pressure with the knuckles, into a well mixed mass, the materials of bread, cake, etc."
},
{
"w": "SNAKED",
"v": false,
"row": 8,
"col": 5,
"def": "Simple past tense and past participle of snake."
}
]
}