{
"id": 3321,
"sub_category": "Cliff Packx",
"category": "View Group",
"type": 0,
"letters": "ELORSY",
"mov": 28,
"shovels": 1,
"coins": 5,
"rows": 15,
"cols": 15,
"c": 0,
"b": -1,
"w": 13,
"h": 10,
"dws": [
"YORES",
"OYS",
"YER",
"LOR",
"LES",
"EORL",
"REOS",
"ROLES",
"SLOE",
"ROES",
"RYES",
"EORLS",
"SER",
"OSE",
"ORLES",
"SEY",
"REO",
"OLE",
"OYE",
"SOLER",
"LORY",
"SEL",
"SOREL",
"ERS",
"LORES",
"SOYLE",
"LYRES",
"ORES",
"LOS",
"ORLE",
"LYSE",
"OES",
"LYES",
"OLES",
"SLYER",
"LOY",
"ELS",
"OYERS",
"EROS",
"ROE",
"SLEY",
"ORS",
"LEYS",
"LOYS",
"RES",
"OYER",
"OYES",
"SOL",
"SYE",
"LEY"
],
"ws": [
{
"w": "ORE",
"v": true,
"row": 7,
"col": 9,
"def": "Rock that contains utilitarian materials; primarily a rock containing metals or gems which (at the time of the rock's evaluation and proposal for extraction) are able to be separated from its neighboring minerals and processed at a cost that does not exceed those materials' present-day economic values."
},
{
"w": "RYE",
"v": false,
"row": 8,
"col": 9,
"def": "Caraway (from the mistaken assumption that the whole seeds, often used to season rye bread, are the rye itself)."
},
{
"w": "SLY",
"v": false,
"row": 6,
"col": 10,
"def": "Artfully cunning; secretly mischievous; wily."
},
{
"w": "SOY",
"v": true,
"row": 7,
"col": 4,
"def": "A Chinese and Japanese liquid sauce for fish, made by subjecting boiled beans to long fermentation and then long digestion in salt and water. US preference is the term soy sauce."
},
{
"w": "YES",
"v": true,
"row": 7,
"col": 6,
"def": "A word used to show agreement or acceptance."
},
{
"w": "LYE",
"v": true,
"row": 6,
"col": 11,
"def": "A strong caustic alkaline solution of potassium or sodium salts, obtained by leaching wood ashes. It is much used in making soap as well as its use in biodiesel."
},
{
"w": "LOSE",
"v": false,
"row": 4,
"col": 9,
"def": "To cause (something) to cease to be in one's possession or capability due to unfortunate or unknown circumstances, events or reasons."
},
{
"w": "RELY",
"v": true,
"row": 3,
"col": 12,
"def": "To rest with confidence, as when fully satisfied of the veracity, integrity, or ability of persons, or of the certainty of facts or of evidence; to have confidence; to trust; to depend."
},
{
"w": "ROLE",
"v": false,
"row": 8,
"col": 3,
"def": "A character or part played by a performer or actor."
},
{
"w": "ROSE",
"v": false,
"row": 0,
"col": 7,
"def": "A shrub of the genus Rosa, with red, pink, white or yellow flowers."
},
{
"w": "ROSY",
"v": true,
"row": 0,
"col": 7,
"def": "Rose-coloured."
},
{
"w": "SOLE",
"v": false,
"row": 9,
"col": 6,
"def": "A wooden band or yoke put around the neck of an ox or cow in the stall."
},
{
"w": "SORE",
"v": false,
"row": 6,
"col": 0,
"def": "Causing pain or discomfort; painfully sensitive."
},
{
"w": "LORE",
"v": true,
"row": 2,
"col": 5,
"def": "All the facts and traditions about a particular subject that have been accumulated over time through education or experience."
},
{
"w": "YORE",
"v": false,
"row": 4,
"col": 3,
"def": "Time long past."
},
{
"w": "LYRE",
"v": true,
"row": 3,
"col": 3,
"def": "A stringed musical instrument."
},
{
"w": "LOSER",
"v": false,
"row": 2,
"col": 5,
"def": "A person who fails to win."
},
{
"w": "SORELY",
"v": true,
"row": 0,
"col": 9,
"def": "In a sore or desperate manner."
}
]
}