{
"id": 3323,
"sub_category": "Cliff Packx",
"category": "View Group",
"type": 0,
"letters": "ELMRTY",
"mov": 18,
"shovels": 1,
"coins": 5,
"rows": 15,
"cols": 15,
"c": 0,
"b": -1,
"w": 7,
"h": 7,
"dws": [
"RET",
"RELY",
"YLEM",
"YER",
"TYER",
"LYME",
"YELT",
"LYM",
"ELT",
"TREY",
"MELTY",
"LYRE",
"TEL",
"LYTE",
"TERMLY",
"YELM",
"ELMY",
"MEL",
"RYE",
"TRYE",
"TRY",
"MERL",
"TYRE",
"TYE",
"LYE",
"TREM",
"ERM",
"LEY"
],
"ws": [
{
"w": "ELM",
"v": true,
"row": 2,
"col": 4,
"def": "A tree of the genus Ulmus of the family Ulmaceae, large deciduous trees with alternate stipulate leaves and small apetalous flowers."
},
{
"w": "LET",
"v": true,
"row": 0,
"col": 5,
"def": "To allow to, not to prevent (+ infinitive, but usually without to)."
},
{
"w": "MET",
"v": false,
"row": 2,
"col": 3,
"def": "Simple past tense and past participle of meet."
},
{
"w": "YET",
"v": false,
"row": 6,
"col": 0,
"def": "To melt; found; cast, as metal."
},
{
"w": "REM",
"v": true,
"row": 0,
"col": 3,
"def": "Rapid eye movement, a sleep state."
},
{
"w": "MELT",
"v": true,
"row": 3,
"col": 2,
"def": "Molten material, the product of melting."
},
{
"w": "TERM",
"v": false,
"row": 4,
"col": 1,
"def": "Limitation, restriction or regulation."
},
{
"w": "MYRTLE",
"v": false,
"row": 0,
"col": 1,
"def": "An evergreen shrub or small tree of the genus Myrtus, native to southern Europe and north Africa."
}
]
}