{
"id": 3331,
"sub_category": "Rapid Pack",
"category": "View Group",
"type": 0,
"letters": "ADENRR",
"mov": 18,
"shovels": 1,
"coins": 5,
"rows": 15,
"cols": 15,
"c": 0,
"b": -1,
"w": 8,
"h": 8,
"dws": [
"RADE",
"RED",
"ARE",
"EARN",
"DREAR",
"RERAN",
"DARNER",
"NAE",
"ERA",
"REAR",
"END",
"RAND",
"ERN",
"REDAN",
"ARD",
"NARRE",
"EARD",
"DAE",
"ANE",
"NARD",
"DNA",
"DEN",
"DERN",
"EAN",
"DEARN",
"RAN",
"RARE",
"DENAR",
"RAD",
"ERR",
"RNA",
"EAR",
"DAN",
"REN",
"DARER",
"REAN",
"NEAR",
"NED",
"RARED",
"ARED",
"NARE",
"AND"
],
"ws": [
{
"w": "DARE",
"v": true,
"row": 1,
"col": 5,
"def": "To have enough courage (to do something)."
},
{
"w": "DARN",
"v": true,
"row": 4,
"col": 4,
"def": "Damn."
},
{
"w": "DEAN",
"v": false,
"row": 3,
"col": 0,
"def": "A senior official in a college or university, who may be in charge of a division or faculty (for example, the dean of science) or have some other advisory or disciplinary function (for example, the dean of students)."
},
{
"w": "DEAR",
"v": false,
"row": 4,
"col": 4,
"def": "Loved; lovable."
},
{
"w": "READ",
"v": true,
"row": 1,
"col": 2,
"def": "A reading or an act of reading, especially an actor's part of a play."
},
{
"w": "NERD",
"v": true,
"row": 0,
"col": 0,
"def": "A person who is intellectual but generally introverted."
},
{
"w": "REND",
"v": false,
"row": 6,
"col": 4,
"def": "To separate into parts with force or sudden violence; to tear asunder; to split; to burst."
},
{
"w": "ERRAND",
"v": false,
"row": 1,
"col": 0,
"def": "A trip to accomplish a small mission or to do some business (dropping items by, doing paperwork, going to a friend's house, etc.)."
}
]
}