{
"id": 3333,
"sub_category": "Rapid Pack",
"category": "View Group",
"type": 0,
"letters": "ABBORS",
"mov": 20,
"shovels": 1,
"coins": 5,
"rows": 15,
"cols": 15,
"c": 0,
"b": -1,
"w": 10,
"h": 8,
"dws": [
"BAR",
"ROB",
"ARBS",
"OBA",
"BOARS",
"OSAR",
"ORB",
"BROS",
"BOBAS",
"ABBS",
"ABOS",
"ORA",
"BOR",
"BOA",
"BRO",
"ABB",
"BORA",
"ABO",
"ARS",
"SAR",
"OBAS",
"BOAS",
"BORS",
"SOBA",
"ARB",
"OBS",
"SORB",
"BOAB",
"ORS",
"BORAS",
"BOABS",
"BRA",
"RAS",
"SOB",
"BOBA",
"BOB",
"SORA",
"BARBS",
"OAR",
"SAB",
"ABS",
"BOS",
"BAS"
],
"ws": [
{
"w": "BARS",
"v": false,
"row": 6,
"col": 5,
"def": "Plural form of bar."
},
{
"w": "BOAR",
"v": false,
"row": 6,
"col": 0,
"def": "A wild boar (Sus scrofa), the wild ancestor of the domesticated pig."
},
{
"w": "BOBS",
"v": true,
"row": 4,
"col": 5,
"def": "Third-person singular simple present indicative form of bob."
},
{
"w": "BRAS",
"v": true,
"row": 3,
"col": 8,
"def": "Plural form of bra."
},
{
"w": "OARS",
"v": true,
"row": 4,
"col": 3,
"def": "Plural form of oar."
},
{
"w": "ROBS",
"v": false,
"row": 3,
"col": 6,
"def": "Third-person singular simple present indicative form of rob."
},
{
"w": "SOAR",
"v": true,
"row": 0,
"col": 6,
"def": "To fly aloft with little effort, as a bird."
},
{
"w": "ORBS",
"v": false,
"row": 0,
"col": 3,
"def": "Plural form of orb."
},
{
"w": "BARB",
"v": true,
"row": 3,
"col": 0,
"def": "The point that stands backward in an arrow, fishhook, etc., to prevent it from being easily extracted. Hence: Anything which stands out with a sharp point obliquely or crosswise to something else."
},
{
"w": "ABSORB",
"v": false,
"row": 4,
"col": 0,
"def": "To assume or pay for as part of a commercial transaction."
}
]
}