{
"id": 3345,
"sub_category": "Pine Packx",
"category": "View Group",
"type": 0,
"letters": "BNOTTU",
"mov": 16,
"shovels": 1,
"coins": 5,
"rows": 15,
"cols": 15,
"c": 0,
"b": -1,
"w": 7,
"h": 6,
"dws": [
"TUB",
"BOUN",
"BOTT",
"TUT",
"BUT",
"NOB",
"NUT",
"NOTT",
"TUN",
"NUB",
"TOUN",
"BON",
"BUN",
"BOT",
"NOUT",
"TON",
"NOT",
"OUT",
"TOT"
],
"ws": [
{
"w": "BOUT",
"v": true,
"row": 1,
"col": 6,
"def": "A period of something, usually painful or unpleasant."
},
{
"w": "BUNT",
"v": false,
"row": 5,
"col": 1,
"def": "The middle part, cavity, or belly of a sail; the part of a furled sail which is at the center of the yard."
},
{
"w": "UNTO",
"v": false,
"row": 2,
"col": 3,
"def": "Up to the time or degree that; until; till."
},
{
"w": "TOUT",
"v": true,
"row": 0,
"col": 3,
"def": "Someone advertising for customers in an aggressive way."
},
{
"w": "BUTT",
"v": true,
"row": 0,
"col": 0,
"def": "The buttocks; used as a euphemism."
},
{
"w": "BUTTON",
"v": false,
"row": 0,
"col": 0,
"def": "A mechanical device meant to be pressed with a finger in order to open or close an electric circuit or to activate a mechanism."
}
]
}