{
"id": 3349,
"sub_category": "Pine Packx",
"category": "View Group",
"type": 0,
"letters": "EFFRSU",
"mov": 16,
"shovels": 1,
"coins": 5,
"rows": 15,
"cols": 15,
"c": 0,
"b": -1,
"w": 6,
"h": 6,
"dws": [
"EFFS",
"SUER",
"FEU",
"SER",
"RUSE",
"RUFF",
"RUFFS",
"FEUS",
"FES",
"FUR",
"FER",
"ERS",
"RUFFE",
"SUE",
"EFF",
"RUFFES",
"URES",
"RUE",
"URE",
"SURE",
"REF",
"EFS",
"SERF",
"RUES",
"RES",
"ERF",
"USE"
],
"ws": [
{
"w": "FURS",
"v": false,
"row": 0,
"col": 2,
"def": "Plural form of fur."
},
{
"w": "FUSE",
"v": true,
"row": 2,
"col": 3,
"def": "A cord that, when lit, conveys the fire to some explosive device."
},
{
"w": "SURF",
"v": true,
"row": 0,
"col": 5,
"def": "Waves that break on an ocean shoreline."
},
{
"w": "USER",
"v": true,
"row": 2,
"col": 1,
"def": "One who uses or makes use of something, a consumer."
},
{
"w": "REFS",
"v": false,
"row": 4,
"col": 0,
"def": "Plural form of ref."
},
{
"w": "SUFFER",
"v": false,
"row": 2,
"col": 0,
"def": "To undergo hardship."
}
]
}