{
"id": 3358,
"sub_category": "Pine Packx",
"category": "View Group",
"type": 0,
"letters": "AEMPRV",
"mov": 20,
"shovels": 1,
"coins": 5,
"rows": 15,
"cols": 15,
"c": 0,
"b": -1,
"w": 9,
"h": 8,
"dws": [
"MAR",
"ARE",
"REM",
"AVER",
"PAVER",
"PAR",
"RAP",
"ARM",
"VERA",
"ERA",
"MAE",
"REAM",
"PAM",
"PEA",
"RAV",
"AVE",
"REMAP",
"PAV",
"VAMPER",
"RAM",
"REV",
"AME",
"APER",
"EAR",
"RAPE",
"PER",
"AMP",
"MAP",
"VARE",
"VAR",
"PERV",
"VAE",
"PARVE",
"PREM",
"APE",
"REP",
"PRAM",
"PRE",
"ERM"
],
"ws": [
{
"w": "MARE",
"v": false,
"row": 6,
"col": 5,
"def": "An adult female horse."
},
{
"w": "PAVE",
"v": false,
"row": 7,
"col": 0,
"def": "To cover something with paving slabs."
},
{
"w": "PEAR",
"v": false,
"row": 3,
"col": 5,
"def": "An edible fruit produced by the pear tree, similar to an apple but elongated towards the stem."
},
{
"w": "RAMP",
"v": false,
"row": 2,
"col": 1,
"def": "An inclined surface that connects two levels; an incline."
},
{
"w": "REAP",
"v": true,
"row": 2,
"col": 1,
"def": "To cut with a sickle, scythe, or reaping machine, as grain; to gather, as a harvest, by cutting."
},
{
"w": "PARE",
"v": true,
"row": 0,
"col": 6,
"def": "To remove the outer covering or skin of something with a cutting device, typically a knife."
},
{
"w": "RAVE",
"v": true,
"row": 3,
"col": 8,
"def": "An enthusiastic review (such as of a play)."
},
{
"w": "PERM",
"v": true,
"row": 3,
"col": 5,
"def": "A permanent."
},
{
"w": "VAMP",
"v": true,
"row": 0,
"col": 3,
"def": "Something added to give an old thing a new appearance; a patch."
},
{
"w": "REVAMP",
"v": false,
"row": 0,
"col": 1,
"def": "To renovate, revise, improve or renew; to patch."
}
]
}