{
"id": 3362,
"sub_category": "Below Packx",
"category": "Precipice Group",
"type": 0,
"letters": "CDEIKN",
"mov": 22,
"shovels": 1,
"coins": 5,
"rows": 15,
"cols": 15,
"c": 0,
"b": -1,
"w": 10,
"h": 10,
"dws": [
"DIE",
"NID",
"CID",
"NIDE",
"NEK",
"END",
"DIN",
"DEN",
"NIED",
"DEI",
"KED",
"IDE",
"NIE",
"KID",
"DICK",
"CINE",
"INK",
"ICE",
"NED",
"EIK",
"CEDI",
"ICK",
"DENI",
"KIN",
"KINE",
"KEN"
],
"ws": [
{
"w": "DECK",
"v": false,
"row": 8,
"col": 1,
"def": "Any flat surface that can be walked on: a balcony; a porch; a raised patio; a flat rooftop."
},
{
"w": "DICE",
"v": false,
"row": 0,
"col": 5,
"def": "Plural form of die."
},
{
"w": "DINE",
"v": false,
"row": 4,
"col": 0,
"def": "To eat; to eat dinner or supper."
},
{
"w": "ICED",
"v": true,
"row": 6,
"col": 2,
"def": "With ice added."
},
{
"w": "KIND",
"v": false,
"row": 6,
"col": 1,
"def": "Affectionate, showing benevolence."
},
{
"w": "NECK",
"v": true,
"row": 4,
"col": 6,
"def": "The part of body connecting the head and the trunk found in humans and some animals."
},
{
"w": "NICE",
"v": true,
"row": 1,
"col": 3,
"def": "Nicely."
},
{
"w": "NICK",
"v": false,
"row": 4,
"col": 6,
"def": "A small cut in a surface."
},
{
"w": "DIKE",
"v": true,
"row": 6,
"col": 4,
"def": "The northern English form of ditch."
},
{
"w": "DINK",
"v": true,
"row": 3,
"col": 1,
"def": "A soft drop shot."
},
{
"w": "INKED",
"v": false,
"row": 7,
"col": 4,
"def": "Having a tattoo or tattoos."
},
{
"w": "NICKED",
"v": true,
"row": 2,
"col": 8,
"def": "Simple past tense and past participle of nick."
}
]
}