{
"id": 337,
"sub_category": "Fjord Pack",
"category": "Mountain Group",
"type": 0,
"letters": "BDEIOS",
"mov": 22,
"shovels": 1,
"coins": 5,
"rows": 15,
"cols": 15,
"c": 0,
"b": -1,
"w": 10,
"h": 8,
"dws": [
"ISO",
"DIE",
"SEI",
"BODE",
"DIEBS",
"BODS",
"SED",
"BISE",
"SOD",
"BIDS",
"OBIS",
"OSE",
"OIS",
"DOS",
"BIS",
"DOBS",
"DOBIES",
"ODS",
"DOE",
"DESI",
"BOI",
"DOBIE",
"BES",
"SIB",
"DEI",
"IDE",
"IOS",
"OBE",
"OES",
"DIB",
"IDES",
"DIEB",
"DEBS",
"DIBS",
"DOBE",
"BOIS",
"EIDOS",
"DIS",
"ODES",
"OBI",
"BIDES",
"OBES",
"DEB",
"EDS",
"SOB",
"BEDS",
"IDS",
"DIES",
"OBS",
"DOBES",
"BOS",
"DSO",
"DOB"
],
"ws": [
{
"w": "BED",
"v": true,
"row": 2,
"col": 4,
"def": "A piece of furniture, usually flat and soft, to sleep on."
},
{
"w": "BID",
"v": false,
"row": 0,
"col": 6,
"def": "To issue a command; to tell."
},
{
"w": "BOD",
"v": true,
"row": 5,
"col": 0,
"def": "The body."
},
{
"w": "BIO",
"v": false,
"row": 5,
"col": 0,
"def": "A biography."
},
{
"w": "ODE",
"v": true,
"row": 4,
"col": 5,
"def": "A short poetical composition proper to be set to music or sung; a lyric poem; esp., now, a poem characterized by sustained noble sentiment and appropriate dignity of style."
},
{
"w": "SIDE",
"v": false,
"row": 6,
"col": 2,
"def": "A bounding straight edge of a two-dimensional shape."
},
{
"w": "BIOS",
"v": true,
"row": 3,
"col": 2,
"def": "Plural form of bio."
},
{
"w": "BIDE",
"v": false,
"row": 0,
"col": 1,
"def": "(chiefly dialectal) To bear; to endure; to tolerate."
},
{
"w": "BODES",
"v": true,
"row": 0,
"col": 6,
"def": "Plural form of bode."
},
{
"w": "BODIES",
"v": false,
"row": 2,
"col": 4,
"def": "Plural form of body."
},
{
"w": "DOSE",
"v": false,
"row": 4,
"col": 4,
"def": "A measured portion of medicine taken at any one time."
},
{
"w": "DOES",
"v": true,
"row": 0,
"col": 8,
"def": "Plural form of doe."
}
]
}