{
"id": 3374,
"sub_category": "Below Packx",
"category": "Precipice Group",
"type": 0,
"letters": "DEGIPR",
"mov": 30,
"shovels": 1,
"coins": 5,
"rows": 15,
"cols": 15,
"c": 0,
"b": -1,
"w": 13,
"h": 12,
"dws": [
"RED",
"GIE",
"DIE",
"RIP",
"REG",
"DEP",
"RIPED",
"REI",
"GIED",
"ERG",
"GIP",
"DREG",
"GED",
"GRIDE",
"DEI",
"PED",
"RIG",
"IDE",
"GIRD",
"GID",
"PIED",
"IRED",
"PERI",
"PRIG",
"REDIP",
"GER",
"PIR",
"REP",
"PRE",
"DEG",
"IRE"
],
"ws": [
{
"w": "DIG",
"v": true,
"row": 1,
"col": 3,
"def": "To move hard-packed earth out of the way, especially downward to make a hole with a shovel. Or to drill, or the like, through rocks, roads, or the like. More generally, to make any similar hole by moving material out of the way."
},
{
"w": "DIP",
"v": false,
"row": 1,
"col": 3,
"def": "A lower section of a road or geological feature."
},
{
"w": "PER",
"v": true,
"row": 1,
"col": 5,
"def": "For each."
},
{
"w": "PIE",
"v": true,
"row": 3,
"col": 1,
"def": "A type of pastry that consists of an outer crust and a filling."
},
{
"w": "PIG",
"v": false,
"row": 3,
"col": 1,
"def": "Any of several mammals of the genus Sus, having cloven hooves, bristles and a nose adapted for digging; especially the domesticated farm animal Sus scrofa."
},
{
"w": "RID",
"v": false,
"row": 6,
"col": 2,
"def": "Released from an obligation, problem, etc. (usually followed by \"of\")."
},
{
"w": "PEG",
"v": false,
"row": 5,
"col": 0,
"def": "A cylindrical wooden, metal etc. object used to fasten or as a bearing between objects."
},
{
"w": "DIRE",
"v": true,
"row": 0,
"col": 8,
"def": "Ill-boding; portentous."
},
{
"w": "DRIP",
"v": true,
"row": 6,
"col": 4,
"def": "To fall one drop at a time."
},
{
"w": "GRID",
"v": true,
"row": 5,
"col": 2,
"def": "A rectangular array of squares or rectangles of equal size, such as in a crossword puzzle."
},
{
"w": "GRIP",
"v": false,
"row": 8,
"col": 9,
"def": "To take hold of, particularly with the hand."
},
{
"w": "PIER",
"v": false,
"row": 1,
"col": 7,
"def": "A raised platform built from the shore out over water, supported on piles; used to secure, or provide access to shipping; a jetty."
},
{
"w": "RIDE",
"v": false,
"row": 7,
"col": 4,
"def": "To play defense on the defensemen or midfielders, as an attackman."
},
{
"w": "RIPE",
"v": false,
"row": 3,
"col": 5,
"def": "Ready for reaping or gathering; having attained perfection; mature; -- said of fruits, seeds, etc.; as, ripe grain."
},
{
"w": "PRIDE",
"v": true,
"row": 3,
"col": 7,
"def": "The quality or state of being proud; inordinate self-esteem; an unreasonable conceit of one's own superiority in talents, beauty, wealth, rank etc., which manifests itself in lofty airs, distance, reserve and often contempt of others."
},
{
"w": "RIDGE",
"v": true,
"row": 7,
"col": 11,
"def": "The back of any animal; especially the upper or projecting part of the back of a quadruped."
},
{
"w": "GRIPE",
"v": true,
"row": 0,
"col": 10,
"def": "To make a grab (to, towards, at or upon something)."
},
{
"w": "PRIED",
"v": false,
"row": 5,
"col": 5,
"def": "Simple past tense and past participle of pry."
},
{
"w": "DIRGE",
"v": true,
"row": 5,
"col": 9,
"def": "A mournful poem or piece of music composed or performed as a memorial to a dead person."
},
{
"w": "GRIPED",
"v": false,
"row": 11,
"col": 7,
"def": "Simple past tense and past participle of gripe."
}
]
}