{
"id": 3389,
"sub_category": "Coast Packx",
"category": "Precipice Group",
"type": 0,
"letters": "CEKLOR",
"mov": 20,
"shovels": 1,
"coins": 5,
"rows": 15,
"cols": 15,
"c": 0,
"b": -1,
"w": 9,
"h": 9,
"dws": [
"REC",
"LEK",
"LOR",
"EORL",
"OCKER",
"ECO",
"LOKE",
"REO",
"OLE",
"CEL",
"RECK",
"ORE",
"COL",
"ORC",
"COLE",
"RELOCK",
"KERO",
"ORLE",
"KORE",
"ROK",
"OKE",
"KOEL",
"ROE",
"CEORL",
"COR",
"CLOKE",
"CERO",
"ROKE",
"ERK",
"ROC",
"KOR"
],
"ws": [
{
"w": "ELK",
"v": false,
"row": 8,
"col": 1,
"def": "The largest member of the deer family (Alces alces); a moose."
},
{
"w": "COKE",
"v": false,
"row": 7,
"col": 3,
"def": "Solid residue from roasting coal in a coke oven; used principally as a fuel and in the production of steel and formerly as a domestic fuel."
},
{
"w": "CORE",
"v": false,
"row": 4,
"col": 5,
"def": "The central part of fruit, containing the kernels or seeds."
},
{
"w": "CORK",
"v": false,
"row": 3,
"col": 1,
"def": "The bark of the cork oak, which is very light and porous and used for making bottle stoppers, flotation devices, and insulation material."
},
{
"w": "LOCK",
"v": true,
"row": 0,
"col": 4,
"def": "Something used for fastening, which can only be opened with a key or combination."
},
{
"w": "ROCK",
"v": true,
"row": 5,
"col": 3,
"def": "The naturally occurring aggregate of solid mineral matter that constitutes a significant part of the earth's crust."
},
{
"w": "ROLE",
"v": true,
"row": 2,
"col": 2,
"def": "A character or part played by a performer or actor."
},
{
"w": "LORE",
"v": true,
"row": 5,
"col": 1,
"def": "All the facts and traditions about a particular subject that have been accumulated over time through education or experience."
},
{
"w": "CLERK",
"v": false,
"row": 5,
"col": 0,
"def": "One who occupationally works with records, accounts, letters, etc.; an office worker."
},
{
"w": "LOCKER",
"v": true,
"row": 3,
"col": 6,
"def": "A type of storage compartment with a lock usually used to store clothing, equipment, or books."
}
]
}