{
"id": 3393,
"sub_category": "Sea Pack",
"category": "Precipice Group",
"type": 0,
"letters": "ABDEET",
"mov": 28,
"shovels": 1,
"coins": 5,
"rows": 15,
"cols": 15,
"c": 0,
"b": -1,
"w": 11,
"h": 9,
"dws": [
"ABED",
"BED",
"DAE",
"TAE",
"TEAD",
"BEDE",
"TEED",
"BEE",
"BETE",
"BATE",
"DEE",
"TAED",
"DEBE",
"BATED",
"TED",
"ETA",
"DEET",
"DEB",
"TEADE",
"ABET"
],
"ws": [
{
"w": "ATE",
"v": true,
"row": 3,
"col": 9,
"def": "Simple past of eat."
},
{
"w": "BAD",
"v": true,
"row": 5,
"col": 8,
"def": "Not good; unfavorable; negative."
},
{
"w": "BAT",
"v": true,
"row": 5,
"col": 6,
"def": "Any of the small, nocturnal, flying mammals of the order Chiroptera, which navigate by means of echolocation. They look like a mouse with membranous wings extending from the forelimbs to the hind limbs or tail. Altogether, there are about 1,000 bat species in the world."
},
{
"w": "BET",
"v": false,
"row": 5,
"col": 8,
"def": "A wager, an agreement between two parties that a stake (usually money) will be paid by the loser to the winner (the winner being the one who correctly forecast the outcome of an event)."
},
{
"w": "EAT",
"v": false,
"row": 1,
"col": 8,
"def": "To consume (something solid or semi-solid, usually food) by putting it into the mouth and swallowing it."
},
{
"w": "TAB",
"v": true,
"row": 1,
"col": 10,
"def": "A small flap or strip of material attached to something, for holding, manipulation, identification, etc."
},
{
"w": "TAD",
"v": false,
"row": 7,
"col": 6,
"def": "A small amount; a little bit."
},
{
"w": "TEA",
"v": false,
"row": 6,
"col": 4,
"def": "The dried leaves or buds of the tea plant, Camellia sinensis."
},
{
"w": "TEE",
"v": true,
"row": 6,
"col": 4,
"def": "The name of the Latin script letter T/t."
},
{
"w": "DAB",
"v": false,
"row": 3,
"col": 8,
"def": "To press lightly in a repetitive motion with a soft object without rubbing."
},
{
"w": "BEAT",
"v": true,
"row": 5,
"col": 2,
"def": "A pulsation or throb."
},
{
"w": "BETA",
"v": true,
"row": 0,
"col": 5,
"def": "Identifying a molecular position in an organic chemical compound."
},
{
"w": "DATE",
"v": false,
"row": 7,
"col": 1,
"def": "The fruit of the date palm. This sweet fruit is somewhat in the shape of an olive, containing a soft pulp and enclosing a hard kernel."
},
{
"w": "DEBT",
"v": false,
"row": 5,
"col": 0,
"def": "An action, state of mind, or object one has an obligation to perform for another, adopt toward another, or give to another."
},
{
"w": "BEAD",
"v": true,
"row": 0,
"col": 8,
"def": "A small round object."
},
{
"w": "BEET",
"v": true,
"row": 2,
"col": 3,
"def": "Beta vulgaris, a plant with a swollen root which is eaten or used to make sugar."
},
{
"w": "BADE",
"v": false,
"row": 3,
"col": 0,
"def": "Simple past of bid."
},
{
"w": "DEBATE",
"v": true,
"row": 0,
"col": 1,
"def": "Strife, discord."
}
]
}