{
"id": 3400,
"sub_category": "Sea Pack",
"category": "Precipice Group",
"type": 0,
"letters": "AEKNOW",
"mov": 24,
"shovels": 1,
"coins": 5,
"rows": 15,
"cols": 15,
"c": 0,
"b": -1,
"w": 12,
"h": 9,
"dws": [
"KAE",
"ONE",
"EON",
"KOW",
"NEK",
"NAE",
"KANE",
"KNAWE",
"WEAKON",
"AWK",
"NAW",
"OWN",
"KEN",
"ANE",
"WOK",
"KNOWE",
"WANK",
"KAW",
"EAN",
"ENOW",
"ANOW",
"OWE",
"WEKA",
"EOAN",
"AWE",
"OKE",
"NOW",
"WOE",
"AEON",
"KENO",
"KAON",
"NEW",
"KON",
"KAN",
"KOA",
"KOAN",
"WEN",
"EWK",
"AKE",
"OAK",
"WAN",
"OKA",
"WAE",
"WONE",
"KEA",
"AWN",
"WON"
],
"ws": [
{
"w": "KNEW",
"v": false,
"row": 5,
"col": 8,
"def": "Simple past of know."
},
{
"w": "KNOW",
"v": true,
"row": 5,
"col": 8,
"def": "To be certain or sure about."
},
{
"w": "WAKE",
"v": true,
"row": 5,
"col": 11,
"def": "(often followed by up) To stop sleeping."
},
{
"w": "WEAK",
"v": false,
"row": 3,
"col": 8,
"def": "Lacking in force (usually strength) or ability."
},
{
"w": "WOKE",
"v": false,
"row": 8,
"col": 8,
"def": "Simple past tense and past participle of wake."
},
{
"w": "ANEW",
"v": true,
"row": 0,
"col": 8,
"def": "Again, once more."
},
{
"w": "WANE",
"v": true,
"row": 2,
"col": 10,
"def": "A gradual diminution in power, value, intensity etc."
},
{
"w": "WEAN",
"v": false,
"row": 0,
"col": 6,
"def": "To cease giving milk to an offspring."
},
{
"w": "WONK",
"v": true,
"row": 0,
"col": 6,
"def": "An overly studious person, particularly student; a nerd."
},
{
"w": "OAKEN",
"v": false,
"row": 2,
"col": 2,
"def": "Made from the wood of the oak tree."
},
{
"w": "AWOKE",
"v": false,
"row": 6,
"col": 2,
"def": "Simple past of awake."
},
{
"w": "WOKEN",
"v": true,
"row": 0,
"col": 4,
"def": "Past participle of wake."
},
{
"w": "WAKEN",
"v": false,
"row": 4,
"col": 0,
"def": "To awake or rouse from sleep; to stir."
},
{
"w": "AWOKEN",
"v": true,
"row": 3,
"col": 0,
"def": "Past participle of awake."
}
]
}