{
"id": 341,
"sub_category": "Fjord Pack",
"category": "Mountain Group",
"type": 0,
"letters": "ABLLOT",
"mov": 20,
"shovels": 1,
"coins": 5,
"rows": 15,
"cols": 15,
"c": 0,
"b": -1,
"w": 9,
"h": 9,
"dws": [
"BALL",
"BLAT",
"OBA",
"BOTA",
"OLLA",
"LAB",
"LOB",
"ALTO",
"TAO",
"LOTA",
"ALT",
"BOA",
"OAT",
"BAT",
"ABO",
"LOL",
"TOLA",
"ALL",
"LAT",
"ALB",
"ALLOT",
"TAB",
"BOT",
"LOT",
"BAL"
],
"ws": [
{
"w": "BOAT",
"v": true,
"row": 3,
"col": 1,
"def": "A craft used for transportation of goods, fishing, racing, recreational cruising, or military use on or in the water, propelled by oars or outboard motor or inboard motor or by wind."
},
{
"w": "BOLT",
"v": true,
"row": 5,
"col": 5,
"def": "A (usually) metal fastener consisting of a cylindrical body that is threaded, with a larger head on one end. It can be inserted into an unthreaded hole up to the head, with a nut then threaded on the other end; a heavy machine screw."
},
{
"w": "TALL",
"v": true,
"row": 3,
"col": 8,
"def": "Obsequious; obedient."
},
{
"w": "TOLL",
"v": false,
"row": 4,
"col": 0,
"def": "Loss or damage incurred through a disaster."
},
{
"w": "BOLL",
"v": false,
"row": 5,
"col": 5,
"def": "The rounded seed-bearing capsule of a cotton or flax plant."
},
{
"w": "BLOAT",
"v": true,
"row": 3,
"col": 3,
"def": "To cause to become distended."
},
{
"w": "ATOLL",
"v": false,
"row": 7,
"col": 2,
"def": "A type of island consisting of a ribbon reef that nearly or entirely surrounds a lagoon and supports, in most cases, one to many islets on the reef platform. Atolls have a unique geology, so not all islands with a reef and a lagoon are atolls."
},
{
"w": "BALLOT",
"v": false,
"row": 3,
"col": 3,
"def": "A paper or card used to cast a vote."
},
{
"w": "BLOT",
"v": false,
"row": 0,
"col": 4,
"def": "A blemish, spot or stain made by a coloured substance."
},
{
"w": "BOLA",
"v": true,
"row": 0,
"col": 4,
"def": "A name in Bengal of the mahoe or majagua, Pariti tiliaceum."
}
]
}