{
"id": 3418,
"sub_category": "Lavish Pack",
"category": "Precipice Group",
"type": 0,
"letters": "DDEGLO",
"mov": 18,
"shovels": 1,
"coins": 5,
"rows": 15,
"cols": 15,
"c": 0,
"b": -1,
"w": 9,
"h": 7,
"dws": [
"OLDE",
"GLODE",
"ODD",
"GOD",
"DOD",
"OLE",
"EGO",
"EDDO",
"GOEL",
"DOE",
"DOL",
"OGLED",
"GED",
"DOGE",
"DOG",
"ELD",
"LOGE",
"LOD",
"LOG",
"GOE",
"OLD",
"DELO",
"GEL",
"GEO",
"LED",
"LEG",
"ODE",
"GELD",
"GOLE",
"DEG",
"GLED",
"DEL"
],
"ws": [
{
"w": "GOLD",
"v": true,
"row": 3,
"col": 3,
"def": "A heavy yellow elemental metal of great value, with atomic number 79 and symbol Au."
},
{
"w": "LODE",
"v": false,
"row": 5,
"col": 5,
"def": "A way or path; a road."
},
{
"w": "DOLE",
"v": true,
"row": 3,
"col": 5,
"def": "To distribute in small amounts; to share out small portions of a meager resource."
},
{
"w": "OGLE",
"v": true,
"row": 2,
"col": 8,
"def": ", (intransitive) To stare at (someone or something), especially impertinently, amorously, or covetously."
},
{
"w": "DODGE",
"v": false,
"row": 6,
"col": 1,
"def": "To avoid by moving out of the way (often suddenly)."
},
{
"w": "LODGE",
"v": false,
"row": 0,
"col": 0,
"def": "A building for recreational use such as a hunting lodge or a summer cabin."
},
{
"w": "DOLED",
"v": true,
"row": 2,
"col": 1,
"def": "Simple past tense and past participle of dole."
},
{
"w": "LODGED",
"v": false,
"row": 3,
"col": 0,
"def": "Simple past tense and past participle of lodge."
}
]
}