{
"id": 3426,
"sub_category": "Bluff Pack",
"category": "Precipice Group",
"type": 0,
"letters": "BDEOOT",
"mov": 16,
"shovels": 1,
"coins": 5,
"rows": 15,
"cols": 15,
"c": 0,
"b": -1,
"w": 7,
"h": 7,
"dws": [
"BODE",
"TOE",
"TOO",
"TOD",
"BED",
"BOO",
"DOE",
"BOD",
"BOTE",
"OBO",
"OBE",
"DOOB",
"OOT",
"DOT",
"DOBE",
"TED",
"BOT",
"TOED",
"BOET",
"ODE",
"DOO",
"DEB",
"BET",
"DOB"
],
"ws": [
{
"w": "BOOT",
"v": true,
"row": 3,
"col": 1,
"def": "A heavy shoe that covers part of the leg."
},
{
"w": "DEBT",
"v": false,
"row": 0,
"col": 0,
"def": "An action, state of mind, or object one has an obligation to perform for another, adopt toward another, or give to another."
},
{
"w": "OBOE",
"v": true,
"row": 0,
"col": 5,
"def": "A soprano and melody wind instrument in the modern orchestra and wind ensemble. It is a smaller instrument and generally made of grendilla wood. It is a member of the double reed family."
},
{
"w": "DOTE",
"v": true,
"row": 2,
"col": 3,
"def": "To be excessively fond of."
},
{
"w": "BOOED",
"v": false,
"row": 5,
"col": 0,
"def": "Simple past tense and past participle of boo."
},
{
"w": "BOOTED",
"v": false,
"row": 3,
"col": 1,
"def": "Simple past tense and past participle of boot."
}
]
}