{
"id": 3429,
"sub_category": "Bluff Pack",
"category": "Precipice Group",
"type": 0,
"letters": "AIMRTX",
"mov": 28,
"shovels": 1,
"coins": 5,
"rows": 15,
"cols": 15,
"c": 0,
"b": -1,
"w": 11,
"h": 9,
"dws": [
"RAI",
"RIT",
"MAXI",
"AIT",
"MIR",
"TIAR",
"RAIT",
"TAM",
"RIA",
"TAI",
"ITA",
"AIRT",
"RAX",
"AMI",
"AMRIT",
"RIMA",
"TIX",
"AMIR",
"MIXT",
"ARTI",
"RAMI",
"MAIR"
],
"ws": [
{
"w": "AIM",
"v": true,
"row": 2,
"col": 0,
"def": "The pointing of a weapon, as a gun, a dart, or an arrow, or object, in the line of direction with the object intended to be struck; the line of fire; the direction of anything, as a spear, a blow, a discourse, a remark, towards a particular point or object, with a view to strike or affect it."
},
{
"w": "AIR",
"v": false,
"row": 2,
"col": 0,
"def": "The atmospheric substance above the surface of the earth which animals breathe, formerly considered to be a single substance, one of the four basic elements of ancient philosophy and one of the five basic elements of Eastern traditions."
},
{
"w": "ARM",
"v": false,
"row": 3,
"col": 2,
"def": "The portion of the upper human appendage, from the shoulder to the wrist and sometimes including the hand."
},
{
"w": "ART",
"v": true,
"row": 4,
"col": 1,
"def": "Human effort to imitate, supplement, alter, or counteract the work of nature."
},
{
"w": "MAR",
"v": true,
"row": 3,
"col": 4,
"def": "To spoil, to damage."
},
{
"w": "MAT",
"v": false,
"row": 4,
"col": 0,
"def": "A flat piece of coarse material used for wiping one's feet, or as a decorative or protective floor covering."
},
{
"w": "MIX",
"v": false,
"row": 8,
"col": 3,
"def": "To stir two or more substances together."
},
{
"w": "RAM",
"v": true,
"row": 6,
"col": 3,
"def": "A male sheep."
},
{
"w": "RAT",
"v": true,
"row": 2,
"col": 2,
"def": "A medium-sized rodent belonging to the genus Rattus."
},
{
"w": "RIM",
"v": true,
"row": 5,
"col": 8,
"def": "An edge around something, especially when circular."
},
{
"w": "TAR",
"v": false,
"row": 6,
"col": 1,
"def": "A black, oily, sticky, viscous substance, consisting mainly of hydrocarbons derived from organic materials such as wood, peat, or coal."
},
{
"w": "TAX",
"v": true,
"row": 6,
"col": 5,
"def": "Money paid to the government other than for transaction-specific goods and services."
},
{
"w": "MAX",
"v": false,
"row": 7,
"col": 8,
"def": "Maximum function."
},
{
"w": "TAXI",
"v": false,
"row": 6,
"col": 5,
"def": "A vehicle that may be hired for single journeys by members of the public, driven by a taxi driver."
},
{
"w": "TRIM",
"v": false,
"row": 2,
"col": 7,
"def": "To reduce slightly; to cut; especially, to remove excess; e.g. 'trim a hedge', 'trim a beard'."
},
{
"w": "MART",
"v": true,
"row": 0,
"col": 8,
"def": "A market."
},
{
"w": "TRAM",
"v": false,
"row": 0,
"col": 5,
"def": "A passenger vehicle for public use that runs on tracks in the road."
},
{
"w": "MATRIX",
"v": true,
"row": 2,
"col": 10,
"def": "The womb."
}
]
}