{
"id": 3443,
"sub_category": "Light Packx",
"category": "Starlight Group",
"type": 0,
"letters": "BDDEGU",
"mov": 18,
"shovels": 1,
"coins": 5,
"rows": 15,
"cols": 15,
"c": 0,
"b": -1,
"w": 8,
"h": 7,
"dws": [
"GUB",
"DUE",
"DUB",
"DEBUG",
"DEB",
"DUED",
"DEGU",
"GUDE",
"GED",
"GUE",
"DEG",
"BUD",
"BEDU"
],
"ws": [
{
"w": "BED",
"v": false,
"row": 4,
"col": 3,
"def": "A piece of furniture, usually flat and soft, to sleep on."
},
{
"w": "BEG",
"v": true,
"row": 2,
"col": 1,
"def": "To request the help of someone, often in the form of money."
},
{
"w": "BUG",
"v": true,
"row": 4,
"col": 3,
"def": "An insect of the order Hemiptera (the \"true bugs\")."
},
{
"w": "DUD",
"v": true,
"row": 4,
"col": 5,
"def": "A device or machine that is useless because it does not work properly or has failed to work, such as a bomb, or explosive projectile."
},
{
"w": "DUG",
"v": true,
"row": 0,
"col": 6,
"def": "Mammary gland on domestic mammal containing more than two breasts."
},
{
"w": "DUDE",
"v": true,
"row": 1,
"col": 4,
"def": "A man."
},
{
"w": "BUDGE",
"v": false,
"row": 2,
"col": 3,
"def": "To move."
},
{
"w": "BUDGED",
"v": false,
"row": 6,
"col": 0,
"def": "Simple past tense and past participle of budge."
}
]
}