{
"id": 3447,
"sub_category": "Light Packx",
"category": "Starlight Group",
"type": 0,
"letters": "ACINOT",
"mov": 20,
"shovels": 1,
"coins": 5,
"rows": 15,
"cols": 15,
"c": 0,
"b": -1,
"w": 10,
"h": 8,
"dws": [
"CANT",
"AIT",
"CION",
"CATION",
"TAN",
"NIT",
"OCA",
"CON",
"TIC",
"TAIN",
"ACT",
"CONIA",
"TOC",
"ION",
"OCTA",
"CONI",
"TAI",
"NAT",
"ITA",
"ACTON",
"NOTA",
"CITO",
"TAO",
"CIAO",
"ACTIN",
"ANI",
"CAN",
"CAIN",
"CAT",
"ONTIC",
"CIT",
"OAT",
"ANT",
"AIN",
"ATONIC",
"ATOC",
"OINT",
"OTIC",
"COIT",
"COTAN",
"COT",
"OCTAN",
"TON",
"NOT",
"TIN",
"COATI",
"TINA",
"TIAN",
"CANTO",
"NAOI"
],
"ws": [
{
"w": "COAT",
"v": true,
"row": 0,
"col": 4,
"def": "An outer garment covering the upper torso and arms."
},
{
"w": "COIN",
"v": false,
"row": 4,
"col": 6,
"def": "A piece of currency, usually metallic and in the shape of a disc, but sometimes polygonal, or with a hole in the middle."
},
{
"w": "ICON",
"v": true,
"row": 1,
"col": 1,
"def": "An image, symbol, picture, or other representation usually as an object of religious devotion."
},
{
"w": "INTO",
"v": false,
"row": 1,
"col": 1,
"def": "Going inside (of)."
},
{
"w": "ANTI",
"v": false,
"row": 4,
"col": 0,
"def": "Describing a torsion angle between 90\u00b0 and 180\u00b0."
},
{
"w": "IOTA",
"v": true,
"row": 4,
"col": 3,
"def": "The ninth, and smallest, letter of the Greek alphabet."
},
{
"w": "TACO",
"v": false,
"row": 7,
"col": 2,
"def": "A Mexican snack food; a small tortilla with some rice, beans, cheese, diced vegetables (usually tomatoes and lettuce, as served in the United States) and salsa."
},
{
"w": "TONIC",
"v": true,
"row": 1,
"col": 8,
"def": "Pertaining to tension, especially of muscles."
},
{
"w": "ANTIC",
"v": true,
"row": 0,
"col": 6,
"def": "Grotesque, incongruous."
},
{
"w": "ACTION",
"v": false,
"row": 2,
"col": 4,
"def": "Something done so as to accomplish a purpose."
}
]
}