{
"id": 3449,
"sub_category": "Light Packx",
"category": "Starlight Group",
"type": 0,
"letters": "DGHINY",
"mov": 16,
"shovels": 1,
"coins": 5,
"rows": 15,
"cols": 15,
"c": 0,
"b": -1,
"w": 7,
"h": 7,
"dws": [
"HID",
"YIN",
"INDY",
"HIN",
"NID",
"DIN",
"DIG",
"ING",
"YID",
"GIN",
"HYING",
"GHI",
"GID",
"HING"
],
"ws": [
{
"w": "DING",
"v": false,
"row": 2,
"col": 3,
"def": "Very minor damage, a small dent or chip."
},
{
"w": "HIND",
"v": true,
"row": 3,
"col": 0,
"def": "Located at the rear (most often said of animals' body parts)."
},
{
"w": "NIGH",
"v": false,
"row": 4,
"col": 2,
"def": "Near, close by, almost."
},
{
"w": "DINGY",
"v": false,
"row": 6,
"col": 0,
"def": "Drab; shabby; dirty; squalid."
},
{
"w": "DYING",
"v": true,
"row": 2,
"col": 3,
"def": "Approaching death; about to die; moribund;."
},
{
"w": "DINGHY",
"v": true,
"row": 0,
"col": 5,
"def": "A small open boat, propelled by oars or paddles, carried as a tender, lifeboat, or pleasure craft on a ship."
}
]
}