{
"id": 3454,
"sub_category": "Light Packx",
"category": "Starlight Group",
"type": 0,
"letters": "ACILOT",
"mov": 20,
"shovels": 1,
"coins": 5,
"rows": 15,
"cols": 15,
"c": 0,
"b": -1,
"w": 9,
"h": 8,
"dws": [
"AIT",
"CLAT",
"ICTAL",
"LAIC",
"OCA",
"TIC",
"LIT",
"ACT",
"TOC",
"ALIT",
"OCTA",
"TAI",
"ITA",
"TALI",
"CITOLA",
"CITO",
"CAL",
"TAO",
"LOTA",
"CLIT",
"ALT",
"COL",
"CIAO",
"LOTIC",
"TIL",
"CAT",
"CIT",
"ALCO",
"OAT",
"LOCI",
"TOLA",
"LAT",
"ATOC",
"COIT",
"OTIC",
"COT",
"CITAL",
"LAC",
"AIL",
"LOCA",
"OCTAL",
"COAT",
"LOT",
"COATI",
"TACO",
"OIL",
"LATI",
"CALO",
"IOTA",
"LOTI",
"TICAL"
],
"ws": [
{
"w": "COAL",
"v": false,
"row": 5,
"col": 0,
"def": "A black rock formed from prehistoric plant remains, composed largely of carbon and burned as a fuel."
},
{
"w": "COIL",
"v": false,
"row": 0,
"col": 1,
"def": "Something wound in the form of a helix or spiral."
},
{
"w": "COLA",
"v": true,
"row": 1,
"col": 6,
"def": "The kola plant, genus Cola, famous for its nut, or one of these nuts."
},
{
"w": "TAIL",
"v": false,
"row": 4,
"col": 5,
"def": "The caudal appendage of an animal that is attached to its posterior and near the anus."
},
{
"w": "TOIL",
"v": true,
"row": 4,
"col": 5,
"def": "Labour, work."
},
{
"w": "CLOT",
"v": true,
"row": 4,
"col": 3,
"def": "A solidified mass of blood."
},
{
"w": "COLT",
"v": false,
"row": 2,
"col": 5,
"def": "A young male horse."
},
{
"w": "ALTO",
"v": true,
"row": 2,
"col": 1,
"def": "A musical part or section higher than tenor and lower than soprano, formerly the part that performed a countermelody above the tenor or main melody."
},
{
"w": "TALC",
"v": true,
"row": 2,
"col": 8,
"def": "A soft mineral of a soapy feel and a greenish, whitish, or grayish color, usually occurring in foliated masses."
},
{
"w": "COITAL",
"v": false,
"row": 7,
"col": 0,
"def": "Undefined"
}
]
}