{
"id": 3455,
"sub_category": "Light Packx",
"category": "Starlight Group",
"type": 0,
"letters": "AACENR",
"mov": 26,
"shovels": 1,
"coins": 5,
"rows": 15,
"cols": 15,
"c": 0,
"b": -1,
"w": 11,
"h": 10,
"dws": [
"REC",
"CANER",
"EARN",
"ACER",
"NAE",
"ERN",
"CAA",
"ANE",
"RANA",
"ARECA",
"NARC",
"EAN",
"ARNA",
"CRAN",
"CARN",
"ANEAR",
"ANA",
"CAN",
"NACRE",
"RANCE",
"RNA",
"ANCE",
"REN",
"RACA",
"REAN",
"NEAR",
"CRENA",
"NARE"
],
"ws": [
{
"w": "ACE",
"v": false,
"row": 5,
"col": 8,
"def": "A single point or spot on a playing card or die."
},
{
"w": "ARC",
"v": true,
"row": 5,
"col": 8,
"def": "A directed edge."
},
{
"w": "ARE",
"v": false,
"row": 8,
"col": 4,
"def": "Second-person singular simple present tense of be."
},
{
"w": "CAR",
"v": false,
"row": 6,
"col": 6,
"def": "A wheeled vehicle, drawn by a horse or other animal."
},
{
"w": "EAR",
"v": true,
"row": 7,
"col": 4,
"def": "The organ of hearing, consisting of the pinna, auditory canal, eardrum, malleus, incus, stapes and cochlea."
},
{
"w": "ERA",
"v": false,
"row": 3,
"col": 8,
"def": "A time period of indeterminate length, generally more than one year."
},
{
"w": "RAN",
"v": true,
"row": 5,
"col": 3,
"def": "Simple past of run."
},
{
"w": "ACNE",
"v": true,
"row": 5,
"col": 6,
"def": "A skin condition, usually of the face, that is common in adolescents. It is characterised by red pimples, and is caused by the inflammation of sebaceous glands through bacterial infection."
},
{
"w": "AREA",
"v": true,
"row": 2,
"col": 1,
"def": "A measure of the extent of a surface; it is measured in square units."
},
{
"w": "CANE",
"v": false,
"row": 7,
"col": 1,
"def": "The slender, flexible main stem of a plant such as bamboo, including many species in the Grass family Gramineae."
},
{
"w": "CARE",
"v": true,
"row": 0,
"col": 8,
"def": "Grief, sorrow."
},
{
"w": "RACE",
"v": true,
"row": 2,
"col": 10,
"def": "A contest between people, animals, vehicles, etc. where the goal is to be the first to reach some objective. Several horses run in a horse race, and the first one to reach the finishing post wins."
},
{
"w": "ACRE",
"v": false,
"row": 5,
"col": 1,
"def": "A field."
},
{
"w": "ARENA",
"v": false,
"row": 3,
"col": 0,
"def": "An enclosed area, often outdoor, for the presentation of sporting events (sports arena) or other spectacular events; earthen area, often oval, specifically for rodeos (N. America) or circular area for bullfights (especially Hispanic America)."
},
{
"w": "CRANE",
"v": false,
"row": 0,
"col": 2,
"def": "A large bird of the order Gruiformes and the family Gruidae having long legs and a long neck which it extends when flying."
},
{
"w": "ARCANE",
"v": true,
"row": 0,
"col": 4,
"def": "Understood by only a few; obscure; requiring secret or mysterious knowledge."
}
]
}