{
"id": 3488,
"sub_category": "Sky Packx",
"category": "Starlight Group",
"type": 0,
"letters": "AEFLRU",
"mov": 30,
"shovels": 1,
"coins": 5,
"rows": 15,
"cols": 15,
"c": 0,
"b": -1,
"w": 14,
"h": 10,
"dws": [
"ALF",
"FEU",
"FARLE",
"LARE",
"FEUAR",
"AUF",
"LAUF",
"FAE",
"UREAL",
"FEAL",
"EAU",
"FER",
"ALE",
"RALE",
"LEA",
"ALEF",
"FAUR",
"LAER",
"UREA",
"ARF",
"FERULA",
"LEAR",
"ARLE",
"ULE",
"RUE",
"LEU",
"ALU",
"URE",
"FRAU",
"FRAE",
"LAR",
"LUR",
"ALURE",
"REAL",
"FARL",
"ERF",
"AUE",
"FURL",
"FRA"
],
"ws": [
{
"w": "ARE",
"v": true,
"row": 2,
"col": 11,
"def": "Second-person singular simple present tense of be."
},
{
"w": "EAR",
"v": false,
"row": 6,
"col": 11,
"def": "The organ of hearing, consisting of the pinna, auditory canal, eardrum, malleus, incus, stapes and cochlea."
},
{
"w": "ELF",
"v": false,
"row": 4,
"col": 11,
"def": "A mythical, supernatural being resembling but seen as distinct from humans."
},
{
"w": "ERA",
"v": true,
"row": 6,
"col": 11,
"def": "A time period of indeterminate length, generally more than one year."
},
{
"w": "FAR",
"v": true,
"row": 4,
"col": 13,
"def": "Remote in space."
},
{
"w": "FLU",
"v": true,
"row": 7,
"col": 9,
"def": "Influenza."
},
{
"w": "FUR",
"v": false,
"row": 7,
"col": 9,
"def": "Hairy coat of various mammal species, especially: when fine, soft and thick."
},
{
"w": "REF",
"v": true,
"row": 7,
"col": 6,
"def": "Referee."
},
{
"w": "EARL",
"v": false,
"row": 8,
"col": 6,
"def": "A British nobleman next in rank above a viscount and below a marquess; equivalent to a European count. A female using the style is termed a countess."
},
{
"w": "FARE",
"v": true,
"row": 6,
"col": 4,
"def": "Money paid for a transport ticket."
},
{
"w": "FEAR",
"v": false,
"row": 3,
"col": 8,
"def": "A strong, uncontrollable, unpleasant emotion caused by actual or perceived danger or threat."
},
{
"w": "FLEA",
"v": false,
"row": 7,
"col": 1,
"def": "A small, wingless, parasitic insect of the order Siphonaptera, renowned for its bloodsucking habits and jumping abilities."
},
{
"w": "FUEL",
"v": true,
"row": 4,
"col": 2,
"def": "Substance consumed to provide energy through combustion, or through chemical or nuclear reaction."
},
{
"w": "LEAF",
"v": false,
"row": 9,
"col": 3,
"def": "The usually green and flat organ that represents the most prominent feature of most vegetative plants."
},
{
"w": "LURE",
"v": true,
"row": 2,
"col": 5,
"def": "Something that tempts or attracts, especially one with a promise of reward or pleasure."
},
{
"w": "RULE",
"v": false,
"row": 2,
"col": 3,
"def": "A regulation, law, guideline."
},
{
"w": "FLUE",
"v": true,
"row": 0,
"col": 9,
"def": "A pipe or duct that carries gaseous combustion products away from the point of combustion (such as a furnace)."
},
{
"w": "FLARE",
"v": false,
"row": 4,
"col": 2,
"def": "A brightly burning light used to attract attention in an emergency, or to illuminate an area."
},
{
"w": "FERAL",
"v": true,
"row": 0,
"col": 3,
"def": "Wild, untamed, especially of domesticated animals having returned to the wild."
},
{
"w": "EARFUL",
"v": false,
"row": 0,
"col": 0,
"def": "A reprimand, castigation or telling off."
}
]
}