{
"id": 3493,
"sub_category": "Watch Pack",
"category": "Starlight Group",
"type": 0,
"letters": "FLOSTY",
"mov": 22,
"shovels": 1,
"coins": 5,
"rows": 15,
"cols": 15,
"c": 0,
"b": -1,
"w": 10,
"h": 8,
"dws": [
"LOS",
"SOT",
"OYS",
"STY",
"FOYS",
"FOY",
"LOFTS",
"LOYS",
"TOYS",
"SOFTY",
"LOY",
"SOL",
"LOTS"
],
"ws": [
{
"w": "FLY",
"v": true,
"row": 2,
"col": 2,
"def": "Any insect of the order Diptera; characterized by having two wings, also called true flies."
},
{
"w": "LOT",
"v": true,
"row": 0,
"col": 3,
"def": "A large quantity or number; a great deal."
},
{
"w": "SLY",
"v": false,
"row": 4,
"col": 0,
"def": "Artfully cunning; secretly mischievous; wily."
},
{
"w": "SOY",
"v": true,
"row": 5,
"col": 3,
"def": "A Chinese and Japanese liquid sauce for fish, made by subjecting boiled beans to long fermentation and then long digestion in salt and water. US preference is the term soy sauce."
},
{
"w": "TOY",
"v": false,
"row": 7,
"col": 1,
"def": "An inferior graffiti artist."
},
{
"w": "OFT",
"v": false,
"row": 6,
"col": 3,
"def": "Often; frequently; not rarely; many times."
},
{
"w": "LOFT",
"v": true,
"row": 4,
"col": 1,
"def": "Air, the air; the sky, the heavens."
},
{
"w": "LOST",
"v": false,
"row": 0,
"col": 5,
"def": "Simple past tense and past participle of lose."
},
{
"w": "SLOT",
"v": true,
"row": 3,
"col": 5,
"def": "A narrow depression, perforation, or aperture; especially, one for the reception of a piece fitting or sliding in it."
},
{
"w": "SOFT",
"v": false,
"row": 2,
"col": 0,
"def": "Giving way under pressure."
},
{
"w": "LOFTY",
"v": false,
"row": 4,
"col": 5,
"def": "High, tall, having great height or stature."
},
{
"w": "SOFTLY",
"v": true,
"row": 2,
"col": 7,
"def": "In a soft manner; gently."
}
]
}