{
"id": 352,
"sub_category": "Fjord Pack",
"category": "Mountain Group",
"type": 0,
"letters": "CLOSTU",
"mov": 28,
"shovels": 1,
"coins": 5,
"rows": 15,
"cols": 15,
"c": 0,
"b": -1,
"w": 14,
"h": 12,
"dws": [
"COS",
"COTS",
"SOT",
"SCOT",
"OUTS",
"LOU",
"SLUT",
"TOC",
"TOCS",
"CUTS",
"COLS",
"OUS",
"CLOU",
"SCUT",
"LOUTS",
"COL",
"LOS",
"UTS",
"CULTS",
"SOUT",
"CLOUS",
"SCUL",
"TOLUS",
"SOC",
"COT",
"CLOUTS",
"SOU",
"LOT",
"CUT",
"OUT",
"LOUS",
"TOLU",
"SOL"
],
"ws": [
{
"w": "COST",
"v": false,
"row": 6,
"col": 0,
"def": "Manner; way; means; available course; contrivance."
},
{
"w": "CULT",
"v": true,
"row": 3,
"col": 3,
"def": "A group of people with a religious, philosophical or cultural identity sometimes viewed as a sect, often existing on the margins of society or exploitative towards its members."
},
{
"w": "LOST",
"v": true,
"row": 8,
"col": 3,
"def": "Simple past tense and past participle of lose."
},
{
"w": "LOTS",
"v": false,
"row": 5,
"col": 3,
"def": "Plural form of lot."
},
{
"w": "LUST",
"v": true,
"row": 3,
"col": 6,
"def": "To very strongly desire."
},
{
"w": "SLOT",
"v": false,
"row": 9,
"col": 1,
"def": "A narrow depression, perforation, or aperture; especially, one for the reception of a piece fitting or sliding in it."
},
{
"w": "SOUL",
"v": false,
"row": 1,
"col": 7,
"def": "The spirit or essence of a person usually thought to consist of one's thoughts and personality. Often believed to live on after the person's death."
},
{
"w": "CLOT",
"v": false,
"row": 3,
"col": 5,
"def": "A solidified mass of blood."
},
{
"w": "COLT",
"v": true,
"row": 0,
"col": 8,
"def": "A young male horse."
},
{
"w": "OUST",
"v": false,
"row": 2,
"col": 10,
"def": "To expel; to remove."
},
{
"w": "LOUT",
"v": true,
"row": 1,
"col": 10,
"def": "Troublemaker, often violent."
},
{
"w": "SCOUT",
"v": true,
"row": 2,
"col": 12,
"def": "A person sent out to gain and bring in tidings; especially, one employed in war to gain information about the enemy and ground."
},
{
"w": "CLOUT",
"v": false,
"row": 6,
"col": 8,
"def": "Influence or effectiveness, especially political."
},
{
"w": "LOCUS",
"v": true,
"row": 6,
"col": 9,
"def": "A place or locality, especially a centre of activity or the scene of a crime."
},
{
"w": "LOTUS",
"v": false,
"row": 10,
"col": 5,
"def": "A kind of aquatic plant, genus Nelumbo in the family Nelumbonaceae."
},
{
"w": "CLOTS",
"v": true,
"row": 7,
"col": 7,
"def": "Plural form of clot."
},
{
"w": "COLTS",
"v": true,
"row": 5,
"col": 1,
"def": "Plural form of colt."
},
{
"w": "LOCUST",
"v": false,
"row": 8,
"col": 7,
"def": "A type of grasshopper in the family Acrididae that flies in swarms and is very destructive to crops and other vegetation."
}
]
}