{
"id": 3528,
"sub_category": "Glass Pack",
"category": "Reflect Group",
"type": 0,
"letters": "ACDEOX",
"mov": 26,
"shovels": 1,
"coins": 5,
"rows": 15,
"cols": 15,
"c": 0,
"b": -1,
"w": 10,
"h": 10,
"dws": [
"DACE",
"DECO",
"DAE",
"ECOD",
"XED",
"COXA",
"DEX",
"COXED",
"ECAD",
"COXAE",
"ECO",
"ODA",
"OCA",
"EXO",
"ODEA",
"CADE",
"COX"
],
"ws": [
{
"w": "ACE",
"v": true,
"row": 4,
"col": 0,
"def": "A single point or spot on a playing card or die."
},
{
"w": "AXE",
"v": true,
"row": 1,
"col": 4,
"def": "A tool for felling trees or chopping wood etc. consisting of a heavy head flattened to a blade on one side, and a handle attached to it."
},
{
"w": "COD",
"v": true,
"row": 0,
"col": 6,
"def": "A bag."
},
{
"w": "DOC",
"v": false,
"row": 2,
"col": 6,
"def": "A doctor."
},
{
"w": "CAD",
"v": false,
"row": 5,
"col": 0,
"def": "A person who stands at the door of an omnibus to open and shut it, and to receive fares; an idle hanger-on about innyards."
},
{
"w": "DOE",
"v": true,
"row": 4,
"col": 8,
"def": "A female deer; also used of similar animals such as reindeer, antelope, goat."
},
{
"w": "ADO",
"v": false,
"row": 1,
"col": 4,
"def": "To do; in doing; as, there is nothing ado."
},
{
"w": "ODE",
"v": true,
"row": 2,
"col": 7,
"def": "A short poetical composition proper to be set to music or sung; a lyric poem; esp., now, a poem characterized by sustained noble sentiment and appropriate dignity of style."
},
{
"w": "CODE",
"v": false,
"row": 3,
"col": 1,
"def": "A short symbol, often with little relation to the item it represents."
},
{
"w": "COAX",
"v": true,
"row": 4,
"col": 6,
"def": "To wheedle, persuade (a person, organisation, animal etc.) gradually or by use of flattery to do something."
},
{
"w": "COED",
"v": true,
"row": 2,
"col": 2,
"def": "Alternative spelling of co-ed."
},
{
"w": "CODA",
"v": true,
"row": 6,
"col": 3,
"def": "A passage which brings a movement or piece to a conclusion through prolongation."
},
{
"w": "ACED",
"v": false,
"row": 4,
"col": 5,
"def": "Simple past tense and past participle of ace."
},
{
"w": "AXED",
"v": false,
"row": 6,
"col": 6,
"def": "Simple past tense and past participle of axe."
},
{
"w": "CODEX",
"v": false,
"row": 7,
"col": 2,
"def": "An early manuscript book."
},
{
"w": "COAXED",
"v": false,
"row": 9,
"col": 1,
"def": "Simple past tense and past participle of coax."
}
]
}