{
"id": 3538,
"sub_category": "Still Pack",
"category": "Reflect Group",
"type": 0,
"letters": "ACERRV",
"mov": 22,
"shovels": 1,
"coins": 5,
"rows": 15,
"cols": 15,
"c": 0,
"b": -1,
"w": 10,
"h": 10,
"dws": [
"REC",
"ARE",
"ACER",
"CAR",
"AVER",
"VERA",
"VAREC",
"CAVER",
"ERA",
"ARC",
"RAV",
"AVE",
"CARR",
"REV",
"ERR",
"CRARE",
"EAR",
"ACE",
"VARE",
"RAVER",
"VAR",
"VAE",
"VAC",
"CRAVER"
],
"ws": [
{
"w": "CARE",
"v": true,
"row": 4,
"col": 5,
"def": "Grief, sorrow."
},
{
"w": "CAVE",
"v": false,
"row": 3,
"col": 0,
"def": "A large, naturally-occurring cavity formed underground, or in the face of a cliff or a hillside."
},
{
"w": "RACE",
"v": true,
"row": 0,
"col": 3,
"def": "A contest between people, animals, vehicles, etc. where the goal is to be the first to reach some objective. Several horses run in a horse race, and the first one to reach the finishing post wins."
},
{
"w": "RARE",
"v": false,
"row": 5,
"col": 0,
"def": "Cooked very lightly, so the meat is still red (in the case of steak or beef in the general sense)."
},
{
"w": "REAR",
"v": true,
"row": 5,
"col": 2,
"def": "To raise physically; to lift up; to cause to rise, to elevate."
},
{
"w": "ACRE",
"v": false,
"row": 7,
"col": 2,
"def": "A field."
},
{
"w": "RAVE",
"v": false,
"row": 6,
"col": 5,
"def": "An enthusiastic review (such as of a play)."
},
{
"w": "CARER",
"v": true,
"row": 3,
"col": 0,
"def": "Someone who looks after another, either as a job or often through family responsibilities."
},
{
"w": "RACER",
"v": false,
"row": 9,
"col": 4,
"def": "Someone who takes part in a race."
},
{
"w": "CARVE",
"v": true,
"row": 3,
"col": 7,
"def": "To cut."
},
{
"w": "CRAVE",
"v": false,
"row": 4,
"col": 5,
"def": "To want strongly as to satisfy an appetite. To long for, to yearn."
},
{
"w": "CARVER",
"v": true,
"row": 0,
"col": 9,
"def": "One who carves."
}
]
}