{
"id": 3547,
"sub_category": "Still Pack",
"category": "Reflect Group",
"type": 0,
"letters": "AIIMPR",
"mov": 22,
"shovels": 1,
"coins": 5,
"rows": 15,
"cols": 15,
"c": 0,
"b": -1,
"w": 9,
"h": 8,
"dws": [
"RAI",
"RIP",
"MIR",
"PRIM",
"PIMA",
"RIA",
"PAM",
"PRIMI",
"IMP",
"PIA",
"AMI",
"RIMA",
"PIRAI",
"IMPI",
"AMP",
"AMIR",
"RAMI",
"PIR",
"MAIR",
"MIRI",
"PRAM",
"MAP",
"IMARI"
],
"ws": [
{
"w": "AIM",
"v": true,
"row": 4,
"col": 7,
"def": "The pointing of a weapon, as a gun, a dart, or an arrow, or object, in the line of direction with the object intended to be struck; the line of fire; the direction of anything, as a spear, a blow, a discourse, a remark, towards a particular point or object, with a view to strike or affect it."
},
{
"w": "AIR",
"v": true,
"row": 5,
"col": 3,
"def": "The atmospheric substance above the surface of the earth which animals breathe, formerly considered to be a single substance, one of the four basic elements of ancient philosophy and one of the five basic elements of Eastern traditions."
},
{
"w": "ARM",
"v": true,
"row": 5,
"col": 5,
"def": "The portion of the upper human appendage, from the shoulder to the wrist and sometimes including the hand."
},
{
"w": "MAR",
"v": false,
"row": 4,
"col": 6,
"def": "To spoil, to damage."
},
{
"w": "PAR",
"v": true,
"row": 2,
"col": 8,
"def": "By; with."
},
{
"w": "RAM",
"v": true,
"row": 2,
"col": 6,
"def": "A male sheep."
},
{
"w": "RAP",
"v": false,
"row": 2,
"col": 6,
"def": "A sharp blow with something hard."
},
{
"w": "RIM",
"v": false,
"row": 7,
"col": 3,
"def": "An edge around something, especially when circular."
},
{
"w": "PAIR",
"v": true,
"row": 0,
"col": 3,
"def": "Two similar or identical things taken together; often followed by of."
},
{
"w": "RAMP",
"v": false,
"row": 6,
"col": 5,
"def": "An inclined surface that connects two levels; an incline."
},
{
"w": "PRIMA",
"v": false,
"row": 3,
"col": 2,
"def": "Most important."
},
{
"w": "IMPAIR",
"v": false,
"row": 1,
"col": 0,
"def": "To weaken; to affect negatively; to have a diminishing effect on."
}
]
}