{
"id": 3555,
"sub_category": "Crest Packx",
"category": "Reflect Group",
"type": 0,
"letters": "EOOPPS",
"mov": 16,
"shovels": 1,
"coins": 5,
"rows": 15,
"cols": 15,
"c": 0,
"b": -1,
"w": 7,
"h": 6,
"dws": [
"POOPS",
"OOP",
"OPPOS",
"PES",
"OOS",
"OSE",
"OPE",
"SOOP",
"POS",
"PEPS",
"PESO",
"PEPOS",
"POPES",
"OPS",
"SOP",
"PEPO",
"OES",
"POOS",
"OPPO",
"EPOS",
"OPES",
"OOSE",
"POP",
"POO",
"PEP"
],
"ws": [
{
"w": "OOPS",
"v": false,
"row": 1,
"col": 3,
"def": "Acknowledging a minor mistake."
},
{
"w": "POPE",
"v": true,
"row": 0,
"col": 0,
"def": "The bishop of Rome; the head of the Roman Catholic church."
},
{
"w": "POPS",
"v": false,
"row": 2,
"col": 0,
"def": "Father, dad."
},
{
"w": "POSE",
"v": true,
"row": 0,
"col": 3,
"def": "Set in place, arrange."
},
{
"w": "POOP",
"v": false,
"row": 0,
"col": 0,
"def": "The stern of a ship."
},
{
"w": "OPPOSE",
"v": true,
"row": 0,
"col": 5,
"def": "To attempt to stop the progression of."
}
]
}