{
"id": 356,
"sub_category": "Climb Pack",
"category": "Mountain Group",
"type": 0,
"letters": "ACEKRT",
"mov": 26,
"shovels": 1,
"coins": 5,
"rows": 15,
"cols": 15,
"c": 0,
"b": -1,
"w": 15,
"h": 11,
"dws": [
"REC",
"RET",
"KAE",
"ARE",
"CARK",
"TRECK",
"ACER",
"TAR",
"ARET",
"CAR",
"KAT",
"ATE",
"TEA",
"ERA",
"ACT",
"ARC",
"TAE",
"CRAKE",
"ARK",
"TARE",
"RECK",
"EAT",
"TEC",
"CATE",
"TAKE",
"TACE",
"CAT",
"TAK",
"EAR",
"ACE",
"RETACK",
"ART",
"KART",
"KETA",
"KET",
"ETA",
"CARET",
"RATE",
"RECTA",
"ACKER",
"CERT",
"CARTE",
"RAT",
"AKE",
"TEAK",
"TACKER",
"ERK",
"REAK",
"CART",
"KEA",
"TEAR"
],
"ws": [
{
"w": "CAKE",
"v": true,
"row": 0,
"col": 8,
"def": "A rich, sweet dessert food, typically made of flour, sugar, and eggs and baked in an oven, and often covered in icing."
},
{
"w": "CARE",
"v": false,
"row": 0,
"col": 8,
"def": "Grief, sorrow."
},
{
"w": "RACE",
"v": false,
"row": 2,
"col": 2,
"def": "A contest between people, animals, vehicles, etc. where the goal is to be the first to reach some objective. Several horses run in a horse race, and the first one to reach the finishing post wins."
},
{
"w": "RACK",
"v": true,
"row": 0,
"col": 10,
"def": "A series of one or more shelves, stacked one above the other."
},
{
"w": "TACK",
"v": true,
"row": 2,
"col": 12,
"def": "A small nail with a flat head."
},
{
"w": "TREK",
"v": false,
"row": 5,
"col": 9,
"def": "A slow or difficult journey."
},
{
"w": "ACRE",
"v": false,
"row": 3,
"col": 5,
"def": "A field."
},
{
"w": "RAKE",
"v": true,
"row": 5,
"col": 10,
"def": "A garden tool with a row of pointed teeth fixed to a long handle, used for collecting grass or debris, or for loosening soil."
},
{
"w": "CATER",
"v": false,
"row": 2,
"col": 10,
"def": "To provide food professionally for a special occasion."
},
{
"w": "CRATE",
"v": false,
"row": 8,
"col": 6,
"def": "A large open box or basket, used especially to transport fragile goods."
},
{
"w": "REACT",
"v": true,
"row": 5,
"col": 6,
"def": "To act or perform a second time; to do over again; as, to react a play; the same scenes were reacted at Rome."
},
{
"w": "TRACE",
"v": true,
"row": 0,
"col": 3,
"def": "An act of tracing."
},
{
"w": "TRACK",
"v": true,
"row": 6,
"col": 3,
"def": "A mark left by something that has passed along; as, the track, or wake, of a ship; the track of a meteor; the track of a sled or a wheel."
},
{
"w": "TAKER",
"v": false,
"row": 6,
"col": 3,
"def": "One who takes something."
},
{
"w": "RACKET",
"v": false,
"row": 10,
"col": 0,
"def": "A racquet: an implement with a handle connected to a round frame strung with wire, sinew, or plastic cords, and used to hit a ball, such as in tennis or a birdie in badminton."
},
{
"w": "CREAK",
"v": true,
"row": 0,
"col": 5,
"def": "The sound produced by anything that creaks; a creaking."
}
]
}