{
"id": 3566,
"sub_category": "Crest Packx",
"category": "Reflect Group",
"type": 0,
"letters": "ACKNRY",
"mov": 30,
"shovels": 1,
"coins": 5,
"rows": 15,
"cols": 15,
"c": 0,
"b": -1,
"w": 11,
"h": 11,
"dws": [
"YAR",
"CARK",
"YARK",
"RYA",
"ARY",
"KAY",
"CAKY",
"NARC",
"YACK",
"CRAY",
"CRAN",
"CARN",
"KYAR",
"NARKY",
"KNAR",
"RNA",
"KAN",
"CANY",
"KRAY",
"KARN",
"NARK",
"CARNY"
],
"ws": [
{
"w": "ANY",
"v": true,
"row": 0,
"col": 3,
"def": "To even the slightest extent, at all."
},
{
"w": "ARC",
"v": false,
"row": 0,
"col": 3,
"def": "A directed edge."
},
{
"w": "ARK",
"v": false,
"row": 5,
"col": 0,
"def": "A large box with a flat lid."
},
{
"w": "CAN",
"v": false,
"row": 1,
"col": 1,
"def": "To know how to; to be able to."
},
{
"w": "CAR",
"v": true,
"row": 1,
"col": 1,
"def": "A wheeled vehicle, drawn by a horse or other animal."
},
{
"w": "CRY",
"v": false,
"row": 3,
"col": 0,
"def": "To shed tears; to weep."
},
{
"w": "RAN",
"v": true,
"row": 5,
"col": 1,
"def": "Simple past of run."
},
{
"w": "RAY",
"v": false,
"row": 9,
"col": 3,
"def": "A beam of light or radiation."
},
{
"w": "YAK",
"v": true,
"row": 3,
"col": 2,
"def": "An ox-like mammal native to the Himalayas and Tibet with dark, long and silky hair a horse like tail and a full, bushy mane."
},
{
"w": "NAY",
"v": false,
"row": 7,
"col": 1,
"def": "No."
},
{
"w": "CAY",
"v": true,
"row": 6,
"col": 10,
"def": "A small, low island largely made of sand or coral."
},
{
"w": "RACK",
"v": false,
"row": 6,
"col": 5,
"def": "A series of one or more shelves, stacked one above the other."
},
{
"w": "RANK",
"v": false,
"row": 1,
"col": 7,
"def": "Strong; powerful; capable of acting or being used with great effect; energetic; vigorous; headstrong."
},
{
"w": "YARN",
"v": true,
"row": 7,
"col": 3,
"def": "A twisted strand of fiber used for knitting or weaving."
},
{
"w": "RACY",
"v": true,
"row": 6,
"col": 5,
"def": "Having a strong flavor indicating origin; of distinct characteristic taste; tasting of the soil; hence, fresh; rich."
},
{
"w": "YANK",
"v": true,
"row": 3,
"col": 8,
"def": "A sudden, vigorous pull (sometimes defined as mass times jerk, or rate of change of force)."
},
{
"w": "NARY",
"v": false,
"row": 3,
"col": 5,
"def": "Not one."
},
{
"w": "CYAN",
"v": true,
"row": 0,
"col": 5,
"def": "A colour between blue and green in the visible spectrum; the complementary colour of red; the colour obtained by subtracting red from white light."
},
{
"w": "CRANK",
"v": true,
"row": 6,
"col": 7,
"def": "Strange, weird, odd."
},
{
"w": "CRANKY",
"v": false,
"row": 8,
"col": 5,
"def": "Weak, unwell."
}
]
}