{
"id": 3571,
"sub_category": "Ripple Packx",
"category": "Reflect Group",
"type": 0,
"letters": "DELNOO",
"mov": 20,
"shovels": 1,
"coins": 5,
"rows": 15,
"cols": 15,
"c": 0,
"b": -1,
"w": 10,
"h": 8,
"dws": [
"OLDE",
"ONE",
"EON",
"END",
"NOO",
"DON",
"DOEN",
"LODEN",
"OLE",
"LENO",
"DEN",
"DOE",
"DOL",
"NOLE",
"LOO",
"DOOLE",
"ODEON",
"ELD",
"LOD",
"OLEO",
"ONO",
"OLD",
"NOD",
"OON",
"DELO",
"DOOL",
"LED",
"ENOL",
"LOOED",
"ODE",
"NED",
"DOO",
"DOON",
"NOLO",
"DEL"
],
"ws": [
{
"w": "DONE",
"v": true,
"row": 3,
"col": 6,
"def": "Ready, fully cooked."
},
{
"w": "LEND",
"v": false,
"row": 4,
"col": 0,
"def": "The lumbar region; loin."
},
{
"w": "LONE",
"v": false,
"row": 6,
"col": 3,
"def": "Solitary; having no companion."
},
{
"w": "NODE",
"v": false,
"row": 7,
"col": 0,
"def": "A knot, knob, protuberance or swelling."
},
{
"w": "LODE",
"v": false,
"row": 3,
"col": 4,
"def": "A way or path; a road."
},
{
"w": "DOLE",
"v": true,
"row": 4,
"col": 3,
"def": "To distribute in small amounts; to share out small portions of a meager resource."
},
{
"w": "LOON",
"v": true,
"row": 1,
"col": 2,
"def": "Any of various birds, of the order Gaviiformes, of North America and Europe that dive for fish and have a short tail, webbed feet and a yodeling cry."
},
{
"w": "NOEL",
"v": true,
"row": 0,
"col": 4,
"def": "Christmas."
},
{
"w": "OLDEN",
"v": true,
"row": 3,
"col": 0,
"def": "From or relating to a previous era."
},
{
"w": "NOODLE",
"v": false,
"row": 0,
"col": 4,
"def": "To fossick, especially for opals."
}
]
}