{
"id": 359,
"sub_category": "Climb Pack",
"category": "Mountain Group",
"type": 0,
"letters": "AGLNRY",
"mov": 24,
"shovels": 1,
"coins": 5,
"rows": 15,
"cols": 15,
"c": 0,
"b": -1,
"w": 10,
"h": 9,
"dws": [
"GYRAL",
"YAR",
"LANG",
"YANG",
"RYA",
"GAR",
"ARY",
"LARN",
"RAY",
"YAG",
"AGLY",
"GNAR",
"RANGY",
"ARYL",
"RNA",
"GYAL",
"NAY",
"LAR",
"GAN",
"LYRA",
"RYAL",
"GLARY",
"GAY",
"GRAN"
],
"ws": [
{
"w": "ANY",
"v": true,
"row": 2,
"col": 8,
"def": "To even the slightest extent, at all."
},
{
"w": "GAL",
"v": false,
"row": 2,
"col": 7,
"def": "A gallon."
},
{
"w": "LAG",
"v": true,
"row": 0,
"col": 7,
"def": "Late."
},
{
"w": "LAY",
"v": true,
"row": 6,
"col": 8,
"def": "To place down in a position of rest, or in a horizontal position."
},
{
"w": "NAG",
"v": true,
"row": 0,
"col": 4,
"def": "A small horse; a pony."
},
{
"w": "RAG",
"v": false,
"row": 2,
"col": 2,
"def": "A coarse kind of rock, somewhat cellular in texture; ragstone."
},
{
"w": "RAN",
"v": true,
"row": 4,
"col": 0,
"def": "Simple past of run."
},
{
"w": "GRAY",
"v": false,
"row": 7,
"col": 6,
"def": "Having a color somewhere between white and black, as the ash of an ember."
},
{
"w": "RANG",
"v": true,
"row": 4,
"col": 6,
"def": "Simple past of ring."
},
{
"w": "YARN",
"v": false,
"row": 8,
"col": 1,
"def": "A twisted strand of fiber used for knitting or weaving."
},
{
"w": "NARY",
"v": false,
"row": 6,
"col": 0,
"def": "Not one."
},
{
"w": "ANGRY",
"v": true,
"row": 2,
"col": 3,
"def": "Displaying or feeling anger."
},
{
"w": "GNARL",
"v": false,
"row": 0,
"col": 3,
"def": "A knot in wood; a large or hard knot, or a protuberance with twisted grain, on a tree."
},
{
"w": "GNARLY",
"v": false,
"row": 4,
"col": 3,
"def": "Having or characterized by gnarls; gnarled."
}
]
}