{
"id": 3608,
"sub_category": "Pyre Pack",
"category": "Majesty Group",
"type": 0,
"letters": "CEOPRU",
"mov": 30,
"shovels": 1,
"coins": 5,
"rows": 15,
"cols": 15,
"c": 0,
"b": -1,
"w": 14,
"h": 11,
"dws": [
"REC",
"CRU",
"RUC",
"ECO",
"CRUE",
"ECRU",
"ROUP",
"OUR",
"OPE",
"COUR",
"REO",
"ECU",
"ORE",
"PUCE",
"PEC",
"ORC",
"COURE",
"PERC",
"UPO",
"COUP",
"CROUPE",
"COPER",
"URP",
"URE",
"ROE",
"COR",
"CROUP",
"CERO",
"ROUE",
"CEP",
"PUR",
"ROC",
"PRE",
"PUER"
],
"ws": [
{
"w": "COP",
"v": false,
"row": 2,
"col": 5,
"def": "To (be forced to) take; to receive; to shoulder; to bear, especially blame or punishment for a particular instance of wrongdoing."
},
{
"w": "CUE",
"v": true,
"row": 2,
"col": 5,
"def": "An action or event that is a signal for somebody to do something."
},
{
"w": "CUP",
"v": true,
"row": 0,
"col": 7,
"def": "A concave vessel for drinking from, usually made of opaque material (as opposed to a glass)."
},
{
"w": "PER",
"v": false,
"row": 4,
"col": 4,
"def": "For each."
},
{
"w": "PRO",
"v": true,
"row": 4,
"col": 4,
"def": "An advantage of something, especially when contrasted with its disadvantages (cons)."
},
{
"w": "REP",
"v": true,
"row": 0,
"col": 9,
"def": "Short form of reputation."
},
{
"w": "RUE",
"v": true,
"row": 6,
"col": 3,
"def": "Repentance, regret."
},
{
"w": "CUR",
"v": false,
"row": 0,
"col": 7,
"def": "A mongrel or inferior dog."
},
{
"w": "COPE",
"v": false,
"row": 4,
"col": 10,
"def": "To deal effectively with something difficult."
},
{
"w": "CORE",
"v": false,
"row": 8,
"col": 0,
"def": "The central part of fruit, containing the kernels or seeds."
},
{
"w": "CROP",
"v": true,
"row": 1,
"col": 12,
"def": "A plant, especially a cereal, grown to be harvested as food, livestock fodder, or fuel or for any other economic purpose."
},
{
"w": "CURE",
"v": true,
"row": 4,
"col": 10,
"def": "A method, device or medication that restores good health."
},
{
"w": "POUR",
"v": false,
"row": 2,
"col": 9,
"def": "To cause to flow in a stream, as a liquid or anything flowing like a liquid, either out of a vessel or into it."
},
{
"w": "PURE",
"v": false,
"row": 6,
"col": 8,
"def": "Free of flaws or imperfections; unsullied."
},
{
"w": "ROPE",
"v": true,
"row": 4,
"col": 8,
"def": "Thick strings, yarn, monofilaments, metal wires, or strands of other cordage that are twisted together to form a stronger line."
},
{
"w": "EURO",
"v": false,
"row": 6,
"col": 1,
"def": "The currency unit of the European Monetary Union."
},
{
"w": "PORE",
"v": false,
"row": 7,
"col": 5,
"def": "A tiny opening in the skin."
},
{
"w": "REPO",
"v": true,
"row": 5,
"col": 1,
"def": "Repossession."
},
{
"w": "COUPE",
"v": true,
"row": 6,
"col": 6,
"def": "An ice cream dessert; the glass it is served in."
},
{
"w": "RECOUP",
"v": false,
"row": 10,
"col": 5,
"def": "To make back, as an investment."
}
]
}