{
"id": 3660,
"sub_category": "Fit Pack",
"category": "Majesty Group",
"type": 0,
"letters": "EIMSTY",
"mov": 30,
"shovels": 1,
"coins": 5,
"rows": 15,
"cols": 15,
"c": 0,
"b": -1,
"w": 12,
"h": 12,
"dws": [
"METIS",
"YEST",
"SEI",
"STIMY",
"MITES",
"TYES",
"TIES",
"SEY",
"STEY",
"SMITE",
"MISE",
"TIMES",
"STYE",
"MIS",
"SEITY",
"EMS",
"ISM",
"EST",
"TEMS",
"STY",
"STYME",
"SMIT",
"TES",
"METS",
"STIE",
"MITY",
"STIM",
"YITES",
"EMITS",
"EMYS",
"YETIS",
"TYE",
"YITE",
"STIME",
"MES",
"SYE",
"ITEMS"
],
"ws": [
{
"w": "ITS",
"v": false,
"row": 4,
"col": 6,
"def": "The one (or ones) belonging to it."
},
{
"w": "MET",
"v": true,
"row": 2,
"col": 7,
"def": "Simple past tense and past participle of meet."
},
{
"w": "SET",
"v": false,
"row": 0,
"col": 3,
"def": "To put (something) down, to rest."
},
{
"w": "SIM",
"v": false,
"row": 2,
"col": 5,
"def": "A simulation."
},
{
"w": "SIT",
"v": true,
"row": 0,
"col": 3,
"def": "To be in a position in which the upper body is upright and the legs (especially the upper legs) are supported by some object."
},
{
"w": "TIE",
"v": false,
"row": 5,
"col": 2,
"def": "A necktie (item of clothing consisting of a strip of cloth tied around the neck)."
},
{
"w": "YES",
"v": true,
"row": 7,
"col": 10,
"def": "A word used to show agreement or acceptance."
},
{
"w": "YET",
"v": false,
"row": 2,
"col": 1,
"def": "To melt; found; cast, as metal."
},
{
"w": "TIS",
"v": true,
"row": 0,
"col": 5,
"def": "Plural of til."
},
{
"w": "ITEM",
"v": false,
"row": 8,
"col": 8,
"def": "A distinct physical object."
},
{
"w": "MIST",
"v": false,
"row": 8,
"col": 3,
"def": "Water or other liquid finely suspended in air."
},
{
"w": "SITE",
"v": true,
"row": 6,
"col": 6,
"def": "Sorrow, grief."
},
{
"w": "STEM",
"v": true,
"row": 3,
"col": 4,
"def": "The above-ground stalk (technically axis) of a vascular plant, and certain anatomically similar, below-ground organs such as rhizomes, bulbs, tubers, and corms."
},
{
"w": "TIME",
"v": false,
"row": 11,
"col": 0,
"def": "Reminder by the umpire for the players to continue playing after their pause."
},
{
"w": "EMIT",
"v": true,
"row": 2,
"col": 2,
"def": "To send out or give off."
},
{
"w": "MITE",
"v": true,
"row": 8,
"col": 3,
"def": "A minute arachnid, of the order Acarina, of which there are many species; as, the cheese mite, sugar mite, harvest mite, etc."
},
{
"w": "SEMI",
"v": true,
"row": 8,
"col": 1,
"def": "A semi-detached house."
},
{
"w": "YETI",
"v": false,
"row": 9,
"col": 0,
"def": "An unidentified humanoid animal said to live in the Himalayas."
},
{
"w": "MISTY",
"v": false,
"row": 6,
"col": 4,
"def": "With mist; foggy."
},
{
"w": "STYMIE",
"v": true,
"row": 4,
"col": 8,
"def": "An obstacle or obstruction."
}
]
}