{
"id": 3663,
"sub_category": "Fit Pack",
"category": "Majesty Group",
"type": 0,
"letters": "ABELRR",
"mov": 18,
"shovels": 1,
"coins": 5,
"rows": 15,
"cols": 15,
"c": 0,
"b": -1,
"w": 9,
"h": 7,
"dws": [
"ARE",
"REBAR",
"BAR",
"BLAE",
"BRER",
"BRAE",
"ERA",
"LARE",
"ABLER",
"REAR",
"BEL",
"BEAL",
"LAB",
"BARER",
"ALE",
"RALE",
"RARE",
"BRR",
"BLEAR",
"BALER",
"LEA",
"LAER",
"ERR",
"EAR",
"ARLE",
"ALB",
"LEAR",
"BAEL",
"LAR",
"ALBE",
"ARB",
"REB",
"BAL",
"BARRE",
"BRA"
],
"ws": [
{
"w": "ABLE",
"v": true,
"row": 2,
"col": 3,
"def": "A word that is used in place of the letter \"A\" during communication."
},
{
"w": "BARE",
"v": false,
"row": 0,
"col": 2,
"def": "Minimal; that is or are just sufficient."
},
{
"w": "BEAR",
"v": true,
"row": 2,
"col": 7,
"def": "A large omnivorous mammal, related to the dog and raccoon, having shaggy hair, a very small tail, and flat feet; a member of family Ursidae, particularly of subfamily Ursinae."
},
{
"w": "EARL",
"v": false,
"row": 5,
"col": 5,
"def": "A British nobleman next in rank above a viscount and below a marquess; equivalent to a European count. A female using the style is termed a countess."
},
{
"w": "REAL",
"v": false,
"row": 4,
"col": 0,
"def": "A commodity; see reality."
},
{
"w": "BALE",
"v": true,
"row": 2,
"col": 5,
"def": "Evil, especially considered as an active force for destruction or death."
},
{
"w": "BLARE",
"v": false,
"row": 3,
"col": 3,
"def": "A loud sound."
},
{
"w": "BARREL",
"v": true,
"row": 1,
"col": 0,
"def": "A round vessel or cask, of greater length than breadth, and bulging in the middle, made of staves bound with hoops, and having flat ends or heads. Sometimes applied to a similar cylindrical container made of metal, usually called a drum."
}
]
}