{
"id": 3667,
"sub_category": "Space Pack",
"category": "Majesty Group",
"type": 0,
"letters": "ACDENN",
"mov": 16,
"shovels": 1,
"coins": 5,
"rows": 15,
"cols": 15,
"c": 0,
"b": -1,
"w": 7,
"h": 6,
"dws": [
"DECAN",
"NAE",
"CANED",
"END",
"NAN",
"DACE",
"ANE",
"DAE",
"CANN",
"ANN",
"DNA",
"DEN",
"EAN",
"CADE",
"CAN",
"DAN",
"ANCE",
"ACE",
"NANE",
"ACNED",
"NED",
"NANCE",
"ECAD",
"AND",
"CAD"
],
"ws": [
{
"w": "ACNE",
"v": true,
"row": 2,
"col": 0,
"def": "A skin condition, usually of the face, that is common in adolescents. It is characterised by red pimples, and is caused by the inflammation of sebaceous glands through bacterial infection."
},
{
"w": "CANE",
"v": false,
"row": 4,
"col": 2,
"def": "The slender, flexible main stem of a plant such as bamboo, including many species in the Grass family Gramineae."
},
{
"w": "DEAN",
"v": true,
"row": 2,
"col": 3,
"def": "A senior official in a college or university, who may be in charge of a division or faculty (for example, the dean of science) or have some other advisory or disciplinary function (for example, the dean of students)."
},
{
"w": "ACED",
"v": false,
"row": 2,
"col": 0,
"def": "Simple past tense and past participle of ace."
},
{
"w": "DANCE",
"v": false,
"row": 0,
"col": 2,
"def": "A sequence of rhythmic steps or movements usually performed to music, for pleasure or as a form of social interaction."
},
{
"w": "CANNED",
"v": true,
"row": 0,
"col": 5,
"def": "Preserved in cans."
}
]
}