{
"id": 3672,
"sub_category": "Space Pack",
"category": "Majesty Group",
"type": 0,
"letters": "AEGIMN",
"mov": 30,
"shovels": 1,
"coins": 5,
"rows": 15,
"cols": 15,
"c": 0,
"b": -1,
"w": 12,
"h": 12,
"dws": [
"NEMA",
"GIE",
"GANE",
"MANG",
"GENA",
"NAE",
"GAEN",
"MINAE",
"MAE",
"NEG",
"ANE",
"GEAN",
"AMIN",
"MIEN",
"MEIN",
"EINA",
"MANGE",
"MINA",
"EAN",
"AMI",
"NIM",
"MAGI",
"GAMINE",
"ANIME",
"MINGE",
"AMINE",
"ANI",
"AINE",
"AGEN",
"AME",
"NIE",
"AGIN",
"EGMA",
"NAM",
"GAM",
"GEN",
"GIEN",
"NAG",
"AIN",
"MANI",
"GAMIN",
"AMIE",
"MIG",
"GAN",
"MNA",
"ENG",
"MING",
"MENG",
"ING",
"GAE"
],
"ws": [
{
"w": "AGE",
"v": true,
"row": 5,
"col": 1,
"def": "The whole duration of a being, whether animal, vegetable, or other kind; lifetime."
},
{
"w": "AIM",
"v": true,
"row": 9,
"col": 3,
"def": "The pointing of a weapon, as a gun, a dart, or an arrow, or object, in the line of direction with the object intended to be struck; the line of fire; the direction of anything, as a spear, a blow, a discourse, a remark, towards a particular point or object, with a view to strike or affect it."
},
{
"w": "GEM",
"v": false,
"row": 7,
"col": 0,
"def": "A precious stone, usually of substantial monetary value or prized for its beauty or shine."
},
{
"w": "GIN",
"v": true,
"row": 3,
"col": 4,
"def": "A colourless non-aged alcoholic liquor made by distilling fermented grains such as barley, corn, oats or rye with juniper berries; the base for many cocktails."
},
{
"w": "MAN",
"v": false,
"row": 8,
"col": 5,
"def": "An adult male human."
},
{
"w": "MEN",
"v": false,
"row": 11,
"col": 3,
"def": "Plural form of man."
},
{
"w": "MAG",
"v": true,
"row": 7,
"col": 2,
"def": "Magazine, the publication or ammunition."
},
{
"w": "MEG",
"v": false,
"row": 3,
"col": 2,
"def": "Common abbreviation for many/any unit having the SI prefix mega-, such as megahertz."
},
{
"w": "AMEN",
"v": false,
"row": 5,
"col": 1,
"def": "At the end of Judeo-Christian prayers: so be it."
},
{
"w": "GAIN",
"v": true,
"row": 6,
"col": 9,
"def": "Against."
},
{
"w": "GAME",
"v": false,
"row": 9,
"col": 2,
"def": "A pursuit or activity with rules performed either alone or with others, for the purpose of entertainment. In many games, the objective is to win by defeating the other player or players or being the first to reach a specified goal, while in others, role-playing or cooperation is emphasized."
},
{
"w": "MAIN",
"v": false,
"row": 0,
"col": 3,
"def": "Great in size or degree; vast; strong; powerful; important."
},
{
"w": "MANE",
"v": true,
"row": 0,
"col": 3,
"def": "Longer hair growth on back of neck of an animal, especially a horse or lion."
},
{
"w": "MEAN",
"v": true,
"row": 8,
"col": 5,
"def": "To intend."
},
{
"w": "MINE",
"v": true,
"row": 6,
"col": 7,
"def": "Non-premodifying possessive case of I. My; belonging to me; that which belongs to me."
},
{
"w": "NAME",
"v": true,
"row": 0,
"col": 6,
"def": "Any nounal word or phrase which indicates a particular person, place, class, or thing."
},
{
"w": "MAGE",
"v": false,
"row": 2,
"col": 6,
"def": "A magician, wizard or sorcerer."
},
{
"w": "MEGA",
"v": true,
"row": 1,
"col": 9,
"def": "Very large."
},
{
"w": "IMAGE",
"v": false,
"row": 4,
"col": 7,
"def": "An optical or other representation of a real object; a graphic; a picture."
},
{
"w": "ENIGMA",
"v": true,
"row": 4,
"col": 11,
"def": "Something puzzling, mysterious or inexplicable."
}
]
}