{
"id": 3677,
"sub_category": "Space Pack",
"category": "Majesty Group",
"type": 0,
"letters": "CELNTU",
"mov": 18,
"shovels": 1,
"coins": 5,
"rows": 15,
"cols": 15,
"c": 0,
"b": -1,
"w": 8,
"h": 7,
"dws": [
"LUNE",
"LUNET",
"UNLET",
"CELT",
"CUNT",
"LUN",
"CUE",
"UTE",
"ELT",
"CEL",
"NUT",
"TULE",
"ECU",
"LUNT",
"TEL",
"TEC",
"CUTE",
"CULET",
"UNCE",
"TUN",
"ULE",
"LEU",
"LET",
"CUT",
"CENTU",
"NET",
"TEN",
"LUCE"
],
"ws": [
{
"w": "CENT",
"v": true,
"row": 0,
"col": 7,
"def": "A coin having face value of one cent (in either of the above senses)."
},
{
"w": "CLUE",
"v": true,
"row": 0,
"col": 0,
"def": "A strand of yarn etc. as used to guide one through a labyrinth; something which points the way, a guide."
},
{
"w": "CULT",
"v": true,
"row": 3,
"col": 4,
"def": "A group of people with a religious, philosophical or cultural identity sometimes viewed as a sect, often existing on the margins of society or exploitative towards its members."
},
{
"w": "TUNE",
"v": true,
"row": 0,
"col": 5,
"def": "A melody."
},
{
"w": "LENT",
"v": true,
"row": 3,
"col": 2,
"def": "Simple past tense and past participle of lend."
},
{
"w": "LUTE",
"v": false,
"row": 1,
"col": 4,
"def": "A fretted stringed instrument, similar to a guitar, having a bowl-shaped body or soundbox."
},
{
"w": "UNCLE",
"v": false,
"row": 5,
"col": 1,
"def": "A brother or brother-in-law of someone's parent."
},
{
"w": "LUCENT",
"v": false,
"row": 3,
"col": 2,
"def": "Emitting light; shining, luminous."
}
]
}