{
"id": 3685,
"sub_category": "Bright Packx",
"category": "Astral Group",
"type": 0,
"letters": "AADMMN",
"mov": 18,
"shovels": 1,
"coins": 5,
"rows": 15,
"cols": 15,
"c": 0,
"b": -1,
"w": 7,
"h": 6,
"dws": [
"MAA",
"DAMN",
"ADMAN",
"NADA",
"MNA",
"AMA",
"DNA",
"NAM",
"MANA",
"DAN",
"NAAM",
"DAMAN",
"MAND",
"ANA"
],
"ws": [
{
"w": "AND",
"v": false,
"row": 2,
"col": 4,
"def": "As a coordinating conjunction; expressing two elements to be taken together or in addition to each other."
},
{
"w": "DAM",
"v": false,
"row": 3,
"col": 0,
"def": "Structure placed across a flowing body of water to stop the flow."
},
{
"w": "MAD",
"v": true,
"row": 1,
"col": 0,
"def": "Insane; crazy, mentally deranged."
},
{
"w": "MAN",
"v": false,
"row": 5,
"col": 4,
"def": "An adult male human."
},
{
"w": "MAM",
"v": false,
"row": 1,
"col": 2,
"def": "Diminutive of mother."
},
{
"w": "MAMA",
"v": true,
"row": 1,
"col": 2,
"def": "Mother, female parent."
},
{
"w": "MADAM",
"v": true,
"row": 1,
"col": 4,
"def": "A polite form of address for a woman or lady."
},
{
"w": "MADMAN",
"v": true,
"row": 0,
"col": 6,
"def": "A male who is insane or mentally disturbed."
}
]
}