{
"id": 3688,
"sub_category": "Bright Packx",
"category": "Astral Group",
"type": 0,
"letters": "AEEKRT",
"mov": 30,
"shovels": 1,
"coins": 5,
"rows": 15,
"cols": 15,
"c": 0,
"b": -1,
"w": 12,
"h": 12,
"dws": [
"RET",
"ARE",
"KAE",
"ARET",
"RAKEE",
"KAT",
"ERA",
"ERE",
"TEE",
"TAE",
"TARE",
"RETE",
"ARETE",
"TAK",
"EAR",
"KEET",
"AKEE",
"KETA",
"KART",
"REE",
"KET",
"KETE",
"ETA",
"TEREK",
"REKE",
"AKE",
"ERK",
"TEER",
"TEEK",
"REAK",
"KEA",
"REATE"
],
"ws": [
{
"w": "ARK",
"v": false,
"row": 4,
"col": 9,
"def": "A large box with a flat lid."
},
{
"w": "ART",
"v": true,
"row": 4,
"col": 9,
"def": "Human effort to imitate, supplement, alter, or counteract the work of nature."
},
{
"w": "ATE",
"v": false,
"row": 2,
"col": 9,
"def": "Simple past of eat."
},
{
"w": "EAT",
"v": false,
"row": 0,
"col": 7,
"def": "To consume (something solid or semi-solid, usually food) by putting it into the mouth and swallowing it."
},
{
"w": "RAT",
"v": false,
"row": 6,
"col": 7,
"def": "A medium-sized rodent belonging to the genus Rattus."
},
{
"w": "TAR",
"v": true,
"row": 2,
"col": 10,
"def": "A black, oily, sticky, viscous substance, consisting mainly of hydrocarbons derived from organic materials such as wood, peat, or coal."
},
{
"w": "TEA",
"v": true,
"row": 0,
"col": 9,
"def": "The dried leaves or buds of the tea plant, Camellia sinensis."
},
{
"w": "EEK",
"v": true,
"row": 0,
"col": 7,
"def": "Representing a scream or shriek (especially in comic strips)."
},
{
"w": "EKE",
"v": false,
"row": 7,
"col": 5,
"def": "To increase; to add to, augment, lengthen."
},
{
"w": "RATE",
"v": false,
"row": 1,
"col": 4,
"def": "A wage calculated in relation to a unit of time."
},
{
"w": "TAKE",
"v": true,
"row": 0,
"col": 5,
"def": "To grasp with the hands."
},
{
"w": "TEAR",
"v": false,
"row": 6,
"col": 2,
"def": "To rend (a solid material) by holding or restraining in two places and pulling apart, whether intentionally or not; to destroy or separate."
},
{
"w": "TREE",
"v": true,
"row": 5,
"col": 5,
"def": "A large plant, not exactly defined, but typically over four meters in height, a single trunk which grows in girth with age and branches (which also grow in circumference with age)."
},
{
"w": "TREK",
"v": true,
"row": 5,
"col": 7,
"def": "A slow or difficult journey."
},
{
"w": "REEK",
"v": false,
"row": 3,
"col": 3,
"def": "A strong unpleasant smell."
},
{
"w": "RAKE",
"v": true,
"row": 3,
"col": 3,
"def": "A garden tool with a row of pointed teeth fixed to a long handle, used for collecting grass or debris, or for loosening soil."
},
{
"w": "TEAK",
"v": true,
"row": 6,
"col": 2,
"def": "An extremely durable timber highly valued for shipbuilding and other purposes, yielded by Tectona grandis (and Tectona spp.)."
},
{
"w": "EATER",
"v": true,
"row": 7,
"col": 0,
"def": "Agent noun of eat; one who eats."
},
{
"w": "TAKER",
"v": false,
"row": 9,
"col": 0,
"def": "One who takes something."
},
{
"w": "RETAKE",
"v": false,
"row": 11,
"col": 0,
"def": "To take something again."
}
]
}