{
"id": 3689,
"sub_category": "Bright Packx",
"category": "Astral Group",
"type": 0,
"letters": "COOPTU",
"mov": 16,
"shovels": 1,
"coins": 5,
"rows": 15,
"cols": 15,
"c": 0,
"b": -1,
"w": 8,
"h": 7,
"dws": [
"TOO",
"POT",
"OOP",
"TOP",
"TOCO",
"TOC",
"POOT",
"PUT",
"UPO",
"OOT",
"CUP",
"TOPO",
"COT",
"COO",
"POCO",
"OPT",
"CUT",
"TUP",
"OUT",
"POO",
"COP"
],
"ws": [
{
"w": "COOP",
"v": false,
"row": 1,
"col": 4,
"def": "A pen or enclosure for birds."
},
{
"w": "COUP",
"v": true,
"row": 3,
"col": 2,
"def": "A quick, brilliant, and highly successful act; a triumph."
},
{
"w": "COOT",
"v": true,
"row": 1,
"col": 4,
"def": "Any of various aquatic birds of the genus Fulica that are mainly black with a prominent frontal shield on the forehead."
},
{
"w": "POUT",
"v": true,
"row": 0,
"col": 6,
"def": "One's facial expression when pouting."
},
{
"w": "COOPT",
"v": false,
"row": 3,
"col": 2,
"def": "To commandeer, appropriate or take over."
},
{
"w": "COPOUT",
"v": false,
"row": 6,
"col": 0,
"def": "Avoidance or inadequate performance of a task or duty; the action of copping out."
}
]
}