{
"id": 3714,
"sub_category": "Sol Pack",
"category": "Astral Group",
"type": 0,
"letters": "INPRTU",
"mov": 30,
"shovels": 1,
"coins": 5,
"rows": 15,
"cols": 15,
"c": 0,
"b": -1,
"w": 13,
"h": 12,
"dws": [
"UNI",
"RIT",
"PIRN",
"PUIR",
"NUR",
"PRUNT",
"PIU",
"PURI",
"TUI",
"RUTIN",
"RIN",
"TUN",
"PTUI",
"UNRIP",
"URP",
"PURIN",
"PIR",
"TIP",
"PUN",
"TUP",
"URN",
"TRIN",
"RIPT",
"PUR"
],
"ws": [
{
"w": "NUT",
"v": false,
"row": 7,
"col": 0,
"def": "A hard-shelled seed."
},
{
"w": "PIN",
"v": false,
"row": 2,
"col": 3,
"def": "A small device, made (usually) of drawn-out steel wire with one end sharpened and the other flattened or rounded into a head, used for fastening."
},
{
"w": "PIT",
"v": true,
"row": 2,
"col": 3,
"def": "A hole in the ground."
},
{
"w": "PUT",
"v": true,
"row": 0,
"col": 7,
"def": "To place something somewhere."
},
{
"w": "RIP",
"v": false,
"row": 0,
"col": 5,
"def": "A tear (in paper, etc.)."
},
{
"w": "RUN",
"v": true,
"row": 0,
"col": 5,
"def": "Act or instance of running, of moving rapidly using the feet."
},
{
"w": "RUT",
"v": false,
"row": 4,
"col": 1,
"def": "Sexual desire or oestrus of cattle, and various other mammals."
},
{
"w": "TIN",
"v": false,
"row": 2,
"col": 7,
"def": "A malleable, ductile, metallic element, resistant to corrosion, with atomic number 50 and symbol Sn."
},
{
"w": "NIP",
"v": true,
"row": 2,
"col": 9,
"def": "A small quantity of something edible or a potable liquor."
},
{
"w": "NIT",
"v": true,
"row": 4,
"col": 11,
"def": "The egg of a louse."
},
{
"w": "PINT",
"v": false,
"row": 4,
"col": 9,
"def": "A unit of volume, equivalent to 1/8 of a gallon or 16 ounces."
},
{
"w": "PUNT",
"v": false,
"row": 6,
"col": 8,
"def": "A pontoon; a narrow shallow boat propelled by a pole."
},
{
"w": "RUIN",
"v": false,
"row": 8,
"col": 6,
"def": "Construction withered by time."
},
{
"w": "TRIP",
"v": true,
"row": 7,
"col": 6,
"def": "A journey."
},
{
"w": "TURN",
"v": false,
"row": 9,
"col": 1,
"def": "Of a body, person, etc, to move around an axis through itself."
},
{
"w": "UNIT",
"v": true,
"row": 4,
"col": 2,
"def": "A standard measure of a quantity."
},
{
"w": "RUNT",
"v": true,
"row": 5,
"col": 0,
"def": "The smallest animal of a litter."
},
{
"w": "INPUT",
"v": false,
"row": 10,
"col": 4,
"def": "The act or process of putting in; infusion."
},
{
"w": "PRINT",
"v": true,
"row": 6,
"col": 8,
"def": "Of, relating to, or writing for printed publications."
},
{
"w": "TURNIP",
"v": true,
"row": 6,
"col": 4,
"def": "The white root of a yellow-flowered plant, Brassica rapa, grown as a vegetable and as fodder for cattle."
}
]
}