{
"id": 3736,
"sub_category": "Arise Packx",
"category": "Astral Group",
"type": 0,
"letters": "AELNTT",
"mov": 30,
"shovels": 1,
"coins": 5,
"rows": 15,
"cols": 15,
"c": 0,
"b": -1,
"w": 13,
"h": 12,
"dws": [
"TELA",
"LEANT",
"ATE",
"NAE",
"NEAL",
"TAT",
"TET",
"ANE",
"TAE",
"ELT",
"NAT",
"TELT",
"EAN",
"TEL",
"LATEN",
"LENT",
"LEA",
"LATTEN",
"ATT",
"LEAT",
"TATE",
"ANT",
"LANT",
"ELAN",
"NETT",
"ETNA",
"ETA",
"TEAT",
"TANE",
"ETAT",
"TAEL"
],
"ws": [
{
"w": "ALE",
"v": true,
"row": 0,
"col": 8,
"def": "An intoxicating liquor made from an infusion of malt by fermentation and the addition of a bitter, usually hops."
},
{
"w": "EAT",
"v": true,
"row": 0,
"col": 12,
"def": "To consume (something solid or semi-solid, usually food) by putting it into the mouth and swallowing it."
},
{
"w": "LET",
"v": true,
"row": 2,
"col": 5,
"def": "To allow to, not to prevent (+ infinitive, but usually without to)."
},
{
"w": "NET",
"v": false,
"row": 2,
"col": 10,
"def": "A mesh of string, cord or rope."
},
{
"w": "TAN",
"v": true,
"row": 0,
"col": 10,
"def": "A symbol of the trigonometric function tangent."
},
{
"w": "TEA",
"v": false,
"row": 4,
"col": 5,
"def": "The dried leaves or buds of the tea plant, Camellia sinensis."
},
{
"w": "TEN",
"v": false,
"row": 5,
"col": 7,
"def": "A numerical value equal to 10; the number occurring after nine and before eleven, represented in Roman numerals as X, in Arabic numerals as 10, and in the hexadecimal system (base 16) as A."
},
{
"w": "ALT",
"v": false,
"row": 0,
"col": 8,
"def": "A state of excitement, conveyed by a high pitched voice."
},
{
"w": "LAT",
"v": true,
"row": 6,
"col": 11,
"def": "A Latvian coin and national monetary unit."
},
{
"w": "LANE",
"v": false,
"row": 2,
"col": 5,
"def": "A narrow passageway between fences, walls, hedges or trees."
},
{
"w": "LATE",
"v": false,
"row": 8,
"col": 9,
"def": "Near the end of a period of time."
},
{
"w": "LEAN",
"v": true,
"row": 8,
"col": 9,
"def": "To hang outwards."
},
{
"w": "NEAT",
"v": true,
"row": 2,
"col": 7,
"def": "A bull or cow."
},
{
"w": "TALE",
"v": false,
"row": 6,
"col": 9,
"def": "Number."
},
{
"w": "TENT",
"v": true,
"row": 3,
"col": 9,
"def": "A pavilion or portable lodge consisting of skins, canvas, or some strong cloth, stretched and sustained by poles, used for sheltering persons from the weather."
},
{
"w": "ANTE",
"v": false,
"row": 9,
"col": 6,
"def": "A price or cost, as in up the ante."
},
{
"w": "TEAL",
"v": true,
"row": 7,
"col": 6,
"def": "Any of various small freshwater ducks of the genus Anas that are brightly coloured and have short necks."
},
{
"w": "LATTE",
"v": false,
"row": 8,
"col": 2,
"def": "A drink of coffee made from espresso and steamed milk, generally topped with foam."
},
{
"w": "TALENT",
"v": true,
"row": 6,
"col": 2,
"def": "The men or (especially) women of a place or area, judged by their attractiveness."
},
{
"w": "LATENT",
"v": false,
"row": 6,
"col": 0,
"def": "Existing or present but concealed or inactive."
}
]
}