{
"id": 3752,
"sub_category": "Gift Pack",
"category": "Astral Group",
"type": 0,
"letters": "CEORST",
"mov": 28,
"shovels": 1,
"coins": 5,
"rows": 15,
"cols": 15,
"c": 0,
"b": -1,
"w": 15,
"h": 11,
"dws": [
"REC",
"RET",
"COS",
"RESTO",
"CORES",
"ROST",
"TOE",
"SOT",
"REOS",
"SCOT",
"ROT",
"ESTRO",
"TORC",
"ROSET",
"ECO",
"ROES",
"ERST",
"TRES",
"ESTOC",
"SECO",
"SER",
"COSTER",
"TORCS",
"OSE",
"TOC",
"TOCS",
"COSE",
"RECTO",
"ROTES",
"RECTOS",
"REO",
"ORTS",
"TORSE",
"ESCOT",
"COSET",
"ORE",
"ROCS",
"ERS",
"TEC",
"SCROTE",
"RETS",
"SECT",
"ORC",
"TOSE",
"TECS",
"TOR",
"EST",
"CORSE",
"CERTS",
"OES",
"TES",
"TORES",
"CORS",
"EROS",
"SOC",
"COT",
"CEROS",
"ROE",
"RECS",
"SET",
"COR",
"SEC",
"ORS",
"CERT",
"SCOTER",
"CERO",
"RES",
"TORS",
"COTE",
"COTES",
"ORT",
"ROC",
"ECOS",
"ORCS"
],
"ws": [
{
"w": "CORE",
"v": true,
"row": 4,
"col": 0,
"def": "The central part of fruit, containing the kernels or seeds."
},
{
"w": "COST",
"v": false,
"row": 4,
"col": 0,
"def": "Manner; way; means; available course; contrivance."
},
{
"w": "ORES",
"v": true,
"row": 1,
"col": 2,
"def": "Plural form of ore."
},
{
"w": "REST",
"v": false,
"row": 9,
"col": 2,
"def": "Relief from work or activity by sleeping; sleep."
},
{
"w": "ROSE",
"v": true,
"row": 7,
"col": 4,
"def": "A shrub of the genus Rosa, with red, pink, white or yellow flowers."
},
{
"w": "ROTS",
"v": false,
"row": 2,
"col": 2,
"def": "Third person singular of rot."
},
{
"w": "SORE",
"v": true,
"row": 2,
"col": 5,
"def": "Causing pain or discomfort; painfully sensitive."
},
{
"w": "SORT",
"v": true,
"row": 1,
"col": 7,
"def": "A general type."
},
{
"w": "TOES",
"v": true,
"row": 0,
"col": 9,
"def": "Plural form of toe."
},
{
"w": "TORE",
"v": true,
"row": 3,
"col": 12,
"def": "Hard, difficult; wearisome, tedious."
},
{
"w": "COTS",
"v": true,
"row": 6,
"col": 10,
"def": "Plural form of cot."
},
{
"w": "ROTE",
"v": false,
"row": 4,
"col": 5,
"def": "The process of learning or committing something to memory through mechanical repetition, usually by hearing and repeating aloud, often without full attention to comprehension or thought for the meaning."
},
{
"w": "CREST",
"v": false,
"row": 6,
"col": 10,
"def": "A tuft, or other excrescence or natural ornament, growing on an animal's head; the comb of a cock; the swelling on the head of a serpent; the lengthened feathers of the crown or nape of bird, etc."
},
{
"w": "SCORE",
"v": true,
"row": 6,
"col": 2,
"def": "The total number of points earned by a participant in a game."
},
{
"w": "STORE",
"v": false,
"row": 1,
"col": 7,
"def": "A place where items may be accumulated or routinely kept."
},
{
"w": "ESCORT",
"v": false,
"row": 7,
"col": 0,
"def": "A body of armed men to attend a person of distinction for the sake of affording safety when on a journey; one who conducts some one as an attendant; a guard, as of prisoners on a march; also, a body of persons, attending as a mark of respect or honor; -- applied to movements on land, as convoy is to movements at sea."
},
{
"w": "SECTOR",
"v": false,
"row": 3,
"col": 9,
"def": "Section."
},
{
"w": "CORSET",
"v": false,
"row": 9,
"col": 7,
"def": "A woman's foundation garment, reinforced with stays, that supports the waistline, hips and bust."
}
]
}