{
"id": 3764,
"sub_category": "Bask Pack",
"category": "Stone Group",
"type": 0,
"letters": "ADEMOW",
"mov": 30,
"shovels": 1,
"coins": 5,
"rows": 15,
"cols": 15,
"c": 0,
"b": -1,
"w": 12,
"h": 11,
"dws": [
"EMO",
"MEW",
"ODA",
"WAME",
"MAE",
"WOAD",
"MOA",
"MOWA",
"MAWED",
"DAE",
"MOE",
"DAW",
"DOE",
"MOD",
"MED",
"AME",
"DEAW",
"AWE",
"WEM",
"ODEA",
"DWAM",
"WOE",
"ODE",
"DOM",
"WAE",
"OWED",
"WAD",
"OMA"
],
"ws": [
{
"w": "DAM",
"v": true,
"row": 6,
"col": 0,
"def": "Structure placed across a flowing body of water to stop the flow."
},
{
"w": "DEW",
"v": false,
"row": 6,
"col": 0,
"def": "Moisture in the air that settles on plants, etc in the morning, resulting in drops."
},
{
"w": "MAD",
"v": true,
"row": 1,
"col": 5,
"def": "Insane; crazy, mentally deranged."
},
{
"w": "OWE",
"v": false,
"row": 5,
"col": 2,
"def": "To be under an obligation to give something back to someone or to perform some action for someone."
},
{
"w": "DOW",
"v": false,
"row": 10,
"col": 2,
"def": "To be worth."
},
{
"w": "ADO",
"v": false,
"row": 9,
"col": 4,
"def": "To do; in doing; as, there is nothing ado."
},
{
"w": "MOW",
"v": false,
"row": 8,
"col": 0,
"def": "To cut something (especially grass or crops) down or knock down."
},
{
"w": "WED",
"v": true,
"row": 8,
"col": 2,
"def": "To perform the marriage ceremony for; to join in matrimony."
},
{
"w": "MAW",
"v": true,
"row": 8,
"col": 4,
"def": "The stomach, especially of an animal."
},
{
"w": "DEMO",
"v": true,
"row": 6,
"col": 6,
"def": "A brief demonstration or visual explanation."
},
{
"w": "DOME",
"v": false,
"row": 1,
"col": 0,
"def": "A common structural element of architecture that resembles the hollow upper half of a sphere, a cupola."
},
{
"w": "MADE",
"v": false,
"row": 8,
"col": 6,
"def": "A maggot or grub."
},
{
"w": "MODE",
"v": true,
"row": 6,
"col": 8,
"def": "One of several ancient scales, one of which corresponds to the modern major scale and one to the natural minor scale."
},
{
"w": "WADE",
"v": true,
"row": 3,
"col": 9,
"def": "To walk through water or something that impedes progress."
},
{
"w": "DAME",
"v": false,
"row": 6,
"col": 6,
"def": "The equivalent title to Sir for a female knight."
},
{
"w": "MEAD",
"v": false,
"row": 3,
"col": 2,
"def": "An alcoholic drink fermented from honey and water."
},
{
"w": "MEOW",
"v": true,
"row": 3,
"col": 2,
"def": "The cry of a cat."
},
{
"w": "AWED",
"v": true,
"row": 3,
"col": 4,
"def": "Simple past tense and past participle of awe."
},
{
"w": "MOWED",
"v": false,
"row": 3,
"col": 7,
"def": "Simple past tense and past participle of mow."
},
{
"w": "MEADOW",
"v": true,
"row": 0,
"col": 11,
"def": "A field or pasture; a piece of land covered or cultivated with grass, usually intended to be mown for hay; an area of low lying vegetation, especially near a river."
}
]
}