{
"id": 3796,
"sub_category": "Chisel Pack",
"category": "Stone Group",
"type": 0,
"letters": "AEHLLT",
"mov": 30,
"shovels": 1,
"coins": 5,
"rows": 15,
"cols": 15,
"c": 0,
"b": -1,
"w": 11,
"h": 11,
"dws": [
"TELA",
"HAET",
"TAE",
"ELT",
"HAE",
"ELL",
"TEL",
"LEA",
"LEAT",
"HET",
"EATH",
"LATH",
"LEAL",
"ETH",
"ETA",
"HALE",
"HAT",
"THAE",
"LATE",
"ETHAL",
"TAEL",
"HEAL",
"LAH"
],
"ws": [
{
"w": "ALE",
"v": true,
"row": 0,
"col": 9,
"def": "An intoxicating liquor made from an infusion of malt by fermentation and the addition of a bitter, usually hops."
},
{
"w": "ALL",
"v": true,
"row": 0,
"col": 3,
"def": "Intensifier."
},
{
"w": "ATE",
"v": true,
"row": 0,
"col": 5,
"def": "Simple past of eat."
},
{
"w": "EAT",
"v": false,
"row": 2,
"col": 5,
"def": "To consume (something solid or semi-solid, usually food) by putting it into the mouth and swallowing it."
},
{
"w": "LET",
"v": false,
"row": 1,
"col": 3,
"def": "To allow to, not to prevent (+ infinitive, but usually without to)."
},
{
"w": "TEA",
"v": false,
"row": 0,
"col": 1,
"def": "The dried leaves or buds of the tea plant, Camellia sinensis."
},
{
"w": "THE",
"v": true,
"row": 0,
"col": 1,
"def": "With a comparative or more and a verb phrase, establishes a parallel with one or more other such comparatives."
},
{
"w": "ALT",
"v": false,
"row": 4,
"col": 0,
"def": "A state of excitement, conveyed by a high pitched voice."
},
{
"w": "LAT",
"v": true,
"row": 2,
"col": 2,
"def": "A Latvian coin and national monetary unit."
},
{
"w": "HALL",
"v": false,
"row": 7,
"col": 1,
"def": "A corridor; a hallway."
},
{
"w": "HALT",
"v": false,
"row": 10,
"col": 1,
"def": "To stop marching."
},
{
"w": "HATE",
"v": true,
"row": 0,
"col": 7,
"def": "To dislike intensely; to feel strong hostility towards."
},
{
"w": "HEAT",
"v": false,
"row": 0,
"col": 7,
"def": "Thermal energy."
},
{
"w": "HELL",
"v": false,
"row": 2,
"col": 0,
"def": "In various religions, the place where some or all spirits are believed to go after death."
},
{
"w": "TALE",
"v": true,
"row": 5,
"col": 3,
"def": "Number."
},
{
"w": "TALL",
"v": false,
"row": 5,
"col": 3,
"def": "Obsequious; obedient."
},
{
"w": "TELL",
"v": false,
"row": 7,
"col": 6,
"def": "To count, reckon, or enumerate."
},
{
"w": "TEAL",
"v": true,
"row": 4,
"col": 9,
"def": "Any of various small freshwater ducks of the genus Anas that are brightly coloured and have short necks."
},
{
"w": "LATHE",
"v": true,
"row": 4,
"col": 1,
"def": "To invite; bid; ask."
},
{
"w": "LETHAL",
"v": true,
"row": 5,
"col": 6,
"def": "Deadly; mortal; fatal."
}
]
}