{
"id": 3810,
"sub_category": "Tower Pack",
"category": "Stone Group",
"type": 0,
"letters": "IMOPRT",
"mov": 28,
"shovels": 1,
"coins": 5,
"rows": 15,
"cols": 15,
"c": 0,
"b": -1,
"w": 12,
"h": 12,
"dws": [
"RIT",
"RIP",
"MIR",
"PRIM",
"TOPI",
"MOTI",
"IMPRO",
"TORI",
"MIRO",
"MOT",
"PRO",
"IMP",
"TOM",
"MOI",
"TOR",
"MOIT",
"POI",
"MOR",
"TROP",
"POM",
"MORT",
"ROM",
"ROTI",
"TIRO",
"PIR",
"RIM",
"RIPT",
"ORT"
],
"ws": [
{
"w": "MOP",
"v": false,
"row": 4,
"col": 1,
"def": "An implement for washing floors, or the like, made of a piece of cloth, or a collection of thrums, or coarse yarn, fastened to a handle."
},
{
"w": "PIT",
"v": true,
"row": 4,
"col": 3,
"def": "A hole in the ground."
},
{
"w": "POT",
"v": false,
"row": 6,
"col": 1,
"def": "A vessel used for cooking or storing food."
},
{
"w": "ROT",
"v": false,
"row": 8,
"col": 0,
"def": "To suffer decomposition due to biological action, especially by fungi or bacteria."
},
{
"w": "TIP",
"v": false,
"row": 11,
"col": 1,
"def": "A particular arena or sphere of interest; a front."
},
{
"w": "TOP",
"v": true,
"row": 9,
"col": 3,
"def": "That part of an object furthest away in the opposite direction from that in which an unsupported object would fall."
},
{
"w": "OPT",
"v": true,
"row": 6,
"col": 2,
"def": "To choose; to select."
},
{
"w": "OMIT",
"v": true,
"row": 8,
"col": 1,
"def": "To leave out or exclude."
},
{
"w": "PORT",
"v": false,
"row": 0,
"col": 2,
"def": "A place on the coast at which ships can shelter, or dock to load and unload cargo or passengers."
},
{
"w": "PROM",
"v": true,
"row": 6,
"col": 6,
"def": "A promenade concert."
},
{
"w": "RIOT",
"v": false,
"row": 7,
"col": 6,
"def": "Wanton or unrestrained behavior; uproar; tumult."
},
{
"w": "TRIM",
"v": false,
"row": 9,
"col": 3,
"def": "To reduce slightly; to cut; especially, to remove excess; e.g. 'trim a hedge', 'trim a beard'."
},
{
"w": "TRIO",
"v": true,
"row": 4,
"col": 8,
"def": "A group of three people or things."
},
{
"w": "TRIP",
"v": true,
"row": 0,
"col": 5,
"def": "A journey."
},
{
"w": "ROMP",
"v": false,
"row": 5,
"col": 8,
"def": "To play about roughly, energetically or boisterously."
},
{
"w": "PRIMO",
"v": true,
"row": 0,
"col": 2,
"def": "The principal part of a duet."
},
{
"w": "TROMP",
"v": true,
"row": 2,
"col": 10,
"def": "To tread heavily, especially to crush underfoot."
},
{
"w": "IMPORT",
"v": false,
"row": 2,
"col": 5,
"def": "Something brought in from an exterior source, especially for sale or trade."
}
]
}