{
"id": 3818,
"sub_category": "Tower Pack",
"category": "Stone Group",
"type": 0,
"letters": "ABNRWY",
"mov": 30,
"shovels": 1,
"coins": 5,
"rows": 15,
"cols": 15,
"c": 0,
"b": -1,
"w": 12,
"h": 11,
"dws": [
"YAR",
"BAR",
"YAW",
"AWNY",
"WARB",
"RYA",
"ARY",
"WAB",
"BARNY",
"BRAY",
"BAWR",
"BAWN",
"RNA",
"WYN",
"BRAW",
"WANY",
"NAY",
"RAWN",
"ARB",
"ABY",
"BRA",
"WAN",
"ANY",
"AWN"
],
"ws": [
{
"w": "BAN",
"v": true,
"row": 6,
"col": 11,
"def": "To summon; call out."
},
{
"w": "BAY",
"v": true,
"row": 8,
"col": 8,
"def": "A berry."
},
{
"w": "NAB",
"v": false,
"row": 6,
"col": 9,
"def": "To seize, arrest or take into custody a criminal or fugitive."
},
{
"w": "RAN",
"v": true,
"row": 4,
"col": 9,
"def": "Simple past of run."
},
{
"w": "RAW",
"v": false,
"row": 4,
"col": 9,
"def": "Of weather: unpleasantly damp or cold."
},
{
"w": "RAY",
"v": false,
"row": 10,
"col": 6,
"def": "A beam of light or radiation."
},
{
"w": "WAR",
"v": true,
"row": 8,
"col": 6,
"def": "Organized, large-scale, armed conflict between countries or between national, ethnic, or other sizeable groups, usually involving the engagement of military forces."
},
{
"w": "WAY",
"v": false,
"row": 0,
"col": 6,
"def": "A road, a direction, a (physical or conceptual) path from one place to another."
},
{
"w": "WRY",
"v": true,
"row": 0,
"col": 6,
"def": "To cover; clothe; cover up; cloak; hide."
},
{
"w": "NAW",
"v": true,
"row": 2,
"col": 11,
"def": "Eye dialect spelling of no."
},
{
"w": "BARN",
"v": false,
"row": 8,
"col": 8,
"def": "A building, often found on a farm, used for storage or keeping animals such as cattle."
},
{
"w": "BRAN",
"v": true,
"row": 0,
"col": 1,
"def": "The broken coat of the seed of wheat, rye, or other cereal grain, separated from the flour or meal by sifting or bolting; the coarse, chaffy part of ground grain."
},
{
"w": "WARN",
"v": false,
"row": 2,
"col": 8,
"def": "To give warning."
},
{
"w": "WARY",
"v": false,
"row": 2,
"col": 3,
"def": "Cautious of danger; carefully watching and guarding against deception, artifices, and dangers; timorously or suspiciously prudent; circumspect; scrupulous; careful."
},
{
"w": "YARN",
"v": true,
"row": 1,
"col": 4,
"def": "A twisted strand of fiber used for knitting or weaving."
},
{
"w": "AWRY",
"v": true,
"row": 4,
"col": 5,
"def": "Obliquely, crookedly; askew."
},
{
"w": "YAWN",
"v": true,
"row": 0,
"col": 8,
"def": "To open the mouth widely and take a long, rather deep breath, often because one is tired and sometimes accompanied by pandiculation."
},
{
"w": "NARY",
"v": false,
"row": 4,
"col": 4,
"def": "Not one."
},
{
"w": "BRAWN",
"v": true,
"row": 5,
"col": 2,
"def": "Strong muscles or lean flesh, especially of the arm, leg or thumb."
},
{
"w": "BRAWNY",
"v": false,
"row": 7,
"col": 0,
"def": "Characterized by brawn; muscular; strong."
}
]
}