{
"id": 3822,
"sub_category": "Tower Pack",
"category": "Stone Group",
"type": 0,
"letters": "EEFILN",
"mov": 24,
"shovels": 1,
"coins": 5,
"rows": 15,
"cols": 15,
"c": 0,
"b": -1,
"w": 11,
"h": 8,
"dws": [
"FENI",
"LEI",
"NEIF",
"NIFE",
"FELE",
"FEEN",
"LIEF",
"ENE",
"NIE",
"NIEF",
"LINE",
"LEE",
"LIN",
"NEE",
"FIL",
"LIEN",
"NEF",
"FIE",
"EEN"
],
"ws": [
{
"w": "ELF",
"v": false,
"row": 2,
"col": 7,
"def": "A mythical, supernatural being resembling but seen as distinct from humans."
},
{
"w": "FEE",
"v": true,
"row": 2,
"col": 9,
"def": "Cattle; livestock, especially considered as the basis of wealth."
},
{
"w": "FIN",
"v": true,
"row": 0,
"col": 5,
"def": "One of the appendages of a fish, used to propel itself and to manoeuvre/maneuver."
},
{
"w": "LIE",
"v": false,
"row": 5,
"col": 6,
"def": "To be in a horizontal position."
},
{
"w": "EEL",
"v": true,
"row": 0,
"col": 8,
"def": "Any fish of the order Anguilliformes which are elongated and resemble snakes. There are freshwater and marine species."
},
{
"w": "NIL",
"v": true,
"row": 3,
"col": 6,
"def": "Nothing; zero."
},
{
"w": "FEN",
"v": false,
"row": 4,
"col": 8,
"def": "A type of wetland fed by ground water and runoff, containing peat below the waterline."
},
{
"w": "FEEL",
"v": true,
"row": 4,
"col": 8,
"def": "To become aware of through the skin; to use the sense of touch."
},
{
"w": "FILE",
"v": false,
"row": 7,
"col": 3,
"def": "A collection of papers collated and archived together."
},
{
"w": "FINE",
"v": false,
"row": 0,
"col": 5,
"def": "Of superior quality."
},
{
"w": "FLEE",
"v": true,
"row": 2,
"col": 3,
"def": "To run away; to escape."
},
{
"w": "LIFE",
"v": false,
"row": 4,
"col": 0,
"def": "The state that follows birth, and precedes death; the state of being alive and living."
},
{
"w": "ELFIN",
"v": false,
"row": 2,
"col": 1,
"def": "An elf; an inhabitant of fairyland."
},
{
"w": "FELINE",
"v": true,
"row": 1,
"col": 1,
"def": "Of, or pertaining to, the cat."
}
]
}