{
"id": 3828,
"sub_category": "Wisp Pack",
"category": "Stone Group",
"type": 0,
"letters": "AEMNOY",
"mov": 30,
"shovels": 1,
"coins": 5,
"rows": 15,
"cols": 15,
"c": 0,
"b": -1,
"w": 13,
"h": 11,
"dws": [
"NEMA",
"EMO",
"YOM",
"NOMA",
"NOME",
"EON",
"MOY",
"MEANY",
"NYE",
"NAE",
"MAE",
"MAYO",
"MOA",
"ANE",
"MONA",
"MYNA",
"MOE",
"OYE",
"EAN",
"NOY",
"ANOMY",
"EOAN",
"AME",
"NAM",
"MOYA",
"MON",
"AEON",
"MANO",
"YAE",
"MNA",
"YEAN",
"YAMEN",
"ONY",
"MONY",
"NOM",
"MENO",
"OMA"
],
"ws": [
{
"w": "ANY",
"v": false,
"row": 8,
"col": 8,
"def": "To even the slightest extent, at all."
},
{
"w": "AYE",
"v": true,
"row": 8,
"col": 8,
"def": "Ever, always."
},
{
"w": "MAN",
"v": true,
"row": 6,
"col": 9,
"def": "An adult male human."
},
{
"w": "MAY",
"v": false,
"row": 6,
"col": 9,
"def": "The hawthorn bush or its blossoms."
},
{
"w": "MEN",
"v": false,
"row": 4,
"col": 9,
"def": "Plural form of man."
},
{
"w": "ONE",
"v": true,
"row": 2,
"col": 10,
"def": "A numerical value equal to 1; the first number in the set of natural numbers (especially in number theory); the cardinality of the smallest nonempty set. Ordinal: first."
},
{
"w": "YAM",
"v": true,
"row": 0,
"col": 9,
"def": "Any climbing vine of the genus Dioscorea in the Eastern and Western hemispheres, usually cultivated."
},
{
"w": "NAY",
"v": true,
"row": 4,
"col": 11,
"def": "No."
},
{
"w": "YEA",
"v": false,
"row": 1,
"col": 7,
"def": "Yes."
},
{
"w": "YON",
"v": true,
"row": 8,
"col": 10,
"def": "Distant, but within sight."
},
{
"w": "YEN",
"v": true,
"row": 1,
"col": 7,
"def": "The unit of Japanese currency, equal to 100 sen."
},
{
"w": "AMEN",
"v": false,
"row": 3,
"col": 4,
"def": "At the end of Judeo-Christian prayers: so be it."
},
{
"w": "MANE",
"v": false,
"row": 1,
"col": 2,
"def": "Longer hair growth on back of neck of an animal, especially a horse or lion."
},
{
"w": "MANY",
"v": true,
"row": 3,
"col": 5,
"def": "An indefinite large number of."
},
{
"w": "MEAN",
"v": false,
"row": 10,
"col": 7,
"def": "To intend."
},
{
"w": "NAME",
"v": false,
"row": 8,
"col": 0,
"def": "Any nounal word or phrase which indicates a particular person, place, class, or thing."
},
{
"w": "MOAN",
"v": false,
"row": 2,
"col": 9,
"def": "A low, mournful cry of pain, sorrow or pleasure."
},
{
"w": "OMEN",
"v": false,
"row": 5,
"col": 2,
"def": "Something which portends or is perceived to portend a good or evil event or circumstance in the future; an augury or foreboding."
},
{
"w": "MONEY",
"v": true,
"row": 5,
"col": 3,
"def": "A legally or socially binding conceptual contract of entitlement to wealth, void of intrinsic value, payable for all debts and taxes, and regulated in supply."
},
{
"w": "YEOMAN",
"v": true,
"row": 3,
"col": 0,
"def": "An official providing honorable service in a royal or high noble household, ranking between a squire and a page."
}
]
}