{
"id": 3837,
"sub_category": "Wisp Pack",
"category": "Stone Group",
"type": 0,
"letters": "BELLOW",
"mov": 20,
"shovels": 1,
"coins": 5,
"rows": 15,
"cols": 15,
"c": 0,
"b": -1,
"w": 10,
"h": 8,
"dws": [
"BEL",
"WEB",
"OWL",
"OLE",
"OBE",
"BOWE",
"BOLE",
"LOWE",
"LEW",
"LOB",
"LOL",
"WOE",
"BOWEL",
"ELL",
"OWE",
"LOW",
"BOW"
],
"ws": [
{
"w": "BELL",
"v": true,
"row": 1,
"col": 1,
"def": "A percussive instrument made of metal or other hard material, typically but not always in the shape of an inverted cup with a flared rim, which resonates when struck."
},
{
"w": "BLEW",
"v": true,
"row": 4,
"col": 0,
"def": "Simple past of blow."
},
{
"w": "BLOW",
"v": false,
"row": 4,
"col": 0,
"def": "To produce an air current."
},
{
"w": "BOWL",
"v": false,
"row": 0,
"col": 3,
"def": "A roughly hemispherical container used to hold, mix or present food, such as salad, fruit or soup, or other items."
},
{
"w": "LOBE",
"v": true,
"row": 0,
"col": 6,
"def": "Any projection or division, especially one of a somewhat rounded form."
},
{
"w": "WELL",
"v": false,
"row": 2,
"col": 0,
"def": "Accurately, competently."
},
{
"w": "BOLL",
"v": false,
"row": 2,
"col": 6,
"def": "The rounded seed-bearing capsule of a cotton or flax plant."
},
{
"w": "BELOW",
"v": true,
"row": 0,
"col": 3,
"def": "Lower in spatial position than."
},
{
"w": "ELBOW",
"v": true,
"row": 1,
"col": 9,
"def": "The joint between the upper arm and the forearm."
},
{
"w": "BELLOW",
"v": false,
"row": 5,
"col": 4,
"def": "The deep roar of a large animal, or any similar loud noise."
}
]
}