{
"id": 384,
"sub_category": "Scale Pack",
"category": "Mountain Group",
"type": 0,
"letters": "ALMORT",
"mov": 22,
"shovels": 1,
"coins": 5,
"rows": 15,
"cols": 15,
"c": 0,
"b": -1,
"w": 10,
"h": 10,
"dws": [
"MAR",
"TAR",
"LOR",
"ROT",
"ARM",
"RATO",
"LOMA",
"ROMA",
"ROAM",
"TAM",
"TARO",
"MOA",
"TORA",
"ROTL",
"MOT",
"OLM",
"TOM",
"MAT",
"RAM",
"TAO",
"LOTA",
"ALT",
"ORA",
"TOR",
"OAT",
"ROTAL",
"MOL",
"MOR",
"MORA",
"TOLA",
"ROMAL",
"TOLAR",
"LAT",
"ART",
"MORT",
"LAR",
"ROM",
"MARL",
"LOT",
"MOLA",
"RAT",
"LAM",
"ROTA",
"AMORT",
"MAL",
"OAR",
"ORT",
"MORAT",
"OMA"
],
"ws": [
{
"w": "ATOM",
"v": true,
"row": 6,
"col": 2,
"def": "The smallest, indivisible constituent part or unit of something."
},
{
"w": "ORAL",
"v": true,
"row": 4,
"col": 7,
"def": "A physical examination of the mouth."
},
{
"w": "MART",
"v": true,
"row": 3,
"col": 0,
"def": "A market."
},
{
"w": "MALT",
"v": true,
"row": 6,
"col": 5,
"def": "Malted grain (sprouted grain) (usually barley), used in brewing and otherwise."
},
{
"w": "MOAT",
"v": false,
"row": 6,
"col": 5,
"def": "A deep, wide defensive ditch, normally filled with water, surrounding a fortified habitation."
},
{
"w": "TRAM",
"v": false,
"row": 6,
"col": 0,
"def": "A passenger vehicle for public use that runs on tracks in the road."
},
{
"w": "ALTO",
"v": false,
"row": 4,
"col": 4,
"def": "A musical part or section higher than tenor and lower than soprano, formerly the part that performed a countermelody above the tenor or main melody."
},
{
"w": "LOAM",
"v": false,
"row": 1,
"col": 3,
"def": "A kind of soil; an earthy mixture of clay and sand, with organic matter to which its fertility is chiefly due."
},
{
"w": "MOLT",
"v": true,
"row": 1,
"col": 6,
"def": "To shed hair, feathers, skin, horns etc. and replace it by a fresh layer."
},
{
"w": "MORAL",
"v": false,
"row": 8,
"col": 1,
"def": "Of or relating to principles of right and wrong in behaviour, especially for teaching right behaviour."
},
{
"w": "MOLAR",
"v": true,
"row": 0,
"col": 9,
"def": "A back tooth having a broad surface used for grinding one's food."
},
{
"w": "MORTAL",
"v": true,
"row": 0,
"col": 4,
"def": "A human; someone susceptible to death."
}
]
}