{
"id": 3841,
"sub_category": "Fern Pack",
"category": "Green Group",
"type": 0,
"letters": "DELMPU",
"mov": 26,
"shovels": 1,
"coins": 5,
"rows": 15,
"cols": 15,
"c": 0,
"b": -1,
"w": 11,
"h": 10,
"dws": [
"PUL",
"PLU",
"DEP",
"MEU",
"DUPLE",
"LEUD",
"LUM",
"MULED",
"PEL",
"PULE",
"DUM",
"MED",
"UMP",
"PED",
"ELD",
"PULED",
"MEL",
"DULE",
"DUMPLE",
"ULE",
"LEU",
"PLUE",
"LUDE",
"PUD",
"LEP",
"LUD",
"UMPED",
"DUP",
"DEL"
],
"ws": [
{
"w": "DUE",
"v": true,
"row": 6,
"col": 7,
"def": "Owed or owing."
},
{
"w": "ELM",
"v": true,
"row": 7,
"col": 5,
"def": "A tree of the genus Ulmus of the family Ulmaceae, large deciduous trees with alternate stipulate leaves and small apetalous flowers."
},
{
"w": "LED",
"v": true,
"row": 7,
"col": 3,
"def": "Simple past tense and past participle of lead."
},
{
"w": "MUD",
"v": true,
"row": 1,
"col": 5,
"def": "A mixture of water and soil or fine grained sediment."
},
{
"w": "EMU",
"v": false,
"row": 7,
"col": 5,
"def": "A large flightless bird native to Australia, Dromaius novaehollandiae."
},
{
"w": "DUEL",
"v": false,
"row": 7,
"col": 0,
"def": "Arranged, regular combat between two private persons, often over a matter of honor."
},
{
"w": "DUMP",
"v": false,
"row": 9,
"col": 3,
"def": "A place where waste or garbage is left; a ground or place for dumping ashes, refuse, etc."
},
{
"w": "LUMP",
"v": true,
"row": 3,
"col": 9,
"def": "Something that protrudes, sticks out, or sticks together; a cluster or blob; a mound, hill, or group."
},
{
"w": "MULE",
"v": false,
"row": 3,
"col": 7,
"def": "A generally sterile male or female hybrid offspring of a male donkey and a female horse."
},
{
"w": "PLUM",
"v": true,
"row": 0,
"col": 7,
"def": "The edible, fleshy stone fruit of Prunus domestica, often of a dark red or purple colour."
},
{
"w": "DUPE",
"v": false,
"row": 6,
"col": 7,
"def": "To swindle, deceive, or trick."
},
{
"w": "MELD",
"v": false,
"row": 1,
"col": 5,
"def": "To combine two similar objects into one."
},
{
"w": "PLED",
"v": false,
"row": 3,
"col": 2,
"def": "Simple past tense and past participle of plead."
},
{
"w": "PLUME",
"v": true,
"row": 3,
"col": 2,
"def": "A feather of a bird, especially a large or showy one."
},
{
"w": "LUMPED",
"v": true,
"row": 2,
"col": 0,
"def": "Simple past tense and past participle of lump."
},
{
"w": "PLUMED",
"v": false,
"row": 5,
"col": 0,
"def": "Having or decorated with a plume or plumes."
}
]
}