{
"id": 3855,
"sub_category": "Fern Pack",
"category": "Green Group",
"type": 0,
"letters": "AALRSY",
"mov": 16,
"shovels": 1,
"coins": 5,
"rows": 15,
"cols": 15,
"c": 0,
"b": -1,
"w": 6,
"h": 6,
"dws": [
"ALAYS",
"YAR",
"SAL",
"ASAR",
"AALS",
"LARS",
"YAARS",
"LAYS",
"RYA",
"ARYLS",
"ALAR",
"ARY",
"YAAR",
"AYS",
"RYAS",
"AAS",
"RAYA",
"AAL",
"ALARY",
"ARYL",
"LAS",
"RYALS",
"SAR",
"ARS",
"ARSY",
"ALA",
"ALS",
"RAYAS",
"ALAS",
"RAYS",
"LAR",
"YAS",
"LYRA",
"RYAL",
"RAS",
"ASYLA",
"ALAY"
],
"ws": [
{
"w": "LAY",
"v": true,
"row": 0,
"col": 5,
"def": "To place down in a position of rest, or in a horizontal position."
},
{
"w": "RAY",
"v": false,
"row": 0,
"col": 1,
"def": "A beam of light or radiation."
},
{
"w": "SAY",
"v": true,
"row": 3,
"col": 1,
"def": "To pronounce."
},
{
"w": "SLY",
"v": false,
"row": 2,
"col": 3,
"def": "Artfully cunning; secretly mischievous; wily."
},
{
"w": "SLAY",
"v": true,
"row": 2,
"col": 3,
"def": "To eradicate or stamp out."
},
{
"w": "SALARY",
"v": false,
"row": 4,
"col": 0,
"def": "A fixed amount of money paid to a worker, usually measured on a monthly or annual basis, not hourly, as wages. Implies a degree of professionalism and/or autonomy."
}
]
}