{
"id": 3863,
"sub_category": "Leaf Packx",
"category": "Green Group",
"type": 0,
"letters": "ACEERR",
"mov": 24,
"shovels": 1,
"coins": 5,
"rows": 15,
"cols": 15,
"c": 0,
"b": -1,
"w": 10,
"h": 10,
"dws": [
"REC",
"ARERE",
"ERR",
"CRARE",
"ACER",
"CARR",
"CEE",
"CERE",
"CREE",
"ERE",
"REE"
],
"ws": [
{
"w": "ACE",
"v": true,
"row": 5,
"col": 7,
"def": "A single point or spot on a playing card or die."
},
{
"w": "ARC",
"v": true,
"row": 6,
"col": 4,
"def": "A directed edge."
},
{
"w": "ARE",
"v": true,
"row": 4,
"col": 2,
"def": "Second-person singular simple present tense of be."
},
{
"w": "CAR",
"v": false,
"row": 6,
"col": 7,
"def": "A wheeled vehicle, drawn by a horse or other animal."
},
{
"w": "EAR",
"v": false,
"row": 4,
"col": 1,
"def": "The organ of hearing, consisting of the pinna, auditory canal, eardrum, malleus, incus, stapes and cochlea."
},
{
"w": "ERA",
"v": false,
"row": 6,
"col": 2,
"def": "A time period of indeterminate length, generally more than one year."
},
{
"w": "CARE",
"v": true,
"row": 1,
"col": 1,
"def": "Grief, sorrow."
},
{
"w": "RACE",
"v": false,
"row": 7,
"col": 4,
"def": "A contest between people, animals, vehicles, etc. where the goal is to be the first to reach some objective. Several horses run in a horse race, and the first one to reach the finishing post wins."
},
{
"w": "RARE",
"v": false,
"row": 2,
"col": 0,
"def": "Cooked very lightly, so the meat is still red (in the case of steak or beef in the general sense)."
},
{
"w": "REAR",
"v": true,
"row": 1,
"col": 3,
"def": "To raise physically; to lift up; to cause to rise, to elevate."
},
{
"w": "ACRE",
"v": false,
"row": 3,
"col": 3,
"def": "A field."
},
{
"w": "CARER",
"v": true,
"row": 0,
"col": 6,
"def": "Someone who looks after another, either as a job or often through family responsibilities."
},
{
"w": "RACER",
"v": false,
"row": 0,
"col": 4,
"def": "Someone who takes part in a race."
},
{
"w": "CAREER",
"v": true,
"row": 4,
"col": 9,
"def": "One's calling in life; a person's occupation; one's profession."
}
]
}