{
"id": 3871,
"sub_category": "Leaf Packx",
"category": "Green Group",
"type": 0,
"letters": "GHIMTY",
"mov": 18,
"shovels": 1,
"coins": 5,
"rows": 15,
"cols": 15,
"c": 0,
"b": -1,
"w": 7,
"h": 6,
"dws": [
"THYMI",
"MIG",
"TYG",
"MYTHI",
"THIG",
"TIG",
"GHI",
"MITY"
],
"ws": [
{
"w": "GYM",
"v": true,
"row": 2,
"col": 2,
"def": "Short form of gymnasium."
},
{
"w": "HIM",
"v": false,
"row": 0,
"col": 4,
"def": "A masculine pronoun; he as a grammatical object."
},
{
"w": "HIT",
"v": true,
"row": 0,
"col": 4,
"def": "To administer a blow to."
},
{
"w": "THY",
"v": false,
"row": 3,
"col": 0,
"def": "That belongs to thee; the possessive form of thou."
},
{
"w": "GIT",
"v": false,
"row": 2,
"col": 2,
"def": "A contemptible person."
},
{
"w": "MYTH",
"v": true,
"row": 1,
"col": 0,
"def": "A traditional story which embodies a belief regarding some fact or phenomenon of experience, and in which often the forces of nature and of the soul are personified; a sacred narrative regarding a god, a hero, the origin of the world or of a people, etc."
},
{
"w": "MIGHT",
"v": false,
"row": 4,
"col": 2,
"def": "Power, strength, force or influence held by a person or group."
},
{
"w": "MIGHTY",
"v": true,
"row": 0,
"col": 6,
"def": "Influential, powerful beings."
}
]
}