{
"id": 3915,
"sub_category": "Roll Pack",
"category": "Green Group",
"type": 0,
"letters": "BDEMPU",
"mov": 20,
"shovels": 1,
"coins": 5,
"rows": 15,
"cols": 15,
"c": 0,
"b": -1,
"w": 8,
"h": 6,
"dws": [
"DEB",
"UMBE",
"BEMUD",
"DUM",
"PUD",
"UMP",
"BED",
"MED",
"DEP",
"PUBE",
"DUP",
"DUMB",
"UMPED",
"MEU",
"DUPE",
"BEDU",
"PED"
],
"ws": [
{
"w": "BUD",
"v": false,
"row": 2,
"col": 5,
"def": "A newly formed leaf or flower that has not yet unfolded."
},
{
"w": "DUE",
"v": true,
"row": 2,
"col": 2,
"def": "Owed or owing."
},
{
"w": "MUD",
"v": false,
"row": 2,
"col": 0,
"def": "A mixture of water and soil or fine grained sediment."
},
{
"w": "PUB",
"v": true,
"row": 3,
"col": 4,
"def": "A public house, where beverages, primarily alcoholic, may be bought and drunk. Many pubs also provide food and/or entertainment."
},
{
"w": "DUB",
"v": true,
"row": 0,
"col": 5,
"def": "To confer knighthood; the conclusion of the ceremony was marked by a tap on the shoulder with the sword."
},
{
"w": "EMU",
"v": false,
"row": 4,
"col": 2,
"def": "A large flightless bird native to Australia, Dromaius novaehollandiae."
},
{
"w": "BUM",
"v": true,
"row": 0,
"col": 0,
"def": "The buttocks."
},
{
"w": "BUMP",
"v": false,
"row": 5,
"col": 4,
"def": "A light blow or jolting collision."
},
{
"w": "DUMP",
"v": true,
"row": 2,
"col": 7,
"def": "A place where waste or garbage is left; a ground or place for dumping ashes, refuse, etc."
},
{
"w": "BUMPED",
"v": false,
"row": 0,
"col": 0,
"def": "Simple past tense and past participle of bump."
}
]
}