{
"id": 3938,
"sub_category": "Erode Packx",
"category": "West Group",
"type": 0,
"letters": "EGMNTU",
"mov": 30,
"shovels": 1,
"coins": 5,
"rows": 15,
"cols": 15,
"c": 0,
"b": -1,
"w": 12,
"h": 9,
"dws": [
"GNU",
"MENT",
"MEU",
"GUE",
"NEG",
"TUNG",
"TEGU",
"NUG",
"UTE",
"MUNT",
"MUNG",
"TUM",
"MUT",
"UNGET",
"TEG",
"TUN",
"GEN",
"NEUM",
"MUNGE",
"ENG",
"MUN",
"MENG",
"GEUM",
"GENU"
],
"ws": [
{
"w": "GEM",
"v": false,
"row": 0,
"col": 2,
"def": "A precious stone, usually of substantial monetary value or prized for its beauty or shine."
},
{
"w": "GET",
"v": false,
"row": 2,
"col": 0,
"def": "To obtain; to acquire."
},
{
"w": "GUM",
"v": true,
"row": 2,
"col": 0,
"def": "The flesh round the teeth."
},
{
"w": "GUN",
"v": true,
"row": 0,
"col": 8,
"def": "A very portable, short firearm, for hand use, which fires bullets or projectiles, such as a handgun, revolver, pistol, or Derringer."
},
{
"w": "GUT",
"v": true,
"row": 0,
"col": 2,
"def": "The alimentary canal, especially the intestine."
},
{
"w": "MEN",
"v": true,
"row": 0,
"col": 4,
"def": "Plural form of man."
},
{
"w": "MET",
"v": true,
"row": 0,
"col": 6,
"def": "Simple past tense and past participle of meet."
},
{
"w": "MUG",
"v": false,
"row": 0,
"col": 6,
"def": "Easily fooled, gullible."
},
{
"w": "NET",
"v": false,
"row": 2,
"col": 4,
"def": "A mesh of string, cord or rope."
},
{
"w": "NUT",
"v": false,
"row": 2,
"col": 8,
"def": "A hard-shelled seed."
},
{
"w": "TEN",
"v": true,
"row": 2,
"col": 10,
"def": "A numerical value equal to 10; the number occurring after nine and before eleven, represented in Roman numerals as X, in Arabic numerals as 10, and in the hexadecimal system (base 16) as A."
},
{
"w": "TUG",
"v": true,
"row": 4,
"col": 8,
"def": "To pull or drag with great effort."
},
{
"w": "EMU",
"v": true,
"row": 4,
"col": 1,
"def": "A large flightless bird native to Australia, Dromaius novaehollandiae."
},
{
"w": "MEG",
"v": false,
"row": 6,
"col": 6,
"def": "Common abbreviation for many/any unit having the SI prefix mega-, such as megahertz."
},
{
"w": "MENU",
"v": false,
"row": 4,
"col": 0,
"def": "The details of the food to be served at a banquet; a bill of fare."
},
{
"w": "MUTE",
"v": false,
"row": 8,
"col": 8,
"def": "To silence, to make quiet."
},
{
"w": "TUNE",
"v": false,
"row": 4,
"col": 8,
"def": "A melody."
},
{
"w": "GENT",
"v": false,
"row": 8,
"col": 3,
"def": "A gentleman."
},
{
"w": "UNMET",
"v": true,
"row": 4,
"col": 6,
"def": "Not met; unfulfilled; not achieved; fallen short of."
},
{
"w": "NUTMEG",
"v": true,
"row": 3,
"col": 3,
"def": "An evergreen tree, Myristica fragrans, cultivated in the East Indies for its spicy seeds."
}
]
}