{
"id": 4004,
"sub_category": "Breeze Packx",
"category": "Wind Group",
"type": 0,
"letters": "AEIRSV",
"mov": 26,
"shovels": 1,
"coins": 5,
"rows": 15,
"cols": 15,
"c": 0,
"b": -1,
"w": 11,
"h": 11,
"dws": [
"RAI",
"ARE",
"VIES",
"SEI",
"AIVERS",
"VARS",
"AVER",
"VAIR",
"RASE",
"VERA",
"VIERS",
"SIVER",
"SAV",
"ERA",
"REIS",
"SAI",
"RAIS",
"REI",
"VIAS",
"SER",
"VAES",
"RAVS",
"RAVES",
"RIVE",
"RIA",
"AIS",
"SEIR",
"RAV",
"AESIR",
"VERS",
"VIER",
"AVE",
"VIRES",
"VIA",
"VAS",
"SAIR",
"ERS",
"ARSE",
"VIRE",
"VARES",
"RIVAS",
"AVISE",
"SERA",
"RIAS",
"REV",
"VAIRS",
"AIR",
"AIVER",
"ARES",
"SIR",
"AVES",
"SAE",
"EAR",
"AVERS",
"ARS",
"SAR",
"ARIS",
"SARI",
"SERAI",
"RIVES",
"VARE",
"VAIRE",
"VAR",
"SRI",
"VAE",
"RAS",
"SEV",
"EAS",
"SEA",
"VIAE",
"RES",
"REVS",
"RIVA",
"VIE",
"VIS",
"IRE"
],
"ws": [
{
"w": "AIRS",
"v": true,
"row": 3,
"col": 7,
"def": "Plural form of air."
},
{
"w": "EARS",
"v": true,
"row": 0,
"col": 6,
"def": "Plural form of ear."
},
{
"w": "ERAS",
"v": false,
"row": 0,
"col": 6,
"def": "Plural form of era."
},
{
"w": "RISE",
"v": true,
"row": 0,
"col": 4,
"def": "The process of or an action or instance of moving upwards or becoming greater."
},
{
"w": "SAVE",
"v": false,
"row": 3,
"col": 6,
"def": "In various sports, a block that prevents an opponent from scoring."
},
{
"w": "VASE",
"v": false,
"row": 3,
"col": 1,
"def": "A container used mainly for displaying fresh, dried, or artificial flowers."
},
{
"w": "VISA",
"v": false,
"row": 1,
"col": 3,
"def": "A permit to enter and leave a country, normally issued by the authorities of the country to be visited."
},
{
"w": "SEAR",
"v": true,
"row": 3,
"col": 3,
"def": "Dry; withered, especially of vegetation."
},
{
"w": "RAVE",
"v": false,
"row": 10,
"col": 5,
"def": "An enthusiastic review (such as of a play)."
},
{
"w": "SIRE",
"v": true,
"row": 0,
"col": 9,
"def": "A lord, master, or other person in authority, most commonly used vocatively."
},
{
"w": "VISE",
"v": true,
"row": 7,
"col": 8,
"def": "An instrument consisting of two jaws, closing by a screw, lever, cam, or the like, for holding work, as in filing."
},
{
"w": "IRES",
"v": false,
"row": 6,
"col": 2,
"def": "Third-person singular simple present indicative form of ire."
},
{
"w": "ARISE",
"v": true,
"row": 5,
"col": 10,
"def": "To get up."
},
{
"w": "RAISE",
"v": true,
"row": 5,
"col": 0,
"def": "To cause to physically rise."
},
{
"w": "SAVER",
"v": true,
"row": 6,
"col": 5,
"def": "One who saves."
},
{
"w": "VARIES",
"v": false,
"row": 8,
"col": 5,
"def": "Third-person singular simple present indicative form of vary."
}
]
}