{
"id": 4007,
"sub_category": "Breeze Packx",
"category": "Wind Group",
"type": 0,
"letters": "DIOPRT",
"mov": 20,
"shovels": 1,
"coins": 5,
"rows": 15,
"cols": 15,
"c": 0,
"b": -1,
"w": 9,
"h": 7,
"dws": [
"RIT",
"ROT",
"TOD",
"RIP",
"PIT",
"POT",
"TOP",
"TOPI",
"TORPID",
"TORI",
"RID",
"PRO",
"DOR",
"TID",
"POD",
"DROPT",
"ROD",
"DIP",
"TOR",
"POI",
"DRIPT",
"DIT",
"DOT",
"TROP",
"DOP",
"DORT",
"ORD",
"DORP",
"DIPT",
"ROTI",
"TIRO",
"DOIT",
"PIR",
"OPT",
"TIP",
"DROIT",
"RIPT",
"ORT"
],
"ws": [
{
"w": "DIRT",
"v": false,
"row": 6,
"col": 1,
"def": "Soil or earth."
},
{
"w": "DRIP",
"v": false,
"row": 1,
"col": 0,
"def": "To fall one drop at a time."
},
{
"w": "DROP",
"v": true,
"row": 3,
"col": 6,
"def": "A small mass of liquid just large enough to hold its own weight via surface tension, usually one that falls from a source of liquid."
},
{
"w": "PORT",
"v": true,
"row": 3,
"col": 4,
"def": "A place on the coast at which ships can shelter, or dock to load and unload cargo or passengers."
},
{
"w": "RIOT",
"v": false,
"row": 5,
"col": 4,
"def": "Wanton or unrestrained behavior; uproar; tumult."
},
{
"w": "TRIO",
"v": true,
"row": 0,
"col": 5,
"def": "A group of three people or things."
},
{
"w": "TRIP",
"v": false,
"row": 0,
"col": 5,
"def": "A journey."
},
{
"w": "PROD",
"v": true,
"row": 0,
"col": 8,
"def": "To poke, to push, to touch."
},
{
"w": "TROD",
"v": true,
"row": 3,
"col": 1,
"def": "Simple past of tread."
},
{
"w": "TRIPOD",
"v": false,
"row": 3,
"col": 1,
"def": "A three-legged stand or mount."
}
]
}