{
"id": 4014,
"sub_category": "Breeze Packx",
"category": "Wind Group",
"type": 0,
"letters": "ACEKRR",
"mov": 26,
"shovels": 1,
"coins": 5,
"rows": 15,
"cols": 15,
"c": 0,
"b": -1,
"w": 12,
"h": 9,
"dws": [
"REC",
"KAE",
"CARK",
"ACER",
"CAR",
"RARK",
"ARC",
"CRAKE",
"CARR",
"RECK",
"CRARE",
"RAKER",
"ACE",
"RACKER",
"CAKE",
"ACKER",
"AKE",
"ERK",
"REAK",
"KEA"
],
"ws": [
{
"w": "ARE",
"v": false,
"row": 6,
"col": 6,
"def": "Second-person singular simple present tense of be."
},
{
"w": "ARK",
"v": false,
"row": 7,
"col": 8,
"def": "A large box with a flat lid."
},
{
"w": "EAR",
"v": true,
"row": 6,
"col": 8,
"def": "The organ of hearing, consisting of the pinna, auditory canal, eardrum, malleus, incus, stapes and cochlea."
},
{
"w": "ERA",
"v": false,
"row": 4,
"col": 9,
"def": "A time period of indeterminate length, generally more than one year."
},
{
"w": "ERR",
"v": false,
"row": 7,
"col": 4,
"def": "To make a mistake."
},
{
"w": "CARE",
"v": true,
"row": 5,
"col": 6,
"def": "Grief, sorrow."
},
{
"w": "RACE",
"v": true,
"row": 4,
"col": 4,
"def": "A contest between people, animals, vehicles, etc. where the goal is to be the first to reach some objective. Several horses run in a horse race, and the first one to reach the finishing post wins."
},
{
"w": "RACK",
"v": true,
"row": 4,
"col": 10,
"def": "A series of one or more shelves, stacked one above the other."
},
{
"w": "RARE",
"v": true,
"row": 1,
"col": 9,
"def": "Cooked very lightly, so the meat is still red (in the case of steak or beef in the general sense)."
},
{
"w": "REAR",
"v": false,
"row": 2,
"col": 7,
"def": "To raise physically; to lift up; to cause to rise, to elevate."
},
{
"w": "ACRE",
"v": true,
"row": 0,
"col": 7,
"def": "A field."
},
{
"w": "RAKE",
"v": true,
"row": 0,
"col": 5,
"def": "A garden tool with a row of pointed teeth fixed to a long handle, used for collecting grass or debris, or for loosening soil."
},
{
"w": "CARER",
"v": true,
"row": 0,
"col": 0,
"def": "Someone who looks after another, either as a job or often through family responsibilities."
},
{
"w": "RACER",
"v": false,
"row": 4,
"col": 0,
"def": "Someone who takes part in a race."
},
{
"w": "CREAK",
"v": false,
"row": 0,
"col": 4,
"def": "The sound produced by anything that creaks; a creaking."
},
{
"w": "RERACK",
"v": false,
"row": 2,
"col": 0,
"def": "An instance of reracking the balls to restart a frame."
}
]
}