{
"id": 4015,
"sub_category": "Breeze Packx",
"category": "Wind Group",
"type": 0,
"letters": "AEEGGN",
"mov": 18,
"shovels": 1,
"coins": 5,
"rows": 15,
"cols": 15,
"c": 0,
"b": -1,
"w": 7,
"h": 6,
"dws": [
"GANE",
"GENA",
"GAGE",
"NAE",
"GAEN",
"NEG",
"ANE",
"GEAN",
"ENE",
"EAN",
"AGEN",
"GEN",
"NEE",
"AGENE",
"GAN",
"AGEE",
"ENG",
"GAE",
"EEN"
],
"ws": [
{
"w": "AGE",
"v": false,
"row": 3,
"col": 4,
"def": "The whole duration of a being, whether animal, vegetable, or other kind; lifetime."
},
{
"w": "EGG",
"v": true,
"row": 1,
"col": 2,
"def": "An approximately spherical or ellipsoidal body produced by birds, snakes, insects and other animals housing the embryo during its development."
},
{
"w": "GAG",
"v": false,
"row": 2,
"col": 2,
"def": "A device to restrain speech, such as a rag in the mouth secured with tape or a rubber ball threaded onto a cord or strap."
},
{
"w": "GEE",
"v": false,
"row": 1,
"col": 0,
"def": "A general exclamation of surprise or frustration."
},
{
"w": "NAG",
"v": false,
"row": 3,
"col": 0,
"def": "A small horse; a pony."
},
{
"w": "GANG",
"v": true,
"row": 1,
"col": 0,
"def": "To go; walk; proceed."
},
{
"w": "GENE",
"v": true,
"row": 2,
"col": 6,
"def": "A unit of heredity; a segment of DNA or RNA that is transmitted from one generation to the next, and that carries genetic information such as the sequence of amino acids for a protein."
},
{
"w": "ENGAGE",
"v": true,
"row": 0,
"col": 4,
"def": "To engross or hold the attention of (someone); to keep busy or occupied."
}
]
}