{
"id": 4029,
"sub_category": "Gust Pack",
"category": "Wind Group",
"type": 0,
"letters": "AEELWY",
"mov": 20,
"shovels": 1,
"coins": 5,
"rows": 15,
"cols": 15,
"c": 0,
"b": -1,
"w": 7,
"h": 6,
"dws": [
"WEEL",
"AWEE",
"EEL",
"YALE",
"EELY",
"LAWE",
"LAY",
"YAWL",
"LEW",
"EEW",
"WEAL",
"LEA",
"EALE",
"ALEE",
"WALE",
"LEE",
"WEY",
"ALEW",
"YAE",
"AWEEL",
"LYE",
"AWL",
"EYE",
"WALY",
"WAE",
"WYLE",
"YAW",
"WYE",
"LEY"
],
"ws": [
{
"w": "ALE",
"v": true,
"row": 3,
"col": 6,
"def": "An intoxicating liquor made from an infusion of malt by fermentation and the addition of a bitter, usually hops."
},
{
"w": "AWE",
"v": true,
"row": 1,
"col": 5,
"def": "A feeling of fear and reverence."
},
{
"w": "AYE",
"v": true,
"row": 2,
"col": 2,
"def": "Ever, always."
},
{
"w": "LAW",
"v": false,
"row": 1,
"col": 4,
"def": "The body of rules and standards issued by a government, or to be applied by courts and similar authorities."
},
{
"w": "WAY",
"v": false,
"row": 3,
"col": 0,
"def": "A road, a direction, a (physical or conceptual) path from one place to another."
},
{
"w": "EWE",
"v": false,
"row": 4,
"col": 2,
"def": "A female sheep, as opposed to a ram."
},
{
"w": "WEE",
"v": false,
"row": 5,
"col": 4,
"def": "Small, little."
},
{
"w": "YEW",
"v": true,
"row": 3,
"col": 4,
"def": "A species of coniferous tree, Taxus baccata, with dark-green flat needle-like leaves and seeds bearing red arils, native to western, central and southern Europe, northwest Africa, northern Iran and southwest Asia."
},
{
"w": "YEA",
"v": false,
"row": 3,
"col": 4,
"def": "Yes."
},
{
"w": "LEEWAY",
"v": true,
"row": 0,
"col": 0,
"def": "The drift of a ship or airplane in a leeward direction."
}
]
}