{
"id": 4045,
"sub_category": "Air Packx",
"category": "Wind Group",
"type": 0,
"letters": "DDEGJU",
"mov": 16,
"shovels": 1,
"coins": 5,
"rows": 15,
"cols": 15,
"c": 0,
"b": -1,
"w": 6,
"h": 5,
"dws": [
"GJU",
"JUG",
"DUED",
"DEGU",
"GUDE",
"JEU",
"JUD",
"GED",
"GUE",
"DEG",
"JUDG"
],
"ws": [
{
"w": "DUD",
"v": true,
"row": 2,
"col": 2,
"def": "A device or machine that is useless because it does not work properly or has failed to work, such as a bomb, or explosive projectile."
},
{
"w": "DUE",
"v": true,
"row": 2,
"col": 5,
"def": "Owed or owing."
},
{
"w": "DUG",
"v": true,
"row": 0,
"col": 3,
"def": "Mammary gland on domestic mammal containing more than two breasts."
},
{
"w": "DUDE",
"v": false,
"row": 4,
"col": 2,
"def": "A man."
},
{
"w": "JUDGE",
"v": false,
"row": 0,
"col": 1,
"def": "A public official whose duty it is to administer the law, especially by presiding over trials and rendering judgments; a justice."
},
{
"w": "JUDGED",
"v": false,
"row": 2,
"col": 0,
"def": "Simple past tense and past participle of judg."
}
]
}