{
"id": 4062,
"sub_category": "Gale Pack",
"category": "Wind Group",
"type": 0,
"letters": "AALMOR",
"mov": 22,
"shovels": 1,
"coins": 5,
"rows": 15,
"cols": 15,
"c": 0,
"b": -1,
"w": 10,
"h": 9,
"dws": [
"MAA",
"ALAMO",
"LOR",
"AMA",
"ALAR",
"LOMA",
"ROMA",
"MOA",
"AMLA",
"OLM",
"MALAR",
"MALA",
"ALMA",
"ORA",
"AAL",
"MARA",
"MOL",
"MAAR",
"MOR",
"MORA",
"ROMAL",
"ALA",
"LAR",
"ROM",
"MARL",
"MOLA",
"RAMAL",
"MAL",
"LAMA",
"OAR",
"OMA"
],
"ws": [
{
"w": "ARM",
"v": false,
"row": 6,
"col": 7,
"def": "The portion of the upper human appendage, from the shoulder to the wrist and sometimes including the hand."
},
{
"w": "MAR",
"v": true,
"row": 2,
"col": 4,
"def": "To spoil, to damage."
},
{
"w": "RAM",
"v": false,
"row": 2,
"col": 2,
"def": "A male sheep."
},
{
"w": "LAM",
"v": true,
"row": 6,
"col": 5,
"def": "Used in the expression on the lam to mean that a person is fleeing law enforcement, possibly in hiding."
},
{
"w": "ORAL",
"v": true,
"row": 1,
"col": 2,
"def": "A physical examination of the mouth."
},
{
"w": "ROAM",
"v": false,
"row": 7,
"col": 3,
"def": "To wander or travel freely and with no specific destination."
},
{
"w": "LOAM",
"v": true,
"row": 3,
"col": 9,
"def": "A kind of soil; an earthy mixture of clay and sand, with organic matter to which its fertility is chiefly due."
},
{
"w": "ALARM",
"v": true,
"row": 4,
"col": 3,
"def": "A summons to arms, as on the approach of an enemy."
},
{
"w": "MORAL",
"v": false,
"row": 0,
"col": 4,
"def": "Of or relating to principles of right and wrong in behaviour, especially for teaching right behaviour."
},
{
"w": "AROMA",
"v": true,
"row": 2,
"col": 7,
"def": "A smell; especially a pleasant spicy or fragrant one."
},
{
"w": "MOLAR",
"v": false,
"row": 4,
"col": 0,
"def": "A back tooth having a broad surface used for grinding one's food."
},
{
"w": "AMORAL",
"v": false,
"row": 3,
"col": 4,
"def": "Being neither moral nor immoral."
}
]
}