{
"id": 4071,
"sub_category": "Whisk Pack",
"category": "Wind Group",
"type": 0,
"letters": "DEEELR",
"mov": 20,
"shovels": 1,
"coins": 5,
"rows": 15,
"cols": 15,
"c": 0,
"b": -1,
"w": 8,
"h": 7,
"dws": [
"ELD",
"LEED",
"LEDE",
"DREE",
"ERED",
"REDE",
"LEE",
"DERE",
"REE",
"DELE",
"LERE",
"LERED",
"ERE",
"DEE",
"DEL"
],
"ws": [
{
"w": "LED",
"v": false,
"row": 5,
"col": 0,
"def": "Simple past tense and past participle of lead."
},
{
"w": "RED",
"v": true,
"row": 0,
"col": 5,
"def": "Having red as its colour."
},
{
"w": "EEL",
"v": false,
"row": 1,
"col": 5,
"def": "Any fish of the order Anguilliformes which are elongated and resemble snakes. There are freshwater and marine species."
},
{
"w": "DEER",
"v": false,
"row": 4,
"col": 4,
"def": "A beast, usually a quadruped as opposed to birds, fish, etc."
},
{
"w": "REED",
"v": false,
"row": 6,
"col": 4,
"def": "Any of various types of tall stiff perennial grass-like plants growing together in groups near water."
},
{
"w": "REEL",
"v": true,
"row": 2,
"col": 0,
"def": "A lively dance of the Highlanders of Scotland; also, the music to the dance; -- often called Scotch reel."
},
{
"w": "LEER",
"v": true,
"row": 1,
"col": 7,
"def": "A significant side glance; a glance expressive of some passion, as malignity, amorousness, etc.; a sly or lecherous look."
},
{
"w": "ELDER",
"v": true,
"row": 2,
"col": 4,
"def": "Comparative of old; greater than another in age or seniority."
},
{
"w": "REELED",
"v": false,
"row": 2,
"col": 0,
"def": "Simple past tense and past participle of reel."
},
{
"w": "LEERED",
"v": true,
"row": 0,
"col": 2,
"def": "Simple past tense and past participle of leer."
}
]
}