{
"id": 4074,
"sub_category": "Whisk Pack",
"category": "Wind Group",
"type": 0,
"letters": "ADEEMN",
"mov": 24,
"shovels": 1,
"coins": 5,
"rows": 15,
"cols": 15,
"c": 0,
"b": -1,
"w": 12,
"h": 10,
"dws": [
"DAMN",
"NEMA",
"NAE",
"MAE",
"END",
"MEN",
"EME",
"MEANE",
"DAM",
"ANE",
"DAE",
"ADMEN",
"DNA",
"DEN",
"MED",
"ENE",
"NEEM",
"EAN",
"AMENDE",
"MANED",
"DEE",
"AME",
"NAM",
"DAN",
"MEE",
"MENE",
"NEE",
"MAD",
"ADEEM",
"MAND",
"DEME",
"MENAD",
"NED",
"MEED",
"EMEND",
"MNA",
"MAN",
"AMENE",
"AND",
"DEEN",
"DENE",
"EDEMA",
"ENEMA",
"EEN",
"MEANED"
],
"ws": [
{
"w": "AMEN",
"v": false,
"row": 4,
"col": 8,
"def": "At the end of Judeo-Christian prayers: so be it."
},
{
"w": "DEAN",
"v": true,
"row": 3,
"col": 10,
"def": "A senior official in a college or university, who may be in charge of a division or faculty (for example, the dean of science) or have some other advisory or disciplinary function (for example, the dean of students)."
},
{
"w": "MADE",
"v": true,
"row": 3,
"col": 8,
"def": "A maggot or grub."
},
{
"w": "MANE",
"v": false,
"row": 0,
"col": 5,
"def": "Longer hair growth on back of neck of an animal, especially a horse or lion."
},
{
"w": "MEAN",
"v": false,
"row": 6,
"col": 7,
"def": "To intend."
},
{
"w": "NAME",
"v": true,
"row": 0,
"col": 7,
"def": "Any nounal word or phrase which indicates a particular person, place, class, or thing."
},
{
"w": "NEED",
"v": false,
"row": 9,
"col": 4,
"def": "A requirement for something."
},
{
"w": "DAME",
"v": true,
"row": 6,
"col": 5,
"def": "The equivalent title to Sir for a female knight."
},
{
"w": "MEAD",
"v": true,
"row": 6,
"col": 7,
"def": "An alcoholic drink fermented from honey and water."
},
{
"w": "DEEM",
"v": false,
"row": 3,
"col": 5,
"def": "To judge; pass judgement on; sentence; doom."
},
{
"w": "MEND",
"v": true,
"row": 0,
"col": 5,
"def": "A place, as in clothing, which has been repaired by mending."
},
{
"w": "NAMED",
"v": false,
"row": 6,
"col": 1,
"def": "Having a name."
},
{
"w": "AMEND",
"v": true,
"row": 0,
"col": 0,
"def": "To make better."
},
{
"w": "DEMEAN",
"v": true,
"row": 2,
"col": 2,
"def": "To debase; to lower; to degrade."
}
]
}