{
"id": 410,
"sub_category": "Chill Pack",
"category": "Winter Group",
"type": 0,
"letters": "AHLLRT",
"mov": 22,
"shovels": 1,
"coins": 5,
"rows": 15,
"cols": 15,
"c": 0,
"b": -1,
"w": 9,
"h": 7,
"dws": [
"LAR",
"TAHR",
"RATH",
"HARL",
"THAR",
"LATH",
"LAH",
"RAH"
],
"ws": [
{
"w": "ALL",
"v": true,
"row": 0,
"col": 3,
"def": "Intensifier."
},
{
"w": "ART",
"v": false,
"row": 4,
"col": 0,
"def": "Human effort to imitate, supplement, alter, or counteract the work of nature."
},
{
"w": "HAT",
"v": true,
"row": 4,
"col": 4,
"def": "A covering for the head, often in the approximate form of a cone or a cylinder closed at its top end, and sometimes having a brim and other decoration."
},
{
"w": "RAT",
"v": false,
"row": 6,
"col": 2,
"def": "A medium-sized rodent belonging to the genus Rattus."
},
{
"w": "TAR",
"v": true,
"row": 4,
"col": 2,
"def": "A black, oily, sticky, viscous substance, consisting mainly of hydrocarbons derived from organic materials such as wood, peat, or coal."
},
{
"w": "ALT",
"v": false,
"row": 5,
"col": 4,
"def": "A state of excitement, conveyed by a high pitched voice."
},
{
"w": "LAT",
"v": true,
"row": 3,
"col": 8,
"def": "A Latvian coin and national monetary unit."
},
{
"w": "HALL",
"v": false,
"row": 3,
"col": 5,
"def": "A corridor; a hallway."
},
{
"w": "HALT",
"v": false,
"row": 0,
"col": 5,
"def": "To stop marching."
},
{
"w": "TALL",
"v": false,
"row": 1,
"col": 0,
"def": "Obsequious; obedient."
},
{
"w": "HART",
"v": true,
"row": 2,
"col": 6,
"def": "A male deer, especially the male of the red deer after its fifth year."
},
{
"w": "THRALL",
"v": true,
"row": 1,
"col": 0,
"def": "One who is enslaved or mind-controlled."
}
]
}