{
"id": 4114,
"sub_category": "Bank Packx",
"category": "Shore Group",
"type": 0,
"letters": "DEIKNY",
"mov": 28,
"shovels": 1,
"coins": 5,
"rows": 15,
"cols": 15,
"c": 0,
"b": -1,
"w": 12,
"h": 10,
"dws": [
"KYNE",
"DIE",
"NID",
"YIKE",
"DEY",
"NIDE",
"NEK",
"NYE",
"KEY",
"DYKE",
"DIKEY",
"NYED",
"NIED",
"KYE",
"DEI",
"KED",
"IDE",
"NIE",
"KYND",
"INDY",
"NED",
"DINKEY",
"DYNE",
"EIK",
"YID",
"DENI",
"KINE",
"KEN"
],
"ws": [
{
"w": "DEN",
"v": false,
"row": 8,
"col": 1,
"def": "The home of certain animals."
},
{
"w": "DYE",
"v": true,
"row": 7,
"col": 8,
"def": "A colourant, especially one that has an affinity to the substrate to which it is applied."
},
{
"w": "END",
"v": true,
"row": 6,
"col": 1,
"def": "The final point of something in space or time."
},
{
"w": "INK",
"v": false,
"row": 7,
"col": 3,
"def": "To apply a tattoo to (someone)."
},
{
"w": "KID",
"v": false,
"row": 4,
"col": 0,
"def": "A young goat."
},
{
"w": "KIN",
"v": true,
"row": 7,
"col": 5,
"def": "Race; family; breed; kind."
},
{
"w": "DIN",
"v": true,
"row": 4,
"col": 2,
"def": "A loud noise; a cacophony or loud commotion."
},
{
"w": "YIN",
"v": true,
"row": 6,
"col": 3,
"def": "The essential female principle in some Eastern religions and philosophies."
},
{
"w": "YEN",
"v": true,
"row": 5,
"col": 10,
"def": "The unit of Japanese currency, equal to 100 sen."
},
{
"w": "DENY",
"v": false,
"row": 6,
"col": 0,
"def": "To not allow."
},
{
"w": "DINE",
"v": false,
"row": 7,
"col": 8,
"def": "To eat; to eat dinner or supper."
},
{
"w": "KIND",
"v": true,
"row": 2,
"col": 6,
"def": "Affectionate, showing benevolence."
},
{
"w": "DIKE",
"v": false,
"row": 2,
"col": 4,
"def": "The northern English form of ditch."
},
{
"w": "INKY",
"v": false,
"row": 8,
"col": 5,
"def": "Of the colour of ink, especially black ink; dark."
},
{
"w": "DINK",
"v": false,
"row": 0,
"col": 1,
"def": "A soft drop shot."
},
{
"w": "INKED",
"v": true,
"row": 2,
"col": 0,
"def": "Having a tattoo or tattoos."
},
{
"w": "DINKY",
"v": false,
"row": 5,
"col": 6,
"def": "Tiny and cute; small and attractive."
},
{
"w": "KIDNEY",
"v": true,
"row": 0,
"col": 4,
"def": "An organ in the body that filters the blood, producing urine."
}
]
}