{
"id": 4117,
"sub_category": "Bank Packx",
"category": "Shore Group",
"type": 0,
"letters": "AEIRWX",
"mov": 18,
"shovels": 1,
"coins": 5,
"rows": 15,
"cols": 15,
"c": 0,
"b": -1,
"w": 7,
"h": 7,
"dws": [
"RAI",
"ARE",
"AREW",
"WAI",
"WAIR",
"WAXER",
"REWAX",
"ERA",
"REI",
"RIA",
"WEX",
"WIRE",
"RAX",
"WARE",
"WEIR",
"REW",
"EAR",
"REX",
"WAE",
"IRE"
],
"ws": [
{
"w": "AIR",
"v": true,
"row": 2,
"col": 5,
"def": "The atmospheric substance above the surface of the earth which animals breathe, formerly considered to be a single substance, one of the four basic elements of ancient philosophy and one of the five basic elements of Eastern traditions."
},
{
"w": "AWE",
"v": false,
"row": 2,
"col": 0,
"def": "A feeling of fear and reverence."
},
{
"w": "AXE",
"v": true,
"row": 4,
"col": 4,
"def": "A tool for felling trees or chopping wood etc. consisting of a heavy head flattened to a blade on one side, and a handle attached to it."
},
{
"w": "RAW",
"v": true,
"row": 0,
"col": 4,
"def": "Of weather: unpleasantly damp or cold."
},
{
"w": "WAR",
"v": false,
"row": 2,
"col": 4,
"def": "Organized, large-scale, armed conflict between countries or between national, ethnic, or other sizeable groups, usually involving the engagement of military forces."
},
{
"w": "WAX",
"v": true,
"row": 4,
"col": 2,
"def": "Beeswax."
},
{
"w": "WEAR",
"v": false,
"row": 4,
"col": 2,
"def": "To guard; watch; keep watch, especially from entry or invasion."
},
{
"w": "WAXIER",
"v": false,
"row": 6,
"col": 0,
"def": "Comparative form of waxy: more waxy."
}
]
}