{
"id": 412,
"sub_category": "Chill Pack",
"category": "Winter Group",
"type": 0,
"letters": "EIKNRS",
"mov": 26,
"shovels": 1,
"coins": 5,
"rows": 15,
"cols": 15,
"c": 0,
"b": -1,
"w": 12,
"h": 10,
"dws": [
"REINKS",
"KIRS",
"KERN",
"KIER",
"SEI",
"SKEIN",
"NEK",
"SIKER",
"KIRN",
"ERN",
"REIS",
"REI",
"SIRE",
"IRKS",
"SIEN",
"SER",
"EIKS",
"NERK",
"SEIR",
"REIKS",
"RINKS",
"NIES",
"NERKS",
"IRK",
"KINS",
"RIN",
"SEN",
"KEIR",
"SKEN",
"KIS",
"NIS",
"INKS",
"ERS",
"SKER",
"REIK",
"SIK",
"KINES",
"IRES",
"SERIN",
"RENS",
"SERK",
"KEIRS",
"KERNS",
"NIE",
"REIN",
"REN",
"KIR",
"RENK",
"INKER",
"KENS",
"ERKS",
"RISE",
"ENS",
"SIKE",
"SRI",
"REINS",
"EIK",
"SEIK",
"RINES",
"NEKS",
"ERNS",
"KIERS",
"RESKIN",
"REINK",
"RES",
"ERK",
"KIRNS",
"RINE",
"INS",
"KRIS",
"KINE",
"INKERS",
"IRE",
"RINS",
"KEN"
],
"ws": [
{
"w": "INK",
"v": true,
"row": 7,
"col": 1,
"def": "To apply a tattoo to (someone)."
},
{
"w": "KIN",
"v": false,
"row": 9,
"col": 1,
"def": "Race; family; breed; kind."
},
{
"w": "SIN",
"v": true,
"row": 1,
"col": 2,
"def": "A violation of God's will or religious law."
},
{
"w": "SIR",
"v": false,
"row": 6,
"col": 3,
"def": "A man of a higher rank or position."
},
{
"w": "SKI",
"v": false,
"row": 2,
"col": 0,
"def": "One of a pair of long flat runners designed for gliding over snow."
},
{
"w": "RINK",
"v": false,
"row": 7,
"col": 0,
"def": "A man, especially a warrior or hero."
},
{
"w": "RISK",
"v": true,
"row": 6,
"col": 5,
"def": "A possible, usually negative, outcome, e.g., a danger."
},
{
"w": "SINK",
"v": false,
"row": 8,
"col": 5,
"def": "To descend or submerge (or to cause to do so) into a liquid or similar substance."
},
{
"w": "SKIN",
"v": true,
"row": 6,
"col": 3,
"def": "The outer protective layer of the body of any animal, including of a human."
},
{
"w": "SINE",
"v": true,
"row": 6,
"col": 7,
"def": "In a right triangle, the ratio of the length of the side opposite an angle to the length of the hypotenuse."
},
{
"w": "RINSE",
"v": true,
"row": 2,
"col": 10,
"def": "To wash (something) quickly using water and no soap."
},
{
"w": "RISEN",
"v": false,
"row": 4,
"col": 6,
"def": "Past participle of rise."
},
{
"w": "SIREN",
"v": false,
"row": 6,
"col": 7,
"def": "(Greek mythology) One of a group of nymphs who lured mariners to their death on the rocks."
},
{
"w": "SKIER",
"v": true,
"row": 0,
"col": 6,
"def": "Someone who skis."
},
{
"w": "RESIN",
"v": false,
"row": 0,
"col": 4,
"def": "A viscous hydrocarbon secretion of many plants, particularly coniferous trees."
},
{
"w": "SINKER",
"v": true,
"row": 2,
"col": 0,
"def": "A weight used in fishing to cause the line or net to sink."
}
]
}