{
"id": 4123,
"sub_category": "Bank Packx",
"category": "Shore Group",
"type": 0,
"letters": "EGJLNU",
"mov": 22,
"shovels": 1,
"coins": 5,
"rows": 15,
"cols": 15,
"c": 0,
"b": -1,
"w": 10,
"h": 8,
"dws": [
"LUNE",
"GJU",
"ENG",
"GEN",
"LENG",
"LUN",
"GULE",
"JEU",
"NEG",
"GUL",
"ULE",
"GUE",
"GENU",
"LEU",
"JUN",
"NUG"
],
"ws": [
{
"w": "GEL",
"v": false,
"row": 4,
"col": 2,
"def": "A semi-solid to almost solid colloid of a solid and a liquid, such as jelly, cheese or opal."
},
{
"w": "GUN",
"v": true,
"row": 0,
"col": 4,
"def": "A very portable, short firearm, for hand use, which fires bullets or projectiles, such as a handgun, revolver, pistol, or Derringer."
},
{
"w": "JUG",
"v": true,
"row": 0,
"col": 1,
"def": "A serving vessel or container, circular in cross-section and typically higher than it is wide, with a relatively small mouth or spout, a handle and often a stopper or top."
},
{
"w": "LEG",
"v": true,
"row": 2,
"col": 2,
"def": "The lower limb of a human being or animal that extends from the groin to the ankle."
},
{
"w": "LUG",
"v": true,
"row": 4,
"col": 4,
"def": "A lug nut."
},
{
"w": "GNU",
"v": false,
"row": 6,
"col": 4,
"def": "A large antelope native to Africa having curved horns."
},
{
"w": "GLUE",
"v": true,
"row": 4,
"col": 6,
"def": "A hard gelatin made by boiling bones and hides, used in solution as an adhesive; or any sticky adhesive substance."
},
{
"w": "LUNG",
"v": true,
"row": 4,
"col": 0,
"def": "A biological organ that extracts oxygen from the air."
},
{
"w": "GLEN",
"v": false,
"row": 2,
"col": 1,
"def": "A secluded and narrow valley; a dale; a depression between hills."
},
{
"w": "LUGE",
"v": false,
"row": 5,
"col": 6,
"def": "A racing sled for one or two people that is ridden with the rider or riders lying on their back."
},
{
"w": "LUNGE",
"v": true,
"row": 2,
"col": 8,
"def": "A sudden forward movement, especially with a sword."
},
{
"w": "JUNGLE",
"v": false,
"row": 0,
"col": 1,
"def": "A large, undeveloped, humid forest, especially in a tropical region, that is home to many wild plants and animals."
}
]
}