{
"id": 4132,
"sub_category": "Tide Pack",
"category": "Shore Group",
"type": 0,
"letters": "ELMORT",
"mov": 28,
"shovels": 1,
"coins": 5,
"rows": 15,
"cols": 15,
"c": 0,
"b": -1,
"w": 11,
"h": 11,
"dws": [
"RET",
"EMO",
"LOR",
"REM",
"EORL",
"ROTL",
"LORE",
"OMER",
"ELT",
"REO",
"MOE",
"OLM",
"OLE",
"MOT",
"MOREL",
"TOM",
"TOLE",
"TEL",
"TOR",
"ORLE",
"MEL",
"MOL",
"MOR",
"MORT",
"MERL",
"ROE",
"ROM",
"LET",
"LOTE",
"METOL",
"ROLE",
"LOME",
"TREM",
"MOLTER",
"ORT",
"ERM"
],
"ws": [
{
"w": "ELM",
"v": false,
"row": 6,
"col": 8,
"def": "A tree of the genus Ulmus of the family Ulmaceae, large deciduous trees with alternate stipulate leaves and small apetalous flowers."
},
{
"w": "LOT",
"v": true,
"row": 6,
"col": 9,
"def": "A large quantity or number; a great deal."
},
{
"w": "MET",
"v": false,
"row": 4,
"col": 6,
"def": "Simple past tense and past participle of meet."
},
{
"w": "ORE",
"v": true,
"row": 8,
"col": 8,
"def": "Rock that contains utilitarian materials; primarily a rock containing metals or gems which (at the time of the rock's evaluation and proposal for extraction) are able to be separated from its neighboring minerals and processed at a cost that does not exceed those materials' present-day economic values."
},
{
"w": "ROT",
"v": false,
"row": 8,
"col": 7,
"def": "To suffer decomposition due to biological action, especially by fungi or bacteria."
},
{
"w": "TOE",
"v": true,
"row": 4,
"col": 8,
"def": "Each of the five digits on the end of the foot."
},
{
"w": "MELT",
"v": false,
"row": 1,
"col": 7,
"def": "Molten material, the product of melting."
},
{
"w": "MOLE",
"v": false,
"row": 10,
"col": 5,
"def": "A pigmented spot on the skin, a naevus, slightly raised, and sometimes hairy."
},
{
"w": "MORE",
"v": true,
"row": 1,
"col": 7,
"def": "Comparative form of many: in greater number. (Used for a discrete quantity.)."
},
{
"w": "TERM",
"v": true,
"row": 7,
"col": 5,
"def": "Limitation, restriction or regulation."
},
{
"w": "TORE",
"v": true,
"row": 1,
"col": 10,
"def": "Hard, difficult; wearisome, tedious."
},
{
"w": "ROTE",
"v": false,
"row": 7,
"col": 3,
"def": "The process of learning or committing something to memory through mechanical repetition, usually by hearing and repeating aloud, often without full attention to comprehension or thought for the meaning."
},
{
"w": "TOME",
"v": true,
"row": 2,
"col": 3,
"def": "One in a series of volumes."
},
{
"w": "MOLT",
"v": false,
"row": 2,
"col": 0,
"def": "To shed hair, feathers, skin, horns etc. and replace it by a fresh layer."
},
{
"w": "MOTE",
"v": true,
"row": 4,
"col": 6,
"def": "A small particle; a speck."
},
{
"w": "METRO",
"v": false,
"row": 5,
"col": 2,
"def": "An underground railway."
},
{
"w": "MOTEL",
"v": false,
"row": 0,
"col": 1,
"def": "Lodging establishment typically featuring a series of rooms whose entrance is immediately adjacent to a parking lot, as might facilitate easy access to one's automobile during an overnight stay, particularly located near a major highway."
},
{
"w": "MERLOT",
"v": true,
"row": 2,
"col": 0,
"def": "A black variety of grape, originally from the Bordeaux region of France."
}
]
}