{
"id": 4138,
"sub_category": "Tide Pack",
"category": "Shore Group",
"type": 0,
"letters": "AEFLLN",
"mov": 22,
"shovels": 1,
"coins": 5,
"rows": 15,
"cols": 15,
"c": 0,
"b": -1,
"w": 10,
"h": 8,
"dws": [
"ALEF",
"ANE",
"FEAL",
"FELLA",
"ALF",
"NEF",
"NAE",
"ELAN",
"EAN",
"ELL",
"FANE",
"NEAL",
"FAE",
"ELF",
"LEAL",
"LEA"
],
"ws": [
{
"w": "ALE",
"v": true,
"row": 4,
"col": 5,
"def": "An intoxicating liquor made from an infusion of malt by fermentation and the addition of a bitter, usually hops."
},
{
"w": "ALL",
"v": false,
"row": 1,
"col": 2,
"def": "Intensifier."
},
{
"w": "FAN",
"v": true,
"row": 0,
"col": 2,
"def": "A hand-held device consisting of concertinaed material, or slats of material, gathered together at one end, that may be opened out into the shape of a sector of a circle and waved back and forth in order to move air towards oneself and cool oneself."
},
{
"w": "FEN",
"v": false,
"row": 2,
"col": 0,
"def": "A type of wetland fed by ground water and runoff, containing peat below the waterline."
},
{
"w": "FALL",
"v": false,
"row": 4,
"col": 4,
"def": "To move to a lower position under the effect of gravity."
},
{
"w": "FELL",
"v": true,
"row": 4,
"col": 2,
"def": "To make something fall; especially to chop down a tree."
},
{
"w": "FLEA",
"v": true,
"row": 0,
"col": 9,
"def": "A small, wingless, parasitic insect of the order Siphonaptera, renowned for its bloodsucking habits and jumping abilities."
},
{
"w": "LANE",
"v": false,
"row": 2,
"col": 6,
"def": "A narrow passageway between fences, walls, hedges or trees."
},
{
"w": "LEAF",
"v": true,
"row": 1,
"col": 4,
"def": "The usually green and flat organ that represents the most prominent feature of most vegetative plants."
},
{
"w": "LEAN",
"v": false,
"row": 6,
"col": 4,
"def": "To hang outwards."
},
{
"w": "FLAN",
"v": true,
"row": 2,
"col": 0,
"def": "Baked tart with sweet or savoury filling in an open-topped pastry case (the only meaning in UK)."
},
{
"w": "FALLEN",
"v": true,
"row": 1,
"col": 7,
"def": "Past participle of fall."
}
]
}