{
"id": 4140,
"sub_category": "Tide Pack",
"category": "Shore Group",
"type": 0,
"letters": "AEEHRS",
"mov": 30,
"shovels": 1,
"coins": 5,
"rows": 15,
"cols": 15,
"c": 0,
"b": -1,
"w": 14,
"h": 11,
"dws": [
"REHS",
"SHA",
"RASE",
"HES",
"ERE",
"SER",
"REES",
"HEARS",
"ERES",
"HAE",
"SERE",
"SHEA",
"ERS",
"ARSE",
"HAES",
"EHS",
"ESE",
"SERA",
"ARES",
"SAE",
"ARS",
"SAR",
"ERAS",
"AHS",
"RESH",
"SHERE",
"HERS",
"EASER",
"REE",
"RAH",
"HERES",
"HERSE",
"EARS",
"REH",
"RAS",
"HARES",
"SAREE",
"EAS",
"HAERES",
"RHEA",
"RES",
"RHEAS",
"RAHS",
"SEE"
],
"ws": [
{
"w": "ARE",
"v": false,
"row": 5,
"col": 11,
"def": "Second-person singular simple present tense of be."
},
{
"w": "ASH",
"v": false,
"row": 2,
"col": 10,
"def": "The solid remains of a fire."
},
{
"w": "EAR",
"v": false,
"row": 1,
"col": 8,
"def": "The organ of hearing, consisting of the pinna, auditory canal, eardrum, malleus, incus, stapes and cochlea."
},
{
"w": "ERA",
"v": true,
"row": 0,
"col": 10,
"def": "A time period of indeterminate length, generally more than one year."
},
{
"w": "HAS",
"v": true,
"row": 2,
"col": 5,
"def": "Third-person singular simple present indicative form of have."
},
{
"w": "HER",
"v": true,
"row": 0,
"col": 8,
"def": "Belonging to her."
},
{
"w": "SEA",
"v": false,
"row": 3,
"col": 3,
"def": "A large body of salty water. (Major seas are known as oceans.)."
},
{
"w": "SHE",
"v": true,
"row": 3,
"col": 3,
"def": "A female person or animal."
},
{
"w": "EASE",
"v": false,
"row": 5,
"col": 0,
"def": "The state of being comfortable or free from stress."
},
{
"w": "HARE",
"v": true,
"row": 4,
"col": 1,
"def": "Any of several plant-eating animals of the family Leporidae, especially of the genus Lepus, similar to a rabbit, but larger and with longer ears."
},
{
"w": "HEAR",
"v": false,
"row": 2,
"col": 5,
"def": "To sympathize with; to share the feeling or opinion of."
},
{
"w": "HERE",
"v": false,
"row": 7,
"col": 0,
"def": "This place; this location."
},
{
"w": "RASH",
"v": true,
"row": 7,
"col": 2,
"def": "Hasty, not careful or considered."
},
{
"w": "SEAR",
"v": false,
"row": 9,
"col": 2,
"def": "Dry; withered, especially of vegetation."
},
{
"w": "SEER",
"v": true,
"row": 6,
"col": 5,
"def": "Agent noun of see; one who sees something; an eyewitness."
},
{
"w": "SHARE",
"v": false,
"row": 6,
"col": 5,
"def": "A portion of something, especially a portion given or allotted to someone."
},
{
"w": "SHEAR",
"v": true,
"row": 2,
"col": 11,
"def": "To cut, originally with a sword or other bladed weapon, now usually with shears, or as if using shears."
},
{
"w": "SHEER",
"v": false,
"row": 4,
"col": 5,
"def": "Very thin or transparent."
},
{
"w": "ERASE",
"v": true,
"row": 4,
"col": 7,
"def": "To remove markings or information."
},
{
"w": "HEARSE",
"v": true,
"row": 4,
"col": 13,
"def": "A hind in the second year of its age."
}
]
}