{
"id": 4151,
"sub_category": "Sea Packx",
"category": "Shore Group",
"type": 0,
"letters": "EFIRTT",
"mov": 22,
"shovels": 1,
"coins": 5,
"rows": 15,
"cols": 15,
"c": 0,
"b": -1,
"w": 9,
"h": 8,
"dws": [
"RET",
"RIT",
"FRITT",
"FIER",
"TETRI",
"TITE",
"TREF",
"RITT",
"REI",
"FREIT",
"EFT",
"REFT",
"TET",
"REIF",
"FER",
"RIF",
"TIFT",
"TIT",
"FETT",
"FIT",
"TITFER",
"REFIT",
"TEF",
"TIE",
"TRET",
"TITRE",
"TRIE",
"TERF",
"FITT",
"FET",
"ERF",
"FRIT",
"FIE",
"TITER"
],
"ws": [
{
"w": "FIR",
"v": false,
"row": 5,
"col": 5,
"def": "A conifer of the genus Abies."
},
{
"w": "IRE",
"v": false,
"row": 2,
"col": 2,
"def": "Iron."
},
{
"w": "REF",
"v": false,
"row": 1,
"col": 0,
"def": "Referee."
},
{
"w": "FIRE",
"v": true,
"row": 1,
"col": 2,
"def": "A (usually self-sustaining) chemical reaction involving the bonding of oxygen with carbon or other fuel, with the production of heat and the presence of flame or smouldering."
},
{
"w": "RIFT",
"v": true,
"row": 1,
"col": 0,
"def": "A chasm or fissure."
},
{
"w": "TIRE",
"v": false,
"row": 7,
"col": 0,
"def": "To become sleepy or weary."
},
{
"w": "RIFE",
"v": true,
"row": 3,
"col": 5,
"def": "Widespread, common (especially of unpleasant or harmful things)."
},
{
"w": "RITE",
"v": true,
"row": 4,
"col": 3,
"def": "A religious custom."
},
{
"w": "TIER",
"v": false,
"row": 4,
"col": 0,
"def": "One who ties (knots, etc)."
},
{
"w": "FRET",
"v": true,
"row": 0,
"col": 4,
"def": "A fog or mist at sea or coming inland from the sea."
},
{
"w": "TRITE",
"v": false,
"row": 3,
"col": 4,
"def": "Worn out; hackneyed; used so many times that it is no longer interesting or effective (often in reference to a word or phrase)."
},
{
"w": "FITTER",
"v": true,
"row": 0,
"col": 7,
"def": "Comparative form of fit."
}
]
}