{
"id": 4152,
"sub_category": "Sea Packx",
"category": "Shore Group",
"type": 0,
"letters": "AEEKRW",
"mov": 30,
"shovels": 1,
"coins": 5,
"rows": 15,
"cols": 15,
"c": 0,
"b": -1,
"w": 14,
"h": 10,
"dws": [
"KAE",
"AREW",
"AWEE",
"RAKEE",
"KREWE",
"ERE",
"AWK",
"WAKER",
"WEER",
"WARE",
"KAW",
"EWER",
"EEW",
"WEKA",
"REW",
"REWAKE",
"AKEE",
"REE",
"REKE",
"EWK",
"AKE",
"WAE",
"ERK",
"REAK",
"WARK",
"KEA"
],
"ws": [
{
"w": "ARE",
"v": true,
"row": 2,
"col": 3,
"def": "Second-person singular simple present tense of be."
},
{
"w": "ARK",
"v": false,
"row": 8,
"col": 6,
"def": "A large box with a flat lid."
},
{
"w": "AWE",
"v": true,
"row": 2,
"col": 5,
"def": "A feeling of fear and reverence."
},
{
"w": "EAR",
"v": false,
"row": 3,
"col": 1,
"def": "The organ of hearing, consisting of the pinna, auditory canal, eardrum, malleus, incus, stapes and cochlea."
},
{
"w": "ERA",
"v": true,
"row": 3,
"col": 1,
"def": "A time period of indeterminate length, generally more than one year."
},
{
"w": "RAW",
"v": false,
"row": 5,
"col": 0,
"def": "Of weather: unpleasantly damp or cold."
},
{
"w": "WAR",
"v": false,
"row": 3,
"col": 5,
"def": "Organized, large-scale, armed conflict between countries or between national, ethnic, or other sizeable groups, usually involving the engagement of military forces."
},
{
"w": "EEK",
"v": false,
"row": 6,
"col": 2,
"def": "Representing a scream or shriek (especially in comic strips)."
},
{
"w": "EWE",
"v": false,
"row": 4,
"col": 3,
"def": "A female sheep, as opposed to a ram."
},
{
"w": "WEE",
"v": true,
"row": 5,
"col": 2,
"def": "Small, little."
},
{
"w": "EKE",
"v": false,
"row": 7,
"col": 4,
"def": "To increase; to add to, augment, lengthen."
},
{
"w": "WAKE",
"v": true,
"row": 4,
"col": 4,
"def": "(often followed by up) To stop sleeping."
},
{
"w": "WEAK",
"v": false,
"row": 0,
"col": 2,
"def": "Lacking in force (usually strength) or ability."
},
{
"w": "WEAR",
"v": true,
"row": 6,
"col": 6,
"def": "To guard; watch; keep watch, especially from entry or invasion."
},
{
"w": "WEEK",
"v": true,
"row": 5,
"col": 8,
"def": "Any period of seven consecutive days."
},
{
"w": "WERE",
"v": true,
"row": 1,
"col": 7,
"def": "Second-person singular simple past tense indicative of be."
},
{
"w": "REEK",
"v": true,
"row": 3,
"col": 10,
"def": "A strong unpleasant smell."
},
{
"w": "RAKE",
"v": false,
"row": 3,
"col": 10,
"def": "A garden tool with a row of pointed teeth fixed to a long handle, used for collecting grass or debris, or for loosening soil."
},
{
"w": "WREAK",
"v": false,
"row": 6,
"col": 6,
"def": "To cause, inflict or let out, especially if causing harm or injury."
},
{
"w": "WEAKER",
"v": true,
"row": 2,
"col": 13,
"def": "Comparative form of weak: more weak."
}
]
}