{
"id": 4195,
"sub_category": "Flume Pack",
"category": "Ravine Group",
"type": 0,
"letters": "CCENOS",
"mov": 18,
"shovels": 1,
"coins": 5,
"rows": 15,
"cols": 15,
"c": 0,
"b": -1,
"w": 8,
"h": 7,
"dws": [
"SECCO",
"COS",
"EONS",
"COSEC",
"EON",
"ONS",
"ECO",
"SECO",
"OSE",
"COSE",
"SONE",
"CONS",
"SEN",
"ONCES",
"OES",
"NOES",
"ECCO",
"ONES",
"CENS",
"NOS",
"ENS",
"SOC",
"SEC",
"CONES",
"ECOS"
],
"ws": [
{
"w": "CON",
"v": false,
"row": 3,
"col": 2,
"def": "To study, especially in order to gain knowledge of."
},
{
"w": "ONE",
"v": false,
"row": 4,
"col": 0,
"def": "A numerical value equal to 1; the first number in the set of natural numbers (especially in number theory); the cardinality of the smallest nonempty set. Ordinal: first."
},
{
"w": "SON",
"v": false,
"row": 2,
"col": 0,
"def": "A male child, a boy or man in relation to his parents; one's male offspring."
},
{
"w": "CONE",
"v": false,
"row": 4,
"col": 4,
"def": "A surface of revolution formed by rotating a segment of a line around another line that intersects the first line."
},
{
"w": "NOSE",
"v": true,
"row": 1,
"col": 7,
"def": "To confront; be closely face to face or opposite to."
},
{
"w": "ONCE",
"v": true,
"row": 1,
"col": 2,
"def": "One and only one time."
},
{
"w": "SCONE",
"v": true,
"row": 2,
"col": 0,
"def": "A small, rich, pastry or quick bread, sometimes baked on a griddle."
},
{
"w": "SCONCE",
"v": true,
"row": 0,
"col": 4,
"def": "A light fixture."
}
]
}