{
"id": 4203,
"sub_category": "Flume Pack",
"category": "Ravine Group",
"type": 0,
"letters": "CKLOPU",
"mov": 18,
"shovels": 1,
"coins": 5,
"rows": 15,
"cols": 15,
"c": 0,
"b": -1,
"w": 8,
"h": 7,
"dws": [
"KOP",
"PUL",
"UPLOCK",
"OUK",
"POL",
"OULK",
"UPO",
"PLU",
"LOUP",
"POCK",
"CLOU",
"POUK",
"LOU",
"LOP",
"PULK",
"COL",
"CLOP",
"POLK"
],
"ws": [
{
"w": "COP",
"v": true,
"row": 3,
"col": 5,
"def": "To (be forced to) take; to receive; to shoulder; to bear, especially blame or punishment for a particular instance of wrongdoing."
},
{
"w": "CUP",
"v": false,
"row": 5,
"col": 3,
"def": "A concave vessel for drinking from, usually made of opaque material (as opposed to a glass)."
},
{
"w": "LOCK",
"v": true,
"row": 3,
"col": 3,
"def": "Something used for fastening, which can only be opened with a key or combination."
},
{
"w": "LUCK",
"v": false,
"row": 1,
"col": 4,
"def": "Something that happens to someone by chance, a chance occurrence."
},
{
"w": "COUP",
"v": true,
"row": 0,
"col": 2,
"def": "A quick, brilliant, and highly successful act; a triumph."
},
{
"w": "PUCK",
"v": false,
"row": 6,
"col": 0,
"def": "A hard hard rubber disc; any other flat disc meant to be hit across a flat surface in a game."
},
{
"w": "PLUCK",
"v": false,
"row": 3,
"col": 2,
"def": "To pull something sharply; to pull something out."
},
{
"w": "LOCKUP",
"v": true,
"row": 1,
"col": 0,
"def": "A jail, prison."
}
]
}