{
"id": 422,
"sub_category": "Bite Pack",
"category": "Winter Group",
"type": 0,
"letters": "ADENPX",
"mov": 26,
"shovels": 1,
"coins": 5,
"rows": 15,
"cols": 15,
"c": 0,
"b": -1,
"w": 10,
"h": 10,
"dws": [
"NAE",
"DEP",
"NEAP",
"APED",
"DAE",
"ANE",
"DNA",
"PEND",
"EAN",
"PEAN",
"NEP",
"PAND",
"PED",
"PANED",
"PAX",
"DAN",
"NED",
"XED",
"DEX",
"DAP"
],
"ws": [
{
"w": "AND",
"v": true,
"row": 0,
"col": 4,
"def": "As a coordinating conjunction; expressing two elements to be taken together or in addition to each other."
},
{
"w": "APE",
"v": false,
"row": 1,
"col": 0,
"def": "A primate of the clade Hominoidea, generally larger than monkeys and distinguished from them by having no tail."
},
{
"w": "AXE",
"v": true,
"row": 3,
"col": 8,
"def": "A tool for felling trees or chopping wood etc. consisting of a heavy head flattened to a blade on one side, and a handle attached to it."
},
{
"w": "DEN",
"v": false,
"row": 2,
"col": 4,
"def": "The home of certain animals."
},
{
"w": "END",
"v": true,
"row": 1,
"col": 6,
"def": "The final point of something in space or time."
},
{
"w": "NAP",
"v": false,
"row": 8,
"col": 2,
"def": "A short period of sleep, especially one during the day."
},
{
"w": "PAD",
"v": true,
"row": 5,
"col": 7,
"def": "A flattened mass of anything soft, to sit or lie on."
},
{
"w": "PAN",
"v": false,
"row": 6,
"col": 2,
"def": "A wide, flat receptacle used around the house, especially for cooking."
},
{
"w": "PEA",
"v": false,
"row": 0,
"col": 2,
"def": "A plant, member of the legume (Fabaceae) family."
},
{
"w": "PEN",
"v": true,
"row": 0,
"col": 2,
"def": "An enclosed area used to contain domesticated animals, especially sheep or cattle."
},
{
"w": "DEAN",
"v": false,
"row": 3,
"col": 6,
"def": "A senior official in a college or university, who may be in charge of a division or faculty (for example, the dean of science) or have some other advisory or disciplinary function (for example, the dean of students)."
},
{
"w": "PANE",
"v": true,
"row": 0,
"col": 0,
"def": "An individual sheet of glass in a window."
},
{
"w": "APEX",
"v": false,
"row": 5,
"col": 6,
"def": "The highest point of something."
},
{
"w": "NAPE",
"v": true,
"row": 6,
"col": 4,
"def": "The back part of the neck."
},
{
"w": "AXED",
"v": false,
"row": 7,
"col": 4,
"def": "Simple past tense and past participle of axe."
},
{
"w": "EXPAND",
"v": true,
"row": 4,
"col": 2,
"def": "To change (something) from a smaller form and/or size to a larger one."
}
]
}