{
"id": 4231,
"sub_category": "Depth Packx",
"category": "Ravine Group",
"type": 0,
"letters": "DIKNNU",
"mov": 18,
"shovels": 1,
"coins": 5,
"rows": 15,
"cols": 15,
"c": 0,
"b": -1,
"w": 7,
"h": 6,
"dws": [
"UNI",
"NUDNIK",
"NID",
"DIN",
"DUI",
"DUN",
"INN"
],
"ws": [
{
"w": "INK",
"v": false,
"row": 2,
"col": 4,
"def": "To apply a tattoo to (someone)."
},
{
"w": "KID",
"v": false,
"row": 0,
"col": 0,
"def": "A young goat."
},
{
"w": "KIN",
"v": false,
"row": 3,
"col": 2,
"def": "Race; family; breed; kind."
},
{
"w": "NUN",
"v": false,
"row": 2,
"col": 0,
"def": "A member of a Christian religious community of women who live by certain vows and usually wear a habit, in some cases living together in a cloister."
},
{
"w": "KIND",
"v": true,
"row": 0,
"col": 0,
"def": "Affectionate, showing benevolence."
},
{
"w": "DUNK",
"v": true,
"row": 0,
"col": 2,
"def": "To submerge briefly in a liquid."
},
{
"w": "DINK",
"v": true,
"row": 1,
"col": 4,
"def": "A soft drop shot."
},
{
"w": "UNKIND",
"v": true,
"row": 0,
"col": 6,
"def": "Having no race or kindred; childless."
}
]
}