{
"id": 426,
"sub_category": "Bite Pack",
"category": "Winter Group",
"type": 0,
"letters": "DGHOOT",
"mov": 24,
"shovels": 1,
"coins": 5,
"rows": 15,
"cols": 15,
"c": 0,
"b": -1,
"w": 9,
"h": 9,
"dws": [
"OHO",
"TOG",
"DOO",
"TOD",
"OOT",
"TOHO",
"DOH",
"DOTH",
"HOD",
"THO",
"HOO"
],
"ws": [
{
"w": "DOG",
"v": true,
"row": 6,
"col": 3,
"def": "A mammal, Canis lupus familiaris, of the genus Canis that has been domesticated for thousands of years, of highly variable appearance due to human breeding."
},
{
"w": "DOT",
"v": false,
"row": 4,
"col": 0,
"def": "A small spot."
},
{
"w": "GOD",
"v": false,
"row": 8,
"col": 3,
"def": "A deity:."
},
{
"w": "GOT",
"v": false,
"row": 3,
"col": 6,
"def": "Simple past of get."
},
{
"w": "HOG",
"v": false,
"row": 5,
"col": 5,
"def": "Any animal belonging to the Suidae family of mammals, especially the pig, the wart hog, and the boar."
},
{
"w": "HOT",
"v": true,
"row": 1,
"col": 8,
"def": "Of an object, having a high temperature."
},
{
"w": "TOO",
"v": true,
"row": 4,
"col": 2,
"def": "Likewise."
},
{
"w": "OOH",
"v": true,
"row": 0,
"col": 2,
"def": "An expression of surprise."
},
{
"w": "GOO",
"v": true,
"row": 3,
"col": 6,
"def": "Any semi-solid or liquid substance; especially one that is sticky, gummy or slippery; frequently of vague or unknown composition, or a bodily fluid."
},
{
"w": "GOOD",
"v": false,
"row": 6,
"col": 0,
"def": "Acting in the interest of good; ethical."
},
{
"w": "HOOD",
"v": true,
"row": 5,
"col": 5,
"def": "A covering such as worn over one's head."
},
{
"w": "HOOT",
"v": false,
"row": 1,
"col": 0,
"def": "A derisive cry or shout."
},
{
"w": "GOTH",
"v": false,
"row": 1,
"col": 5,
"def": "A punk-derived subculture of people who predominately dress in black."
},
{
"w": "HOTDOG",
"v": true,
"row": 1,
"col": 0,
"def": "Alternative spelling of hot dog."
}
]
}