{
"id": 427,
"sub_category": "Bite Pack",
"category": "Winter Group",
"type": 0,
"letters": "EEHINR",
"mov": 18,
"shovels": 1,
"coins": 5,
"rows": 15,
"cols": 15,
"c": 0,
"b": -1,
"w": 8,
"h": 6,
"dws": [
"RHINE",
"ERN",
"REI",
"ERE",
"HERN",
"HIN",
"RIN",
"ENE",
"HIE",
"NIE",
"HIREE",
"REN",
"NEE",
"REE",
"REEN",
"ERNE",
"REH",
"RINE",
"INHERE",
"EEN"
],
"ws": [
{
"w": "HEN",
"v": true,
"row": 2,
"col": 0,
"def": "Hence."
},
{
"w": "HER",
"v": false,
"row": 2,
"col": 5,
"def": "Belonging to her."
},
{
"w": "IRE",
"v": false,
"row": 3,
"col": 3,
"def": "Iron."
},
{
"w": "HERE",
"v": true,
"row": 2,
"col": 5,
"def": "This place; this location."
},
{
"w": "HIRE",
"v": false,
"row": 2,
"col": 0,
"def": "Payment for the temporary use of something."
},
{
"w": "HEIR",
"v": true,
"row": 1,
"col": 3,
"def": "Someone who inherits, or is designated to inherit, the property of another."
},
{
"w": "REIN",
"v": false,
"row": 5,
"col": 4,
"def": "A strap or rope attached to the bridle or bit, used to control a horse, animal or young child."
},
{
"w": "HEREIN",
"v": true,
"row": 0,
"col": 7,
"def": "Within this content, context, or thing."
}
]
}