{
"id": 4275,
"sub_category": "Shrub Pack",
"category": "Botanical Group",
"type": 0,
"letters": "DEJMPU",
"mov": 16,
"shovels": 1,
"coins": 5,
"rows": 15,
"cols": 15,
"c": 0,
"b": -1,
"w": 8,
"h": 6,
"dws": [
"DUE",
"DUM",
"PUD",
"UMP",
"MED",
"DEP",
"UMPED",
"JEU",
"DUP",
"JUD",
"MEU",
"JUPE",
"PED"
],
"ws": [
{
"w": "MUD",
"v": true,
"row": 0,
"col": 2,
"def": "A mixture of water and soil or fine grained sediment."
},
{
"w": "EMU",
"v": true,
"row": 2,
"col": 5,
"def": "A large flightless bird native to Australia, Dromaius novaehollandiae."
},
{
"w": "DUMP",
"v": false,
"row": 4,
"col": 4,
"def": "A place where waste or garbage is left; a ground or place for dumping ashes, refuse, etc."
},
{
"w": "JUMP",
"v": false,
"row": 0,
"col": 0,
"def": "To propel oneself rapidly upward such that momentum causes the body to become airborne."
},
{
"w": "DUPE",
"v": false,
"row": 2,
"col": 2,
"def": "To swindle, deceive, or trick."
},
{
"w": "JUMPED",
"v": true,
"row": 0,
"col": 0,
"def": "Simple past tense and past participle of jump."
}
]
}