{
"id": 4278,
"sub_category": "Shrub Pack",
"category": "Botanical Group",
"type": 0,
"letters": "AEHKNS",
"mov": 24,
"shovels": 1,
"coins": 5,
"rows": 15,
"cols": 15,
"c": 0,
"b": -1,
"w": 11,
"h": 9,
"dws": [
"SKEAN",
"KAE",
"KESH",
"HANSE",
"HASK",
"KHAN",
"ANS",
"SHA",
"NEK",
"NAE",
"KANE",
"HAKE",
"HES",
"HAEN",
"KANS",
"SENA",
"ANE",
"NAH",
"SKA",
"KHANS",
"SEN",
"HAE",
"EANS",
"SHEA",
"HENS",
"SKEN",
"EAN",
"SHEN",
"HAN",
"HAES",
"KAS",
"NAS",
"EHS",
"KANEH",
"KAES",
"HANKS",
"SAE",
"SEAN",
"KEAS",
"ANKH",
"AHS",
"HAKES",
"ANKHS",
"KENS",
"NAES",
"ENS",
"SHAN",
"KAN",
"SAN",
"NEKS",
"AKE",
"AKES",
"EAS",
"SEA",
"KANES",
"ANES",
"NESH",
"HANK",
"KEA",
"KEN"
],
"ws": [
{
"w": "ASH",
"v": false,
"row": 4,
"col": 8,
"def": "The solid remains of a fire."
},
{
"w": "ASK",
"v": true,
"row": 6,
"col": 6,
"def": "To look for an answer to a question by speaking."
},
{
"w": "HAS",
"v": true,
"row": 6,
"col": 3,
"def": "Third-person singular simple present indicative form of have."
},
{
"w": "HEN",
"v": true,
"row": 1,
"col": 2,
"def": "Hence."
},
{
"w": "SHE",
"v": false,
"row": 6,
"col": 2,
"def": "A female person or animal."
},
{
"w": "SAKE",
"v": true,
"row": 3,
"col": 4,
"def": "Cause, interest or account."
},
{
"w": "SANE",
"v": false,
"row": 4,
"col": 3,
"def": "Being in a healthy condition; not deranged; acting rationally; -- regarding the mind."
},
{
"w": "SANK",
"v": false,
"row": 8,
"col": 3,
"def": "Simple past of sink."
},
{
"w": "ASHEN",
"v": true,
"row": 4,
"col": 8,
"def": "Made from the wood of the ash tree."
},
{
"w": "SHAKE",
"v": true,
"row": 3,
"col": 0,
"def": "To cause (something) to move rapidly in opposite directions alternatingly."
},
{
"w": "SNAKE",
"v": true,
"row": 0,
"col": 6,
"def": "A legless reptile of the sub-order Serpentes with a long, thin body and a fork-shaped tongue."
},
{
"w": "SNEAK",
"v": false,
"row": 7,
"col": 6,
"def": "A mean, sneaking fellow."
},
{
"w": "SHANK",
"v": true,
"row": 3,
"col": 10,
"def": "The lower part of the leg; shin."
},
{
"w": "SHAKEN",
"v": false,
"row": 1,
"col": 1,
"def": "Past participle of shake."
}
]
}