{
"id": 4292,
"sub_category": "Flower Pack",
"category": "Botanical Group",
"type": 0,
"letters": "ANRUWY",
"mov": 28,
"shovels": 1,
"coins": 5,
"rows": 15,
"cols": 15,
"c": 0,
"b": -1,
"w": 12,
"h": 11,
"dws": [
"YAR",
"AWNY",
"NUR",
"WAUR",
"RYA",
"ARY",
"RAUN",
"RAN",
"UNARY",
"RNA",
"WYN",
"WANY",
"RAWN",
"AYU",
"WAN",
"RYU",
"YUAN",
"YAW",
"AWN"
],
"ws": [
{
"w": "ANY",
"v": true,
"row": 4,
"col": 10,
"def": "To even the slightest extent, at all."
},
{
"w": "RAW",
"v": true,
"row": 2,
"col": 9,
"def": "Of weather: unpleasantly damp or cold."
},
{
"w": "RAY",
"v": true,
"row": 0,
"col": 10,
"def": "A beam of light or radiation."
},
{
"w": "RUN",
"v": false,
"row": 9,
"col": 6,
"def": "Act or instance of running, of moving rapidly using the feet."
},
{
"w": "URN",
"v": true,
"row": 8,
"col": 6,
"def": "A vase with a footed base."
},
{
"w": "WAR",
"v": false,
"row": 4,
"col": 9,
"def": "Organized, large-scale, armed conflict between countries or between national, ethnic, or other sizeable groups, usually involving the engagement of military forces."
},
{
"w": "WAY",
"v": false,
"row": 6,
"col": 8,
"def": "A road, a direction, a (physical or conceptual) path from one place to another."
},
{
"w": "WRY",
"v": false,
"row": 2,
"col": 8,
"def": "To cover; clothe; cover up; cloak; hide."
},
{
"w": "NAW",
"v": true,
"row": 0,
"col": 8,
"def": "Eye dialect spelling of no."
},
{
"w": "NAY",
"v": true,
"row": 8,
"col": 3,
"def": "No."
},
{
"w": "WARN",
"v": true,
"row": 6,
"col": 8,
"def": "To give warning."
},
{
"w": "WARY",
"v": true,
"row": 5,
"col": 0,
"def": "Cautious of danger; carefully watching and guarding against deception, artifices, and dangers; timorously or suspiciously prudent; circumspect; scrupulous; careful."
},
{
"w": "YARN",
"v": false,
"row": 10,
"col": 3,
"def": "A twisted strand of fiber used for knitting or weaving."
},
{
"w": "AWRY",
"v": false,
"row": 6,
"col": 0,
"def": "Obliquely, crookedly; askew."
},
{
"w": "YAWN",
"v": false,
"row": 8,
"col": 0,
"def": "To open the mouth widely and take a long, rather deep breath, often because one is tired and sometimes accompanied by pandiculation."
},
{
"w": "NARY",
"v": false,
"row": 0,
"col": 8,
"def": "Not one."
},
{
"w": "RUNWAY",
"v": true,
"row": 1,
"col": 3,
"def": "An airstrip, a (usually) paved section on which planes land or take off."
},
{
"w": "UNWARY",
"v": true,
"row": 1,
"col": 5,
"def": "Lacking caution as a result of na\u00efvet\u00e9 or inexperience."
}
]
}