{
"id": 4313,
"sub_category": "Tree Pack",
"category": "Botanical Group",
"type": 0,
"letters": "EGGJOR",
"mov": 16,
"shovels": 1,
"coins": 5,
"rows": 15,
"cols": 15,
"c": 0,
"b": -1,
"w": 7,
"h": 6,
"dws": [
"JOR",
"ROE",
"GOER",
"EGG",
"ORG",
"GOE",
"REO",
"GER",
"ERG",
"REGO",
"GROG",
"ERGO",
"REG",
"ORE",
"GREGO",
"JOE",
"GEO",
"GOR"
],
"ws": [
{
"w": "EGO",
"v": true,
"row": 2,
"col": 6,
"def": "The self, especially with a sense of self-importance."
},
{
"w": "JOG",
"v": false,
"row": 0,
"col": 2,
"def": "A form of exercise, slower than a run."
},
{
"w": "OGRE",
"v": false,
"row": 5,
"col": 0,
"def": "A type of brutish giant from folk tales that eats human flesh."
},
{
"w": "GORE",
"v": true,
"row": 0,
"col": 4,
"def": "Dirt, filth."
},
{
"w": "GORGE",
"v": false,
"row": 2,
"col": 2,
"def": "A deep narrow passage with steep rocky sides; a ravine."
},
{
"w": "JOGGER",
"v": true,
"row": 0,
"col": 2,
"def": "A person who jogs (as exercise)."
}
]
}