{
"id": 4323,
"sub_category": "Glacial Pack",
"category": "Arctic Group",
"type": 0,
"letters": "AEKQRU",
"mov": 16,
"shovels": 1,
"coins": 5,
"rows": 15,
"cols": 15,
"c": 0,
"b": -1,
"w": 7,
"h": 6,
"dws": [
"REAK",
"ARE",
"KAE",
"RAKU",
"ERA",
"EAU",
"EUK",
"QUA",
"UKE",
"UREA",
"EAR",
"QUARE",
"AUK",
"URE",
"AKE",
"AUE",
"ERK",
"KUE",
"KEA"
],
"ws": [
{
"w": "ARK",
"v": false,
"row": 5,
"col": 0,
"def": "A large box with a flat lid."
},
{
"w": "RUE",
"v": true,
"row": 3,
"col": 5,
"def": "Repentance, regret."
},
{
"w": "RAKE",
"v": true,
"row": 0,
"col": 4,
"def": "A garden tool with a row of pointed teeth fixed to a long handle, used for collecting grass or debris, or for loosening soil."
},
{
"w": "QUAKE",
"v": false,
"row": 1,
"col": 2,
"def": "A trembling or shaking."
},
{
"w": "QUARK",
"v": true,
"row": 1,
"col": 2,
"def": "In the Standard Model, an elementary subatomic particle which forms matter. Quarks are never found alone in nature and combine to form hadrons, such as protons and neutrons."
},
{
"w": "QUAKER",
"v": false,
"row": 3,
"col": 0,
"def": "Someone or something that quakes."
}
]
}