{
"id": 4324,
"sub_category": "Glacial Pack",
"category": "Arctic Group",
"type": 0,
"letters": "CDELRU",
"mov": 30,
"shovels": 1,
"coins": 5,
"rows": 15,
"cols": 15,
"c": 0,
"b": -1,
"w": 16,
"h": 14,
"dws": [
"REC",
"CRU",
"CURDLE",
"RUC",
"URD",
"DURE",
"ECRU",
"CRUE",
"DUCE",
"CRED",
"LEUD",
"RUED",
"CEL",
"ECU",
"CURE",
"DUEL",
"ELD",
"LUCRE",
"DULE",
"ULE",
"RUE",
"CUD",
"LEU",
"URE",
"DULCE",
"LUR",
"RUD",
"LUDE",
"LUD",
"RUDE",
"URDE",
"LUCE",
"DEL"
],
"ws": [
{
"w": "CUE",
"v": true,
"row": 2,
"col": 7,
"def": "An action or event that is a signal for somebody to do something."
},
{
"w": "DUE",
"v": true,
"row": 0,
"col": 11,
"def": "Owed or owing."
},
{
"w": "LED",
"v": false,
"row": 0,
"col": 9,
"def": "Simple past tense and past participle of lead."
},
{
"w": "RED",
"v": true,
"row": 1,
"col": 15,
"def": "Having red as its colour."
},
{
"w": "CUR",
"v": false,
"row": 2,
"col": 7,
"def": "A mongrel or inferior dog."
},
{
"w": "CLUE",
"v": true,
"row": 3,
"col": 12,
"def": "A strand of yarn etc. as used to guide one through a labyrinth; something which points the way, a guide."
},
{
"w": "CURL",
"v": false,
"row": 6,
"col": 3,
"def": "A piece or lock of curling hair; a ringlet."
},
{
"w": "LURE",
"v": true,
"row": 0,
"col": 9,
"def": "Something that tempts or attracts, especially one with a promise of reward or pleasure."
},
{
"w": "RULE",
"v": true,
"row": 4,
"col": 6,
"def": "A regulation, law, guideline."
},
{
"w": "CRUD",
"v": false,
"row": 3,
"col": 12,
"def": "Dirt, filth or refuse."
},
{
"w": "CURD",
"v": true,
"row": 6,
"col": 10,
"def": "The part of milk that coagulates when it sours or is treated with enzymes; used to make cottage cheese."
},
{
"w": "CUED",
"v": false,
"row": 6,
"col": 10,
"def": "Simple past tense and past participle of cue."
},
{
"w": "CRUDE",
"v": false,
"row": 9,
"col": 7,
"def": "Being in a natural state."
},
{
"w": "CURED",
"v": false,
"row": 4,
"col": 4,
"def": "Simple past tense and past participle of cure."
},
{
"w": "LURED",
"v": true,
"row": 7,
"col": 8,
"def": "Simple past tense and past participle of lure."
},
{
"w": "RULED",
"v": false,
"row": 11,
"col": 4,
"def": "Having printed lines."
},
{
"w": "ULCER",
"v": false,
"row": 1,
"col": 11,
"def": "An open sore of the skin, eyes or mucous membrane, often caused by an initial abrasion and generally maintained by an inflammation and/or an infection."
},
{
"w": "CLUED",
"v": true,
"row": 9,
"col": 5,
"def": "Simple past tense and past participle of clue."
},
{
"w": "CRUEL",
"v": true,
"row": 4,
"col": 4,
"def": "Not nice; mean; heartless."
},
{
"w": "CURLED",
"v": false,
"row": 13,
"col": 0,
"def": "Simple past tense and past participle of curl."
}
]
}