{
"id": 4329,
"sub_category": "Glacial Pack",
"category": "Arctic Group",
"type": 0,
"letters": "ELMORS",
"mov": 22,
"shovels": 1,
"coins": 5,
"rows": 15,
"cols": 15,
"c": 0,
"b": -1,
"w": 10,
"h": 8,
"dws": [
"LOMES",
"EMO",
"LOR",
"REOS",
"LES",
"EORL",
"REM",
"ROLES",
"ELMS",
"SLOE",
"ROES",
"EORLS",
"SER",
"SMORE",
"OSE",
"ORLES",
"MOLS",
"OMS",
"MOS",
"OMER",
"MORES",
"REO",
"OLE",
"OLM",
"MOE",
"SOLER",
"REMS",
"MORSE",
"MOREL",
"SEL",
"OLMS",
"SOREL",
"ERS",
"LORES",
"OMERS",
"MOES",
"MOLES",
"EMS",
"ORES",
"LOS",
"ORLE",
"MEL",
"EMOS",
"MERLS",
"MOL",
"OES",
"MOR",
"OLES",
"MORE",
"MORELS",
"MOSE",
"ELS",
"EROS",
"MERL",
"ROE",
"ROM",
"ORS",
"MES",
"ROMS",
"LOME",
"RES",
"MORS",
"MELS",
"SOL",
"ERM",
"SOM"
],
"ws": [
{
"w": "ELM",
"v": true,
"row": 0,
"col": 5,
"def": "A tree of the genus Ulmus of the family Ulmaceae, large deciduous trees with alternate stipulate leaves and small apetalous flowers."
},
{
"w": "ORE",
"v": true,
"row": 0,
"col": 3,
"def": "Rock that contains utilitarian materials; primarily a rock containing metals or gems which (at the time of the rock's evaluation and proposal for extraction) are able to be separated from its neighboring minerals and processed at a cost that does not exceed those materials' present-day economic values."
},
{
"w": "LOSE",
"v": false,
"row": 0,
"col": 2,
"def": "To cause (something) to cease to be in one's possession or capability due to unfortunate or unknown circumstances, events or reasons."
},
{
"w": "MOLE",
"v": false,
"row": 4,
"col": 0,
"def": "A pigmented spot on the skin, a naevus, slightly raised, and sometimes hairy."
},
{
"w": "ROLE",
"v": true,
"row": 1,
"col": 9,
"def": "A character or part played by a performer or actor."
},
{
"w": "ROSE",
"v": false,
"row": 4,
"col": 6,
"def": "A shrub of the genus Rosa, with red, pink, white or yellow flowers."
},
{
"w": "SOLE",
"v": false,
"row": 2,
"col": 0,
"def": "A wooden band or yoke put around the neck of an ox or cow in the stall."
},
{
"w": "SOME",
"v": true,
"row": 2,
"col": 0,
"def": "A certain number, at least one."
},
{
"w": "SORE",
"v": true,
"row": 4,
"col": 8,
"def": "Causing pain or discomfort; painfully sensitive."
},
{
"w": "LORE",
"v": true,
"row": 4,
"col": 2,
"def": "All the facts and traditions about a particular subject that have been accumulated over time through education or experience."
},
{
"w": "LOSER",
"v": false,
"row": 1,
"col": 5,
"def": "A person who fails to win."
},
{
"w": "MORSEL",
"v": false,
"row": 7,
"col": 4,
"def": "A small fragment or share of something, commonly applied to food."
}
]
}