{
"id": 4330,
"sub_category": "Glacial Pack",
"category": "Arctic Group",
"type": 0,
"letters": "AHISTU",
"mov": 26,
"shovels": 1,
"coins": 5,
"rows": 15,
"cols": 15,
"c": 0,
"b": -1,
"w": 10,
"h": 10,
"dws": [
"AITS",
"UTA",
"HUTS",
"AIT",
"SHA",
"HITS",
"SAI",
"UTAS",
"HUIAS",
"HIS",
"TUI",
"AIS",
"TAI",
"TUIS",
"ITA",
"TAUS",
"HAST",
"AHIS",
"AITU",
"SAUT",
"HUIA",
"UTS",
"SITU",
"AHI",
"SAU",
"SAITH",
"AHS",
"TAIS",
"SATI",
"SHIT",
"TAS",
"ISH",
"ATS",
"UTIS",
"HAUT",
"HUI",
"SHAT",
"SUI",
"SITH",
"HIST",
"AITUS",
"HUIS",
"HATS",
"HUTIA",
"ITAS",
"TASH"
],
"ws": [
{
"w": "ASH",
"v": false,
"row": 1,
"col": 2,
"def": "The solid remains of a fire."
},
{
"w": "HAS",
"v": true,
"row": 1,
"col": 4,
"def": "Third-person singular simple present indicative form of have."
},
{
"w": "HAT",
"v": true,
"row": 0,
"col": 2,
"def": "A covering for the head, often in the approximate form of a cone or a cylinder closed at its top end, and sometimes having a brim and other decoration."
},
{
"w": "HIT",
"v": false,
"row": 2,
"col": 0,
"def": "To administer a blow to."
},
{
"w": "HUT",
"v": true,
"row": 3,
"col": 5,
"def": "A small wooden shed."
},
{
"w": "ITS",
"v": true,
"row": 5,
"col": 6,
"def": "The one (or ones) belonging to it."
},
{
"w": "SAT",
"v": false,
"row": 4,
"col": 0,
"def": "Simple past tense and past participle of sit."
},
{
"w": "SIT",
"v": true,
"row": 6,
"col": 1,
"def": "To be in a position in which the upper body is upright and the legs (especially the upper legs) are supported by some object."
},
{
"w": "TIS",
"v": false,
"row": 5,
"col": 5,
"def": "Plural of til."
},
{
"w": "TAU",
"v": true,
"row": 4,
"col": 2,
"def": "The name of the letter T/\u03c4 in the Greek, Hebrew and ancient Semitic alphabets, being the nineteenth letter of the Classical and Modern Greek, the twentieth letter of Old and Ancient Greek."
},
{
"w": "SHUT",
"v": false,
"row": 3,
"col": 4,
"def": "To close, to stop from being open."
},
{
"w": "SUIT",
"v": false,
"row": 6,
"col": 1,
"def": "A set of clothes to be worn together, now especially a man's matching jacket and trousers (also business suit or lounge suit), or a similar outfit for a woman."
},
{
"w": "THIS",
"v": true,
"row": 1,
"col": 0,
"def": "The (thing) here (used in indicating something or someone nearby)."
},
{
"w": "THUS",
"v": false,
"row": 8,
"col": 1,
"def": "As a result."
},
{
"w": "TUSH",
"v": true,
"row": 6,
"col": 4,
"def": "A tusk."
},
{
"w": "HIATUS",
"v": false,
"row": 9,
"col": 4,
"def": "A gap in a series, making it incomplete."
}
]
}