{
"id": 4381,
"sub_category": "Glaze Pack",
"category": "Arctic Group",
"type": 0,
"letters": "EHRRSY",
"mov": 18,
"shovels": 1,
"coins": 5,
"rows": 15,
"cols": 15,
"c": 0,
"b": -1,
"w": 7,
"h": 5,
"dws": [
"SYE",
"REHS",
"YER",
"YEH",
"RYES",
"HES",
"SER",
"SEY",
"ERS",
"HEYS",
"ERRS",
"EHS",
"HERY",
"HYE",
"HYES",
"HERS",
"REH",
"HERRY",
"RES",
"RESH",
"SERRY",
"SERR",
"SHYER"
],
"ws": [
{
"w": "HER",
"v": true,
"row": 2,
"col": 4,
"def": "Belonging to her."
},
{
"w": "HEY",
"v": false,
"row": 2,
"col": 4,
"def": "An exclamation to get attention."
},
{
"w": "RYE",
"v": true,
"row": 2,
"col": 2,
"def": "Caraway (from the mistaken assumption that the whole seeds, often used to season rye bread, are the rye itself)."
},
{
"w": "SHE",
"v": true,
"row": 0,
"col": 0,
"def": "A female person or animal."
},
{
"w": "SHY",
"v": true,
"row": 0,
"col": 6,
"def": "Easily frightened; timid."
},
{
"w": "YES",
"v": false,
"row": 0,
"col": 4,
"def": "A word used to show agreement or acceptance."
},
{
"w": "ERR",
"v": false,
"row": 2,
"col": 0,
"def": "To make a mistake."
},
{
"w": "SHERRY",
"v": false,
"row": 4,
"col": 0,
"def": "A fortified wine produced in Jerez de la Frontera in Spain, or a similar wine produced elsewhere."
}
]
}