{
"id": 4382,
"sub_category": "Glaze Pack",
"category": "Arctic Group",
"type": 0,
"letters": "EMMNOT",
"mov": 22,
"shovels": 1,
"coins": 5,
"rows": 15,
"cols": 15,
"c": 0,
"b": -1,
"w": 8,
"h": 8,
"dws": [
"EMO",
"TOE",
"NOME",
"MOME",
"EON",
"MENT",
"MEN",
"MEM",
"MOT",
"MOE",
"TOM",
"MON",
"MENTO",
"MONTEM",
"MONTE",
"NET",
"NOM",
"TEN",
"MENO"
],
"ws": [
{
"w": "MET",
"v": false,
"row": 0,
"col": 4,
"def": "Simple past tense and past participle of meet."
},
{
"w": "MOM",
"v": true,
"row": 0,
"col": 4,
"def": "Mother, momma."
},
{
"w": "NOT",
"v": true,
"row": 5,
"col": 1,
"def": "Negates the meaning of the modified verb."
},
{
"w": "ONE",
"v": false,
"row": 5,
"col": 0,
"def": "A numerical value equal to 1; the first number in the set of natural numbers (especially in number theory); the cardinality of the smallest nonempty set. Ordinal: first."
},
{
"w": "TON",
"v": true,
"row": 0,
"col": 6,
"def": "A unit of weight (mass) equal to 2240 pounds (a long ton) or 2000 pounds (a short ton) or 1000 kilograms (a metric ton)."
},
{
"w": "MEMO",
"v": true,
"row": 4,
"col": 6,
"def": "A short note; a memorandum."
},
{
"w": "NOTE",
"v": true,
"row": 0,
"col": 0,
"def": "Use; employment."
},
{
"w": "TONE",
"v": false,
"row": 7,
"col": 1,
"def": "A specific pitch."
},
{
"w": "OMEN",
"v": false,
"row": 5,
"col": 4,
"def": "Something which portends or is perceived to portend a good or evil event or circumstance in the future; an augury or foreboding."
},
{
"w": "TOME",
"v": true,
"row": 4,
"col": 4,
"def": "One in a series of volumes."
},
{
"w": "MOTE",
"v": true,
"row": 2,
"col": 2,
"def": "A small particle; a speck."
},
{
"w": "MOMENT",
"v": false,
"row": 2,
"col": 2,
"def": "A brief, unspecified amount of time."
}
]
}