{
"id": 4383,
"sub_category": "Glaze Pack",
"category": "Arctic Group",
"type": 0,
"letters": "ELLNOY",
"mov": 18,
"shovels": 1,
"coins": 5,
"rows": 15,
"cols": 15,
"c": 0,
"b": -1,
"w": 7,
"h": 6,
"dws": [
"ONELY",
"ONE",
"OLE",
"LENO",
"EON",
"OYE",
"NOLL",
"NELLY",
"NYE",
"LOL",
"NOLE",
"ONY",
"NOY",
"LOY",
"ELL",
"LYNE",
"ENOL",
"LEY"
],
"ws": [
{
"w": "YON",
"v": false,
"row": 5,
"col": 4,
"def": "Distant, but within sight."
},
{
"w": "LYE",
"v": true,
"row": 0,
"col": 5,
"def": "A strong caustic alkaline solution of potassium or sodium salts, obtained by leaching wood ashes. It is much used in making soap as well as its use in biodiesel."
},
{
"w": "YEN",
"v": true,
"row": 0,
"col": 3,
"def": "The unit of Japanese currency, equal to 100 sen."
},
{
"w": "LONE",
"v": false,
"row": 1,
"col": 0,
"def": "Solitary; having no companion."
},
{
"w": "ONLY",
"v": true,
"row": 2,
"col": 4,
"def": "Alone in a category."
},
{
"w": "YELL",
"v": false,
"row": 0,
"col": 3,
"def": "Shout; holler; make a loud sound with the voice."
},
{
"w": "NOEL",
"v": false,
"row": 2,
"col": 3,
"def": "Christmas."
},
{
"w": "LONELY",
"v": true,
"row": 0,
"col": 1,
"def": "Of person, unhappy by feelings of loneliness."
}
]
}