{
"id": 4394,
"sub_category": "Ice Pack",
"category": "Arctic Group",
"type": 0,
"letters": "AABDOR",
"mov": 18,
"shovels": 1,
"coins": 5,
"rows": 15,
"cols": 15,
"c": 0,
"b": -1,
"w": 9,
"h": 7,
"dws": [
"ROB",
"BAR",
"ODA",
"OBA",
"ARD",
"DOAB",
"BRAD",
"ARBA",
"ABA",
"ABORD",
"DARB",
"ORB",
"ORAD",
"DOR",
"BOD",
"ROD",
"DOBRA",
"ORA",
"BOR",
"RAD",
"BOA",
"BRO",
"BORA",
"ABO",
"ADO",
"BAA",
"ORD",
"ARB",
"DORB",
"BORD",
"DAB",
"BRA",
"BROD",
"OAR",
"BAD",
"DOB"
],
"ws": [
{
"w": "BOAR",
"v": false,
"row": 1,
"col": 0,
"def": "A wild boar (Sus scrofa), the wild ancestor of the domesticated pig."
},
{
"w": "ROAD",
"v": true,
"row": 0,
"col": 7,
"def": "At the venue of the opposing team or competitor."
},
{
"w": "BARD",
"v": false,
"row": 0,
"col": 5,
"def": "A professional poet and singer, as among the ancient Celts, whose occupation was to compose and sing verses in honor of the heroic achievements of princes and brave men."
},
{
"w": "DRAB",
"v": true,
"row": 0,
"col": 3,
"def": "A fabric, usually of thick wool or cotton, having a drab blee."
},
{
"w": "BOARD",
"v": false,
"row": 3,
"col": 3,
"def": "A relatively long, wide and thin piece of sawn wood or similar material, usually intended for use in construction."
},
{
"w": "BROAD",
"v": true,
"row": 0,
"col": 5,
"def": "Wide in extent or scope."
},
{
"w": "ABOARD",
"v": true,
"row": 0,
"col": 0,
"def": "Across; athwart; alongside."
},
{
"w": "ABROAD",
"v": false,
"row": 6,
"col": 2,
"def": "Played elsewhere than one's home grounds; as in a sport's team."
}
]
}