{
"id": 44,
"sub_category": "Flow Pack",
"category": "Forest Group",
"type": 0,
"letters": "AEIKL",
"mov": 16,
"shovels": 1,
"coins": 5,
"rows": 15,
"cols": 15,
"c": 0,
"b": -1,
"w": 7,
"h": 5,
"dws": [
"KAE",
"ALKIE",
"KEA",
"KALE",
"ILEA",
"LEI",
"ALE",
"LEA",
"KAI",
"KAIL",
"KAIE",
"LAIK",
"ILKA",
"KALI",
"AIL",
"EIK",
"AKE",
"LEK",
"ILK"
],
"ws": [
{
"w": "ELK",
"v": true,
"row": 2,
"col": 3,
"def": "The largest member of the deer family (Alces alces); a moose."
},
{
"w": "LIE",
"v": true,
"row": 1,
"col": 6,
"def": "To be in a horizontal position."
},
{
"w": "LAKE",
"v": false,
"row": 3,
"col": 3,
"def": "A small stream of running water; a channel for water; a drain."
},
{
"w": "LEAK",
"v": false,
"row": 4,
"col": 0,
"def": "A crack, crevice, fissure, or hole which admits water or other fluid, or lets it escape."
},
{
"w": "LIKE",
"v": false,
"row": 2,
"col": 0,
"def": "To please."
},
{
"w": "ALIKE",
"v": true,
"row": 0,
"col": 1,
"def": "Having resemblance or similitude; similar; without difference."
}
]
}