{
"id": 4411,
"sub_category": "Celest Pack",
"category": "Galaxy Group",
"type": 0,
"letters": "ABBDEJ",
"mov": 20,
"shovels": 1,
"coins": 5,
"rows": 15,
"cols": 15,
"c": 0,
"b": -1,
"w": 8,
"h": 8,
"dws": [
"ABED",
"DAE",
"ABB",
"DEB",
"ABBE"
],
"ws": [
{
"w": "BAD",
"v": true,
"row": 0,
"col": 4,
"def": "Not good; unfavorable; negative."
},
{
"w": "BED",
"v": false,
"row": 4,
"col": 2,
"def": "A piece of furniture, usually flat and soft, to sleep on."
},
{
"w": "DAB",
"v": true,
"row": 4,
"col": 4,
"def": "To press lightly in a repetitive motion with a soft object without rubbing."
},
{
"w": "EBB",
"v": true,
"row": 2,
"col": 2,
"def": "The receding movement of the tide."
},
{
"w": "JAB",
"v": true,
"row": 0,
"col": 1,
"def": "A quick stab or blow."
},
{
"w": "BABE",
"v": false,
"row": 6,
"col": 4,
"def": "A baby or infant; a very young human or animal."
},
{
"w": "JADE",
"v": true,
"row": 4,
"col": 0,
"def": "To make ridiculous and contemptible."
},
{
"w": "BEAD",
"v": false,
"row": 2,
"col": 1,
"def": "A small round object."
},
{
"w": "BADE",
"v": true,
"row": 3,
"col": 7,
"def": "Simple past of bid."
},
{
"w": "JABBED",
"v": false,
"row": 0,
"col": 1,
"def": "Simple past tense and past participle of jab."
}
]
}