{
"id": 4414,
"sub_category": "Celest Pack",
"category": "Galaxy Group",
"type": 0,
"letters": "EIKLNR",
"mov": 20,
"shovels": 1,
"coins": 5,
"rows": 15,
"cols": 15,
"c": 0,
"b": -1,
"w": 10,
"h": 9,
"dws": [
"NIRL",
"KIER",
"KERN",
"NEK",
"ELK",
"KIRN",
"LEI",
"LIE",
"ERN",
"REI",
"NERK",
"RIEL",
"LIRK",
"LIRE",
"IRK",
"KEIR",
"RIN",
"LEIR",
"REIK",
"NIE",
"ILK",
"LIN",
"REN",
"KIR",
"RENK",
"INKER",
"INK",
"LIKER",
"INKLE",
"NIL",
"EIK",
"REINK",
"KILN",
"ERK",
"RELINK",
"KIN",
"LIER",
"LEK",
"KINE",
"IRE",
"RINE",
"KEN"
],
"ws": [
{
"w": "LIKE",
"v": true,
"row": 1,
"col": 5,
"def": "To please."
},
{
"w": "LINE",
"v": true,
"row": 4,
"col": 7,
"def": "A path through two or more points (compare 'segment'); a continuous mark, including as made by a pen; any path, curved or straight."
},
{
"w": "LINK",
"v": false,
"row": 5,
"col": 6,
"def": "A connection between places, persons, events, or things."
},
{
"w": "RINK",
"v": true,
"row": 2,
"col": 9,
"def": "A man, especially a warrior or hero."
},
{
"w": "REIN",
"v": true,
"row": 4,
"col": 2,
"def": "A strap or rope attached to the bridle or bit, used to control a horse, animal or young child."
},
{
"w": "RILE",
"v": false,
"row": 4,
"col": 2,
"def": "To make angry."
},
{
"w": "LIEN",
"v": false,
"row": 6,
"col": 1,
"def": "A tendon."
},
{
"w": "LINER",
"v": true,
"row": 4,
"col": 4,
"def": "Someone who fits a lining to something."
},
{
"w": "LIKEN",
"v": true,
"row": 0,
"col": 0,
"def": "To compare; to state that (something) is like (something else)."
},
{
"w": "LINKER",
"v": false,
"row": 2,
"col": 4,
"def": "A computer program that takes one or more objects generated by compilers and assembles them into a single executable program."
}
]
}