{
"id": 4452,
"sub_category": "Depth Packx",
"category": "Galaxy Group",
"type": 0,
"letters": "EOPPRT",
"mov": 30,
"shovels": 1,
"coins": 5,
"rows": 15,
"cols": 15,
"c": 0,
"b": -1,
"w": 14,
"h": 11,
"dws": [
"RET",
"TOE",
"ROT",
"TOPER",
"REPOT",
"OPE",
"REPP",
"REO",
"PRO",
"TORE",
"POTE",
"TOR",
"EPOPT",
"PEPO",
"TROP",
"PERT",
"ROE",
"PREOP",
"PERP",
"ORT",
"TOPE",
"PRE"
],
"ws": [
{
"w": "ORE",
"v": false,
"row": 1,
"col": 2,
"def": "Rock that contains utilitarian materials; primarily a rock containing metals or gems which (at the time of the rock's evaluation and proposal for extraction) are able to be separated from its neighboring minerals and processed at a cost that does not exceed those materials' present-day economic values."
},
{
"w": "PEP",
"v": true,
"row": 0,
"col": 4,
"def": "To inject with energy and enthusiasm."
},
{
"w": "PER",
"v": true,
"row": 3,
"col": 0,
"def": "For each."
},
{
"w": "PET",
"v": false,
"row": 3,
"col": 0,
"def": "An animal kept as a companion."
},
{
"w": "POP",
"v": false,
"row": 2,
"col": 6,
"def": "A loud, sharp sound as of a cork coming out of a bottle."
},
{
"w": "POT",
"v": false,
"row": 0,
"col": 4,
"def": "A vessel used for cooking or storing food."
},
{
"w": "TOP",
"v": true,
"row": 0,
"col": 6,
"def": "That part of an object furthest away in the opposite direction from that in which an unsupported object would fall."
},
{
"w": "OPT",
"v": true,
"row": 2,
"col": 7,
"def": "To choose; to select."
},
{
"w": "REP",
"v": false,
"row": 5,
"col": 0,
"def": "Short form of reputation."
},
{
"w": "POET",
"v": true,
"row": 0,
"col": 2,
"def": "A person who writes poems."
},
{
"w": "POPE",
"v": true,
"row": 5,
"col": 2,
"def": "The bishop of Rome; the head of the Roman Catholic church."
},
{
"w": "PORT",
"v": false,
"row": 7,
"col": 2,
"def": "A place on the coast at which ships can shelter, or dock to load and unload cargo or passengers."
},
{
"w": "PREP",
"v": true,
"row": 6,
"col": 4,
"def": "Preparation."
},
{
"w": "ROPE",
"v": true,
"row": 7,
"col": 7,
"def": "Thick strings, yarn, monofilaments, metal wires, or strands of other cordage that are twisted together to form a stronger line."
},
{
"w": "PROP",
"v": false,
"row": 9,
"col": 4,
"def": "An object placed against or under another, to support it; anything that supports."
},
{
"w": "PORE",
"v": true,
"row": 4,
"col": 10,
"def": "A tiny opening in the skin."
},
{
"w": "ROTE",
"v": false,
"row": 7,
"col": 7,
"def": "The process of learning or committing something to memory through mechanical repetition, usually by hearing and repeating aloud, often without full attention to comprehension or thought for the meaning."
},
{
"w": "REPO",
"v": false,
"row": 6,
"col": 10,
"def": "Repossession."
},
{
"w": "TROPE",
"v": true,
"row": 3,
"col": 12,
"def": "Something recurring across a genre or type of literature, such as the 'mad scientist' of horror movies or 'once upon a time' as an introduction to fairy tales. Similar to archetype and clich\u00e9 but not necessarily pejorative."
},
{
"w": "TOPPER",
"v": false,
"row": 4,
"col": 7,
"def": "Something that is on top."
}
]
}