{
"id": 4462,
"sub_category": "Depth Packx",
"category": "Galaxy Group",
"type": 0,
"letters": "DEIOPS",
"mov": 26,
"shovels": 1,
"coins": 5,
"rows": 15,
"cols": 15,
"c": 0,
"b": -1,
"w": 11,
"h": 11,
"dws": [
"PISE",
"PEDS",
"ISO",
"DIE",
"SEI",
"DEPS",
"SIPE",
"SPIE",
"DOES",
"SIPED",
"SED",
"DIPSO",
"DEP",
"PSI",
"PES",
"PIS",
"POIS",
"OSE",
"OPE",
"OIS",
"DOS",
"SPODE",
"POS",
"DOPES",
"ODS",
"DESI",
"POD",
"PESO",
"DIP",
"DEI",
"PED",
"POI",
"IDE",
"PISO",
"SPOD",
"OPED",
"IOS",
"OES",
"IDES",
"DOP",
"PIES",
"PIED",
"EPOS",
"PODS",
"OPES",
"ODES",
"DIS",
"EIDOS",
"EDS",
"IDS",
"DIES",
"DOPS",
"DIPS",
"SPIDE",
"DSO"
],
"ws": [
{
"w": "PIE",
"v": true,
"row": 0,
"col": 6,
"def": "A type of pastry that consists of an outer crust and a filling."
},
{
"w": "SIP",
"v": false,
"row": 0,
"col": 4,
"def": "A small mouthful of drink."
},
{
"w": "SOD",
"v": true,
"row": 6,
"col": 4,
"def": "That stratum of the surface of the soil which is filled with the roots of grass, or any portion of that surface; turf; sward."
},
{
"w": "DOE",
"v": false,
"row": 4,
"col": 4,
"def": "A female deer; also used of similar animals such as reindeer, antelope, goat."
},
{
"w": "SOP",
"v": true,
"row": 8,
"col": 2,
"def": "Something entirely soaked."
},
{
"w": "ODE",
"v": true,
"row": 4,
"col": 5,
"def": "A short poetical composition proper to be set to music or sung; a lyric poem; esp., now, a poem characterized by sustained noble sentiment and appropriate dignity of style."
},
{
"w": "OPS",
"v": false,
"row": 1,
"col": 0,
"def": "Plural form of op."
},
{
"w": "DOPE",
"v": true,
"row": 0,
"col": 0,
"def": "Any viscous liquid or paste, such as a lubricant, used in preparing a surface."
},
{
"w": "DOSE",
"v": false,
"row": 6,
"col": 2,
"def": "A measured portion of medicine taken at any one time."
},
{
"w": "POSE",
"v": false,
"row": 6,
"col": 7,
"def": "Set in place, arrange."
},
{
"w": "SIDE",
"v": false,
"row": 8,
"col": 2,
"def": "A bounding straight edge of a two-dimensional shape."
},
{
"w": "SPED",
"v": true,
"row": 1,
"col": 2,
"def": "Simple past tense and past participle of speed."
},
{
"w": "POSED",
"v": true,
"row": 6,
"col": 7,
"def": "Simple past tense and past participle of pose."
},
{
"w": "POISE",
"v": false,
"row": 2,
"col": 2,
"def": "Weight; an amount of weight, the amount something weighs."
},
{
"w": "SPIED",
"v": true,
"row": 0,
"col": 4,
"def": "Simple past tense and past participle of spy."
},
{
"w": "POISED",
"v": false,
"row": 10,
"col": 2,
"def": "Possessing poise, having self-confidence."
}
]
}