{
"id": 4474,
"sub_category": "Moon Pack",
"category": "Galaxy Group",
"type": 0,
"letters": "DEMORR",
"mov": 22,
"shovels": 1,
"coins": 5,
"rows": 15,
"cols": 15,
"c": 0,
"b": -1,
"w": 9,
"h": 9,
"dws": [
"DROME",
"RED",
"EMO",
"DERO",
"DORR",
"RORE",
"DERRO",
"DORE",
"OMER",
"MOE",
"REO",
"DOE",
"MOD",
"MED",
"DOR",
"ORE",
"ROD",
"MOR",
"ORMER",
"ORD",
"ODE",
"ROM",
"ROE",
"DERM",
"MODER",
"ROED",
"DOM",
"ERM"
],
"ws": [
{
"w": "ERR",
"v": true,
"row": 0,
"col": 3,
"def": "To make a mistake."
},
{
"w": "REM",
"v": false,
"row": 8,
"col": 5,
"def": "Rapid eye movement, a sleep state."
},
{
"w": "DEMO",
"v": false,
"row": 3,
"col": 5,
"def": "A brief demonstration or visual explanation."
},
{
"w": "DOME",
"v": true,
"row": 4,
"col": 3,
"def": "A common structural element of architecture that resembles the hollow upper half of a sphere, a cupola."
},
{
"w": "DORM",
"v": true,
"row": 5,
"col": 7,
"def": "Dormitory."
},
{
"w": "MODE",
"v": true,
"row": 0,
"col": 6,
"def": "One of several ancient scales, one of which corresponds to the modern major scale and one to the natural minor scale."
},
{
"w": "MORE",
"v": true,
"row": 2,
"col": 8,
"def": "Comparative form of many: in greater number. (Used for a discrete quantity.)."
},
{
"w": "RODE",
"v": false,
"row": 5,
"col": 5,
"def": "The line from the vessel to its anchor. Also warp."
},
{
"w": "REDO",
"v": false,
"row": 1,
"col": 3,
"def": "To do again."
},
{
"w": "DOER",
"v": false,
"row": 2,
"col": 0,
"def": "Someone who does, performs, or executes; an active person, an agent."
},
{
"w": "ORDER",
"v": true,
"row": 0,
"col": 0,
"def": "Arrangement, disposition, sequence."
},
{
"w": "DORMER",
"v": true,
"row": 3,
"col": 5,
"def": "A room-like, roofed projection from a sloping roof."
}
]
}