{
"id": 4476,
"sub_category": "Moon Pack",
"category": "Galaxy Group",
"type": 0,
"letters": "CDEIMN",
"mov": 30,
"shovels": 1,
"coins": 5,
"rows": 15,
"cols": 15,
"c": 0,
"b": -1,
"w": 13,
"h": 12,
"dws": [
"DIME",
"DIE",
"NID",
"CID",
"NIDE",
"MIEN",
"MEIN",
"MED",
"NIM",
"NIED",
"MIC",
"DEI",
"EMIC",
"IDE",
"NIE",
"CINE",
"NED",
"DEMIC",
"CEDI",
"DENI",
"IDEM"
],
"ws": [
{
"w": "DEN",
"v": true,
"row": 7,
"col": 5,
"def": "The home of certain animals."
},
{
"w": "DIM",
"v": true,
"row": 9,
"col": 7,
"def": "Not bright or colorful."
},
{
"w": "END",
"v": false,
"row": 10,
"col": 10,
"def": "The final point of something in space or time."
},
{
"w": "ICE",
"v": true,
"row": 5,
"col": 4,
"def": "Water in frozen (solid) form."
},
{
"w": "MEN",
"v": true,
"row": 3,
"col": 5,
"def": "Plural form of man."
},
{
"w": "MID",
"v": true,
"row": 6,
"col": 9,
"def": "With."
},
{
"w": "DIN",
"v": false,
"row": 5,
"col": 3,
"def": "A loud noise; a cacophony or loud commotion."
},
{
"w": "DICE",
"v": true,
"row": 1,
"col": 7,
"def": "Plural form of die."
},
{
"w": "DINE",
"v": false,
"row": 8,
"col": 9,
"def": "To eat; to eat dinner or supper."
},
{
"w": "ICED",
"v": true,
"row": 8,
"col": 10,
"def": "With ice added."
},
{
"w": "MICE",
"v": false,
"row": 3,
"col": 5,
"def": "Plural form of mouse."
},
{
"w": "MIND",
"v": false,
"row": 11,
"col": 7,
"def": "The ability for rational thought."
},
{
"w": "MINE",
"v": true,
"row": 0,
"col": 3,
"def": "Non-premodifying possessive case of I. My; belonging to me; that which belongs to me."
},
{
"w": "NICE",
"v": false,
"row": 3,
"col": 0,
"def": "Nicely."
},
{
"w": "MEND",
"v": true,
"row": 7,
"col": 12,
"def": "A place, as in clothing, which has been repaired by mending."
},
{
"w": "MEDIC",
"v": false,
"row": 7,
"col": 3,
"def": "Of or pertaining to medicines; medical."
},
{
"w": "DENIM",
"v": true,
"row": 0,
"col": 10,
"def": "A textile often made of cotton with a distinct diagonal pattern."
},
{
"w": "MINCE",
"v": true,
"row": 1,
"col": 0,
"def": "Finely chopped meat."
},
{
"w": "MINED",
"v": false,
"row": 9,
"col": 3,
"def": "Simple past tense and past participle of mine."
},
{
"w": "MINCED",
"v": false,
"row": 1,
"col": 2,
"def": "Simple past tense and past participle of mince."
}
]
}