{
"id": 448,
"sub_category": "Flake Pack",
"category": "Winter Group",
"type": 0,
"letters": "EFILLT",
"mov": 30,
"shovels": 1,
"coins": 5,
"rows": 15,
"cols": 15,
"c": 0,
"b": -1,
"w": 12,
"h": 12,
"dws": [
"EFT",
"FELL",
"FLITE",
"FIL",
"FILLE",
"ELT",
"LIEF",
"FET",
"ILL",
"TEIL",
"TEF",
"LEI",
"FIE",
"ELL",
"TEL",
"ELF"
],
"ws": [
{
"w": "FIT",
"v": true,
"row": 2,
"col": 2,
"def": "Suitable, proper."
},
{
"w": "LET",
"v": false,
"row": 4,
"col": 0,
"def": "To allow to, not to prevent (+ infinitive, but usually without to)."
},
{
"w": "LIE",
"v": true,
"row": 0,
"col": 6,
"def": "To be in a horizontal position."
},
{
"w": "LIT",
"v": true,
"row": 4,
"col": 0,
"def": "Little."
},
{
"w": "TIE",
"v": false,
"row": 9,
"col": 2,
"def": "A necktie (item of clothing consisting of a strip of cloth tied around the neck)."
},
{
"w": "TIL",
"v": false,
"row": 6,
"col": 0,
"def": "Until, till."
},
{
"w": "FELT",
"v": true,
"row": 8,
"col": 4,
"def": "A cloth or stuff made of matted fibres of wool, or wool and fur, fulled or wrought into a compact substance by rolling and pressure, with lees or size, without spinning or weaving."
},
{
"w": "FILE",
"v": true,
"row": 0,
"col": 4,
"def": "A collection of papers collated and archived together."
},
{
"w": "FILL",
"v": false,
"row": 0,
"col": 4,
"def": "To occupy fully, to take up all of."
},
{
"w": "LEFT",
"v": true,
"row": 6,
"col": 2,
"def": "The opposite of right; toward the west when one is facing north."
},
{
"w": "LIFE",
"v": false,
"row": 10,
"col": 4,
"def": "The state that follows birth, and precedes death; the state of being alive and living."
},
{
"w": "LIFT",
"v": true,
"row": 8,
"col": 6,
"def": "Air."
},
{
"w": "TELL",
"v": true,
"row": 6,
"col": 8,
"def": "To count, reckon, or enumerate."
},
{
"w": "TILE",
"v": false,
"row": 6,
"col": 8,
"def": "A regularly-shaped slab of clay or other material, affixed to cover or decorate a surface, as in a roof-tile, glazed tile, stove tile, etc."
},
{
"w": "TILL",
"v": true,
"row": 4,
"col": 10,
"def": "To."
},
{
"w": "LILT",
"v": false,
"row": 8,
"col": 6,
"def": "To do something rhythmically, with animation and quickness, usually of music."
},
{
"w": "LITE",
"v": true,
"row": 1,
"col": 9,
"def": "Light in composition, notably low in fat, calories etc.:."
},
{
"w": "FLIT",
"v": false,
"row": 1,
"col": 8,
"def": "A fluttering or darting movement."
},
{
"w": "FILET",
"v": false,
"row": 4,
"col": 6,
"def": "A narrow strip of ribbon, material or meat."
},
{
"w": "FILLET",
"v": false,
"row": 2,
"col": 2,
"def": "A headband; a ribbon or other band used to tie the hair up, or keep a headdress in place, or just for decoration."
}
]
}