{
"id": 4501,
"sub_category": "Geode Pack",
"category": "Tower Group",
"type": 0,
"letters": "EEEFRR",
"mov": 18,
"shovels": 1,
"coins": 5,
"rows": 15,
"cols": 15,
"c": 0,
"b": -1,
"w": 7,
"h": 7,
"dws": [
"FER",
"FERE",
"ERF",
"FEER",
"FRERE",
"ERE",
"REE"
],
"ws": [
{
"w": "FEE",
"v": false,
"row": 1,
"col": 4,
"def": "Cattle; livestock, especially considered as the basis of wealth."
},
{
"w": "ERR",
"v": false,
"row": 2,
"col": 2,
"def": "To make a mistake."
},
{
"w": "REF",
"v": true,
"row": 4,
"col": 3,
"def": "Referee."
},
{
"w": "FREE",
"v": true,
"row": 1,
"col": 4,
"def": "Not imprisoned or enslaved."
},
{
"w": "REEF",
"v": true,
"row": 1,
"col": 2,
"def": "Scabby; scurvy."
},
{
"w": "REFER",
"v": true,
"row": 0,
"col": 6,
"def": "To direct the attention of."
},
{
"w": "FREER",
"v": false,
"row": 4,
"col": 2,
"def": "One who frees."
},
{
"w": "REEFER",
"v": false,
"row": 6,
"col": 0,
"def": "Someone who reefs sails, especially a midshipman."
}
]
}