{
"id": 4506,
"sub_category": "Geode Pack",
"category": "Tower Group",
"type": 0,
"letters": "ADEHLV",
"mov": 24,
"shovels": 1,
"coins": 5,
"rows": 15,
"cols": 15,
"c": 0,
"b": -1,
"w": 10,
"h": 9,
"dws": [
"LAVED",
"DHAL",
"AHED",
"DEVA",
"HALED",
"EDH",
"LADE",
"DEV",
"LAV",
"DAE",
"AVEL",
"DAHL",
"HEAD",
"VELD",
"AVE",
"HAE",
"LEV",
"DAH",
"LEA",
"VELA",
"ELD",
"VADE",
"HAD",
"LEVA",
"HEALD",
"VAE",
"LAVE",
"HADE",
"DAL",
"HAED",
"LAH",
"DEL"
],
"ws": [
{
"w": "ALE",
"v": true,
"row": 0,
"col": 3,
"def": "An intoxicating liquor made from an infusion of malt by fermentation and the addition of a bitter, usually hops."
},
{
"w": "LAD",
"v": true,
"row": 2,
"col": 2,
"def": "A boy or young man."
},
{
"w": "LED",
"v": false,
"row": 4,
"col": 0,
"def": "Simple past tense and past participle of lead."
},
{
"w": "DEAL",
"v": false,
"row": 7,
"col": 0,
"def": "A division, a portion, a share."
},
{
"w": "HAVE",
"v": true,
"row": 4,
"col": 9,
"def": "To possess, own, hold."
},
{
"w": "HEAL",
"v": true,
"row": 2,
"col": 5,
"def": "To hide; conceal; keep secret."
},
{
"w": "HELD",
"v": true,
"row": 5,
"col": 3,
"def": "Simple past tense and past participle of hold."
},
{
"w": "LEAD",
"v": true,
"row": 4,
"col": 0,
"def": "A heavy, pliable, inelastic metal element, having a bright, bluish color, but easily tarnished; both malleable and ductile, though with little tenacity. It is easily fusible, forms alloys with other metals, and is an ingredient of solder and type metal. Atomic number 82, symbol Pb (from Latin plumbum)."
},
{
"w": "VEAL",
"v": true,
"row": 5,
"col": 6,
"def": "The flesh of a calf used for food."
},
{
"w": "VALE",
"v": false,
"row": 2,
"col": 0,
"def": "Valley."
},
{
"w": "DALE",
"v": true,
"row": 0,
"col": 7,
"def": "A valley in an otherwise hilly area."
},
{
"w": "HALE",
"v": false,
"row": 2,
"col": 5,
"def": "Health, welfare."
},
{
"w": "HALVE",
"v": false,
"row": 5,
"col": 3,
"def": "To reduce to half the original amount."
},
{
"w": "HALVED",
"v": false,
"row": 0,
"col": 2,
"def": "Simple past tense and past participle of halve."
}
]
}