{
"id": 4516,
"sub_category": "Grand Pack",
"category": "Tower Group",
"type": 0,
"letters": "EEHNRT",
"mov": 26,
"shovels": 1,
"coins": 5,
"rows": 15,
"cols": 15,
"c": 0,
"b": -1,
"w": 12,
"h": 11,
"dws": [
"RET",
"HETE",
"ERN",
"ERE",
"ETEN",
"RENTE",
"HERN",
"THRENE",
"HENT",
"RETE",
"ENE",
"TENE",
"ETHE",
"TEHR",
"HET",
"REN",
"TREEN",
"NEE",
"REE",
"REEN",
"ETH",
"ERNE",
"REH",
"HER",
"TERNE",
"TEER",
"NET",
"NTH",
"NETE",
"EEN"
],
"ws": [
{
"w": "HEN",
"v": false,
"row": 9,
"col": 5,
"def": "Hence."
},
{
"w": "TEE",
"v": false,
"row": 7,
"col": 7,
"def": "The name of the Latin script letter T/t."
},
{
"w": "TEN",
"v": true,
"row": 7,
"col": 7,
"def": "A numerical value equal to 10; the number occurring after nine and before eleven, represented in Roman numerals as X, in Arabic numerals as 10, and in the hexadecimal system (base 16) as A."
},
{
"w": "THE",
"v": true,
"row": 8,
"col": 5,
"def": "With a comparative or more and a verb phrase, establishes a parallel with one or more other such comparatives."
},
{
"w": "HERE",
"v": false,
"row": 4,
"col": 8,
"def": "This place; this location."
},
{
"w": "RENT",
"v": false,
"row": 8,
"col": 2,
"def": "A payment made by a tenant at intervals in order to occupy a property."
},
{
"w": "TEEN",
"v": true,
"row": 2,
"col": 11,
"def": "A teenager, a person between 13 and 19 years old."
},
{
"w": "THEN",
"v": true,
"row": 6,
"col": 3,
"def": "At that time."
},
{
"w": "TREE",
"v": false,
"row": 6,
"col": 3,
"def": "A large plant, not exactly defined, but typically over four meters in height, a single trunk which grows in girth with age and branches (which also grow in circumference with age)."
},
{
"w": "THEE",
"v": false,
"row": 4,
"col": 3,
"def": "Objective case of thou."
},
{
"w": "TERN",
"v": true,
"row": 0,
"col": 2,
"def": "Any of various sea birds of the family Sternidae that are similar to gulls but are smaller, more elegant and have a forked tail."
},
{
"w": "ENTER",
"v": true,
"row": 4,
"col": 9,
"def": "To go into (a room, etc.)."
},
{
"w": "THERE",
"v": true,
"row": 2,
"col": 6,
"def": "In a place or location (stated, implied or otherwise indicated) at some distance from the speaker (compare here)."
},
{
"w": "THREE",
"v": false,
"row": 2,
"col": 0,
"def": "A numerical value after two and before four. Represented in Arabic digits as 3."
},
{
"w": "ETHER",
"v": true,
"row": 2,
"col": 4,
"def": "To viciously insult."
},
{
"w": "NETHER",
"v": false,
"row": 0,
"col": 0,
"def": "Lower; under."
}
]
}