{
"id": 4520,
"sub_category": "Grand Pack",
"category": "Tower Group",
"type": 0,
"letters": "BEOORT",
"mov": 28,
"shovels": 1,
"coins": 5,
"rows": 15,
"cols": 15,
"c": 0,
"b": -1,
"w": 11,
"h": 10,
"dws": [
"RET",
"BORT",
"TORO",
"OOR",
"REO",
"ORE",
"BOOR",
"TOR",
"BROO",
"BOTE",
"BOR",
"OBO",
"OBE",
"OOT",
"BOET",
"ROTO",
"ROO",
"ROE",
"REB",
"ORT"
],
"ws": [
{
"w": "BET",
"v": true,
"row": 6,
"col": 5,
"def": "A wager, an agreement between two parties that a stake (usually money) will be paid by the loser to the winner (the winner being the one who correctly forecast the outcome of an event)."
},
{
"w": "ROB",
"v": false,
"row": 6,
"col": 3,
"def": "To steal from, especially using force or violence."
},
{
"w": "ROT",
"v": true,
"row": 6,
"col": 3,
"def": "To suffer decomposition due to biological action, especially by fungi or bacteria."
},
{
"w": "TOE",
"v": false,
"row": 5,
"col": 0,
"def": "Each of the five digits on the end of the foot."
},
{
"w": "TOO",
"v": false,
"row": 8,
"col": 5,
"def": "Likewise."
},
{
"w": "ORB",
"v": true,
"row": 5,
"col": 1,
"def": "A spherical body; a globe; especially, one of the celestial spheres; a sun, planet, or star."
},
{
"w": "BOO",
"v": false,
"row": 7,
"col": 1,
"def": "A loud exclamation intended to scare someone, especially a child. Usually used when one has been hidden from the victim and then suddenly appeared unexpectedly."
},
{
"w": "BOT",
"v": true,
"row": 3,
"col": 0,
"def": "The larva of a bot fly, which infests the skin of various mammals, producing warbles, or the nasal passage of sheep, or the stomach of horses."
},
{
"w": "BRO",
"v": false,
"row": 3,
"col": 0,
"def": "Brother; a male sibling."
},
{
"w": "BOOT",
"v": false,
"row": 7,
"col": 7,
"def": "A heavy shoe that covers part of the leg."
},
{
"w": "BORE",
"v": true,
"row": 2,
"col": 2,
"def": "To make a hole through something."
},
{
"w": "ROBE",
"v": false,
"row": 4,
"col": 2,
"def": "A long loose outer garment, often signifying honorary stature."
},
{
"w": "ROOT",
"v": false,
"row": 2,
"col": 4,
"def": "The part of a plant, generally underground, that absorbs water and nutrients."
},
{
"w": "TORE",
"v": true,
"row": 1,
"col": 5,
"def": "Hard, difficult; wearisome, tedious."
},
{
"w": "ROTE",
"v": true,
"row": 0,
"col": 7,
"def": "The process of learning or committing something to memory through mechanical repetition, usually by hearing and repeating aloud, often without full attention to comprehension or thought for the meaning."
},
{
"w": "OBOE",
"v": false,
"row": 1,
"col": 7,
"def": "A soprano and melody wind instrument in the modern orchestra and wind ensemble. It is a smaller instrument and generally made of grendilla wood. It is a member of the double reed family."
},
{
"w": "ROBOT",
"v": true,
"row": 5,
"col": 7,
"def": "A machine built to carry out some complex task or group of tasks, especially one which can be programmed."
},
{
"w": "REBOOT",
"v": true,
"row": 4,
"col": 9,
"def": "An instance of rebooting."
}
]
}