{
"id": 4541,
"sub_category": "Crest Packx",
"category": "Tower Group",
"type": 0,
"letters": "CNOTUY",
"mov": 22,
"shovels": 1,
"coins": 5,
"rows": 15,
"cols": 15,
"c": 0,
"b": -1,
"w": 9,
"h": 8,
"dws": [
"TOC",
"NOUT",
"UNCO",
"TUN",
"CUT",
"NUT",
"CONY",
"UNCOY",
"TONY",
"TUNY",
"ONY",
"NOY",
"TOUN",
"CUNT",
"YONT",
"CYTON"
],
"ws": [
{
"w": "CON",
"v": true,
"row": 0,
"col": 3,
"def": "To study, especially in order to gain knowledge of."
},
{
"w": "NOT",
"v": true,
"row": 0,
"col": 6,
"def": "Negates the meaning of the modified verb."
},
{
"w": "OUT",
"v": true,
"row": 2,
"col": 1,
"def": "Away from home or one's usual place, or not indoors."
},
{
"w": "TON",
"v": false,
"row": 7,
"col": 6,
"def": "A unit of weight (mass) equal to 2240 pounds (a long ton) or 2000 pounds (a short ton) or 1000 kilograms (a metric ton)."
},
{
"w": "TOY",
"v": false,
"row": 4,
"col": 1,
"def": "An inferior graffiti artist."
},
{
"w": "YOU",
"v": true,
"row": 4,
"col": 3,
"def": "The individual or group spoken or written to."
},
{
"w": "COT",
"v": true,
"row": 5,
"col": 6,
"def": "A symbol of the trigonometric function cotangent."
},
{
"w": "COY",
"v": false,
"row": 5,
"col": 6,
"def": "Bashful, shy, retiring."
},
{
"w": "YON",
"v": true,
"row": 5,
"col": 8,
"def": "Distant, but within sight."
},
{
"w": "UNTO",
"v": false,
"row": 6,
"col": 3,
"def": "Up to the time or degree that; until; till."
},
{
"w": "COUNT",
"v": false,
"row": 2,
"col": 0,
"def": "The act of counting or tallying a quantity."
},
{
"w": "COUNTY",
"v": false,
"row": 0,
"col": 3,
"def": "The land ruled by a count or a countess."
}
]
}