{
"id": 4556,
"sub_category": "Top Pack",
"category": "Tower Group",
"type": 0,
"letters": "DERSTU",
"mov": 26,
"shovels": 1,
"coins": 5,
"rows": 15,
"cols": 15,
"c": 0,
"b": -1,
"w": 12,
"h": 11,
"dws": [
"RET",
"RED",
"SUER",
"SURD",
"URD",
"DURE",
"SED",
"URDS",
"ERST",
"DRUSE",
"DURES",
"DUETS",
"TRES",
"TRUED",
"RUDES",
"SER",
"USED",
"UTE",
"UTES",
"TRUES",
"RUED",
"UDS",
"DEUS",
"ERS",
"STED",
"RETS",
"SUET",
"TEDS",
"RUT",
"DURST",
"DUE",
"SUE",
"EST",
"TURDS",
"URES",
"UTS",
"TES",
"RUE",
"TED",
"URE",
"STURE",
"DREST",
"SET",
"RUD",
"EDS",
"SUED",
"RUES",
"RES",
"SUD",
"USE",
"RUDS",
"TURD",
"URDE"
],
"ws": [
{
"w": "DUES",
"v": false,
"row": 2,
"col": 2,
"def": "Plural form of due."
},
{
"w": "DUST",
"v": true,
"row": 2,
"col": 2,
"def": "Fine, dry particles of matter found in the air and covering the surface of objects, typically consisting of soil lifted up by the wind, pollen, hair, etc."
},
{
"w": "REDS",
"v": false,
"row": 4,
"col": 6,
"def": "Plural form of red."
},
{
"w": "REST",
"v": true,
"row": 0,
"col": 5,
"def": "Relief from work or activity by sleeping; sleep."
},
{
"w": "RUDE",
"v": false,
"row": 0,
"col": 5,
"def": "Bad mannered."
},
{
"w": "RUST",
"v": false,
"row": 4,
"col": 0,
"def": "The deteriorated state of iron or steel as a result of moisture and oxidation."
},
{
"w": "RUTS",
"v": true,
"row": 4,
"col": 0,
"def": "Plural form of rut."
},
{
"w": "STUD",
"v": false,
"row": 7,
"col": 0,
"def": "A male animal, especially a stud horse (stallion), kept for breeding."
},
{
"w": "SURE",
"v": false,
"row": 9,
"col": 0,
"def": "Physically secure and certain, non-failing, reliable."
},
{
"w": "TRUE",
"v": true,
"row": 7,
"col": 1,
"def": "Conforming to the actual state of reality or fact; factually correct."
},
{
"w": "USER",
"v": false,
"row": 8,
"col": 3,
"def": "One who uses or makes use of something, a consumer."
},
{
"w": "DUET",
"v": true,
"row": 7,
"col": 3,
"def": "A musical composition in two parts, each performed by a single voice (singer, instrument or univoce ensemble)."
},
{
"w": "RUSE",
"v": true,
"row": 2,
"col": 9,
"def": "A trick."
},
{
"w": "DUSTER",
"v": true,
"row": 0,
"col": 7,
"def": "An object, now especially a cloth, used for dusting surfaces etc."
},
{
"w": "RUSTED",
"v": true,
"row": 0,
"col": 11,
"def": "Corroded; steel that has oxidized; covered in rust."
},
{
"w": "RUDEST",
"v": true,
"row": 5,
"col": 5,
"def": "Superlative form of rude: most rude."
}
]
}