{
"id": 4557,
"sub_category": "Top Pack",
"category": "Tower Group",
"type": 0,
"letters": "EIMMOR",
"mov": 18,
"shovels": 1,
"coins": 5,
"rows": 15,
"cols": 15,
"c": 0,
"b": -1,
"w": 7,
"h": 7,
"dws": [
"EMO",
"REIM",
"MOME",
"EMIR",
"MIR",
"REI",
"MEM",
"MIRO",
"OMER",
"RIEM",
"MOE",
"REO",
"ORE",
"RIME",
"MOI",
"MOR",
"MIMER",
"MIM",
"ERM",
"MOMI",
"ROE",
"ROM",
"MIMEO",
"MOIRE",
"MERI",
"IRE"
],
"ws": [
{
"w": "MOM",
"v": false,
"row": 0,
"col": 2,
"def": "Mother, momma."
},
{
"w": "RIM",
"v": false,
"row": 2,
"col": 4,
"def": "An edge around something, especially when circular."
},
{
"w": "REM",
"v": true,
"row": 0,
"col": 6,
"def": "Rapid eye movement, a sleep state."
},
{
"w": "MEMO",
"v": true,
"row": 0,
"col": 2,
"def": "A short note; a memorandum."
},
{
"w": "MORE",
"v": false,
"row": 3,
"col": 1,
"def": "Comparative form of many: in greater number. (Used for a discrete quantity.)."
},
{
"w": "MIME",
"v": true,
"row": 3,
"col": 1,
"def": "A form of acting without words; pantomime."
},
{
"w": "MIRE",
"v": true,
"row": 0,
"col": 4,
"def": "Deep mud; moist, spongy earth."
},
{
"w": "MEMOIR",
"v": false,
"row": 6,
"col": 0,
"def": "An autobiography; a book describing the personal experiences of an author."
}
]
}