{
"id": 458,
"sub_category": "White Pack",
"category": "Winter Group",
"type": 0,
"letters": "HNORTW",
"mov": 30,
"shovels": 1,
"coins": 5,
"rows": 15,
"cols": 15,
"c": 0,
"b": -1,
"w": 13,
"h": 11,
"dws": [
"OWT",
"WROTH",
"WONT",
"THO",
"TRON",
"WHOT",
"WORT",
"HON",
"TOR",
"RHO",
"NOH",
"TROW",
"NOWT",
"THRO",
"THON",
"TON",
"NOT",
"WOT",
"ROWT",
"ROWTH",
"WHORT",
"ORT",
"NTH",
"RONT"
],
"ws": [
{
"w": "HOT",
"v": false,
"row": 2,
"col": 2,
"def": "Of an object, having a high temperature."
},
{
"w": "HOW",
"v": true,
"row": 2,
"col": 2,
"def": "To what degree."
},
{
"w": "NOR",
"v": true,
"row": 4,
"col": 0,
"def": "Used to introduce a further negative statement."
},
{
"w": "NOW",
"v": false,
"row": 4,
"col": 0,
"def": "Present; current."
},
{
"w": "OWN",
"v": false,
"row": 3,
"col": 4,
"def": "To have rightful possession of (property, goods or capital); \"To possess by right; to have the right of property in; to have the legal right or rightful title to.\" (Ref 1)."
},
{
"w": "ROT",
"v": false,
"row": 6,
"col": 0,
"def": "To suffer decomposition due to biological action, especially by fungi or bacteria."
},
{
"w": "ROW",
"v": false,
"row": 9,
"col": 2,
"def": "A line of objects, often regularly spaced, such as seats in a theatre, vegetable plants in a garden etc."
},
{
"w": "TOW",
"v": true,
"row": 2,
"col": 4,
"def": "To pull something behind one using a line or chain; to haul."
},
{
"w": "TWO",
"v": true,
"row": 8,
"col": 4,
"def": "Describing a set or group with two components."
},
{
"w": "WHO",
"v": false,
"row": 1,
"col": 6,
"def": "What person or people; which person or people (used in a direct or indirect question)."
},
{
"w": "WON",
"v": true,
"row": 1,
"col": 6,
"def": "Simple past tense and past participle of win."
},
{
"w": "HORN",
"v": true,
"row": 0,
"col": 8,
"def": "A hard growth of keratin that protrudes from the top of the head of certain animals."
},
{
"w": "TORN",
"v": true,
"row": 3,
"col": 11,
"def": "Past participle of tear (rip, rend, speed)."
},
{
"w": "TOWN",
"v": false,
"row": 6,
"col": 8,
"def": "A settlement; an area with residential districts, shops and amenities, and its own local government; especially one larger than a village and smaller than a city."
},
{
"w": "WORN",
"v": true,
"row": 5,
"col": 9,
"def": "Past participle of wear."
},
{
"w": "NORTH",
"v": false,
"row": 3,
"col": 8,
"def": "One of the four major compass points, specifically 0\u00b0, directed toward the North Pole, and conventionally upwards on a map."
},
{
"w": "THROW",
"v": true,
"row": 6,
"col": 6,
"def": "To cause an object to move rapidly through the air."
},
{
"w": "WORTH",
"v": false,
"row": 10,
"col": 6,
"def": "Having a value of; proper to be exchanged for."
},
{
"w": "THORN",
"v": true,
"row": 6,
"col": 2,
"def": "A sharp protective spine of a plant."
},
{
"w": "THROWN",
"v": false,
"row": 8,
"col": 4,
"def": "Past participle of throw."
}
]
}