{
"id": 4580,
"sub_category": "Calm Packx",
"category": "Placid Group",
"type": 0,
"letters": "DELLOR",
"mov": 30,
"shovels": 1,
"coins": 5,
"rows": 15,
"cols": 15,
"c": 0,
"b": -1,
"w": 14,
"h": 11,
"dws": [
"OLDE",
"DERO",
"LOR",
"EORL",
"DORE",
"REO",
"OLE",
"DOL",
"DOR",
"ELL",
"ELD",
"LOD",
"ORLE",
"LOL",
"DELO",
"LED",
"ORD",
"ROE",
"ROED",
"LOREL",
"DEL"
],
"ws": [
{
"w": "OLD",
"v": true,
"row": 2,
"col": 11,
"def": "Of an object, concept, relationship, etc., having existed for a relatively long period of time."
},
{
"w": "ORE",
"v": true,
"row": 0,
"col": 13,
"def": "Rock that contains utilitarian materials; primarily a rock containing metals or gems which (at the time of the rock's evaluation and proposal for extraction) are able to be separated from its neighboring minerals and processed at a cost that does not exceed those materials' present-day economic values."
},
{
"w": "RED",
"v": false,
"row": 6,
"col": 10,
"def": "Having red as its colour."
},
{
"w": "ROD",
"v": true,
"row": 6,
"col": 10,
"def": "A straight, round stick, shaft, bar, cane, or staff."
},
{
"w": "DOE",
"v": false,
"row": 4,
"col": 11,
"def": "A female deer; also used of similar animals such as reindeer, antelope, goat."
},
{
"w": "ODE",
"v": false,
"row": 2,
"col": 11,
"def": "A short poetical composition proper to be set to music or sung; a lyric poem; esp., now, a poem characterized by sustained noble sentiment and appropriate dignity of style."
},
{
"w": "DOLL",
"v": true,
"row": 6,
"col": 7,
"def": "A toy in the form of a human."
},
{
"w": "LORD",
"v": false,
"row": 8,
"col": 7,
"def": "The master of a household."
},
{
"w": "RODE",
"v": false,
"row": 6,
"col": 5,
"def": "The line from the vessel to its anchor. Also warp."
},
{
"w": "ROLE",
"v": true,
"row": 3,
"col": 8,
"def": "A character or part played by a performer or actor."
},
{
"w": "ROLL",
"v": false,
"row": 3,
"col": 8,
"def": "To cause to revolve by turning over and over; to move by turning on an axis; to impel forward by causing to turn over and over on a supporting surface."
},
{
"w": "LODE",
"v": false,
"row": 1,
"col": 6,
"def": "A way or path; a road."
},
{
"w": "LORE",
"v": true,
"row": 1,
"col": 6,
"def": "All the facts and traditions about a particular subject that have been accumulated over time through education or experience."
},
{
"w": "REDO",
"v": true,
"row": 0,
"col": 9,
"def": "To do again."
},
{
"w": "DOLE",
"v": false,
"row": 4,
"col": 3,
"def": "To distribute in small amounts; to share out small portions of a meager resource."
},
{
"w": "DELL",
"v": true,
"row": 4,
"col": 3,
"def": "Valley."
},
{
"w": "DOER",
"v": true,
"row": 7,
"col": 0,
"def": "Someone who does, performs, or executes; an active person, an agent."
},
{
"w": "OLDER",
"v": true,
"row": 4,
"col": 12,
"def": "Comparative form of old: more old, elder, senior."
},
{
"w": "DROLL",
"v": false,
"row": 7,
"col": 0,
"def": "Oddly humorous; whimsical, amusing in a quaint way; waggish."
},
{
"w": "ROLLED",
"v": false,
"row": 10,
"col": 0,
"def": "Simple past tense and past participle of roll."
}
]
}