{
"id": 4587,
"sub_category": "Calm Packx",
"category": "Placid Group",
"type": 0,
"letters": "ABENTT",
"mov": 18,
"shovels": 1,
"coins": 5,
"rows": 15,
"cols": 15,
"c": 0,
"b": -1,
"w": 9,
"h": 7,
"dws": [
"TAN",
"ATE",
"NAE",
"TEA",
"BAN",
"TAT",
"TET",
"ANE",
"NAB",
"TAE",
"NAT",
"EAT",
"EAN",
"BATE",
"BANT",
"ATT",
"NABE",
"TATE",
"NEB",
"BAT",
"ANT",
"NETT",
"TENT",
"TAB",
"ETNA",
"ETA",
"BATT",
"BEN",
"BETTA",
"BET",
"TEAT",
"TANE",
"ETAT",
"ABET",
"NET",
"TEN"
],
"ws": [
{
"w": "BEAN",
"v": true,
"row": 1,
"col": 1,
"def": "The large edible seed of plants of several genera of Fabaceae."
},
{
"w": "BEAT",
"v": true,
"row": 3,
"col": 3,
"def": "A pulsation or throb."
},
{
"w": "BENT",
"v": false,
"row": 0,
"col": 4,
"def": "Simple past tense and past participle of bend."
},
{
"w": "BETA",
"v": true,
"row": 0,
"col": 4,
"def": "Identifying a molecular position in an organic chemical compound."
},
{
"w": "NEAT",
"v": true,
"row": 0,
"col": 6,
"def": "A bull or cow."
},
{
"w": "BANE",
"v": false,
"row": 1,
"col": 1,
"def": "A cause of misery or death; an affliction or curse."
},
{
"w": "ANTE",
"v": false,
"row": 4,
"col": 0,
"def": "A price or cost, as in up the ante."
},
{
"w": "BATTEN",
"v": false,
"row": 3,
"col": 3,
"def": "To become better; improve in condition, especially by feeding."
}
]
}