{
"id": 4593,
"sub_category": "Quell Pack",
"category": "Placid Group",
"type": 0,
"letters": "CLNOOY",
"mov": 20,
"shovels": 1,
"coins": 5,
"rows": 15,
"cols": 15,
"c": 0,
"b": -1,
"w": 8,
"h": 8,
"dws": [
"LOCO",
"CLY",
"COON",
"ONO",
"COLY",
"CONY",
"CLON",
"OON",
"CLOY",
"NOLO",
"ONY",
"NOY",
"LOY",
"NOO",
"COL",
"COOLY",
"LOO"
],
"ws": [
{
"w": "CON",
"v": true,
"row": 4,
"col": 4,
"def": "To study, especially in order to gain knowledge of."
},
{
"w": "COO",
"v": true,
"row": 3,
"col": 6,
"def": "The murmuring sound made by a dove or pigeon."
},
{
"w": "COY",
"v": false,
"row": 4,
"col": 0,
"def": "Bashful, shy, retiring."
},
{
"w": "YON",
"v": true,
"row": 0,
"col": 5,
"def": "Distant, but within sight."
},
{
"w": "COOL",
"v": false,
"row": 4,
"col": 4,
"def": "Having a slightly low temperature; mildly or pleasantly cold."
},
{
"w": "ONLY",
"v": true,
"row": 4,
"col": 1,
"def": "Alone in a category."
},
{
"w": "LOON",
"v": false,
"row": 6,
"col": 1,
"def": "Any of various birds, of the order Gaviiformes, of North America and Europe that dive for fish and have a short tail, webbed feet and a yodeling cry."
},
{
"w": "COLON",
"v": false,
"row": 2,
"col": 1,
"def": "The punctuation mark \":\"."
},
{
"w": "LOONY",
"v": true,
"row": 0,
"col": 2,
"def": "Insane."
},
{
"w": "COLONY",
"v": false,
"row": 0,
"col": 0,
"def": "A settlement of emigrants who move to a new place, but remain culturally tied to their original place."
}
]
}