{
"id": 4594,
"sub_category": "Quell Pack",
"category": "Placid Group",
"type": 0,
"letters": "ALMNOS",
"mov": 20,
"shovels": 1,
"coins": 5,
"rows": 15,
"cols": 15,
"c": 0,
"b": -1,
"w": 10,
"h": 8,
"dws": [
"MNAS",
"NAMS",
"SAL",
"NOMA",
"MONAS",
"ANS",
"SOMA",
"ONS",
"LOMA",
"MANS",
"LOANS",
"MOLAS",
"MOA",
"MAS",
"MOAS",
"MANOS",
"MOLS",
"OMS",
"MONA",
"MOS",
"NOMAS",
"OMAS",
"SOLA",
"OLM",
"OLMS",
"MONAL",
"SMA",
"NAS",
"MALS",
"LOS",
"SOLAN",
"LAS",
"LAMS",
"NAM",
"MOL",
"SAM",
"MON",
"ALS",
"NOS",
"MANO",
"LOMAS",
"SAN",
"MNA",
"MOLA",
"MONS",
"LAM",
"NAOS",
"MAN",
"NOMS",
"MOANS",
"SOMAN",
"MAL",
"LOAMS",
"NOM",
"SOL",
"OMA",
"SOM"
],
"ws": [
{
"w": "SON",
"v": true,
"row": 5,
"col": 8,
"def": "A male child, a boy or man in relation to his parents; one's male offspring."
},
{
"w": "ALSO",
"v": false,
"row": 5,
"col": 6,
"def": "To the same degree or extent; so, as."
},
{
"w": "LOAN",
"v": true,
"row": 1,
"col": 3,
"def": "A sum of money or other valuables or consideration that an individual, group or other legal entity borrows from another individual, group or legal entity (the latter often being a financial institution) with the condition that it be returned or repaid at a later date (sometimes with interest)."
},
{
"w": "SLAM",
"v": true,
"row": 3,
"col": 6,
"def": "To shut with sudden force so as to produce a shock and noise."
},
{
"w": "MOAN",
"v": false,
"row": 4,
"col": 0,
"def": "A low, mournful cry of pain, sorrow or pleasure."
},
{
"w": "ALMS",
"v": false,
"row": 3,
"col": 3,
"def": "Something given to the poor as charity, such as money, clothing or food."
},
{
"w": "LOAM",
"v": true,
"row": 0,
"col": 5,
"def": "A kind of soil; an earthy mixture of clay and sand, with organic matter to which its fertility is chiefly due."
},
{
"w": "SALON",
"v": true,
"row": 1,
"col": 1,
"def": "A large room, especially one used to receive and entertain guests."
},
{
"w": "MASON",
"v": false,
"row": 7,
"col": 0,
"def": "One whose occupation is to build with stone or brick; also, one who prepares stone for building purposes."
},
{
"w": "SALMON",
"v": false,
"row": 1,
"col": 1,
"def": "One of several species of fish of the Salmonidae family."
}
]
}