{
"id": 4595,
"sub_category": "Quell Pack",
"category": "Placid Group",
"type": 0,
"letters": "BEEELT",
"mov": 16,
"shovels": 1,
"coins": 5,
"rows": 15,
"cols": 15,
"c": 0,
"b": -1,
"w": 6,
"h": 5,
"dws": [
"BEL",
"BLEE",
"ELT",
"LEET",
"EEL",
"BETEL",
"BETE",
"LEE",
"BLET",
"BEE",
"TEL",
"TELE",
"BELEE",
"TEEL"
],
"ws": [
{
"w": "BET",
"v": true,
"row": 2,
"col": 4,
"def": "A wager, an agreement between two parties that a stake (usually money) will be paid by the loser to the winner (the winner being the one who correctly forecast the outcome of an event)."
},
{
"w": "LET",
"v": false,
"row": 2,
"col": 0,
"def": "To allow to, not to prevent (+ infinitive, but usually without to)."
},
{
"w": "TEE",
"v": true,
"row": 2,
"col": 2,
"def": "The name of the Latin script letter T/t."
},
{
"w": "BELT",
"v": true,
"row": 0,
"col": 0,
"def": "A band worn around the waist to hold clothing to one's body (usually pants), hold weapons (such as a gun or sword), or serve as a decorative piece of clothing."
},
{
"w": "BEET",
"v": false,
"row": 4,
"col": 1,
"def": "Beta vulgaris, a plant with a swollen root which is eaten or used to make sugar."
},
{
"w": "BEETLE",
"v": false,
"row": 0,
"col": 0,
"def": "Any of numerous species of insect in the order Coleoptera characterized by a pair of hard, shell-like front wings which cover and protect a pair of rear wings when at rest."
}
]
}