{
"id": 460,
"sub_category": "White Pack",
"category": "Winter Group",
"type": 0,
"letters": "DEILPS",
"mov": 30,
"shovels": 1,
"coins": 5,
"rows": 15,
"cols": 15,
"c": 0,
"b": -1,
"w": 12,
"h": 12,
"dws": [
"PISE",
"PLIES",
"PEDS",
"SLED",
"DIE",
"SEI",
"DEPS",
"SIDE",
"LES",
"SPIE",
"SIPE",
"SIPED",
"SED",
"LEPS",
"SLIPE",
"LEI",
"PSI",
"LIED",
"LIE",
"PIS",
"PES",
"DEP",
"LEIS",
"LEPID",
"SLIPED",
"LISPED",
"LIS",
"SILE",
"PEL",
"DESI",
"SIDLE",
"SEL",
"DEIL",
"LIPE",
"PILES",
"DELS",
"LIDS",
"SPELD",
"SPIEL",
"PLIE",
"SPILED",
"DEI",
"PED",
"ELD",
"IDE",
"LIES",
"LSD",
"ISLED",
"DIEL",
"DELIS",
"IDES",
"SILD",
"IDLES",
"SPILE",
"EILD",
"ELS",
"PIES",
"PIED",
"EILDS",
"DIS",
"LIPS",
"SELD",
"EDS",
"PELS",
"LEP",
"IDS",
"DIES",
"ELDS",
"DEILS",
"DIPS",
"DISPLE",
"SPIDE",
"SEIL",
"SPEIL",
"DEL"
],
"ws": [
{
"w": "DIP",
"v": true,
"row": 4,
"col": 11,
"def": "A lower section of a road or geological feature."
},
{
"w": "LED",
"v": false,
"row": 4,
"col": 9,
"def": "Simple past tense and past participle of lead."
},
{
"w": "LID",
"v": true,
"row": 0,
"col": 6,
"def": "The top or cover of a container."
},
{
"w": "LIP",
"v": false,
"row": 2,
"col": 8,
"def": "Either of the two fleshy protrusions around the opening of the mouth."
},
{
"w": "PIE",
"v": true,
"row": 2,
"col": 10,
"def": "A type of pastry that consists of an outer crust and a filling."
},
{
"w": "SIP",
"v": false,
"row": 6,
"col": 9,
"def": "A small mouthful of drink."
},
{
"w": "PILE",
"v": true,
"row": 0,
"col": 8,
"def": "A dart; an arrow."
},
{
"w": "SLID",
"v": true,
"row": 8,
"col": 11,
"def": "Simple past tense and past participle of slide."
},
{
"w": "SLIP",
"v": false,
"row": 0,
"col": 5,
"def": "Mud, slime."
},
{
"w": "DELI",
"v": false,
"row": 10,
"col": 8,
"def": "A shop that sells cooked or prepared food ready for serving."
},
{
"w": "IDLE",
"v": false,
"row": 4,
"col": 0,
"def": "Empty, vacant."
},
{
"w": "ISLE",
"v": true,
"row": 1,
"col": 3,
"def": "An island."
},
{
"w": "LISP",
"v": true,
"row": 3,
"col": 0,
"def": "The habit or an act of lisping."
},
{
"w": "SPED",
"v": false,
"row": 2,
"col": 3,
"def": "Simple past tense and past participle of speed."
},
{
"w": "PLED",
"v": false,
"row": 6,
"col": 0,
"def": "Simple past tense and past participle of plead."
},
{
"w": "PILED",
"v": false,
"row": 11,
"col": 1,
"def": "Simple past tense and past participle of pile."
},
{
"w": "SLIDE",
"v": true,
"row": 6,
"col": 9,
"def": "To (cause to) move in continuous contact with a surface."
},
{
"w": "SPIED",
"v": true,
"row": 7,
"col": 5,
"def": "Simple past tense and past participle of spy."
},
{
"w": "PLIED",
"v": false,
"row": 9,
"col": 3,
"def": "Simple past tense and past participle of ply."
},
{
"w": "DISPEL",
"v": true,
"row": 6,
"col": 3,
"def": "To drive away by scattering, or to cause to vanish; to clear away; to banish; to dissipate."
}
]
}