{
"id": 4612,
"sub_category": "Flat Packx",
"category": "Placid Group",
"type": 0,
"letters": "DEENOT",
"mov": 30,
"shovels": 1,
"coins": 5,
"rows": 15,
"cols": 15,
"c": 0,
"b": -1,
"w": 14,
"h": 11,
"dws": [
"TOE",
"EON",
"TOD",
"DON",
"DOEN",
"ETEN",
"DOE",
"TEED",
"ENE",
"TENE",
"TEEND",
"DEE",
"DONEE",
"NEE",
"TED",
"TOED",
"DEET",
"NED",
"ODE",
"TON",
"NOT",
"DEEN",
"DENE",
"NETE",
"EEN"
],
"ws": [
{
"w": "DEN",
"v": true,
"row": 8,
"col": 9,
"def": "The home of certain animals."
},
{
"w": "DOT",
"v": true,
"row": 8,
"col": 7,
"def": "A small spot."
},
{
"w": "END",
"v": true,
"row": 8,
"col": 11,
"def": "The final point of something in space or time."
},
{
"w": "NET",
"v": false,
"row": 9,
"col": 11,
"def": "A mesh of string, cord or rope."
},
{
"w": "NOD",
"v": false,
"row": 10,
"col": 9,
"def": "To incline the head up and down, as to indicate agreement."
},
{
"w": "ONE",
"v": false,
"row": 9,
"col": 7,
"def": "A numerical value equal to 1; the first number in the set of natural numbers (especially in number theory); the cardinality of the smallest nonempty set. Ordinal: first."
},
{
"w": "TEE",
"v": true,
"row": 8,
"col": 5,
"def": "The name of the Latin script letter T/t."
},
{
"w": "TEN",
"v": true,
"row": 6,
"col": 3,
"def": "A numerical value equal to 10; the number occurring after nine and before eleven, represented in Roman numerals as X, in Arabic numerals as 10, and in the hexadecimal system (base 16) as A."
},
{
"w": "DENT",
"v": false,
"row": 10,
"col": 4,
"def": "A shallow deformation in the surface of an object, produced by an impact."
},
{
"w": "DONE",
"v": false,
"row": 7,
"col": 0,
"def": "Ready, fully cooked."
},
{
"w": "NEED",
"v": true,
"row": 4,
"col": 0,
"def": "A requirement for something."
},
{
"w": "NODE",
"v": false,
"row": 4,
"col": 0,
"def": "A knot, knob, protuberance or swelling."
},
{
"w": "NOTE",
"v": true,
"row": 7,
"col": 13,
"def": "Use; employment."
},
{
"w": "TEEN",
"v": false,
"row": 2,
"col": 1,
"def": "A teenager, a person between 13 and 19 years old."
},
{
"w": "TEND",
"v": true,
"row": 1,
"col": 2,
"def": "To kindle; ignite; set on fire; light; inflame; burn."
},
{
"w": "TONE",
"v": true,
"row": 0,
"col": 4,
"def": "A specific pitch."
},
{
"w": "DOTE",
"v": true,
"row": 0,
"col": 8,
"def": "To be excessively fond of."
},
{
"w": "NOTED",
"v": false,
"row": 8,
"col": 3,
"def": "Famous; well known because of one's reputation; celebrated."
},
{
"w": "TONED",
"v": false,
"row": 0,
"col": 4,
"def": "Simple past tense and past participle of tone."
},
{
"w": "DENOTE",
"v": false,
"row": 3,
"col": 7,
"def": "To indicate; to mark."
}
]
}