{
"id": 4619,
"sub_category": "Flat Packx",
"category": "Placid Group",
"type": 0,
"letters": "EEPPPR",
"mov": 16,
"shovels": 1,
"coins": 5,
"rows": 15,
"cols": 15,
"c": 0,
"b": -1,
"w": 6,
"h": 6,
"dws": [
"REPP",
"PERE",
"PEE",
"PREE",
"PERP",
"PRE",
"ERE",
"REE",
"PEP"
],
"ws": [
{
"w": "PER",
"v": false,
"row": 2,
"col": 1,
"def": "For each."
},
{
"w": "REP",
"v": true,
"row": 2,
"col": 3,
"def": "Short form of reputation."
},
{
"w": "PEER",
"v": true,
"row": 1,
"col": 5,
"def": "To look with difficulty, or as if searching for something."
},
{
"w": "PREP",
"v": false,
"row": 0,
"col": 0,
"def": "Preparation."
},
{
"w": "PEEP",
"v": true,
"row": 2,
"col": 1,
"def": "A quiet sound, particularly one from a baby bird."
},
{
"w": "PEPPER",
"v": false,
"row": 4,
"col": 0,
"def": "A plant of the family Piperaceae."
}
]
}