{
"id": 4629,
"sub_category": "Bare Packx",
"category": "Placid Group",
"type": 0,
"letters": "CDEKOT",
"mov": 24,
"shovels": 1,
"coins": 5,
"rows": 15,
"cols": 15,
"c": 0,
"b": -1,
"w": 9,
"h": 9,
"dws": [
"TOD",
"TOKE",
"ECO",
"DOEK",
"COTED",
"TOC",
"COKED",
"TOCK",
"TEC",
"KED",
"DECO",
"TOKED",
"KETO",
"OKE",
"KET",
"TED",
"TOED",
"ECOD",
"COTE",
"TOCKED"
],
"ws": [
{
"w": "COD",
"v": true,
"row": 0,
"col": 5,
"def": "A bag."
},
{
"w": "DOC",
"v": false,
"row": 2,
"col": 5,
"def": "A doctor."
},
{
"w": "DOT",
"v": false,
"row": 4,
"col": 5,
"def": "A small spot."
},
{
"w": "TOE",
"v": true,
"row": 2,
"col": 2,
"def": "Each of the five digits on the end of the foot."
},
{
"w": "COT",
"v": true,
"row": 2,
"col": 7,
"def": "A symbol of the trigonometric function cotangent."
},
{
"w": "DOE",
"v": true,
"row": 0,
"col": 3,
"def": "A female deer; also used of similar animals such as reindeer, antelope, goat."
},
{
"w": "ODE",
"v": true,
"row": 4,
"col": 6,
"def": "A short poetical composition proper to be set to music or sung; a lyric poem; esp., now, a poem characterized by sustained noble sentiment and appropriate dignity of style."
},
{
"w": "CODE",
"v": false,
"row": 6,
"col": 3,
"def": "A short symbol, often with little relation to the item it represents."
},
{
"w": "COKE",
"v": false,
"row": 8,
"col": 5,
"def": "Solid residue from roasting coal in a coke oven; used principally as a fuel and in the production of steel and formerly as a domestic fuel."
},
{
"w": "DECK",
"v": false,
"row": 0,
"col": 3,
"def": "Any flat surface that can be walked on: a balcony; a porch; a raised patio; a flat rooftop."
},
{
"w": "DOCK",
"v": true,
"row": 4,
"col": 3,
"def": "Any of the genus Rumex of coarse weedy plants with small green flowers related to buckwheat, especially the common dock, and used as potherbs and in folk medicine, especially in curing nettle rash."
},
{
"w": "COED",
"v": false,
"row": 4,
"col": 0,
"def": "Alternative spelling of co-ed."
},
{
"w": "DOTE",
"v": false,
"row": 2,
"col": 0,
"def": "To be excessively fond of."
},
{
"w": "DOCKET",
"v": true,
"row": 2,
"col": 0,
"def": "A summary; a brief digest."
}
]
}