{
"id": 4634,
"sub_category": "Bare Packx",
"category": "Placid Group",
"type": 0,
"letters": "AHMRSY",
"mov": 30,
"shovels": 1,
"coins": 5,
"rows": 15,
"cols": 15,
"c": 0,
"b": -1,
"w": 12,
"h": 11,
"dws": [
"YAR",
"HAYS",
"MASHY",
"SHA",
"RYA",
"RAMS",
"ARY",
"SYMAR",
"MAS",
"AYS",
"SYRAH",
"HAMS",
"ARMS",
"RYAS",
"MARY",
"YAMS",
"SMA",
"MAYS",
"MARS",
"YAH",
"ARS",
"SAR",
"SAM",
"AHS",
"ARSY",
"SHAY",
"RAH",
"RAYS",
"YAS",
"RAS",
"RAHS",
"YAHS",
"HARMS"
],
"ws": [
{
"w": "ARM",
"v": true,
"row": 4,
"col": 5,
"def": "The portion of the upper human appendage, from the shoulder to the wrist and sometimes including the hand."
},
{
"w": "ASH",
"v": true,
"row": 3,
"col": 1,
"def": "The solid remains of a fire."
},
{
"w": "HAM",
"v": false,
"row": 6,
"col": 3,
"def": "The region back of the knee joint; the popliteal space; the hock."
},
{
"w": "HAS",
"v": false,
"row": 5,
"col": 1,
"def": "Third-person singular simple present indicative form of have."
},
{
"w": "HAY",
"v": false,
"row": 3,
"col": 0,
"def": "Grass cut and dried for use as animal fodder."
},
{
"w": "MAR",
"v": false,
"row": 1,
"col": 2,
"def": "To spoil, to damage."
},
{
"w": "MAY",
"v": true,
"row": 1,
"col": 2,
"def": "The hawthorn bush or its blossoms."
},
{
"w": "RAM",
"v": true,
"row": 1,
"col": 4,
"def": "A male sheep."
},
{
"w": "RAY",
"v": true,
"row": 0,
"col": 7,
"def": "A beam of light or radiation."
},
{
"w": "SAY",
"v": true,
"row": 0,
"col": 9,
"def": "To pronounce."
},
{
"w": "SHY",
"v": true,
"row": 8,
"col": 6,
"def": "Easily frightened; timid."
},
{
"w": "YAM",
"v": false,
"row": 2,
"col": 9,
"def": "Any climbing vine of the genus Dioscorea in the Eastern and Western hemispheres, usually cultivated."
},
{
"w": "ARMY",
"v": false,
"row": 2,
"col": 4,
"def": "A large, highly organized military force, concerned mainly with ground (rather than air or naval) operations."
},
{
"w": "HARM",
"v": true,
"row": 7,
"col": 1,
"def": "Injury; hurt; damage; detriment; misfortune."
},
{
"w": "RASH",
"v": false,
"row": 0,
"col": 7,
"def": "Hasty, not careful or considered."
},
{
"w": "SHAM",
"v": true,
"row": 5,
"col": 3,
"def": "Intended to deceive; false."
},
{
"w": "ASHY",
"v": true,
"row": 2,
"col": 10,
"def": "Having the color of ashes."
},
{
"w": "MASH",
"v": false,
"row": 4,
"col": 7,
"def": "A mesh."
},
{
"w": "MARSH",
"v": true,
"row": 4,
"col": 7,
"def": "An area of low, wet land, often with tall grass."
},
{
"w": "MARSHY",
"v": false,
"row": 8,
"col": 3,
"def": "Of, or resembling a marsh; boggy."
}
]
}