{
"id": 464,
"sub_category": "White Pack",
"category": "Winter Group",
"type": 0,
"letters": "DENPRU",
"mov": 30,
"shovels": 1,
"coins": 5,
"rows": 15,
"cols": 15,
"c": 0,
"b": -1,
"w": 13,
"h": 13,
"dws": [
"RED",
"NUR",
"URD",
"DURE",
"DEP",
"ERN",
"DURN",
"DUPER",
"PERDU",
"URPED",
"RUED",
"UPEND",
"PEND",
"DERN",
"DRUPE",
"UNRED",
"NEP",
"PED",
"RUND",
"RUNED",
"REN",
"NUDER",
"PER",
"URP",
"RUE",
"UNDE",
"URE",
"PERN",
"NURD",
"NED",
"PURED",
"RUD",
"PUD",
"REP",
"DUP",
"PUR",
"PRE",
"URDE",
"PUER"
],
"ws": [
{
"w": "DEN",
"v": false,
"row": 3,
"col": 3,
"def": "The home of certain animals."
},
{
"w": "DUE",
"v": false,
"row": 9,
"col": 0,
"def": "Owed or owing."
},
{
"w": "END",
"v": true,
"row": 2,
"col": 5,
"def": "The final point of something in space or time."
},
{
"w": "PEN",
"v": true,
"row": 2,
"col": 7,
"def": "An enclosed area used to contain domesticated animals, especially sheep or cattle."
},
{
"w": "RUN",
"v": true,
"row": 0,
"col": 9,
"def": "Act or instance of running, of moving rapidly using the feet."
},
{
"w": "URN",
"v": false,
"row": 1,
"col": 9,
"def": "A vase with a footed base."
},
{
"w": "PUN",
"v": false,
"row": 2,
"col": 7,
"def": "To beat; strike with force; ram; pound, as in a mortar; reduce to powder."
},
{
"w": "DUN",
"v": false,
"row": 4,
"col": 5,
"def": "A brownish grey colour."
},
{
"w": "DUNE",
"v": true,
"row": 3,
"col": 3,
"def": "A ridge or hill of sand piled up by the wind."
},
{
"w": "PURE",
"v": false,
"row": 6,
"col": 0,
"def": "Free of flaws or imperfections; unsullied."
},
{
"w": "RUDE",
"v": false,
"row": 4,
"col": 9,
"def": "Bad mannered."
},
{
"w": "DUPE",
"v": false,
"row": 7,
"col": 9,
"def": "To swindle, deceive, or trick."
},
{
"w": "NERD",
"v": true,
"row": 1,
"col": 11,
"def": "A person who is intellectual but generally introverted."
},
{
"w": "NUDE",
"v": false,
"row": 10,
"col": 7,
"def": "Without clothing or other covering of the skin."
},
{
"w": "REND",
"v": true,
"row": 4,
"col": 9,
"def": "To separate into parts with force or sudden violence; to tear asunder; to split; to burst."
},
{
"w": "RUNE",
"v": true,
"row": 6,
"col": 2,
"def": "A letter, or character, belonging to the written language of various ancient Germanic peoples, especially the Scandinavians and the Anglo-Saxons."
},
{
"w": "UNDER",
"v": true,
"row": 7,
"col": 10,
"def": "In a lower level than."
},
{
"w": "PRUNE",
"v": true,
"row": 8,
"col": 8,
"def": "A plum."
},
{
"w": "PRUDE",
"v": true,
"row": 6,
"col": 0,
"def": "Undefined"
},
{
"w": "PRUNED",
"v": false,
"row": 12,
"col": 4,
"def": "Simple past tense and past participle of prune."
}
]
}