{
"id": 4650,
"sub_category": "Bud Pack",
"category": "Thrive Group",
"type": 0,
"letters": "AEIRRS",
"mov": 22,
"shovels": 1,
"coins": 5,
"rows": 15,
"cols": 15,
"c": 0,
"b": -1,
"w": 11,
"h": 8,
"dws": [
"RAI",
"ARE",
"SEI",
"RASE",
"ERA",
"REAR",
"REIS",
"SAI",
"RAIS",
"REI",
"SER",
"RIA",
"AIS",
"SEIR",
"RARES",
"AESIR",
"AIRER",
"SAIR",
"ERS",
"ARSE",
"RARE",
"ARRIS",
"SIRRA",
"SERA",
"RIAS",
"ERR",
"AIR",
"RASER",
"ARES",
"SIR",
"SAE",
"EAR",
"ARS",
"SAR",
"ARIS",
"SARI",
"SERAI",
"REARS",
"SIERRA",
"AIRERS",
"SRI",
"RAS",
"EAS",
"SEA",
"RES",
"IRE",
"SERR"
],
"ws": [
{
"w": "AIRS",
"v": false,
"row": 1,
"col": 7,
"def": "Plural form of air."
},
{
"w": "EARS",
"v": true,
"row": 4,
"col": 9,
"def": "Plural form of ear."
},
{
"w": "ERAS",
"v": false,
"row": 7,
"col": 6,
"def": "Plural form of era."
},
{
"w": "RISE",
"v": true,
"row": 4,
"col": 6,
"def": "The process of or an action or instance of moving upwards or becoming greater."
},
{
"w": "SEAR",
"v": true,
"row": 1,
"col": 10,
"def": "Dry; withered, especially of vegetation."
},
{
"w": "SIRE",
"v": true,
"row": 3,
"col": 3,
"def": "A lord, master, or other person in authority, most commonly used vocatively."
},
{
"w": "ERRS",
"v": false,
"row": 6,
"col": 3,
"def": "Third-person singular simple present indicative form of err."
},
{
"w": "IRES",
"v": true,
"row": 1,
"col": 8,
"def": "Third-person singular simple present indicative form of ire."
},
{
"w": "ARISE",
"v": false,
"row": 3,
"col": 0,
"def": "To get up."
},
{
"w": "RAISE",
"v": false,
"row": 0,
"col": 1,
"def": "To cause to physically rise."
},
{
"w": "RISER",
"v": false,
"row": 4,
"col": 6,
"def": "A Manx cat with a showable short tail."
},
{
"w": "RAISER",
"v": true,
"row": 2,
"col": 0,
"def": "A person or thing that raises."
}
]
}