{
"id": 466,
"sub_category": "Frost Pack",
"category": "Winter Group",
"type": 0,
"letters": "CEFNOR",
"mov": 28,
"shovels": 1,
"coins": 5,
"rows": 15,
"cols": 15,
"c": 0,
"b": -1,
"w": 12,
"h": 11,
"dws": [
"REC",
"FONE",
"FREON",
"EON",
"RENO",
"ECO",
"ONER",
"ERN",
"ORF",
"FROE",
"REO",
"RONE",
"FER",
"ONCER",
"ORC",
"CORF",
"FOEN",
"ORFE",
"CONF",
"REN",
"FON",
"NOR",
"ROE",
"COR",
"CERO",
"NEF",
"ERF",
"ROC"
],
"ws": [
{
"w": "CON",
"v": true,
"row": 8,
"col": 4,
"def": "To study, especially in order to gain knowledge of."
},
{
"w": "FOE",
"v": true,
"row": 2,
"col": 3,
"def": "Hostile."
},
{
"w": "FOR",
"v": false,
"row": 6,
"col": 0,
"def": "Because."
},
{
"w": "ONE",
"v": false,
"row": 9,
"col": 4,
"def": "A numerical value equal to 1; the first number in the set of natural numbers (especially in number theory); the cardinality of the smallest nonempty set. Ordinal: first."
},
{
"w": "ORE",
"v": false,
"row": 8,
"col": 0,
"def": "Rock that contains utilitarian materials; primarily a rock containing metals or gems which (at the time of the rock's evaluation and proposal for extraction) are able to be separated from its neighboring minerals and processed at a cost that does not exceed those materials' present-day economic values."
},
{
"w": "FRO",
"v": true,
"row": 6,
"col": 0,
"def": "From; away; back or backward. In modern English used only in the set phrase to and fro (\"back and forth\")."
},
{
"w": "REF",
"v": true,
"row": 8,
"col": 1,
"def": "Referee."
},
{
"w": "FEN",
"v": false,
"row": 4,
"col": 2,
"def": "A type of wetland fed by ground water and runoff, containing peat below the waterline."
},
{
"w": "CONE",
"v": true,
"row": 6,
"col": 6,
"def": "A surface of revolution formed by rotating a segment of a line around another line that intersects the first line."
},
{
"w": "CORE",
"v": false,
"row": 6,
"col": 6,
"def": "The central part of fruit, containing the kernels or seeds."
},
{
"w": "CORN",
"v": true,
"row": 4,
"col": 8,
"def": "A cereal plant grown for its grain, specifically the main such plant grown in a given region, such as oats in parts of Scotland and Ireland, wheat or barley in England and Wales, and maize or sweetcorn in the Americas."
},
{
"w": "FERN",
"v": false,
"row": 10,
"col": 1,
"def": "Any of a group of some twenty thousand species of vascular plants classified in the Division Pteridophyta (formerly known by some as Filicophyta) that lacks seeds and reproduces by shedding spores to initiate an alternation of generations."
},
{
"w": "FORE",
"v": true,
"row": 1,
"col": 9,
"def": "An exclamation yelled to inform players a ball is moving in their direction."
},
{
"w": "ONCE",
"v": false,
"row": 4,
"col": 6,
"def": "One and only one time."
},
{
"w": "FORCE",
"v": true,
"row": 4,
"col": 2,
"def": "Anything that is able to make a big change in a person or thing."
},
{
"w": "CRONE",
"v": false,
"row": 2,
"col": 7,
"def": "An old woman."
},
{
"w": "RECON",
"v": true,
"row": 0,
"col": 7,
"def": "Reconnaissance."
},
{
"w": "CONFER",
"v": false,
"row": 0,
"col": 2,
"def": "To contribute; to conduce."
}
]
}