{
"id": 4691,
"sub_category": "Fern Packx",
"category": "Thrive Group",
"type": 0,
"letters": "ADEHKW",
"mov": 18,
"shovels": 1,
"coins": 5,
"rows": 15,
"cols": 15,
"c": 0,
"b": -1,
"w": 8,
"h": 8,
"dws": [
"KAE",
"AHED",
"HAWED",
"KAED",
"WED",
"EDH",
"HAKE",
"AWK",
"DAK",
"DAE",
"DAW",
"KADE",
"DAWK",
"HAW",
"HAE",
"KAW",
"WHAE",
"DHAK",
"DAH",
"WEKA",
"KED",
"HEW",
"WHA",
"DEW",
"DEAW",
"AWE",
"HAD",
"WAH",
"AKED",
"KHEDA",
"EWK",
"HADE",
"AKE",
"WAE",
"HAED",
"WAD",
"KEA"
],
"ws": [
{
"w": "HAWK",
"v": false,
"row": 2,
"col": 4,
"def": "A diurnal predatory bird of the family Accipitridae."
},
{
"w": "HEAD",
"v": false,
"row": 0,
"col": 0,
"def": "The part of the body of an animal or human which contains the brain, mouth, and main sense organs."
},
{
"w": "WADE",
"v": true,
"row": 1,
"col": 5,
"def": "To walk through water or something that impedes progress."
},
{
"w": "WAKE",
"v": true,
"row": 0,
"col": 7,
"def": "(often followed by up) To stop sleeping."
},
{
"w": "WEAK",
"v": true,
"row": 4,
"col": 0,
"def": "Lacking in force (usually strength) or ability."
},
{
"w": "AWED",
"v": false,
"row": 6,
"col": 0,
"def": "Simple past tense and past participle of awe."
},
{
"w": "WAKED",
"v": false,
"row": 4,
"col": 2,
"def": "Simple past tense and past participle of wake."
},
{
"w": "HAWKED",
"v": true,
"row": 2,
"col": 2,
"def": "Simple past tense and past participle of hawk."
}
]
}