{
"id": 4693,
"sub_category": "Fern Packx",
"category": "Thrive Group",
"type": 0,
"letters": "EERRSV",
"mov": 20,
"shovels": 1,
"coins": 5,
"rows": 15,
"cols": 15,
"c": 0,
"b": -1,
"w": 9,
"h": 8,
"dws": [
"VEERS",
"SER",
"ERE",
"REES",
"EREV",
"EVES",
"VERS",
"VEE",
"EREVS",
"ERES",
"SERR",
"SERE",
"ERS",
"SERER",
"ERRS",
"ESE",
"REV",
"REVERS",
"REE",
"VERSER",
"SEV",
"RES",
"REVS",
"VEES"
],
"ws": [
{
"w": "EVE",
"v": false,
"row": 4,
"col": 0,
"def": "The day or night before, usually used for holidays, such as Christmas Eve."
},
{
"w": "SEE",
"v": false,
"row": 3,
"col": 2,
"def": "To perceive or detect with the eyes, or as if by sight."
},
{
"w": "ERR",
"v": false,
"row": 4,
"col": 4,
"def": "To make a mistake."
},
{
"w": "EVER",
"v": true,
"row": 1,
"col": 6,
"def": "Always."
},
{
"w": "SEER",
"v": true,
"row": 2,
"col": 4,
"def": "Agent noun of see; one who sees something; an eyewitness."
},
{
"w": "VEER",
"v": true,
"row": 2,
"col": 0,
"def": "A turn or swerve; an instance of veering."
},
{
"w": "SERVE",
"v": true,
"row": 3,
"col": 2,
"def": "An act of putting the ball or shuttlecock in play in various games."
},
{
"w": "VERSE",
"v": false,
"row": 0,
"col": 0,
"def": "A poetic form with regular meter and a fixed rhyme scheme."
},
{
"w": "SEVER",
"v": false,
"row": 2,
"col": 4,
"def": "To cut free."
},
{
"w": "SERVER",
"v": true,
"row": 0,
"col": 8,
"def": "One who serves; a waitress or waiter."
}
]
}