{
"id": 471,
"sub_category": "Frost Pack",
"category": "Winter Group",
"type": 0,
"letters": "ACFLNO",
"mov": 22,
"shovels": 1,
"coins": 5,
"rows": 15,
"cols": 15,
"c": 0,
"b": -1,
"w": 10,
"h": 9,
"dws": [
"OAF",
"LAC",
"LOCA",
"CAF",
"ALCO",
"FLOC",
"CLON",
"ALF",
"CONF",
"OCA",
"CAL",
"CON",
"FLACON",
"CALO",
"FON",
"COL",
"FANO"
],
"ws": [
{
"w": "CAN",
"v": true,
"row": 6,
"col": 6,
"def": "To know how to; to be able to."
},
{
"w": "FAN",
"v": false,
"row": 8,
"col": 4,
"def": "A hand-held device consisting of concertinaed material, or slats of material, gathered together at one end, that may be opened out into the shape of a sector of a circle and waved back and forth in order to move air towards oneself and cool oneself."
},
{
"w": "CALF",
"v": true,
"row": 5,
"col": 4,
"def": "A young cow or bull."
},
{
"w": "CLAN",
"v": false,
"row": 6,
"col": 6,
"def": "A group of people all descended from a common ancestor, in fact or belief."
},
{
"w": "COAL",
"v": false,
"row": 3,
"col": 6,
"def": "A black rock formed from prehistoric plant remains, composed largely of carbon and burned as a fuel."
},
{
"w": "COLA",
"v": false,
"row": 6,
"col": 1,
"def": "The kola plant, genus Cola, famous for its nut, or one of these nuts."
},
{
"w": "LOAF",
"v": false,
"row": 3,
"col": 0,
"def": "A block of bread after baking."
},
{
"w": "LOAN",
"v": true,
"row": 3,
"col": 9,
"def": "A sum of money or other valuables or consideration that an individual, group or other legal entity borrows from another individual, group or legal entity (the latter often being a financial institution) with the condition that it be returned or repaid at a later date (sometimes with interest)."
},
{
"w": "FLAN",
"v": false,
"row": 0,
"col": 0,
"def": "Baked tart with sweet or savoury filling in an open-topped pastry case (the only meaning in UK)."
},
{
"w": "FOAL",
"v": true,
"row": 0,
"col": 0,
"def": "A young (male or female) horse, especially just after birth or less than a year old."
},
{
"w": "FOCAL",
"v": true,
"row": 2,
"col": 7,
"def": "Belonging to, concerning, or located at a focus."
},
{
"w": "FALCON",
"v": true,
"row": 2,
"col": 2,
"def": "Any bird of the genus Falco, all of which are birds of prey."
}
]
}