{
"id": 4714,
"sub_category": "Verde Pack",
"category": "Thrive Group",
"type": 0,
"letters": "DENOOW",
"mov": 30,
"shovels": 1,
"coins": 5,
"rows": 15,
"cols": 15,
"c": 0,
"b": -1,
"w": 11,
"h": 11,
"dws": [
"ONE",
"EON",
"NOO",
"DON",
"DONE",
"DOEN",
"NOWED",
"WEND",
"DOE",
"ENOW",
"ODEON",
"WOON",
"NODE",
"ONO",
"OON",
"NED",
"ODE",
"DOO",
"DOON",
"WEN",
"WONE"
],
"ws": [
{
"w": "DEN",
"v": false,
"row": 4,
"col": 6,
"def": "The home of certain animals."
},
{
"w": "DEW",
"v": true,
"row": 0,
"col": 8,
"def": "Moisture in the air that settles on plants, etc in the morning, resulting in drops."
},
{
"w": "END",
"v": false,
"row": 6,
"col": 6,
"def": "The final point of something in space or time."
},
{
"w": "NEW",
"v": true,
"row": 6,
"col": 7,
"def": "Recently made, or created."
},
{
"w": "NOD",
"v": true,
"row": 4,
"col": 8,
"def": "To incline the head up and down, as to indicate agreement."
},
{
"w": "NOW",
"v": false,
"row": 2,
"col": 6,
"def": "Present; current."
},
{
"w": "OWE",
"v": true,
"row": 2,
"col": 7,
"def": "To be under an obligation to give something back to someone or to perform some action for someone."
},
{
"w": "OWN",
"v": true,
"row": 0,
"col": 4,
"def": "To have rightful possession of (property, goods or capital); \"To possess by right; to have the right of property in; to have the legal right or rightful title to.\" (Ref 1)."
},
{
"w": "WON",
"v": true,
"row": 0,
"col": 6,
"def": "Simple past tense and past participle of win."
},
{
"w": "DOW",
"v": true,
"row": 7,
"col": 9,
"def": "To be worth."
},
{
"w": "WOO",
"v": false,
"row": 1,
"col": 4,
"def": "To endeavor to gain someone's support."
},
{
"w": "WED",
"v": false,
"row": 0,
"col": 6,
"def": "To perform the marriage ceremony for; to join in matrimony."
},
{
"w": "WOE",
"v": true,
"row": 2,
"col": 3,
"def": "Grief; sorrow; misery; heavy calamity."
},
{
"w": "DOWN",
"v": false,
"row": 2,
"col": 1,
"def": "Hill, rolling grassland."
},
{
"w": "OWED",
"v": false,
"row": 4,
"col": 1,
"def": "Simple past tense and past participle of owe."
},
{
"w": "WOOD",
"v": false,
"row": 8,
"col": 7,
"def": "The substance making up the central part of the trunk and branches of a tree. Used as a material for construction, to manufacture various items, etc. or as fuel."
},
{
"w": "OWNED",
"v": true,
"row": 4,
"col": 1,
"def": "Simple past tense and past participle of own."
},
{
"w": "ENDOW",
"v": false,
"row": 6,
"col": 0,
"def": "To furnish with money or its equivalent, as a permanent fund for support; to make pecuniary provision for; to settle an income upon; especially, to furnish with dower; as, to endow a wife; to endow a public institution."
},
{
"w": "WOOED",
"v": true,
"row": 6,
"col": 4,
"def": "Simple past tense and past participle of woo."
},
{
"w": "WOODEN",
"v": false,
"row": 10,
"col": 1,
"def": "Made of wood: \"a wooden boat\"."
}
]
}