{
"id": 4716,
"sub_category": "Verde Pack",
"category": "Thrive Group",
"type": 0,
"letters": "AEKLRW",
"mov": 30,
"shovels": 1,
"coins": 5,
"rows": 15,
"cols": 15,
"c": 0,
"b": -1,
"w": 12,
"h": 11,
"dws": [
"LEK",
"KAE",
"AREW",
"LAWK",
"WALER",
"LARE",
"AWK",
"WELK",
"WAKER",
"LAWE",
"WAR",
"WARE",
"KAW",
"LEW",
"RALE",
"EARL",
"WEAL",
"LEA",
"WEKA",
"LAKER",
"LAER",
"REW",
"WALE",
"KEWL",
"ARLE",
"LEAR",
"ALEW",
"KWELA",
"LAR",
"AWL",
"EWK",
"AKE",
"REAL",
"LAWER",
"WAE",
"ERK",
"REAK",
"WARK",
"KEA"
],
"ws": [
{
"w": "ALE",
"v": true,
"row": 5,
"col": 7,
"def": "An intoxicating liquor made from an infusion of malt by fermentation and the addition of a bitter, usually hops."
},
{
"w": "ARE",
"v": false,
"row": 5,
"col": 7,
"def": "Second-person singular simple present tense of be."
},
{
"w": "ARK",
"v": true,
"row": 8,
"col": 6,
"def": "A large box with a flat lid."
},
{
"w": "AWE",
"v": false,
"row": 6,
"col": 9,
"def": "A feeling of fear and reverence."
},
{
"w": "EAR",
"v": true,
"row": 8,
"col": 4,
"def": "The organ of hearing, consisting of the pinna, auditory canal, eardrum, malleus, incus, stapes and cochlea."
},
{
"w": "ELK",
"v": false,
"row": 7,
"col": 7,
"def": "The largest member of the deer family (Alces alces); a moose."
},
{
"w": "ERA",
"v": false,
"row": 8,
"col": 4,
"def": "A time period of indeterminate length, generally more than one year."
},
{
"w": "LAW",
"v": true,
"row": 7,
"col": 8,
"def": "The body of rules and standards issued by a government, or to be applied by courts and similar authorities."
},
{
"w": "RAW",
"v": false,
"row": 9,
"col": 6,
"def": "Of weather: unpleasantly damp or cold."
},
{
"w": "LAKE",
"v": true,
"row": 7,
"col": 2,
"def": "A small stream of running water; a channel for water; a drain."
},
{
"w": "LARK",
"v": true,
"row": 4,
"col": 3,
"def": "Any of various small, singing passerine birds of the family Alaudidae."
},
{
"w": "LEAK",
"v": false,
"row": 4,
"col": 3,
"def": "A crack, crevice, fissure, or hole which admits water or other fluid, or lets it escape."
},
{
"w": "WAKE",
"v": true,
"row": 3,
"col": 11,
"def": "(often followed by up) To stop sleeping."
},
{
"w": "WALK",
"v": false,
"row": 7,
"col": 0,
"def": "To move on the feet by alternately setting each foot (or pair or group of feet, in the case of animals with four or more feet) forward, with at least one foot on the ground at all times. Compare run."
},
{
"w": "WEAK",
"v": true,
"row": 4,
"col": 9,
"def": "Lacking in force (usually strength) or ability."
},
{
"w": "WEAR",
"v": false,
"row": 10,
"col": 1,
"def": "To guard; watch; keep watch, especially from entry or invasion."
},
{
"w": "KALE",
"v": true,
"row": 1,
"col": 4,
"def": "Cole."
},
{
"w": "RAKE",
"v": false,
"row": 2,
"col": 3,
"def": "A garden tool with a row of pointed teeth fixed to a long handle, used for collecting grass or debris, or for loosening soil."
},
{
"w": "WREAK",
"v": true,
"row": 0,
"col": 6,
"def": "To cause, inflict or let out, especially if causing harm or injury."
},
{
"w": "WALKER",
"v": false,
"row": 0,
"col": 6,
"def": "The agent noun of to walk: a person who walks or a thing which walks, especially a pedestrian or a participant in a walking race."
}
]
}