{
"id": 473,
"sub_category": "Frost Pack",
"category": "Winter Group",
"type": 0,
"letters": "EIMOPS",
"mov": 18,
"shovels": 1,
"coins": 5,
"rows": 15,
"cols": 15,
"c": 0,
"b": -1,
"w": 9,
"h": 7,
"dws": [
"PIE",
"PISE",
"EMO",
"ISO",
"SEI",
"MOPE",
"SIPE",
"SPIE",
"PES",
"PSI",
"PIS",
"POIS",
"OSE",
"OPE",
"OMS",
"OIS",
"MOS",
"POS",
"MOE",
"IMP",
"SIM",
"MISE",
"SIP",
"PESO",
"SPIM",
"MIS",
"MOES",
"MOI",
"POEMS",
"EMS",
"ISM",
"OPS",
"MIPS",
"POI",
"MOPES",
"PISO",
"SOP",
"POMS",
"EMOS",
"POME",
"SIMP",
"IOS",
"OES",
"MOSE",
"POMES",
"PIES",
"POM",
"MOP",
"EPOS",
"OPES",
"MES",
"MISO",
"SOM"
],
"ws": [
{
"w": "MOPS",
"v": false,
"row": 4,
"col": 2,
"def": "Third-person singular simple present indicative form of mop."
},
{
"w": "POEM",
"v": false,
"row": 2,
"col": 5,
"def": "A literary piece written in verse."
},
{
"w": "POSE",
"v": false,
"row": 2,
"col": 0,
"def": "Set in place, arrange."
},
{
"w": "SOME",
"v": true,
"row": 0,
"col": 8,
"def": "A certain number, at least one."
},
{
"w": "IMPS",
"v": false,
"row": 0,
"col": 5,
"def": "Plural form of imp."
},
{
"w": "SEMI",
"v": true,
"row": 2,
"col": 2,
"def": "A semi-detached house."
},
{
"w": "POISE",
"v": true,
"row": 2,
"col": 0,
"def": "Weight; an amount of weight, the amount something weighs."
},
{
"w": "IMPOSE",
"v": true,
"row": 0,
"col": 5,
"def": "To establish or apply by authority."
}
]
}