{
"id": 4735,
"sub_category": "Crag Packx",
"category": "Parched Group",
"type": 0,
"letters": "DEOSUX",
"mov": 22,
"shovels": 1,
"coins": 5,
"rows": 15,
"cols": 15,
"c": 0,
"b": -1,
"w": 9,
"h": 9,
"dws": [
"DUES",
"DOES",
"SED",
"DOUX",
"OSE",
"DUXES",
"DOS",
"UDS",
"ODS",
"OUS",
"DUOS",
"EXO",
"DEUS",
"OUDS",
"OUD",
"OXES",
"OES",
"DUX",
"UDO",
"SOX",
"DUO",
"ODES",
"SOU",
"XED",
"UDOS",
"DEX",
"EDS",
"SUD",
"DSO"
],
"ws": [
{
"w": "DUE",
"v": true,
"row": 0,
"col": 6,
"def": "Owed or owing."
},
{
"w": "SOD",
"v": true,
"row": 0,
"col": 3,
"def": "That stratum of the surface of the soil which is filled with the roots of grass, or any portion of that surface; turf; sward."
},
{
"w": "SUE",
"v": true,
"row": 2,
"col": 5,
"def": "To follow."
},
{
"w": "USE",
"v": false,
"row": 1,
"col": 6,
"def": "The act of using."
},
{
"w": "DOE",
"v": false,
"row": 4,
"col": 3,
"def": "A female deer; also used of similar animals such as reindeer, antelope, goat."
},
{
"w": "SEX",
"v": true,
"row": 6,
"col": 3,
"def": "Either of two main divisions (either female or male) into which many organisms can be placed, according to reproductive function or organs."
},
{
"w": "ODE",
"v": true,
"row": 4,
"col": 4,
"def": "A short poetical composition proper to be set to music or sung; a lyric poem; esp., now, a poem characterized by sustained noble sentiment and appropriate dignity of style."
},
{
"w": "DOSE",
"v": false,
"row": 2,
"col": 3,
"def": "A measured portion of medicine taken at any one time."
},
{
"w": "USED",
"v": true,
"row": 1,
"col": 1,
"def": "Simple past tense and past participle of use."
},
{
"w": "SUED",
"v": false,
"row": 0,
"col": 3,
"def": "Simple past tense and past participle of sue."
},
{
"w": "DOUSE",
"v": false,
"row": 6,
"col": 0,
"def": "To plunge suddenly into water; to duck; to immerse."
},
{
"w": "EXODUS",
"v": true,
"row": 1,
"col": 8,
"def": "A sudden departure of a large number of people."
}
]
}