{
"id": 4752,
"sub_category": "Swept Pack",
"category": "Parched Group",
"type": 0,
"letters": "AEFGLN",
"mov": 30,
"shovels": 1,
"coins": 5,
"rows": 15,
"cols": 15,
"c": 0,
"b": -1,
"w": 12,
"h": 11,
"dws": [
"LANG",
"GANE",
"GENA",
"ALF",
"NAE",
"GAEN",
"FANE",
"NEAL",
"NEG",
"FAE",
"ANE",
"FEAL",
"GEAN",
"GEAL",
"EAN",
"ALE",
"FANGLE",
"FEG",
"LEA",
"FAG",
"GENAL",
"ALEF",
"AGEN",
"GEN",
"LENG",
"GANEF",
"ELAN",
"EGAL",
"AGE",
"GAN",
"GLEN",
"ENG",
"NEF",
"GAE",
"FLEG"
],
"ws": [
{
"w": "ELF",
"v": false,
"row": 3,
"col": 3,
"def": "A mythical, supernatural being resembling but seen as distinct from humans."
},
{
"w": "FAN",
"v": true,
"row": 3,
"col": 5,
"def": "A hand-held device consisting of concertinaed material, or slats of material, gathered together at one end, that may be opened out into the shape of a sector of a circle and waved back and forth in order to move air towards oneself and cool oneself."
},
{
"w": "GAL",
"v": false,
"row": 2,
"col": 1,
"def": "A gallon."
},
{
"w": "GEL",
"v": true,
"row": 2,
"col": 1,
"def": "A semi-solid to almost solid colloid of a solid and a liquid, such as jelly, cheese or opal."
},
{
"w": "LAG",
"v": false,
"row": 8,
"col": 2,
"def": "Late."
},
{
"w": "LEG",
"v": false,
"row": 10,
"col": 4,
"def": "The lower limb of a human being or animal that extends from the groin to the ankle."
},
{
"w": "NAG",
"v": false,
"row": 6,
"col": 0,
"def": "A small horse; a pony."
},
{
"w": "FEN",
"v": true,
"row": 4,
"col": 0,
"def": "A type of wetland fed by ground water and runoff, containing peat below the waterline."
},
{
"w": "FANG",
"v": true,
"row": 7,
"col": 6,
"def": "To catch, capture; seize; grip; clutch; lay hold of."
},
{
"w": "FLAG",
"v": false,
"row": 7,
"col": 6,
"def": "A piece of cloth, often decorated with an emblem, used as a visual signal or symbol."
},
{
"w": "FLEA",
"v": false,
"row": 4,
"col": 0,
"def": "A small, wingless, parasitic insect of the order Siphonaptera, renowned for its bloodsucking habits and jumping abilities."
},
{
"w": "LANE",
"v": false,
"row": 5,
"col": 8,
"def": "A narrow passageway between fences, walls, hedges or trees."
},
{
"w": "LEAF",
"v": true,
"row": 5,
"col": 8,
"def": "The usually green and flat organ that represents the most prominent feature of most vegetative plants."
},
{
"w": "LEAN",
"v": true,
"row": 2,
"col": 3,
"def": "To hang outwards."
},
{
"w": "GALE",
"v": true,
"row": 6,
"col": 2,
"def": "To sing; charm; enchant."
},
{
"w": "FLAN",
"v": true,
"row": 2,
"col": 10,
"def": "Baked tart with sweet or savoury filling in an open-topped pastry case (the only meaning in UK)."
},
{
"w": "ANGEL",
"v": true,
"row": 6,
"col": 4,
"def": "A divine and supernatural messenger from a deity, or other divine entity."
},
{
"w": "ANGLE",
"v": false,
"row": 3,
"col": 7,
"def": "A figure formed by two rays which start from a common point (a plane angle) or by three planes that intersect (a solid angle)."
},
{
"w": "GLEAN",
"v": true,
"row": 0,
"col": 7,
"def": "To harvest grain left behind after the crop has been reaped."
},
{
"w": "FLANGE",
"v": false,
"row": 0,
"col": 3,
"def": "An external or internal rib or rim, used either to add strength or to hold something in place."
}
]
}