{
"id": 476,
"sub_category": "Frost Pack",
"category": "Winter Group",
"type": 0,
"letters": "AEIKNT",
"mov": 30,
"shovels": 1,
"coins": 5,
"rows": 15,
"cols": 15,
"c": 0,
"b": -1,
"w": 12,
"h": 11,
"dws": [
"KAE",
"TEIN",
"AIT",
"KAT",
"ATE",
"KAIN",
"NAE",
"NAIK",
"NEK",
"KANE",
"TAIN",
"ANE",
"TAE",
"TIKE",
"TAI",
"TAKIN",
"NAT",
"ITA",
"EINA",
"TAKI",
"EAT",
"TIK",
"EAN",
"NITE",
"TENIA",
"KINA",
"IKAN",
"IKAT",
"ANI",
"AINE",
"KAI",
"NIE",
"KANT",
"KAIE",
"ANT",
"TIKA",
"TAK",
"AIN",
"KENT",
"KETA",
"KET",
"ETNA",
"ETA",
"KAN",
"KATI",
"EIK",
"TINK",
"AKE",
"TINEA",
"ENTIA",
"TEAK",
"TANE",
"TINA",
"TIAN",
"TEN",
"KINE",
"KEA",
"KEN"
],
"ws": [
{
"w": "INK",
"v": true,
"row": 4,
"col": 9,
"def": "To apply a tattoo to (someone)."
},
{
"w": "KIN",
"v": false,
"row": 6,
"col": 9,
"def": "Race; family; breed; kind."
},
{
"w": "KIT",
"v": false,
"row": 4,
"col": 8,
"def": "A circular wooden vessel, made of hooped staves."
},
{
"w": "NET",
"v": true,
"row": 2,
"col": 10,
"def": "A mesh of string, cord or rope."
},
{
"w": "TAN",
"v": true,
"row": 8,
"col": 9,
"def": "A symbol of the trigonometric function tangent."
},
{
"w": "TEA",
"v": false,
"row": 8,
"col": 9,
"def": "The dried leaves or buds of the tea plant, Camellia sinensis."
},
{
"w": "TIE",
"v": true,
"row": 0,
"col": 6,
"def": "A necktie (item of clothing consisting of a strip of cloth tied around the neck)."
},
{
"w": "TIN",
"v": false,
"row": 2,
"col": 8,
"def": "A malleable, ductile, metallic element, resistant to corrosion, with atomic number 50 and symbol Sn."
},
{
"w": "NIT",
"v": true,
"row": 0,
"col": 8,
"def": "The egg of a louse."
},
{
"w": "KITE",
"v": false,
"row": 2,
"col": 3,
"def": "Any of falconiform birds of prey in the subfamily Elaninae of the family Accipitridae with long wings and weak legs, feeding mostly on carrion and spending long periods soaring."
},
{
"w": "NEAT",
"v": true,
"row": 4,
"col": 6,
"def": "A bull or cow."
},
{
"w": "TAKE",
"v": true,
"row": 0,
"col": 3,
"def": "To grasp with the hands."
},
{
"w": "TANK",
"v": false,
"row": 0,
"col": 6,
"def": "A container for liquids or gases."
},
{
"w": "AKIN",
"v": true,
"row": 0,
"col": 1,
"def": "Of the same kin; related by blood."
},
{
"w": "ANTI",
"v": false,
"row": 0,
"col": 1,
"def": "Describing a torsion angle between 90\u00b0 and 180\u00b0."
},
{
"w": "KNIT",
"v": false,
"row": 5,
"col": 1,
"def": "And (intransitive) To turn thread or yarn into a piece of fabric by forming loops that are pulled through each other. This can be done by hand with needles or by machine."
},
{
"w": "ANTE",
"v": false,
"row": 3,
"col": 0,
"def": "A price or cost, as in up the ante."
},
{
"w": "TINE",
"v": true,
"row": 3,
"col": 2,
"def": "A spike or point on an implement or tool, especially a prong of a fork or a tooth of a comb."
},
{
"w": "TAKEN",
"v": true,
"row": 5,
"col": 4,
"def": "Infatuated; fond of or attracted to."
},
{
"w": "INTAKE",
"v": true,
"row": 5,
"col": 11,
"def": "The place where water or air is taken into a pipe or conduit; opposed to outlet."
}
]
}