{
"id": 4767,
"sub_category": "Plain Pack",
"category": "Parched Group",
"type": 0,
"letters": "BBEHLO",
"mov": 18,
"shovels": 1,
"coins": 5,
"rows": 15,
"cols": 15,
"c": 0,
"b": -1,
"w": 7,
"h": 7,
"dws": [
"BEL",
"HELO",
"HOB",
"BLEB",
"OLE",
"OBE",
"BOLE",
"BHEL",
"BOH"
],
"ws": [
{
"w": "BOB",
"v": true,
"row": 0,
"col": 3,
"def": "To move gently and vertically, in either a single motion or repeatedly up and down, at or near the surface of a body of water."
},
{
"w": "LOB",
"v": false,
"row": 5,
"col": 0,
"def": "To throw or hit a ball into the air in a high arch."
},
{
"w": "EBB",
"v": false,
"row": 2,
"col": 1,
"def": "The receding movement of the tide."
},
{
"w": "HOE",
"v": true,
"row": 0,
"col": 1,
"def": "An agricultural tool consisting of a long handle with a flat blade fixed perpendicular to it at the end, used for digging rows."
},
{
"w": "HOLE",
"v": true,
"row": 3,
"col": 0,
"def": "A hollow spot in a surface."
},
{
"w": "LOBE",
"v": true,
"row": 2,
"col": 5,
"def": "Any projection or division, especially one of a somewhat rounded form."
},
{
"w": "BLOB",
"v": true,
"row": 2,
"col": 2,
"def": "A shapeless or amorphous mass; a vague shape or amount, especially of a liquid or semisolid substance; a clump, group or collection that lacks definite shape."
},
{
"w": "HOBBLE",
"v": false,
"row": 0,
"col": 1,
"def": "Short straps tied between the legs of unfenced horses, allowing them to wander short distances but preventing them from running off."
}
]
}