{
"id": 4771,
"sub_category": "Dust Pack",
"category": "Parched Group",
"type": 0,
"letters": "CHIMSS",
"mov": 16,
"shovels": 1,
"coins": 5,
"rows": 15,
"cols": 15,
"c": 0,
"b": -1,
"w": 7,
"h": 5,
"dws": [
"HIMS",
"SIMS",
"SIC",
"MICS",
"ICH",
"HIC",
"MISS",
"SICH",
"MICH",
"HISS",
"SHIM",
"MIS",
"MIC",
"ISM",
"SICS",
"CIS",
"ISMS",
"ISH",
"ICHS",
"CHIS",
"SHIMS"
],
"ws": [
{
"w": "HIM",
"v": true,
"row": 2,
"col": 3,
"def": "A masculine pronoun; he as a grammatical object."
},
{
"w": "HIS",
"v": false,
"row": 0,
"col": 0,
"def": "Belonging to him."
},
{
"w": "SIM",
"v": false,
"row": 4,
"col": 1,
"def": "A simulation."
},
{
"w": "CHI",
"v": true,
"row": 0,
"col": 4,
"def": "The twenty-second letter of the Classical and Modern Greek alphabets, and the twenty-third letter of Old and Ancient alphabets."
},
{
"w": "SIS",
"v": true,
"row": 2,
"col": 1,
"def": "Shortened form of sister."
},
{
"w": "SCHISM",
"v": false,
"row": 2,
"col": 1,
"def": "A split or separation within a group or organization, typically caused by discord."
}
]
}