{
"id": 4786,
"sub_category": "Warm Pack",
"category": "Parched Group",
"type": 0,
"letters": "ENOPTT",
"mov": 30,
"shovels": 1,
"coins": 5,
"rows": 15,
"cols": 15,
"c": 0,
"b": -1,
"w": 14,
"h": 10,
"dws": [
"TOPE",
"TET",
"PETTO",
"POTT",
"EON",
"PONT",
"NOTT",
"NET",
"POTE",
"NETT",
"PONE",
"TEN",
"NETOP",
"NEP",
"OPE"
],
"ws": [
{
"w": "NOT",
"v": false,
"row": 5,
"col": 11,
"def": "Negates the meaning of the modified verb."
},
{
"w": "ONE",
"v": true,
"row": 5,
"col": 12,
"def": "A numerical value equal to 1; the first number in the set of natural numbers (especially in number theory); the cardinality of the smallest nonempty set. Ordinal: first."
},
{
"w": "PEN",
"v": false,
"row": 7,
"col": 11,
"def": "An enclosed area used to contain domesticated animals, especially sheep or cattle."
},
{
"w": "PET",
"v": true,
"row": 7,
"col": 11,
"def": "An animal kept as a companion."
},
{
"w": "POT",
"v": false,
"row": 9,
"col": 9,
"def": "A vessel used for cooking or storing food."
},
{
"w": "TOE",
"v": true,
"row": 6,
"col": 7,
"def": "Each of the five digits on the end of the foot."
},
{
"w": "TON",
"v": true,
"row": 6,
"col": 5,
"def": "A unit of weight (mass) equal to 2240 pounds (a long ton) or 2000 pounds (a short ton) or 1000 kilograms (a metric ton)."
},
{
"w": "TOP",
"v": true,
"row": 7,
"col": 9,
"def": "That part of an object furthest away in the opposite direction from that in which an unsupported object would fall."
},
{
"w": "OPT",
"v": false,
"row": 7,
"col": 7,
"def": "To choose; to select."
},
{
"w": "TOT",
"v": false,
"row": 6,
"col": 5,
"def": "A small child."
},
{
"w": "NOPE",
"v": true,
"row": 6,
"col": 2,
"def": "To hit someone on the head."
},
{
"w": "NOTE",
"v": false,
"row": 2,
"col": 10,
"def": "Use; employment."
},
{
"w": "OPEN",
"v": true,
"row": 2,
"col": 11,
"def": "Which is not closed; accessible; unimpeded; as, an open gate."
},
{
"w": "POET",
"v": true,
"row": 0,
"col": 13,
"def": "A person who writes poems."
},
{
"w": "TENT",
"v": false,
"row": 6,
"col": 0,
"def": "A pavilion or portable lodge consisting of skins, canvas, or some strong cloth, stretched and sustained by poles, used for sheltering persons from the weather."
},
{
"w": "TONE",
"v": true,
"row": 3,
"col": 1,
"def": "A specific pitch."
},
{
"w": "PEON",
"v": false,
"row": 8,
"col": 2,
"def": "A lowly person, a peasant or serf, a labourer who is obliged to do menial work."
},
{
"w": "TOTE",
"v": false,
"row": 4,
"col": 0,
"def": "A bag, specifically a tote bag."
},
{
"w": "PENT",
"v": true,
"row": 3,
"col": 3,
"def": "Confined in a pen, imprisoned."
},
{
"w": "POTENT",
"v": false,
"row": 3,
"col": 3,
"def": "Possessing strength."
}
]
}