{
"id": 4808,
"sub_category": "Icicle Pack",
"category": "Frigid Group",
"type": 0,
"letters": "DEHINW",
"mov": 30,
"shovels": 1,
"coins": 5,
"rows": 15,
"cols": 15,
"c": 0,
"b": -1,
"w": 14,
"h": 11,
"dws": [
"WINED",
"DIE",
"WHID",
"NID",
"HEID",
"NIDE",
"EDH",
"WEID",
"HEND",
"HIN",
"WEND",
"DEN",
"DWINE",
"NIED",
"DEI",
"IDE",
"HIE",
"NIE",
"WHIN",
"NED",
"WEN",
"DENI",
"INDEW",
"HIED"
],
"ws": [
{
"w": "DEW",
"v": true,
"row": 4,
"col": 2,
"def": "Moisture in the air that settles on plants, etc in the morning, resulting in drops."
},
{
"w": "END",
"v": false,
"row": 4,
"col": 0,
"def": "The final point of something in space or time."
},
{
"w": "HEN",
"v": true,
"row": 4,
"col": 4,
"def": "Hence."
},
{
"w": "HID",
"v": false,
"row": 4,
"col": 4,
"def": "Simple past of hide."
},
{
"w": "NEW",
"v": true,
"row": 0,
"col": 4,
"def": "Recently made, or created."
},
{
"w": "WIN",
"v": false,
"row": 6,
"col": 2,
"def": "Pleasure; joy; delight."
},
{
"w": "DIN",
"v": true,
"row": 1,
"col": 11,
"def": "A loud noise; a cacophony or loud commotion."
},
{
"w": "HEW",
"v": true,
"row": 1,
"col": 9,
"def": "To chop away at; to whittle down; to mow down."
},
{
"w": "WED",
"v": true,
"row": 2,
"col": 6,
"def": "To perform the marriage ceremony for; to join in matrimony."
},
{
"w": "DINE",
"v": true,
"row": 3,
"col": 12,
"def": "To eat; to eat dinner or supper."
},
{
"w": "HIDE",
"v": false,
"row": 1,
"col": 9,
"def": "To put (something) in a place where it will be harder to discover or out of sight."
},
{
"w": "WHEN",
"v": true,
"row": 1,
"col": 1,
"def": "Used to introduce questions about time."
},
{
"w": "WIDE",
"v": false,
"row": 2,
"col": 6,
"def": "Having a large physical extent from side to side."
},
{
"w": "WIND",
"v": false,
"row": 3,
"col": 9,
"def": "Real or perceived movement of atmospheric air usually caused by convection or differences in air pressure."
},
{
"w": "WINE",
"v": false,
"row": 1,
"col": 1,
"def": "An alcoholic beverage made by fermenting juice of grapes."
},
{
"w": "HIND",
"v": false,
"row": 5,
"col": 10,
"def": "Located at the rear (most often said of animals' body parts)."
},
{
"w": "HEWN",
"v": true,
"row": 5,
"col": 10,
"def": "Made or crafted by cutting, whittling down."
},
{
"w": "WHINE",
"v": false,
"row": 6,
"col": 6,
"def": "A long-drawn, high-pitched complaining cry or sound."
},
{
"w": "WIDEN",
"v": false,
"row": 8,
"col": 1,
"def": "To become wide or wider."
},
{
"w": "WHINED",
"v": true,
"row": 5,
"col": 7,
"def": "Simple past tense and past participle of whine."
}
]
}