{
"id": 4820,
"sub_category": "Sleet Pack",
"category": "Frigid Group",
"type": 0,
"letters": "AEIPRR",
"mov": 30,
"shovels": 1,
"coins": 5,
"rows": 15,
"cols": 15,
"c": 0,
"b": -1,
"w": 12,
"h": 11,
"dws": [
"RAI",
"PARER",
"RAP",
"ERA",
"REI",
"RIA",
"PRIER",
"PARR",
"PIA",
"RAPER",
"AIRER",
"AIR",
"APER",
"RAPE",
"PAIRER",
"PERI",
"PIR",
"APE",
"PRE",
"IRE"
],
"ws": [
{
"w": "ARE",
"v": true,
"row": 7,
"col": 5,
"def": "Second-person singular simple present tense of be."
},
{
"w": "EAR",
"v": false,
"row": 9,
"col": 5,
"def": "The organ of hearing, consisting of the pinna, auditory canal, eardrum, malleus, incus, stapes and cochlea."
},
{
"w": "PAR",
"v": false,
"row": 8,
"col": 3,
"def": "By; with."
},
{
"w": "PEA",
"v": true,
"row": 7,
"col": 9,
"def": "A plant, member of the legume (Fabaceae) family."
},
{
"w": "PER",
"v": true,
"row": 8,
"col": 3,
"def": "For each."
},
{
"w": "PIE",
"v": false,
"row": 9,
"col": 1,
"def": "A type of pastry that consists of an outer crust and a filling."
},
{
"w": "RIP",
"v": false,
"row": 7,
"col": 7,
"def": "A tear (in paper, etc.)."
},
{
"w": "REP",
"v": true,
"row": 7,
"col": 1,
"def": "Short form of reputation."
},
{
"w": "ERR",
"v": false,
"row": 7,
"col": 0,
"def": "To make a mistake."
},
{
"w": "PAIR",
"v": true,
"row": 4,
"col": 2,
"def": "Two similar or identical things taken together; often followed by of."
},
{
"w": "PEAR",
"v": false,
"row": 4,
"col": 2,
"def": "An edible fruit produced by the pear tree, similar to an apple but elongated towards the stem."
},
{
"w": "PIER",
"v": true,
"row": 1,
"col": 5,
"def": "A raised platform built from the shore out over water, supported on piles; used to secure, or provide access to shipping; a jetty."
},
{
"w": "RARE",
"v": true,
"row": 7,
"col": 7,
"def": "Cooked very lightly, so the meat is still red (in the case of steak or beef in the general sense)."
},
{
"w": "REAR",
"v": true,
"row": 1,
"col": 7,
"def": "To raise physically; to lift up; to cause to rise, to elevate."
},
{
"w": "RIPE",
"v": false,
"row": 2,
"col": 4,
"def": "Ready for reaping or gathering; having attained perfection; mature; -- said of fruits, seeds, etc.; as, ripe grain."
},
{
"w": "REAP",
"v": false,
"row": 1,
"col": 7,
"def": "To cut with a sickle, scythe, or reaping machine, as grain; to gather, as a harvest, by cutting."
},
{
"w": "PARE",
"v": true,
"row": 1,
"col": 10,
"def": "To remove the outer covering or skin of something with a cutting device, typically a knife."
},
{
"w": "RIPER",
"v": false,
"row": 4,
"col": 7,
"def": "Comparative form of ripe: more ripe."
},
{
"w": "RAPIER",
"v": true,
"row": 4,
"col": 11,
"def": "A slender, straight, sharply pointed sword (double-edged, single-edged or edgeless)."
},
{
"w": "REPAIR",
"v": true,
"row": 0,
"col": 0,
"def": "The act of repairing something."
}
]
}