{
"id": 4847,
"sub_category": "Chill Packx",
"category": "Frigid Group",
"type": 0,
"letters": "EIRSSU",
"mov": 20,
"shovels": 1,
"coins": 5,
"rows": 15,
"cols": 15,
"c": 0,
"b": -1,
"w": 7,
"h": 7,
"dws": [
"SUER",
"SEI",
"SIEUR",
"USERS",
"SIEURS",
"REIS",
"REI",
"SEIS",
"SER",
"RUSE",
"SERS",
"SEIR",
"SIRES",
"RISES",
"SIRS",
"SUERS",
"SIES",
"ERS",
"RUSES",
"IRES",
"SRIS",
"URES",
"ESS",
"USER",
"URE",
"SURE",
"SUI",
"USES",
"SRI",
"SUS",
"RES",
"RUES",
"RISUS",
"SUES"
],
"ws": [
{
"w": "SIR",
"v": false,
"row": 3,
"col": 4,
"def": "A man of a higher rank or position."
},
{
"w": "SUE",
"v": false,
"row": 3,
"col": 0,
"def": "To follow."
},
{
"w": "USE",
"v": false,
"row": 5,
"col": 3,
"def": "The act of using."
},
{
"w": "RUE",
"v": true,
"row": 4,
"col": 3,
"def": "Repentance, regret."
},
{
"w": "IRE",
"v": true,
"row": 3,
"col": 5,
"def": "Iron."
},
{
"w": "SIS",
"v": true,
"row": 1,
"col": 4,
"def": "Shortened form of sister."
},
{
"w": "RISE",
"v": false,
"row": 6,
"col": 0,
"def": "The process of or an action or instance of moving upwards or becoming greater."
},
{
"w": "SIRE",
"v": true,
"row": 0,
"col": 2,
"def": "A lord, master, or other person in authority, most commonly used vocatively."
},
{
"w": "ISSUE",
"v": false,
"row": 1,
"col": 2,
"def": "The act of passing or flowing out; a moving out from any enclosed place; egress; as, the issue of water from a pipe, of blood from a wound, of air from a bellows, of people from a house."
},
{
"w": "ISSUER",
"v": true,
"row": 1,
"col": 0,
"def": "One who issues, emits, or publishes."
}
]
}