{
"id": 4879,
"sub_category": "Cube Pack",
"category": "Frigid Group",
"type": 0,
"letters": "BEERYZ",
"mov": 16,
"shovels": 1,
"coins": 5,
"rows": 15,
"cols": 15,
"c": 0,
"b": -1,
"w": 7,
"h": 6,
"dws": [
"BEERY",
"YEZ",
"REB",
"REZ",
"YER",
"EERY",
"BREE",
"ZEE",
"EYRE",
"BREY",
"BEZ",
"EYER",
"BERE",
"BYRE",
"ERE",
"REE",
"BEY"
],
"ws": [
{
"w": "BEE",
"v": true,
"row": 3,
"col": 0,
"def": "A flying insect, of the superfamily Apoidea, known for their organised societies, for collecting pollen, and producing wax and honey."
},
{
"w": "BYE",
"v": false,
"row": 0,
"col": 0,
"def": "The position of a person or team in a tournament or competition who draws no opponent in a particular round so advances to the next round unopposed, or is awarded points for a win in a league table; also the phantom opponent of such a person or team."
},
{
"w": "EYE",
"v": false,
"row": 4,
"col": 0,
"def": "An organ that is sensitive to light, which it converts to electrical signals passed to the brain, by which means animals see."
},
{
"w": "RYE",
"v": true,
"row": 2,
"col": 2,
"def": "Caraway (from the mistaken assumption that the whole seeds, often used to season rye bread, are the rye itself)."
},
{
"w": "BEER",
"v": true,
"row": 0,
"col": 4,
"def": "An alcoholic drink fermented from starch material commonly barley malt, often with hops or some other substance to impart a bitter flavor."
},
{
"w": "BREEZY",
"v": false,
"row": 2,
"col": 1,
"def": "With a breeze blowing, with a lively wind, pleasantly windy."
}
]
}