{
"id": 49,
"sub_category": "Fog Pack",
"category": "Forest Group",
"type": 0,
"letters": "ABDEK",
"mov": 16,
"shovels": 1,
"coins": 5,
"rows": 15,
"cols": 15,
"c": 0,
"b": -1,
"w": 7,
"h": 7,
"dws": [
"KED",
"KAE",
"DAE",
"ABED",
"AKED",
"DEB",
"KAB",
"DAB",
"KADE",
"AKE",
"KAED",
"BADE",
"KEB",
"DAK",
"KEA"
],
"ws": [
{
"w": "BAD",
"v": true,
"row": 4,
"col": 2,
"def": "Not good; unfavorable; negative."
},
{
"w": "BED",
"v": false,
"row": 6,
"col": 0,
"def": "A piece of furniture, usually flat and soft, to sleep on."
},
{
"w": "BAKE",
"v": true,
"row": 1,
"col": 3,
"def": "To cook (something) in an oven."
},
{
"w": "BEAK",
"v": false,
"row": 1,
"col": 3,
"def": "A rigid structure projecting from the front of a bird's face, used for pecking, grooming and for eating food."
},
{
"w": "BEAD",
"v": false,
"row": 4,
"col": 2,
"def": "A small round object."
},
{
"w": "BAKED",
"v": true,
"row": 0,
"col": 5,
"def": "Simple past tense and past participle of bake."
}
]
}