{
"id": 4904,
"sub_category": "Float Packx",
"category": "Flourish Group",
"type": 0,
"letters": "EIRSST",
"mov": 26,
"shovels": 1,
"coins": 5,
"rows": 15,
"cols": 15,
"c": 0,
"b": -1,
"w": 12,
"h": 12,
"dws": [
"TRESS",
"RET",
"SITES",
"RIT",
"ESTS",
"SEI",
"ERST",
"TRES",
"REIS",
"STIRS",
"REI",
"SEIS",
"SER",
"SERS",
"TIS",
"SEIR",
"SIRES",
"RESTS",
"RISES",
"STIES",
"SIES",
"ERS",
"RETS",
"REIST",
"EST",
"SIST",
"TIERS",
"RESIT",
"SRIS",
"SIR",
"TES",
"ESS",
"TIE",
"RITES",
"STIE",
"TRIE",
"TIRES",
"RESITS",
"SET",
"SRI",
"RES",
"ITS",
"SIT",
"RITS",
"IRE",
"SIS"
],
"ws": [
{
"w": "REST",
"v": false,
"row": 8,
"col": 2,
"def": "Relief from work or activity by sleeping; sleep."
},
{
"w": "RISE",
"v": true,
"row": 8,
"col": 2,
"def": "The process of or an action or instance of moving upwards or becoming greater."
},
{
"w": "SETS",
"v": false,
"row": 5,
"col": 1,
"def": "Plural form of set."
},
{
"w": "SIRS",
"v": true,
"row": 0,
"col": 0,
"def": "Plural form of sir."
},
{
"w": "SITE",
"v": false,
"row": 3,
"col": 0,
"def": "Sorrow, grief."
},
{
"w": "SITS",
"v": true,
"row": 5,
"col": 4,
"def": "Plural form of sit."
},
{
"w": "STIR",
"v": false,
"row": 10,
"col": 2,
"def": "To change the place of in any manner; to move."
},
{
"w": "TIES",
"v": true,
"row": 7,
"col": 7,
"def": "Plural form of tie."
},
{
"w": "TIRE",
"v": true,
"row": 8,
"col": 5,
"def": "To become sleepy or weary."
},
{
"w": "RITE",
"v": true,
"row": 4,
"col": 10,
"def": "A religious custom."
},
{
"w": "TIER",
"v": true,
"row": 3,
"col": 2,
"def": "One who ties (knots, etc)."
},
{
"w": "SIRE",
"v": false,
"row": 4,
"col": 8,
"def": "A lord, master, or other person in authority, most commonly used vocatively."
},
{
"w": "IRES",
"v": false,
"row": 9,
"col": 5,
"def": "Third-person singular simple present indicative form of ire."
},
{
"w": "TRIES",
"v": false,
"row": 7,
"col": 7,
"def": "Plural form of try."
},
{
"w": "RESIST",
"v": true,
"row": 0,
"col": 8,
"def": "To attempt to counter the actions or effects of."
},
{
"w": "SISTER",
"v": false,
"row": 1,
"col": 4,
"def": "A daughter of the same parents as another person; a female sibling."
}
]
}