{
"id": 4905,
"sub_category": "Float Packx",
"category": "Flourish Group",
"type": 0,
"letters": "CEELRY",
"mov": 16,
"shovels": 1,
"coins": 5,
"rows": 15,
"cols": 15,
"c": 0,
"b": -1,
"w": 7,
"h": 6,
"dws": [
"REC",
"LEY",
"EERY",
"YER",
"EEL",
"EYRE",
"CERE",
"EELY",
"ERE",
"CEE",
"CEL",
"LYCEE",
"CREE",
"RYE",
"LEE",
"EYER",
"REE",
"CLY",
"LYE",
"EYE",
"CREEL",
"LERE",
"CRY"
],
"ws": [
{
"w": "REEL",
"v": false,
"row": 2,
"col": 0,
"def": "A lively dance of the Highlanders of Scotland; also, the music to the dance; -- often called Scotch reel."
},
{
"w": "RELY",
"v": false,
"row": 5,
"col": 3,
"def": "To rest with confidence, as when fully satisfied of the veracity, integrity, or ability of persons, or of the certainty of facts or of evidence; to have confidence; to trust; to depend."
},
{
"w": "LEER",
"v": true,
"row": 2,
"col": 3,
"def": "A significant side glance; a glance expressive of some passion, as malignity, amorousness, etc.; a sly or lecherous look."
},
{
"w": "LYRE",
"v": false,
"row": 4,
"col": 0,
"def": "A stringed musical instrument."
},
{
"w": "LEERY",
"v": true,
"row": 0,
"col": 1,
"def": "Cautious, hesitant, or nervous about something; having reservations or concerns."
},
{
"w": "CELERY",
"v": true,
"row": 0,
"col": 6,
"def": "A European herb (Apium graveolens) of the carrot family."
}
]
}