{
"id": 4922,
"sub_category": "Bud Packx",
"category": "Flourish Group",
"type": 0,
"letters": "ELRSUY",
"mov": 26,
"shovels": 1,
"coins": 5,
"rows": 15,
"cols": 15,
"c": 0,
"b": -1,
"w": 11,
"h": 11,
"dws": [
"SUER",
"YER",
"LUES",
"LES",
"RYES",
"RULES",
"SER",
"SLUE",
"LURES",
"SEY",
"UEYS",
"RYUS",
"ULES",
"YULES",
"SEL",
"ERS",
"LUSER",
"LYRES",
"YULE",
"LYSE",
"URES",
"UEY",
"LYES",
"SLYER",
"ELS",
"ULE",
"RUE",
"LEU",
"URE",
"LURS",
"LUR",
"SLEY",
"LEYS",
"RULY",
"RUES",
"RES",
"RYU",
"SYE",
"YUS",
"LEY"
],
"ws": [
{
"w": "RYE",
"v": false,
"row": 3,
"col": 2,
"def": "Caraway (from the mistaken assumption that the whole seeds, often used to season rye bread, are the rye itself)."
},
{
"w": "SLY",
"v": false,
"row": 5,
"col": 0,
"def": "Artfully cunning; secretly mischievous; wily."
},
{
"w": "SUE",
"v": true,
"row": 1,
"col": 4,
"def": "To follow."
},
{
"w": "USE",
"v": true,
"row": 7,
"col": 2,
"def": "The act of using."
},
{
"w": "YES",
"v": true,
"row": 0,
"col": 7,
"def": "A word used to show agreement or acceptance."
},
{
"w": "LYE",
"v": false,
"row": 9,
"col": 0,
"def": "A strong caustic alkaline solution of potassium or sodium salts, obtained by leaching wood ashes. It is much used in making soap as well as its use in biodiesel."
},
{
"w": "LURE",
"v": true,
"row": 1,
"col": 9,
"def": "Something that tempts or attracts, especially one with a promise of reward or pleasure."
},
{
"w": "RELY",
"v": false,
"row": 9,
"col": 4,
"def": "To rest with confidence, as when fully satisfied of the veracity, integrity, or ability of persons, or of the certainty of facts or of evidence; to have confidence; to trust; to depend."
},
{
"w": "RULE",
"v": false,
"row": 4,
"col": 6,
"def": "A regulation, law, guideline."
},
{
"w": "SURE",
"v": false,
"row": 1,
"col": 4,
"def": "Physically secure and certain, non-failing, reliable."
},
{
"w": "USER",
"v": false,
"row": 6,
"col": 5,
"def": "One who uses or makes use of something, a consumer."
},
{
"w": "RUSE",
"v": true,
"row": 4,
"col": 6,
"def": "A trick."
},
{
"w": "SLUR",
"v": false,
"row": 2,
"col": 7,
"def": "An insult or slight."
},
{
"w": "LYRE",
"v": true,
"row": 4,
"col": 8,
"def": "A stringed musical instrument."
},
{
"w": "SURLY",
"v": true,
"row": 1,
"col": 2,
"def": "Lordly, arrogant, supercilious."
},
{
"w": "SURELY",
"v": true,
"row": 5,
"col": 0,
"def": "Without fail."
}
]
}