{
"id": 4930,
"sub_category": "Pollen Pack",
"category": "Flourish Group",
"type": 0,
"letters": "ADNOPR",
"mov": 30,
"shovels": 1,
"coins": 5,
"rows": 15,
"cols": 15,
"c": 0,
"b": -1,
"w": 12,
"h": 12,
"dws": [
"APOD",
"ODA",
"RAND",
"ROAN",
"DON",
"ARD",
"PROA",
"POA",
"NARD",
"PRAO",
"DNA",
"APO",
"ORAD",
"DOR",
"DONA",
"PAD",
"RAN",
"ROD",
"ORA",
"PAND",
"RNA",
"DAN",
"DRAP",
"ANDRO",
"DOP",
"OPA",
"PORN",
"ORD",
"DORP",
"DOPA",
"DAP",
"AND",
"PRAD",
"PARD"
],
"ws": [
{
"w": "NAP",
"v": false,
"row": 2,
"col": 3,
"def": "A short period of sleep, especially one during the day."
},
{
"w": "NOD",
"v": true,
"row": 2,
"col": 3,
"def": "To incline the head up and down, as to indicate agreement."
},
{
"w": "NOR",
"v": false,
"row": 8,
"col": 0,
"def": "Used to introduce a further negative statement."
},
{
"w": "OAR",
"v": true,
"row": 4,
"col": 2,
"def": "An implement used to propel a boat or a ship in the water, having a flat blade at one end, being rowed from the other end and being normally fastened to the vessel."
},
{
"w": "PAN",
"v": true,
"row": 6,
"col": 0,
"def": "A wide, flat receptacle used around the house, especially for cooking."
},
{
"w": "PAR",
"v": false,
"row": 6,
"col": 0,
"def": "By; with."
},
{
"w": "POD",
"v": false,
"row": 4,
"col": 1,
"def": "A seed case for legumes (e.g. peas, beans, peppers)."
},
{
"w": "PRO",
"v": true,
"row": 2,
"col": 5,
"def": "An advantage of something, especially when contrasted with its disadvantages (cons)."
},
{
"w": "RAP",
"v": true,
"row": 8,
"col": 2,
"def": "A sharp blow with something hard."
},
{
"w": "RAD",
"v": false,
"row": 3,
"col": 5,
"def": "Excellent, short for radical."
},
{
"w": "ADO",
"v": false,
"row": 9,
"col": 2,
"def": "To do; in doing; as, there is nothing ado."
},
{
"w": "DARN",
"v": false,
"row": 11,
"col": 4,
"def": "Damn."
},
{
"w": "DROP",
"v": false,
"row": 1,
"col": 6,
"def": "A small mass of liquid just large enough to hold its own weight via surface tension, usually one that falls from a source of liquid."
},
{
"w": "POND",
"v": true,
"row": 1,
"col": 9,
"def": "An inland body of standing water, either natural or man-made, that is smaller than a lake."
},
{
"w": "ROAD",
"v": true,
"row": 8,
"col": 4,
"def": "At the venue of the opposing team or competitor."
},
{
"w": "PROD",
"v": true,
"row": 0,
"col": 7,
"def": "To poke, to push, to touch."
},
{
"w": "APRON",
"v": true,
"row": 7,
"col": 7,
"def": "An article of clothing worn over the front of the torso and/or legs for protection from spills."
},
{
"w": "ADORN",
"v": false,
"row": 7,
"col": 7,
"def": "To make more beautiful and attractive; to decorate."
},
{
"w": "RADON",
"v": false,
"row": 9,
"col": 7,
"def": "A radioactive chemical element (symbol Rn, formerly Ro) with atomic number 86, one of the noble gases."
},
{
"w": "PARDON",
"v": true,
"row": 5,
"col": 10,
"def": "Forgiveness for an offence."
}
]
}