{
"id": 4933,
"sub_category": "Pollen Pack",
"category": "Flourish Group",
"type": 0,
"letters": "EGILLR",
"mov": 18,
"shovels": 1,
"coins": 5,
"rows": 15,
"cols": 15,
"c": 0,
"b": -1,
"w": 7,
"h": 7,
"dws": [
"GIE",
"LIG",
"RILL",
"GLEI",
"REG",
"LEI",
"LIE",
"REI",
"LIGER",
"RIEL",
"ERG",
"LIRE",
"LEIR",
"ELL",
"RILE",
"ILLER",
"RILLE",
"GER",
"GILLER",
"LIER",
"IRE"
],
"ws": [
{
"w": "GEL",
"v": true,
"row": 4,
"col": 6,
"def": "A semi-solid to almost solid colloid of a solid and a liquid, such as jelly, cheese or opal."
},
{
"w": "ILL",
"v": true,
"row": 0,
"col": 4,
"def": "Extremely bad (bad enough to make one ill). Generally used indirectly with to be."
},
{
"w": "LEG",
"v": true,
"row": 4,
"col": 3,
"def": "The lower limb of a human being or animal that extends from the groin to the ankle."
},
{
"w": "RIG",
"v": true,
"row": 2,
"col": 1,
"def": "The rigging of a sailing ship or other such craft."
},
{
"w": "GIRL",
"v": false,
"row": 6,
"col": 3,
"def": "A young female human; (in contrast to boy), a female child or young adult."
},
{
"w": "GILL",
"v": false,
"row": 4,
"col": 1,
"def": "A breathing organ of fish and other aquatic animals."
},
{
"w": "GRILL",
"v": false,
"row": 0,
"col": 2,
"def": "To make angry; provoke."
},
{
"w": "GRILLE",
"v": false,
"row": 2,
"col": 0,
"def": "Obsolete spelling of grill."
}
]
}