{
"id": 4946,
"sub_category": "Bloom Packx",
"category": "Flourish Group",
"type": 0,
"letters": "DEMOOR",
"mov": 30,
"shovels": 1,
"coins": 5,
"rows": 15,
"cols": 15,
"c": 0,
"b": -1,
"w": 12,
"h": 12,
"dws": [
"DROME",
"RED",
"MODO",
"EMO",
"DERO",
"OOR",
"MOOED",
"DORE",
"OMER",
"REO",
"MOE",
"MOD",
"MED",
"DOR",
"OOM",
"ROOMED",
"MOR",
"ORDO",
"ODOR",
"ROMEO",
"ORD",
"ROO",
"ROE",
"DOO",
"ROM",
"DERM",
"MODER",
"DOOR",
"ROOD",
"ROED",
"DOM",
"ERM"
],
"ws": [
{
"w": "MOO",
"v": false,
"row": 2,
"col": 6,
"def": "The characteristic sound made by a cow or bull."
},
{
"w": "ORE",
"v": false,
"row": 1,
"col": 4,
"def": "Rock that contains utilitarian materials; primarily a rock containing metals or gems which (at the time of the rock's evaluation and proposal for extraction) are able to be separated from its neighboring minerals and processed at a cost that does not exceed those materials' present-day economic values."
},
{
"w": "ROD",
"v": true,
"row": 1,
"col": 8,
"def": "A straight, round stick, shaft, bar, cane, or staff."
},
{
"w": "DOE",
"v": true,
"row": 0,
"col": 4,
"def": "A female deer; also used of similar animals such as reindeer, antelope, goat."
},
{
"w": "ODE",
"v": false,
"row": 2,
"col": 2,
"def": "A short poetical composition proper to be set to music or sung; a lyric poem; esp., now, a poem characterized by sustained noble sentiment and appropriate dignity of style."
},
{
"w": "REM",
"v": true,
"row": 0,
"col": 6,
"def": "Rapid eye movement, a sleep state."
},
{
"w": "DEMO",
"v": false,
"row": 3,
"col": 8,
"def": "A brief demonstration or visual explanation."
},
{
"w": "DOME",
"v": true,
"row": 2,
"col": 3,
"def": "A common structural element of architecture that resembles the hollow upper half of a sphere, a cupola."
},
{
"w": "DOOM",
"v": false,
"row": 4,
"col": 0,
"def": "A law."
},
{
"w": "DORM",
"v": true,
"row": 4,
"col": 0,
"def": "Dormitory."
},
{
"w": "MODE",
"v": false,
"row": 7,
"col": 0,
"def": "One of several ancient scales, one of which corresponds to the modern major scale and one to the natural minor scale."
},
{
"w": "MOOD",
"v": true,
"row": 6,
"col": 6,
"def": "A mental or emotional state, composure."
},
{
"w": "MORE",
"v": true,
"row": 3,
"col": 10,
"def": "Comparative form of many: in greater number. (Used for a discrete quantity.)."
},
{
"w": "RODE",
"v": false,
"row": 10,
"col": 2,
"def": "The line from the vessel to its anchor. Also warp."
},
{
"w": "ROOM",
"v": false,
"row": 8,
"col": 4,
"def": "Wide; spacious; roomy."
},
{
"w": "REDO",
"v": true,
"row": 8,
"col": 4,
"def": "To do again."
},
{
"w": "MOOR",
"v": false,
"row": 10,
"col": 8,
"def": "An extensive waste covered with patches of heath, and having a poor, light soil, but sometimes marshy, and abounding in peat; a heath."
},
{
"w": "DOER",
"v": true,
"row": 7,
"col": 2,
"def": "Someone who does, performs, or executes; an active person, an agent."
},
{
"w": "RODEO",
"v": true,
"row": 6,
"col": 9,
"def": "A North American sport involving skills with horses, cows and other livestock."
},
{
"w": "MOORED",
"v": false,
"row": 6,
"col": 6,
"def": "Simple past tense and past participle of moor."
}
]
}