{
"id": 4948,
"sub_category": "Bloom Packx",
"category": "Flourish Group",
"type": 0,
"letters": "EGINTW",
"mov": 30,
"shovels": 1,
"coins": 5,
"rows": 15,
"cols": 15,
"c": 0,
"b": -1,
"w": 12,
"h": 11,
"dws": [
"TEW",
"GIE",
"NEWT",
"NEG",
"WITE",
"TEWING",
"GEIT",
"TING",
"EWT",
"GIN",
"WINGE",
"NITE",
"TEG",
"NIE",
"GEN",
"GIEN",
"TIE",
"GITE",
"TIN",
"WEN",
"ENG",
"TIG",
"GWINE",
"ING",
"TEIN",
"TIGE"
],
"ws": [
{
"w": "GET",
"v": false,
"row": 7,
"col": 1,
"def": "To obtain; to acquire."
},
{
"w": "NET",
"v": false,
"row": 2,
"col": 0,
"def": "A mesh of string, cord or rope."
},
{
"w": "NEW",
"v": true,
"row": 2,
"col": 0,
"def": "Recently made, or created."
},
{
"w": "TEN",
"v": false,
"row": 2,
"col": 4,
"def": "A numerical value equal to 10; the number occurring after nine and before eleven, represented in Roman numerals as X, in Arabic numerals as 10, and in the hexadecimal system (base 16) as A."
},
{
"w": "WET",
"v": false,
"row": 4,
"col": 0,
"def": "Of an object, etc, covered with or impregnated with liquid."
},
{
"w": "WIG",
"v": false,
"row": 0,
"col": 2,
"def": "A head of real or synthetic hair worn on the head to disguise baldness; for cultural or religious reasons; for fashion; or by actors to help them better resemble the character they are portraying."
},
{
"w": "WIN",
"v": true,
"row": 0,
"col": 6,
"def": "Pleasure; joy; delight."
},
{
"w": "WIT",
"v": true,
"row": 0,
"col": 2,
"def": "Sanity."
},
{
"w": "NIT",
"v": true,
"row": 0,
"col": 8,
"def": "The egg of a louse."
},
{
"w": "GIT",
"v": true,
"row": 0,
"col": 4,
"def": "A contemptible person."
},
{
"w": "TWIG",
"v": false,
"row": 2,
"col": 8,
"def": "A small thin branch of a tree or bush."
},
{
"w": "TWIN",
"v": false,
"row": 4,
"col": 6,
"def": "Either of two people (or, less commonly, animals) who shared the same uterus at the same time; one who was born at the same birth as a sibling."
},
{
"w": "WENT",
"v": false,
"row": 0,
"col": 6,
"def": "Simple past of go."
},
{
"w": "WINE",
"v": true,
"row": 2,
"col": 9,
"def": "An alcoholic beverage made by fermenting juice of grapes."
},
{
"w": "WING",
"v": true,
"row": 4,
"col": 7,
"def": "An appendage of an animal's (bird, bat, insect) body that enables it to fly."
},
{
"w": "GENT",
"v": true,
"row": 7,
"col": 1,
"def": "A gentleman."
},
{
"w": "TINE",
"v": true,
"row": 4,
"col": 2,
"def": "A spike or point on an implement or tool, especially a prong of a fork or a tooth of a comb."
},
{
"w": "TWINE",
"v": false,
"row": 6,
"col": 4,
"def": "A twist; a convolution."
},
{
"w": "TINGE",
"v": false,
"row": 10,
"col": 1,
"def": "A small amount of something, especially of an added color."
},
{
"w": "TWINGE",
"v": true,
"row": 5,
"col": 5,
"def": "A pinch; a tweak; a twitch."
}
]
}