{
"id": 4950,
"sub_category": "Bloom Packx",
"category": "Flourish Group",
"type": 0,
"letters": "DEOPTT",
"mov": 24,
"shovels": 1,
"coins": 5,
"rows": 15,
"cols": 15,
"c": 0,
"b": -1,
"w": 9,
"h": 9,
"dws": [
"TOED",
"TOPE",
"TET",
"TOPED",
"ODE",
"PETTO",
"TOE",
"POTT",
"OPED",
"TOD",
"DOE",
"DEP",
"TOTED",
"DOP",
"OPE",
"POTE",
"TED",
"PED"
],
"ws": [
{
"w": "DOT",
"v": false,
"row": 6,
"col": 0,
"def": "A small spot."
},
{
"w": "PET",
"v": false,
"row": 4,
"col": 0,
"def": "An animal kept as a companion."
},
{
"w": "POD",
"v": true,
"row": 4,
"col": 0,
"def": "A seed case for legumes (e.g. peas, beans, peppers)."
},
{
"w": "POT",
"v": true,
"row": 0,
"col": 3,
"def": "A vessel used for cooking or storing food."
},
{
"w": "TOP",
"v": false,
"row": 2,
"col": 6,
"def": "That part of an object furthest away in the opposite direction from that in which an unsupported object would fall."
},
{
"w": "OPT",
"v": false,
"row": 5,
"col": 2,
"def": "To choose; to select."
},
{
"w": "TOT",
"v": true,
"row": 0,
"col": 6,
"def": "A small child."
},
{
"w": "DOPE",
"v": true,
"row": 1,
"col": 1,
"def": "Any viscous liquid or paste, such as a lubricant, used in preparing a surface."
},
{
"w": "POET",
"v": false,
"row": 2,
"col": 0,
"def": "A person who writes poems."
},
{
"w": "TOTE",
"v": true,
"row": 4,
"col": 2,
"def": "A bag, specifically a tote bag."
},
{
"w": "DOTE",
"v": true,
"row": 3,
"col": 4,
"def": "To be excessively fond of."
},
{
"w": "DEPOT",
"v": true,
"row": 0,
"col": 8,
"def": "A warehouse or similar storage facility."
},
{
"w": "OPTED",
"v": true,
"row": 4,
"col": 6,
"def": "Simple past tense and past participle of opt."
},
{
"w": "POTTED",
"v": false,
"row": 0,
"col": 3,
"def": "Simple past tense and past participle of pot."
}
]
}