{
"id": 4955,
"sub_category": "Bloom Packx",
"category": "Flourish Group",
"type": 0,
"letters": "FILNSU",
"mov": 16,
"shovels": 1,
"coins": 5,
"rows": 15,
"cols": 15,
"c": 0,
"b": -1,
"w": 7,
"h": 6,
"dws": [
"UNI",
"SIF",
"NUS",
"LINS",
"LUN",
"UNS",
"LIS",
"NILS",
"FILS",
"NIS",
"IFS",
"FUNS",
"FINS",
"LIN",
"FIL",
"FLUS",
"FUSIL",
"SUI",
"UNIS",
"NIL",
"LUNS",
"INS"
],
"ws": [
{
"w": "FIN",
"v": true,
"row": 1,
"col": 4,
"def": "One of the appendages of a fish, used to propel itself and to manoeuvre/maneuver."
},
{
"w": "FLU",
"v": true,
"row": 0,
"col": 6,
"def": "Influenza."
},
{
"w": "FUN",
"v": false,
"row": 3,
"col": 2,
"def": "Enjoyable, amusing."
},
{
"w": "SIN",
"v": false,
"row": 2,
"col": 0,
"def": "A violation of God's will or religious law."
},
{
"w": "SUN",
"v": true,
"row": 2,
"col": 0,
"def": "To expose the eyes to the sun as part of the Bates method."
},
{
"w": "SINFUL",
"v": true,
"row": 0,
"col": 2,
"def": "Full of sin; wicked; iniquitous; unholy."
}
]
}