{
"id": 496,
"sub_category": "Petal Pack",
"category": "Flora Group",
"type": 0,
"letters": "ELORSV",
"mov": 24,
"shovels": 1,
"coins": 5,
"rows": 15,
"cols": 15,
"c": 0,
"b": -1,
"w": 11,
"h": 11,
"dws": [
"VOES",
"VOL",
"ROVES",
"LEVS",
"EVO",
"LOR",
"LES",
"EORL",
"REOS",
"ROLES",
"SLOE",
"ROES",
"EVOS",
"LOVES",
"EORLS",
"LEVO",
"SER",
"SERVO",
"OSE",
"ORLES",
"VERS",
"REO",
"OLE",
"VOE",
"SOLER",
"SEL",
"LEV",
"LOVERS",
"SOREL",
"ERS",
"LORES",
"VORS",
"REV",
"ORES",
"LOS",
"ORLE",
"OVEL",
"VERSO",
"OES",
"VOLES",
"OLES",
"ELS",
"VOLE",
"SOV",
"EROS",
"OVERS",
"OVELS",
"ROE",
"ORS",
"SEV",
"RES",
"REVS",
"VOLS",
"SOL",
"VOR"
],
"ws": [
{
"w": "ORE",
"v": true,
"row": 0,
"col": 4,
"def": "Rock that contains utilitarian materials; primarily a rock containing metals or gems which (at the time of the rock's evaluation and proposal for extraction) are able to be separated from its neighboring minerals and processed at a cost that does not exceed those materials' present-day economic values."
},
{
"w": "LOSE",
"v": true,
"row": 5,
"col": 0,
"def": "To cause (something) to cease to be in one's possession or capability due to unfortunate or unknown circumstances, events or reasons."
},
{
"w": "LOVE",
"v": false,
"row": 5,
"col": 0,
"def": "An intense feeling of affection and care towards another person."
},
{
"w": "OVER",
"v": false,
"row": 0,
"col": 4,
"def": "In radio communications: end of sentence, ready to receive reply."
},
{
"w": "ROLE",
"v": true,
"row": 0,
"col": 7,
"def": "A character or part played by a performer or actor."
},
{
"w": "ROSE",
"v": true,
"row": 2,
"col": 9,
"def": "A shrub of the genus Rosa, with red, pink, white or yellow flowers."
},
{
"w": "SOLE",
"v": false,
"row": 2,
"col": 1,
"def": "A wooden band or yoke put around the neck of an ox or cow in the stall."
},
{
"w": "SORE",
"v": false,
"row": 5,
"col": 6,
"def": "Causing pain or discomfort; painfully sensitive."
},
{
"w": "LORE",
"v": false,
"row": 2,
"col": 7,
"def": "All the facts and traditions about a particular subject that have been accumulated over time through education or experience."
},
{
"w": "ROVE",
"v": true,
"row": 5,
"col": 8,
"def": "To shoot with arrows (at)."
},
{
"w": "LOVER",
"v": false,
"row": 7,
"col": 6,
"def": "A person who deeply and strongly loves and cares for another person in a romantic way, a sweetheart, love, soul-mate, boyfriend, or girlfriend."
},
{
"w": "SOLVE",
"v": false,
"row": 10,
"col": 0,
"def": "To find an answer or solution to a problem or question; to work out."
},
{
"w": "LOSER",
"v": true,
"row": 2,
"col": 3,
"def": "A person who fails to win."
},
{
"w": "SOLVER",
"v": true,
"row": 5,
"col": 6,
"def": "One who solves."
}
]
}