{
"id": 4970,
"sub_category": "Star Packx",
"category": "Aurora Group",
"type": 0,
"letters": "ABEEKR",
"mov": 26,
"shovels": 1,
"coins": 5,
"rows": 15,
"cols": 15,
"c": 0,
"b": -1,
"w": 13,
"h": 11,
"dws": [
"KAE",
"ARE",
"RAKEE",
"BRAE",
"ERA",
"KEBAR",
"ERE",
"KRAB",
"ARK",
"BREE",
"KBAR",
"BERK",
"RAKE",
"KERB",
"EAR",
"AKEE",
"BERE",
"KEB",
"BRAK",
"REE",
"ARB",
"REB",
"KAB",
"REKE",
"AKE",
"ERK",
"REAK",
"KEA",
"BERAKE"
],
"ws": [
{
"w": "BAR",
"v": true,
"row": 3,
"col": 4,
"def": "A solid, more or less rigid object with a uniform cross-section smaller than its length."
},
{
"w": "BEE",
"v": false,
"row": 3,
"col": 4,
"def": "A flying insect, of the superfamily Apoidea, known for their organised societies, for collecting pollen, and producing wax and honey."
},
{
"w": "BRA",
"v": true,
"row": 0,
"col": 7,
"def": "A brassiere."
},
{
"w": "EEK",
"v": true,
"row": 5,
"col": 2,
"def": "Representing a scream or shriek (especially in comic strips)."
},
{
"w": "EKE",
"v": true,
"row": 7,
"col": 3,
"def": "To increase; to add to, augment, lengthen."
},
{
"w": "BAKE",
"v": false,
"row": 7,
"col": 0,
"def": "To cook (something) in an oven."
},
{
"w": "BARE",
"v": false,
"row": 2,
"col": 6,
"def": "Minimal; that is or are just sufficient."
},
{
"w": "BARK",
"v": true,
"row": 6,
"col": 5,
"def": "To make a short, loud, explosive noise with the vocal organs (said of animals, especially dogs)."
},
{
"w": "BEAK",
"v": false,
"row": 9,
"col": 2,
"def": "A rigid structure projecting from the front of a bird's face, used for pecking, grooming and for eating food."
},
{
"w": "BEAR",
"v": false,
"row": 5,
"col": 1,
"def": "A large omnivorous mammal, related to the dog and raccoon, having shaggy hair, a very small tail, and flat feet; a member of family Ursidae, particularly of subfamily Ursinae."
},
{
"w": "BEER",
"v": true,
"row": 2,
"col": 6,
"def": "An alcoholic drink fermented from starch material commonly barley malt, often with hops or some other substance to impart a bitter flavor."
},
{
"w": "REEK",
"v": false,
"row": 8,
"col": 5,
"def": "A strong unpleasant smell."
},
{
"w": "BAKER",
"v": true,
"row": 6,
"col": 8,
"def": "A person who bakes and sells bread, cakes and similar items."
},
{
"w": "BREAK",
"v": false,
"row": 1,
"col": 0,
"def": "To separate into two or more pieces, to fracture or crack, by a process that cannot easily be reversed for reassembly."
},
{
"w": "BRAKE",
"v": false,
"row": 6,
"col": 8,
"def": "A type of machine for bending sheet metal."
},
{
"w": "BEAKER",
"v": true,
"row": 1,
"col": 9,
"def": "A flat-bottomed vessel, with a lip, used as a laboratory container."
}
]
}