{
"id": 4977,
"sub_category": "Way Pack",
"category": "Aurora Group",
"type": 0,
"letters": "ADEKNY",
"mov": 16,
"shovels": 1,
"coins": 5,
"rows": 15,
"cols": 15,
"c": 0,
"b": -1,
"w": 7,
"h": 7,
"dws": [
"KAE",
"KYNE",
"KEA",
"DEY",
"NEK",
"NAE",
"NYE",
"KAED",
"KANE",
"END",
"KEY",
"YAK",
"DAK",
"DYKE",
"DAE",
"ANE",
"KAY",
"DNA",
"KADE",
"DEN",
"NYED",
"EAN",
"YAD",
"KYE",
"DYE",
"KED",
"DAN",
"YEAD",
"KYND",
"NAKED",
"NAY",
"DENAY",
"AYE",
"YAE",
"AKED",
"KAN",
"NED",
"YEA",
"DYNE",
"DAY",
"YEN",
"YEAN",
"AKE",
"AND",
"ANY",
"KEN"
],
"ws": [
{
"w": "DEAN",
"v": true,
"row": 0,
"col": 1,
"def": "A senior official in a college or university, who may be in charge of a division or faculty (for example, the dean of science) or have some other advisory or disciplinary function (for example, the dean of students)."
},
{
"w": "DENY",
"v": false,
"row": 0,
"col": 3,
"def": "To not allow."
},
{
"w": "DANK",
"v": true,
"row": 2,
"col": 5,
"def": "(intransitive) To moisten, dampen; used of mist, dew etc."
},
{
"w": "YANK",
"v": false,
"row": 5,
"col": 2,
"def": "A sudden, vigorous pull (sometimes defined as mass times jerk, or rate of change of force)."
},
{
"w": "KNEAD",
"v": true,
"row": 2,
"col": 3,
"def": "To work and press into a mass, usually with the hands; especially, to work, as by repeated pressure with the knuckles, into a well mixed mass, the materials of bread, cake, etc."
},
{
"w": "YANKED",
"v": false,
"row": 2,
"col": 0,
"def": "Simple past tense and past participle of yank."
}
]
}