{
"id": 4988,
"sub_category": "Way Pack",
"category": "Aurora Group",
"type": 0,
"letters": "EGILRU",
"mov": 28,
"shovels": 1,
"coins": 5,
"rows": 15,
"cols": 15,
"c": 0,
"b": -1,
"w": 12,
"h": 11,
"dws": [
"GIE",
"LIG",
"GLEI",
"GURL",
"GRUE",
"REG",
"LEI",
"LIGURE",
"GLUIER",
"REI",
"GUE",
"LIEU",
"LIGER",
"GLUER",
"RIEL",
"ERG",
"LIRE",
"LEIR",
"GUL",
"GUR",
"LUGER",
"GULE",
"ULE",
"LEU",
"URE",
"REGULI",
"LUR",
"GER",
"IGLU",
"LIER"
],
"ws": [
{
"w": "GEL",
"v": true,
"row": 8,
"col": 3,
"def": "A semi-solid to almost solid colloid of a solid and a liquid, such as jelly, cheese or opal."
},
{
"w": "LEG",
"v": false,
"row": 8,
"col": 1,
"def": "The lower limb of a human being or animal that extends from the groin to the ankle."
},
{
"w": "LIE",
"v": false,
"row": 10,
"col": 3,
"def": "To be in a horizontal position."
},
{
"w": "LUG",
"v": true,
"row": 6,
"col": 7,
"def": "A lug nut."
},
{
"w": "RIG",
"v": false,
"row": 8,
"col": 5,
"def": "The rigging of a sailing ship or other such craft."
},
{
"w": "RUG",
"v": true,
"row": 5,
"col": 9,
"def": "A partial covering for a floor."
},
{
"w": "RUE",
"v": true,
"row": 8,
"col": 5,
"def": "Repentance, regret."
},
{
"w": "IRE",
"v": false,
"row": 5,
"col": 8,
"def": "Iron."
},
{
"w": "GIRL",
"v": false,
"row": 2,
"col": 8,
"def": "A young female human; (in contrast to boy), a female child or young adult."
},
{
"w": "GLUE",
"v": true,
"row": 3,
"col": 4,
"def": "A hard gelatin made by boiling bones and hides, used in solution as an adhesive; or any sticky adhesive substance."
},
{
"w": "LURE",
"v": true,
"row": 5,
"col": 2,
"def": "Something that tempts or attracts, especially one with a promise of reward or pleasure."
},
{
"w": "RULE",
"v": false,
"row": 6,
"col": 1,
"def": "A regulation, law, guideline."
},
{
"w": "URGE",
"v": false,
"row": 7,
"col": 7,
"def": "A strong desire; an itch to do something."
},
{
"w": "RILE",
"v": true,
"row": 2,
"col": 10,
"def": "To make angry."
},
{
"w": "LUGE",
"v": true,
"row": 0,
"col": 8,
"def": "A racing sled for one or two people that is ridden with the rider or riders lying on their back."
},
{
"w": "GUILE",
"v": false,
"row": 3,
"col": 4,
"def": "Astuteness often marked by a certain sense of cunning or artful deception."
},
{
"w": "GRUEL",
"v": false,
"row": 1,
"col": 0,
"def": "A thin, watery porridge."
},
{
"w": "UGLIER",
"v": true,
"row": 0,
"col": 6,
"def": "Comparative form of ugly: more ugly."
}
]
}