{
"id": 499,
"sub_category": "Lily Pack",
"category": "Flora Group",
"type": 0,
"letters": "EKMNOY",
"mov": 18,
"shovels": 1,
"coins": 5,
"rows": 15,
"cols": 15,
"c": 0,
"b": -1,
"w": 8,
"h": 7,
"dws": [
"EMO",
"YOM",
"KYNE",
"ONE",
"NOME",
"EON",
"MOY",
"NEK",
"NYE",
"MOKE",
"MOE",
"OYE",
"NOY",
"KYE",
"YOK",
"MON",
"OKE",
"KENO",
"KON",
"YEN",
"ONY",
"MONY",
"NOM",
"MENO",
"KEN"
],
"ws": [
{
"w": "KEY",
"v": true,
"row": 2,
"col": 0,
"def": "An object designed to open and close a lock."
},
{
"w": "MEN",
"v": true,
"row": 4,
"col": 4,
"def": "Plural form of man."
},
{
"w": "YON",
"v": false,
"row": 4,
"col": 0,
"def": "Distant, but within sight."
},
{
"w": "MONK",
"v": false,
"row": 4,
"col": 4,
"def": "A male member of a monastic order who has devoted his life for religious service."
},
{
"w": "OMEN",
"v": false,
"row": 0,
"col": 0,
"def": "Something which portends or is perceived to portend a good or evil event or circumstance in the future; an augury or foreboding."
},
{
"w": "YOKE",
"v": true,
"row": 2,
"col": 7,
"def": "A bar or frame of wood by which two oxen are joined at the heads or necks for working together."
},
{
"w": "MONEY",
"v": true,
"row": 2,
"col": 2,
"def": "A legally or socially binding conceptual contract of entitlement to wealth, void of intrinsic value, payable for all debts and taxes, and regulated in supply."
},
{
"w": "MONKEY",
"v": false,
"row": 2,
"col": 2,
"def": "Any member of the clade Simiiformes not also of the clade Hominoidea containing humans and apes, from which they are usually, but not universally, distinguished by smaller size, a tail, and cheek pouches."
}
]
}