{
"id": 4993,
"sub_category": "Bask Packx",
"category": "Aurora Group",
"type": 0,
"letters": "EEEMST",
"mov": 16,
"shovels": 1,
"coins": 5,
"rows": 15,
"cols": 15,
"c": 0,
"b": -1,
"w": 6,
"h": 6,
"dws": [
"TEMES",
"EME",
"MEES",
"TEE",
"TEEM",
"SEMEE",
"MESE",
"EMS",
"STEEM",
"EST",
"ESE",
"TEES",
"METES",
"TEMS",
"TEMSE",
"TES",
"METE",
"MEE",
"EMES",
"METS",
"TEME",
"STEE",
"SEME",
"STEME",
"MES",
"TEEMS",
"MEETS",
"SEE",
"MESTEE",
"SMEE"
],
"ws": [
{
"w": "MET",
"v": false,
"row": 5,
"col": 3,
"def": "Simple past tense and past participle of meet."
},
{
"w": "SET",
"v": true,
"row": 3,
"col": 5,
"def": "To put (something) down, to rest."
},
{
"w": "MEET",
"v": false,
"row": 2,
"col": 0,
"def": "To come face to face with by accident; to encounter."
},
{
"w": "SEEM",
"v": false,
"row": 0,
"col": 1,
"def": "To appear; to look outwardly; to be perceived as."
},
{
"w": "STEM",
"v": true,
"row": 0,
"col": 1,
"def": "The above-ground stalk (technically axis) of a vascular plant, and certain anatomically similar, below-ground organs such as rhizomes, bulbs, tubers, and corms."
},
{
"w": "ESTEEM",
"v": true,
"row": 0,
"col": 3,
"def": "Favourable regard."
}
]
}