{
"id": 500,
"sub_category": "Lily Pack",
"category": "Flora Group",
"type": 0,
"letters": "EEILRV",
"mov": 26,
"shovels": 1,
"coins": 5,
"rows": 15,
"cols": 15,
"c": 0,
"b": -1,
"w": 14,
"h": 10,
"dws": [
"REIVE",
"RIVEL",
"EVILER",
"EEL",
"VLEI",
"VEILER",
"LEI",
"REI",
"ELVE",
"ERE",
"RIVE",
"EREV",
"VILER",
"VRIL",
"RIEL",
"VEE",
"VIER",
"ERVIL",
"LIRE",
"LEV",
"LEIR",
"LIEVE",
"VIRE",
"REVIE",
"LEVE",
"REV",
"ELVER",
"VELE",
"LIVRE",
"LEVIER",
"EVE",
"LEE",
"VIRL",
"REE",
"REVILE",
"LIEVER",
"LERE",
"LIER"
],
"ws": [
{
"w": "LIE",
"v": true,
"row": 7,
"col": 12,
"def": "To be in a horizontal position."
},
{
"w": "VIE",
"v": true,
"row": 5,
"col": 11,
"def": "To rival; to struggle for superiority; to contend; to compete eagerly so as to gain something."
},
{
"w": "IRE",
"v": true,
"row": 3,
"col": 10,
"def": "Iron."
},
{
"w": "EVER",
"v": false,
"row": 5,
"col": 10,
"def": "Always."
},
{
"w": "EVIL",
"v": false,
"row": 3,
"col": 8,
"def": "Intending to harm; malevolent."
},
{
"w": "LIVE",
"v": false,
"row": 9,
"col": 9,
"def": "To be alive; to have life."
},
{
"w": "REEL",
"v": true,
"row": 0,
"col": 11,
"def": "A lively dance of the Highlanders of Scotland; also, the music to the dance; -- often called Scotch reel."
},
{
"w": "VILE",
"v": false,
"row": 1,
"col": 8,
"def": "Morally low; base; despicable."
},
{
"w": "LEER",
"v": false,
"row": 4,
"col": 5,
"def": "A significant side glance; a glance expressive of some passion, as malignity, amorousness, etc.; a sly or lecherous look."
},
{
"w": "RILE",
"v": true,
"row": 2,
"col": 5,
"def": "To make angry."
},
{
"w": "VEIL",
"v": true,
"row": 6,
"col": 9,
"def": "Something hung up, or spread out, to intercept the view, and hide an object; a cover; a curtain; esp., a screen, usually of gauze, crape, or similar diaphanous material, to hide or protect the face."
},
{
"w": "VEER",
"v": true,
"row": 1,
"col": 8,
"def": "A turn or swerve; an instance of veering."
},
{
"w": "LEVER",
"v": false,
"row": 2,
"col": 1,
"def": "A rigid piece which is capable of turning about one point, or axis (the fulcrum), and in which are two or more other points where forces are applied (used for transmitting and modifying force and motion)."
},
{
"w": "LIVER",
"v": true,
"row": 2,
"col": 1,
"def": "A large organ in the body that stores and metabolizes nutrients, destroys toxins and produces bile. It is responsible for thousands of biochemical reactions."
},
{
"w": "REVEL",
"v": false,
"row": 7,
"col": 8,
"def": "An instance of merrymaking; a celebration."
},
{
"w": "RELIVE",
"v": false,
"row": 5,
"col": 0,
"def": "To come back to life."
}
]
}