{
"id": 5014,
"sub_category": "Vast Packx",
"category": "Aurora Group",
"type": 0,
"letters": "EHIPPR",
"mov": 26,
"shovels": 1,
"coins": 5,
"rows": 15,
"cols": 15,
"c": 0,
"b": -1,
"w": 11,
"h": 9,
"dws": [
"HIE",
"REPP",
"REH",
"PERI",
"RIPP",
"PIR",
"PEH",
"PIP",
"HEP",
"PERP",
"REI",
"PRE",
"IRE"
],
"ws": [
{
"w": "HER",
"v": true,
"row": 6,
"col": 0,
"def": "Belonging to her."
},
{
"w": "HIP",
"v": true,
"row": 6,
"col": 5,
"def": "The outward-projecting parts of the pelvis and top of the femur and the overlying tissue."
},
{
"w": "PEP",
"v": true,
"row": 5,
"col": 8,
"def": "To inject with energy and enthusiasm."
},
{
"w": "PER",
"v": false,
"row": 5,
"col": 8,
"def": "For each."
},
{
"w": "PIE",
"v": true,
"row": 3,
"col": 9,
"def": "A type of pastry that consists of an outer crust and a filling."
},
{
"w": "RIP",
"v": true,
"row": 6,
"col": 3,
"def": "A tear (in paper, etc.)."
},
{
"w": "REP",
"v": false,
"row": 3,
"col": 7,
"def": "Short form of reputation."
},
{
"w": "PHI",
"v": false,
"row": 1,
"col": 5,
"def": "The twenty-first letter of the Classical and Modern Greek, the twenty-second letter of Old and Ancient."
},
{
"w": "HIRE",
"v": false,
"row": 6,
"col": 5,
"def": "Payment for the temporary use of something."
},
{
"w": "PIER",
"v": true,
"row": 0,
"col": 7,
"def": "A raised platform built from the shore out over water, supported on piles; used to secure, or provide access to shipping; a jetty."
},
{
"w": "PIPE",
"v": false,
"row": 8,
"col": 3,
"def": "A rigid tube that transports water, steam, or other fluid, as used in plumbing and numerous other applications."
},
{
"w": "PREP",
"v": true,
"row": 1,
"col": 5,
"def": "Preparation."
},
{
"w": "RIPE",
"v": false,
"row": 4,
"col": 3,
"def": "Ready for reaping or gathering; having attained perfection; mature; -- said of fruits, seeds, etc.; as, ripe grain."
},
{
"w": "HEIR",
"v": false,
"row": 6,
"col": 0,
"def": "Someone who inherits, or is designated to inherit, the property of another."
},
{
"w": "PIPER",
"v": true,
"row": 0,
"col": 3,
"def": "A musician who plays a pipe."
},
{
"w": "HIPPER",
"v": false,
"row": 2,
"col": 0,
"def": "Comparative form of hip: more hip."
}
]
}