{
"id": 5016,
"sub_category": "Vast Packx",
"category": "Aurora Group",
"type": 0,
"letters": "CDERSU",
"mov": 28,
"shovels": 1,
"coins": 5,
"rows": 15,
"cols": 15,
"c": 0,
"b": -1,
"w": 14,
"h": 13,
"dws": [
"REC",
"CRU",
"CUR",
"CRUES",
"SUER",
"CRUSE",
"SURD",
"DUES",
"CURDS",
"RUC",
"URD",
"DURE",
"SED",
"ECRU",
"CRUE",
"URDS",
"DRUSE",
"DUCE",
"DURES",
"CRED",
"RUDES",
"SER",
"USED",
"CRUDS",
"CRUDES",
"RUED",
"UDS",
"ECRUS",
"ECU",
"ECUS",
"DEUS",
"ERS",
"CRUS",
"DUCES",
"SUCRE",
"DUE",
"RUCS",
"CREDS",
"URES",
"SCUR",
"CURES",
"CUDS",
"CUD",
"URE",
"RECS",
"SEC",
"RUD",
"EDS",
"SUED",
"REDS",
"RUES",
"RES",
"SUD",
"RUDS",
"CURS",
"URDE",
"CUES"
],
"ws": [
{
"w": "CUE",
"v": true,
"row": 7,
"col": 8,
"def": "An action or event that is a signal for somebody to do something."
},
{
"w": "RED",
"v": true,
"row": 10,
"col": 4,
"def": "Having red as its colour."
},
{
"w": "SUE",
"v": false,
"row": 9,
"col": 6,
"def": "To follow."
},
{
"w": "USE",
"v": true,
"row": 8,
"col": 6,
"def": "The act of using."
},
{
"w": "RUE",
"v": false,
"row": 10,
"col": 4,
"def": "Repentance, regret."
},
{
"w": "CURE",
"v": false,
"row": 5,
"col": 10,
"def": "A method, device or medication that restores good health."
},
{
"w": "RUDE",
"v": false,
"row": 11,
"col": 1,
"def": "Bad mannered."
},
{
"w": "SURE",
"v": true,
"row": 9,
"col": 1,
"def": "Physically secure and certain, non-failing, reliable."
},
{
"w": "USER",
"v": false,
"row": 9,
"col": 0,
"def": "One who uses or makes use of something, a consumer."
},
{
"w": "CRUD",
"v": false,
"row": 6,
"col": 1,
"def": "Dirt, filth or refuse."
},
{
"w": "CURD",
"v": true,
"row": 3,
"col": 4,
"def": "The part of milk that coagulates when it sours or is treated with enzymes; used to make cottage cheese."
},
{
"w": "RUSE",
"v": true,
"row": 6,
"col": 2,
"def": "A trick."
},
{
"w": "CUED",
"v": false,
"row": 3,
"col": 4,
"def": "Simple past tense and past participle of cue."
},
{
"w": "SCUD",
"v": true,
"row": 0,
"col": 7,
"def": "To race along swiftly (especially used of clouds)."
},
{
"w": "CRUDE",
"v": true,
"row": 4,
"col": 12,
"def": "Being in a natural state."
},
{
"w": "CURED",
"v": false,
"row": 7,
"col": 8,
"def": "Simple past tense and past participle of cure."
},
{
"w": "CURSE",
"v": true,
"row": 5,
"col": 10,
"def": "A supernatural detriment or hindrance; a bane."
},
{
"w": "CURSED",
"v": false,
"row": 1,
"col": 7,
"def": "Something that has some sort of divine harm, malady, or other curse."
}
]
}