{
"id": 5023,
"sub_category": "Vast Packx",
"category": "Aurora Group",
"type": 0,
"letters": "BDEUZZ",
"mov": 16,
"shovels": 1,
"coins": 5,
"rows": 15,
"cols": 15,
"c": 0,
"b": -1,
"w": 7,
"h": 5,
"dws": [
"DEB",
"BEZ",
"ZUZ",
"ZED",
"ZEBU",
"BEDU"
],
"ws": [
{
"w": "BED",
"v": false,
"row": 0,
"col": 2,
"def": "A piece of furniture, usually flat and soft, to sleep on."
},
{
"w": "BUD",
"v": false,
"row": 4,
"col": 4,
"def": "A newly formed leaf or flower that has not yet unfolded."
},
{
"w": "DUE",
"v": true,
"row": 0,
"col": 4,
"def": "Owed or owing."
},
{
"w": "DUB",
"v": true,
"row": 0,
"col": 0,
"def": "To confer knighthood; the conclusion of the ceremony was marked by a tap on the shoulder with the sword."
},
{
"w": "BUZZ",
"v": true,
"row": 0,
"col": 2,
"def": "A continuous, humming noise, as of bees; a confused murmur, as of general conversation in low tones."
},
{
"w": "BUZZED",
"v": false,
"row": 2,
"col": 0,
"def": "Slightly intoxicated."
}
]
}