{
"id": 5025,
"sub_category": "Space Packx",
"category": "Aurora Group",
"type": 0,
"letters": "AINTVY",
"mov": 26,
"shovels": 1,
"coins": 5,
"rows": 15,
"cols": 15,
"c": 0,
"b": -1,
"w": 9,
"h": 9,
"dws": [
"AIT",
"NAV",
"TAIN",
"TIVY",
"TAI",
"NAT",
"ITA",
"AYIN",
"TAV",
"VANT",
"ANI",
"VIN",
"TIYN",
"AIN",
"VITA",
"VINY",
"TAY",
"VINT",
"VINA",
"TINA",
"TIAN",
"TYIN"
],
"ws": [
{
"w": "ANT",
"v": true,
"row": 6,
"col": 5,
"def": "Any of various insects in the family Formicidae in the order Hymenoptera, typically living in large colonies composed almost entirely of flightless females."
},
{
"w": "ANY",
"v": false,
"row": 6,
"col": 5,
"def": "To even the slightest extent, at all."
},
{
"w": "IVY",
"v": true,
"row": 4,
"col": 7,
"def": "Any of several woody, climbing, or trailing evergreen plants of the genus Hedera."
},
{
"w": "TAN",
"v": true,
"row": 2,
"col": 8,
"def": "A symbol of the trigonometric function tangent."
},
{
"w": "TIN",
"v": false,
"row": 4,
"col": 6,
"def": "A malleable, ductile, metallic element, resistant to corrosion, with atomic number 50 and symbol Sn."
},
{
"w": "VAN",
"v": true,
"row": 0,
"col": 6,
"def": "A (covered) vehicle used for carrying goods or people, usually roughly cuboid in shape, longer and higher than a car but smaller than a truck."
},
{
"w": "VIA",
"v": false,
"row": 1,
"col": 4,
"def": "A main road or highway, especially in ancient Rome. (Mainly used in set phrases, below.)."
},
{
"w": "NIT",
"v": false,
"row": 2,
"col": 6,
"def": "The egg of a louse."
},
{
"w": "NAY",
"v": true,
"row": 5,
"col": 3,
"def": "No."
},
{
"w": "VAT",
"v": true,
"row": 1,
"col": 4,
"def": "A large tub, such as is used for making wine or for tanning."
},
{
"w": "YIN",
"v": false,
"row": 7,
"col": 3,
"def": "The essential female principle in some Eastern religions and philosophies."
},
{
"w": "NAVY",
"v": false,
"row": 0,
"col": 0,
"def": "A country's entire sea force, including ships and personnel."
},
{
"w": "TINY",
"v": false,
"row": 5,
"col": 1,
"def": "Very small."
},
{
"w": "VAIN",
"v": true,
"row": 0,
"col": 2,
"def": "Overly proud of oneself, especially when concerning appearance."
},
{
"w": "ANTI",
"v": true,
"row": 3,
"col": 1,
"def": "Describing a torsion angle between 90\u00b0 and 180\u00b0."
},
{
"w": "VANITY",
"v": false,
"row": 3,
"col": 0,
"def": "That which is vain, futile, or worthless; that which is of no value, use or profit."
}
]
}