{
"id": 5028,
"sub_category": "Space Packx",
"category": "Aurora Group",
"type": 0,
"letters": "DDENOW",
"mov": 30,
"shovels": 1,
"coins": 5,
"rows": 15,
"cols": 15,
"c": 0,
"b": -1,
"w": 12,
"h": 10,
"dws": [
"NED",
"NOWED",
"WEND",
"EON",
"WEN",
"WONE",
"DOWD",
"EDDO",
"WOE",
"DOWED",
"END",
"OWE",
"DOEN",
"ENOW",
"NOW",
"DOD"
],
"ws": [
{
"w": "DEN",
"v": true,
"row": 2,
"col": 7,
"def": "The home of certain animals."
},
{
"w": "DEW",
"v": false,
"row": 3,
"col": 9,
"def": "Moisture in the air that settles on plants, etc in the morning, resulting in drops."
},
{
"w": "NEW",
"v": true,
"row": 1,
"col": 11,
"def": "Recently made, or created."
},
{
"w": "NOD",
"v": false,
"row": 5,
"col": 8,
"def": "To incline the head up and down, as to indicate agreement."
},
{
"w": "ODD",
"v": false,
"row": 7,
"col": 6,
"def": "Single; sole; singular; not having a mate."
},
{
"w": "ONE",
"v": true,
"row": 7,
"col": 6,
"def": "A numerical value equal to 1; the first number in the set of natural numbers (especially in number theory); the cardinality of the smallest nonempty set. Ordinal: first."
},
{
"w": "OWN",
"v": false,
"row": 8,
"col": 4,
"def": "To have rightful possession of (property, goods or capital); \"To possess by right; to have the right of property in; to have the legal right or rightful title to.\" (Ref 1)."
},
{
"w": "WON",
"v": false,
"row": 1,
"col": 9,
"def": "Simple past tense and past participle of win."
},
{
"w": "DOE",
"v": false,
"row": 2,
"col": 7,
"def": "A female deer; also used of similar animals such as reindeer, antelope, goat."
},
{
"w": "DOW",
"v": true,
"row": 7,
"col": 4,
"def": "To be worth."
},
{
"w": "ODE",
"v": true,
"row": 5,
"col": 3,
"def": "A short poetical composition proper to be set to music or sung; a lyric poem; esp., now, a poem characterized by sustained noble sentiment and appropriate dignity of style."
},
{
"w": "WED",
"v": true,
"row": 1,
"col": 9,
"def": "To perform the marriage ceremony for; to join in matrimony."
},
{
"w": "DON",
"v": false,
"row": 5,
"col": 2,
"def": "A university professor, particularly one at Oxford or Cambridge."
},
{
"w": "DONE",
"v": true,
"row": 0,
"col": 2,
"def": "Ready, fully cooked."
},
{
"w": "DOWN",
"v": true,
"row": 2,
"col": 4,
"def": "Hill, rolling grassland."
},
{
"w": "NODE",
"v": true,
"row": 5,
"col": 8,
"def": "A knot, knob, protuberance or swelling."
},
{
"w": "OWED",
"v": false,
"row": 7,
"col": 1,
"def": "Simple past tense and past participle of owe."
},
{
"w": "OWNED",
"v": false,
"row": 2,
"col": 0,
"def": "Simple past tense and past participle of own."
},
{
"w": "ENDOW",
"v": true,
"row": 3,
"col": 10,
"def": "To furnish with money or its equivalent, as a permanent fund for support; to make pecuniary provision for; to settle an income upon; especially, to furnish with dower; as, to endow a wife; to endow a public institution."
},
{
"w": "DOWNED",
"v": false,
"row": 0,
"col": 2,
"def": "Simple past tense and past participle of down."
}
]
}