{
"id": 5078,
"sub_category": "Crag Packx",
"category": "Crest Group",
"type": 0,
"letters": "DEELNR",
"mov": 22,
"shovels": 1,
"coins": 5,
"rows": 15,
"cols": 15,
"c": 0,
"b": -1,
"w": 11,
"h": 8,
"dws": [
"RED",
"LEED",
"DERE",
"ERN",
"ERE",
"ENDER",
"ERED",
"REED",
"DERN",
"ENE",
"DEE",
"ELD",
"DEER",
"DREE",
"LEE",
"REN",
"NEE",
"LERED",
"REE",
"REEN",
"NED",
"ERNE",
"LEDE",
"REDE",
"NEELD",
"DELE",
"LERE",
"DEEN",
"RELEND",
"DENE",
"EEN",
"DEL"
],
"ws": [
{
"w": "DEN",
"v": true,
"row": 2,
"col": 8,
"def": "The home of certain animals."
},
{
"w": "END",
"v": false,
"row": 3,
"col": 2,
"def": "The final point of something in space or time."
},
{
"w": "LED",
"v": false,
"row": 5,
"col": 0,
"def": "Simple past tense and past participle of lead."
},
{
"w": "EEL",
"v": false,
"row": 1,
"col": 4,
"def": "Any fish of the order Anguilliformes which are elongated and resemble snakes. There are freshwater and marine species."
},
{
"w": "LEND",
"v": true,
"row": 0,
"col": 4,
"def": "The lumbar region; loin."
},
{
"w": "NEED",
"v": false,
"row": 6,
"col": 4,
"def": "A requirement for something."
},
{
"w": "REEL",
"v": true,
"row": 2,
"col": 0,
"def": "A lively dance of the Highlanders of Scotland; also, the music to the dance; -- often called Scotch reel."
},
{
"w": "LEER",
"v": true,
"row": 1,
"col": 6,
"def": "A significant side glance; a glance expressive of some passion, as malignity, amorousness, etc.; a sly or lecherous look."
},
{
"w": "NERD",
"v": true,
"row": 0,
"col": 10,
"def": "A person who is intellectual but generally introverted."
},
{
"w": "REND",
"v": false,
"row": 4,
"col": 6,
"def": "To separate into parts with force or sudden violence; to tear asunder; to split; to burst."
},
{
"w": "ELDER",
"v": false,
"row": 2,
"col": 6,
"def": "Comparative of old; greater than another in age or seniority."
},
{
"w": "LENDER",
"v": true,
"row": 2,
"col": 2,
"def": "One who lends, especially money."
}
]
}