{
"id": 5083,
"sub_category": "Crag Packx",
"category": "Crest Group",
"type": 0,
"letters": "EIKNOV",
"mov": 20,
"shovels": 1,
"coins": 5,
"rows": 15,
"cols": 15,
"c": 0,
"b": -1,
"w": 9,
"h": 7,
"dws": [
"OINK",
"ONE",
"EVO",
"EON",
"NEK",
"EIKON",
"VOE",
"ENVOI",
"OVINE",
"ONIE",
"VIN",
"NIE",
"KOINE",
"ENOKI",
"OKE",
"KENO",
"KON",
"OIK",
"IKON",
"EIK",
"KINO",
"KINE",
"NEVI",
"KEN"
],
"ws": [
{
"w": "INK",
"v": false,
"row": 2,
"col": 5,
"def": "To apply a tattoo to (someone)."
},
{
"w": "ION",
"v": true,
"row": 1,
"col": 3,
"def": "An atom or group of atoms bearing an electrical charge such as the sodium and chlorine atoms in a salt solution."
},
{
"w": "KIN",
"v": true,
"row": 2,
"col": 7,
"def": "Race; family; breed; kind."
},
{
"w": "VIE",
"v": true,
"row": 4,
"col": 5,
"def": "To rival; to struggle for superiority; to contend; to compete eagerly so as to gain something."
},
{
"w": "KOI",
"v": true,
"row": 0,
"col": 5,
"def": "Ornamental domesticated varieties of the common carp, Cyprinus carpio, of Japan and eastern Asia with red-gold or white coloring."
},
{
"w": "OVEN",
"v": false,
"row": 3,
"col": 0,
"def": "A chamber used for baking or heating."
},
{
"w": "VEIN",
"v": true,
"row": 3,
"col": 1,
"def": "A blood vessel that transports blood from the capillaries back to the heart."
},
{
"w": "VINE",
"v": false,
"row": 4,
"col": 5,
"def": "The climbing plant that produces grapes."
},
{
"w": "VINO",
"v": false,
"row": 1,
"col": 2,
"def": "The Italian or Spanish word for wine used in combination in various terms adopted from these languages (see Derived terms below)."
},
{
"w": "INVOKE",
"v": false,
"row": 6,
"col": 0,
"def": "To call upon (a person, especially a god) for help, assistance or guidance."
}
]
}