{
"id": 5084,
"sub_category": "Crag Packx",
"category": "Crest Group",
"type": 0,
"letters": "EGIORT",
"mov": 30,
"shovels": 1,
"coins": 5,
"rows": 15,
"cols": 15,
"c": 0,
"b": -1,
"w": 12,
"h": 12,
"dws": [
"RET",
"RIT",
"GIE",
"TOE",
"REGO",
"ERGOT",
"ERGO",
"REG",
"GIRT",
"TRIG",
"GORI",
"GIRO",
"REI",
"TORI",
"GEIT",
"TOGE",
"GIT",
"REO",
"GRIOT",
"ERG",
"GERT",
"GOR",
"TEG",
"TOR",
"GROT",
"GOE",
"GEO",
"GITE",
"TRIE",
"TROG",
"ROE",
"TOG",
"GOER",
"ORG",
"ROTI",
"TIRO",
"GER",
"TIG",
"GOITRE",
"GIO",
"ORT",
"TRIGO",
"TIGE"
],
"ws": [
{
"w": "EGO",
"v": true,
"row": 3,
"col": 4,
"def": "The self, especially with a sense of self-importance."
},
{
"w": "GET",
"v": true,
"row": 4,
"col": 6,
"def": "To obtain; to acquire."
},
{
"w": "GOT",
"v": false,
"row": 4,
"col": 6,
"def": "Simple past of get."
},
{
"w": "ORE",
"v": false,
"row": 5,
"col": 4,
"def": "Rock that contains utilitarian materials; primarily a rock containing metals or gems which (at the time of the rock's evaluation and proposal for extraction) are able to be separated from its neighboring minerals and processed at a cost that does not exceed those materials' present-day economic values."
},
{
"w": "RIG",
"v": false,
"row": 4,
"col": 2,
"def": "The rigging of a sailing ship or other such craft."
},
{
"w": "ROT",
"v": true,
"row": 2,
"col": 8,
"def": "To suffer decomposition due to biological action, especially by fungi or bacteria."
},
{
"w": "TIE",
"v": false,
"row": 5,
"col": 9,
"def": "A necktie (item of clothing consisting of a strip of cloth tied around the neck)."
},
{
"w": "IRE",
"v": false,
"row": 3,
"col": 0,
"def": "Iron."
},
{
"w": "RIOT",
"v": false,
"row": 2,
"col": 8,
"def": "Wanton or unrestrained behavior; uproar; tumult."
},
{
"w": "TIRE",
"v": true,
"row": 2,
"col": 11,
"def": "To become sleepy or weary."
},
{
"w": "TORE",
"v": true,
"row": 5,
"col": 9,
"def": "Hard, difficult; wearisome, tedious."
},
{
"w": "TRIO",
"v": false,
"row": 6,
"col": 6,
"def": "A group of three people or things."
},
{
"w": "GRIT",
"v": true,
"row": 1,
"col": 0,
"def": "Collection of hard small materials, such as dirt, ground stone, debris from sandblasting or other such grinding, swarf from metalworking."
},
{
"w": "OGRE",
"v": false,
"row": 9,
"col": 4,
"def": "A type of brutish giant from folk tales that eats human flesh."
},
{
"w": "RITE",
"v": true,
"row": 6,
"col": 7,
"def": "A religious custom."
},
{
"w": "TIER",
"v": false,
"row": 8,
"col": 1,
"def": "One who ties (knots, etc)."
},
{
"w": "ROTE",
"v": true,
"row": 8,
"col": 4,
"def": "The process of learning or committing something to memory through mechanical repetition, usually by hearing and repeating aloud, often without full attention to comprehension or thought for the meaning."
},
{
"w": "GORE",
"v": false,
"row": 6,
"col": 0,
"def": "Dirt, filth."
},
{
"w": "TIGER",
"v": true,
"row": 0,
"col": 2,
"def": "Panthera tigris, a large predatory mammal of the cat family, indigenous to Asia."
},
{
"w": "GOITER",
"v": true,
"row": 5,
"col": 1,
"def": "Alternative spelling of goitre."
}
]
}