{
"id": 5093,
"sub_category": "High Pack",
"category": "Crest Group",
"type": 0,
"letters": "AENNTT",
"mov": 22,
"shovels": 1,
"coins": 5,
"rows": 15,
"cols": 15,
"c": 0,
"b": -1,
"w": 8,
"h": 8,
"dws": [
"ETA",
"TET",
"ANE",
"ATT",
"TAE",
"NAT",
"ANN",
"TEAT",
"TATE",
"ANENT",
"NAE",
"TANE",
"EAN",
"ETAT",
"NANE",
"NETT",
"TAT",
"ETNA"
],
"ws": [
{
"w": "ANT",
"v": false,
"row": 4,
"col": 2,
"def": "Any of various insects in the family Formicidae in the order Hymenoptera, typically living in large colonies composed almost entirely of flightless females."
},
{
"w": "ATE",
"v": false,
"row": 5,
"col": 4,
"def": "Simple past of eat."
},
{
"w": "EAT",
"v": true,
"row": 0,
"col": 7,
"def": "To consume (something solid or semi-solid, usually food) by putting it into the mouth and swallowing it."
},
{
"w": "NET",
"v": false,
"row": 2,
"col": 0,
"def": "A mesh of string, cord or rope."
},
{
"w": "TAN",
"v": true,
"row": 4,
"col": 4,
"def": "A symbol of the trigonometric function tangent."
},
{
"w": "TEA",
"v": true,
"row": 2,
"col": 2,
"def": "The dried leaves or buds of the tea plant, Camellia sinensis."
},
{
"w": "TEN",
"v": true,
"row": 0,
"col": 0,
"def": "A numerical value equal to 10; the number occurring after nine and before eleven, represented in Roman numerals as X, in Arabic numerals as 10, and in the hexadecimal system (base 16) as A."
},
{
"w": "NAN",
"v": true,
"row": 0,
"col": 4,
"def": "Affectionate name for a grandmother."
},
{
"w": "NEAT",
"v": false,
"row": 2,
"col": 4,
"def": "A bull or cow."
},
{
"w": "TENT",
"v": true,
"row": 4,
"col": 0,
"def": "A pavilion or portable lodge consisting of skins, canvas, or some strong cloth, stretched and sustained by poles, used for sheltering persons from the weather."
},
{
"w": "ANTE",
"v": true,
"row": 2,
"col": 6,
"def": "A price or cost, as in up the ante."
},
{
"w": "TENANT",
"v": false,
"row": 0,
"col": 0,
"def": "One who pays a fee (rent) in return for the use of land, buildings, or other property owned by others."
}
]
}