{
"id": 5097,
"sub_category": "High Pack",
"category": "Crest Group",
"type": 0,
"letters": "CEKOST",
"mov": 18,
"shovels": 1,
"coins": 5,
"rows": 15,
"cols": 15,
"c": 0,
"b": -1,
"w": 8,
"h": 6,
"dws": [
"SEKT",
"COS",
"OKES",
"COTS",
"TOE",
"SOT",
"KETS",
"SCOT",
"TOKE",
"ECO",
"ESTOC",
"SECO",
"SKET",
"OSE",
"TOC",
"TOCS",
"COSE",
"ESCOT",
"COSET",
"KOSE",
"KOS",
"TOES",
"TOCK",
"TEC",
"SOKE",
"SECT",
"TOSE",
"TECS",
"EST",
"TOCKS",
"SKEO",
"COKES",
"OES",
"TES",
"KETO",
"OKE",
"KET",
"SOC",
"SEC",
"COTE",
"COTES",
"KEST",
"ECOS",
"TSK",
"TOKES"
],
"ws": [
{
"w": "SET",
"v": false,
"row": 4,
"col": 0,
"def": "To put (something) down, to rest."
},
{
"w": "COT",
"v": false,
"row": 4,
"col": 5,
"def": "A symbol of the trigonometric function cotangent."
},
{
"w": "COKE",
"v": true,
"row": 0,
"col": 3,
"def": "Solid residue from roasting coal in a coke oven; used principally as a fuel and in the production of steel and formerly as a domestic fuel."
},
{
"w": "COST",
"v": true,
"row": 1,
"col": 7,
"def": "Manner; way; means; available course; contrivance."
},
{
"w": "SOCK",
"v": false,
"row": 0,
"col": 1,
"def": "A knitted or woven covering for the foot."
},
{
"w": "STOCK",
"v": true,
"row": 1,
"col": 5,
"def": "A store or supply."
},
{
"w": "STOKE",
"v": true,
"row": 0,
"col": 1,
"def": "To pierce; poke; thrust."
},
{
"w": "SOCKET",
"v": false,
"row": 2,
"col": 0,
"def": "An opening into which a plug or other connecting part is designed to fit (e.g. a light bulb socket)."
}
]
}