{
"id": 5110,
"sub_category": "Climb Packx",
"category": "Crest Group",
"type": 0,
"letters": "BENORR",
"mov": 24,
"shovels": 1,
"coins": 5,
"rows": 15,
"cols": 15,
"c": 0,
"b": -1,
"w": 10,
"h": 10,
"dws": [
"EON",
"RENO",
"BRER",
"ONER",
"ERN",
"RORE",
"REO",
"RONE",
"NOB",
"BRR",
"EBON",
"BOR",
"BONER",
"OBE",
"NEB",
"BREN",
"REN",
"BON",
"ROE",
"BEN",
"REB"
],
"ws": [
{
"w": "NOR",
"v": false,
"row": 3,
"col": 6,
"def": "Used to introduce a further negative statement."
},
{
"w": "ONE",
"v": false,
"row": 1,
"col": 6,
"def": "A numerical value equal to 1; the first number in the set of natural numbers (especially in number theory); the cardinality of the smallest nonempty set. Ordinal: first."
},
{
"w": "ORE",
"v": true,
"row": 2,
"col": 3,
"def": "Rock that contains utilitarian materials; primarily a rock containing metals or gems which (at the time of the rock's evaluation and proposal for extraction) are able to be separated from its neighboring minerals and processed at a cost that does not exceed those materials' present-day economic values."
},
{
"w": "ROB",
"v": true,
"row": 7,
"col": 7,
"def": "To steal from, especially using force or violence."
},
{
"w": "ORB",
"v": true,
"row": 3,
"col": 7,
"def": "A spherical body; a globe; especially, one of the celestial spheres; a sun, planet, or star."
},
{
"w": "BRO",
"v": false,
"row": 5,
"col": 7,
"def": "Brother; a male sibling."
},
{
"w": "ERR",
"v": true,
"row": 1,
"col": 8,
"def": "To make a mistake."
},
{
"w": "BONE",
"v": false,
"row": 4,
"col": 0,
"def": "A composite material consisting largely of calcium phosphate and collagen and making up the skeleton of most vertebrates."
},
{
"w": "BORE",
"v": false,
"row": 8,
"col": 6,
"def": "To make a hole through something."
},
{
"w": "BORN",
"v": true,
"row": 0,
"col": 6,
"def": "Past participle of bear; given birth to."
},
{
"w": "ROBE",
"v": true,
"row": 3,
"col": 1,
"def": "A long loose outer garment, often signifying honorary stature."
},
{
"w": "BORER",
"v": false,
"row": 2,
"col": 2,
"def": "A person who bores, who drills."
},
{
"w": "BORNE",
"v": true,
"row": 4,
"col": 9,
"def": "Carried, supported."
},
{
"w": "REBORN",
"v": false,
"row": 6,
"col": 0,
"def": "Revived or regenerated, especially emotionally or spiritually."
}
]
}