{
"id": 5117,
"sub_category": "Climb Packx",
"category": "Crest Group",
"type": 0,
"letters": "EEGRSY",
"mov": 18,
"shovels": 1,
"coins": 5,
"rows": 15,
"cols": 15,
"c": 0,
"b": -1,
"w": 7,
"h": 7,
"dws": [
"EYRES",
"EERY",
"YER",
"EYRE",
"REG",
"RYES",
"GYRES",
"GYRE",
"ERE",
"SEG",
"REES",
"SER",
"SEY",
"ERGS",
"GEY",
"ERG",
"ERES",
"SERE",
"GEES",
"REGES",
"ERS",
"GREE",
"SERGE",
"ESE",
"GRESE",
"EYERS",
"REGS",
"EYER",
"EYES",
"GREES",
"GERE",
"REE",
"EGRE",
"GREYS",
"GERES",
"GER",
"EGERS",
"RES",
"EGER",
"SYE"
],
"ws": [
{
"w": "EYE",
"v": true,
"row": 4,
"col": 5,
"def": "An organ that is sensitive to light, which it converts to electrical signals passed to the brain, by which means animals see."
},
{
"w": "GEE",
"v": false,
"row": 4,
"col": 4,
"def": "A general exclamation of surprise or frustration."
},
{
"w": "RYE",
"v": true,
"row": 2,
"col": 6,
"def": "Caraway (from the mistaken assumption that the whole seeds, often used to season rye bread, are the rye itself)."
},
{
"w": "SEE",
"v": true,
"row": 4,
"col": 2,
"def": "To perceive or detect with the eyes, or as if by sight."
},
{
"w": "YES",
"v": false,
"row": 4,
"col": 0,
"def": "A word used to show agreement or acceptance."
},
{
"w": "GREY",
"v": true,
"row": 1,
"col": 0,
"def": "Alternative form of gray."
},
{
"w": "SEER",
"v": false,
"row": 0,
"col": 2,
"def": "Agent noun of see; one who sees something; an eyewitness."
},
{
"w": "GEYSER",
"v": false,
"row": 6,
"col": 1,
"def": "A boiling natural spring which throws forth at frequent intervals jets of water, mud etc., driven up by the expansive power of steam."
}
]
}