{
"id": 5156,
"sub_category": "Path Pack",
"category": "Foliage Group",
"type": 0,
"letters": "ELRSTU",
"mov": 28,
"shovels": 1,
"coins": 5,
"rows": 15,
"cols": 15,
"c": 0,
"b": -1,
"w": 14,
"h": 12,
"dws": [
"RET",
"SUTLER",
"SUER",
"LUES",
"LES",
"STURE",
"ERST",
"TRES",
"LUTER",
"RULES",
"ULSTER",
"SLUT",
"SER",
"SLUE",
"LURES",
"UTE",
"UTES",
"TRUES",
"LUSTRE",
"RUTS",
"ELT",
"ULES",
"TULE",
"SEL",
"ERS",
"TEL",
"LUTES",
"RETS",
"SUET",
"LUSER",
"EST",
"SUE",
"ELTS",
"URES",
"UTS",
"TES",
"TELS",
"ELS",
"ULE",
"RUE",
"LEU",
"URE",
"LURS",
"TULES",
"LUR",
"RUES",
"RES",
"LETS",
"USE"
],
"ws": [
{
"w": "LET",
"v": true,
"row": 6,
"col": 7,
"def": "To allow to, not to prevent (+ infinitive, but usually without to)."
},
{
"w": "RUT",
"v": true,
"row": 4,
"col": 9,
"def": "Sexual desire or oestrus of cattle, and various other mammals."
},
{
"w": "SET",
"v": true,
"row": 2,
"col": 12,
"def": "To put (something) down, to rest."
},
{
"w": "LURE",
"v": false,
"row": 9,
"col": 1,
"def": "Something that tempts or attracts, especially one with a promise of reward or pleasure."
},
{
"w": "LUST",
"v": false,
"row": 8,
"col": 4,
"def": "To very strongly desire."
},
{
"w": "REST",
"v": false,
"row": 4,
"col": 9,
"def": "Relief from work or activity by sleeping; sleep."
},
{
"w": "RULE",
"v": true,
"row": 8,
"col": 2,
"def": "A regulation, law, guideline."
},
{
"w": "RUST",
"v": false,
"row": 2,
"col": 10,
"def": "The deteriorated state of iron or steel as a result of moisture and oxidation."
},
{
"w": "SURE",
"v": true,
"row": 0,
"col": 8,
"def": "Physically secure and certain, non-failing, reliable."
},
{
"w": "TRUE",
"v": true,
"row": 1,
"col": 10,
"def": "Conforming to the actual state of reality or fact; factually correct."
},
{
"w": "USER",
"v": true,
"row": 3,
"col": 4,
"def": "One who uses or makes use of something, a consumer."
},
{
"w": "LEST",
"v": true,
"row": 8,
"col": 4,
"def": "For fear that; that . . . not; in order that . . . not; in case."
},
{
"w": "LUTE",
"v": false,
"row": 6,
"col": 7,
"def": "A fretted stringed instrument, similar to a guitar, having a bowl-shaped body or soundbox."
},
{
"w": "RUSE",
"v": false,
"row": 5,
"col": 1,
"def": "A trick."
},
{
"w": "SLUR",
"v": false,
"row": 0,
"col": 0,
"def": "An insult or slight."
},
{
"w": "LUSTER",
"v": true,
"row": 0,
"col": 1,
"def": "Shine, polish or sparkle."
},
{
"w": "RESULT",
"v": false,
"row": 1,
"col": 5,
"def": "To proceed, spring or rise, as a consequence, from facts, arguments, premises, combination of circumstances, consultation, thought or endeavor."
},
{
"w": "RUSTLE",
"v": false,
"row": 3,
"col": 3,
"def": "A soft crackling sound similar to the movement of leaves."
}
]
}