{
"id": 5170,
"sub_category": "Lush Packx",
"category": "Foliage Group",
"type": 0,
"letters": "ADEHTW",
"mov": 30,
"shovels": 1,
"coins": 5,
"rows": 15,
"cols": 15,
"c": 0,
"b": -1,
"w": 13,
"h": 11,
"dws": [
"TEW",
"DAWT",
"HAET",
"AHED",
"HAWED",
"TAW",
"EDH",
"WHET",
"TWAE",
"DAE",
"TAE",
"HEAD",
"TEAD",
"DAW",
"WAT",
"EWT",
"HAE",
"HAW",
"EAT",
"WHAE",
"DAH",
"THAW",
"WHA",
"WADT",
"HET",
"DEW",
"DEAW",
"EATH",
"TWA",
"HAD",
"TAED",
"THEW",
"TED",
"WAH",
"ETH",
"ETA",
"WATE",
"WETA",
"HADE",
"TAWED",
"THAE",
"WAE",
"HAED"
],
"ws": [
{
"w": "ATE",
"v": true,
"row": 8,
"col": 6,
"def": "Simple past of eat."
},
{
"w": "AWE",
"v": false,
"row": 8,
"col": 6,
"def": "A feeling of fear and reverence."
},
{
"w": "HAT",
"v": false,
"row": 5,
"col": 9,
"def": "A covering for the head, often in the approximate form of a cone or a cylinder closed at its top end, and sometimes having a brim and other decoration."
},
{
"w": "TAD",
"v": false,
"row": 9,
"col": 8,
"def": "A small amount; a little bit."
},
{
"w": "TEA",
"v": true,
"row": 8,
"col": 4,
"def": "The dried leaves or buds of the tea plant, Camellia sinensis."
},
{
"w": "WAD",
"v": true,
"row": 7,
"col": 10,
"def": "An amorphous, compact mass."
},
{
"w": "WET",
"v": true,
"row": 7,
"col": 8,
"def": "Of an object, etc, covered with or impregnated with liquid."
},
{
"w": "HEW",
"v": true,
"row": 2,
"col": 6,
"def": "To chop away at; to whittle down; to mow down."
},
{
"w": "THE",
"v": true,
"row": 5,
"col": 11,
"def": "With a comparative or more and a verb phrase, establishes a parallel with one or more other such comparatives."
},
{
"w": "WED",
"v": false,
"row": 7,
"col": 10,
"def": "To perform the marriage ceremony for; to join in matrimony."
},
{
"w": "DATE",
"v": false,
"row": 10,
"col": 3,
"def": "The fruit of the date palm. This sweet fruit is somewhat in the shape of an olive, containing a soft pulp and enclosing a hard kernel."
},
{
"w": "HATE",
"v": false,
"row": 2,
"col": 6,
"def": "To dislike intensely; to feel strong hostility towards."
},
{
"w": "HEAT",
"v": false,
"row": 6,
"col": 0,
"def": "Thermal energy."
},
{
"w": "WADE",
"v": false,
"row": 3,
"col": 3,
"def": "To walk through water or something that impedes progress."
},
{
"w": "WHAT",
"v": true,
"row": 3,
"col": 3,
"def": "Which thing, event, circumstance, etc.: used interrogatively in asking for the specification of an identity, quantity, quality, etc."
},
{
"w": "AWED",
"v": true,
"row": 6,
"col": 2,
"def": "Simple past tense and past participle of awe."
},
{
"w": "DEATH",
"v": true,
"row": 1,
"col": 9,
"def": "The cessation of life and all associated processes; the end of an organism's existence as an entity independent from its environment and its return to an inert, nonliving state."
},
{
"w": "HATED",
"v": false,
"row": 0,
"col": 3,
"def": "Of something disliked; odious."
},
{
"w": "WHEAT",
"v": false,
"row": 8,
"col": 0,
"def": "Any of several cereal grains, of the genus Triticum, that yields flour as used in bakery."
},
{
"w": "THAWED",
"v": true,
"row": 5,
"col": 0,
"def": "Simple past tense and past participle of thaw."
}
]
}