{
"id": 5173,
"sub_category": "Lush Packx",
"category": "Foliage Group",
"type": 0,
"letters": "BEMPRU",
"mov": 24,
"shovels": 1,
"coins": 5,
"rows": 15,
"cols": 15,
"c": 0,
"b": -1,
"w": 11,
"h": 9,
"dws": [
"BRUME",
"MEU",
"BUM",
"UMP",
"PUBE",
"PURE",
"BUR",
"UMBE",
"URP",
"EMU",
"URE",
"MURE",
"UMBRE",
"BRU",
"REB",
"PREM",
"PUR",
"PUER",
"PRE",
"RUME",
"RUBE",
"ERM",
"URB"
],
"ws": [
{
"w": "PER",
"v": true,
"row": 4,
"col": 2,
"def": "For each."
},
{
"w": "PUB",
"v": true,
"row": 6,
"col": 3,
"def": "A public house, where beverages, primarily alcoholic, may be bought and drunk. Many pubs also provide food and/or entertainment."
},
{
"w": "RUB",
"v": true,
"row": 4,
"col": 0,
"def": "An act of rubbing."
},
{
"w": "RUM",
"v": true,
"row": 6,
"col": 5,
"def": "A distilled spirit derived from fermented cane sugar and molasses."
},
{
"w": "REP",
"v": false,
"row": 4,
"col": 0,
"def": "Short form of reputation."
},
{
"w": "RUE",
"v": false,
"row": 6,
"col": 5,
"def": "Repentance, regret."
},
{
"w": "REM",
"v": true,
"row": 5,
"col": 7,
"def": "Rapid eye movement, a sleep state."
},
{
"w": "BUMP",
"v": false,
"row": 8,
"col": 3,
"def": "A light blow or jolting collision."
},
{
"w": "BURP",
"v": false,
"row": 6,
"col": 0,
"def": "A belch."
},
{
"w": "RUMP",
"v": false,
"row": 5,
"col": 7,
"def": "The hindquarters of an animal."
},
{
"w": "BERM",
"v": true,
"row": 2,
"col": 9,
"def": "A narrow ledge or shelf, as along the top or bottom of a slope."
},
{
"w": "PERM",
"v": true,
"row": 0,
"col": 7,
"def": "A permanent."
},
{
"w": "UMBER",
"v": false,
"row": 3,
"col": 6,
"def": "A brown clay, somewhat darker than ochre, which contains iron and manganese oxides."
},
{
"w": "BUMPER",
"v": false,
"row": 0,
"col": 4,
"def": "A drinking vessel filled to the brim."
}
]
}