{
"id": 5180,
"sub_category": "Lush Packx",
"category": "Foliage Group",
"type": 0,
"letters": "AGHNTU",
"mov": 30,
"shovels": 1,
"coins": 5,
"rows": 15,
"cols": 15,
"c": 0,
"b": -1,
"w": 14,
"h": 11,
"dws": [
"GNU",
"HANT",
"UTA",
"TUNG",
"NUG",
"HUN",
"NAH",
"TANH",
"HAG",
"NAT",
"UNHAT",
"GUAN",
"THANG",
"AUGH",
"GAUN",
"TAU",
"HAN",
"GHAT",
"GAU",
"GHAUT",
"TUN",
"GANT",
"UGH",
"GUN",
"TUAN",
"GATH",
"HAUT",
"AUGHT",
"GAN",
"GAT",
"HAT",
"GUT",
"NTH"
],
"ws": [
{
"w": "ANT",
"v": false,
"row": 3,
"col": 9,
"def": "Any of various insects in the family Formicidae in the order Hymenoptera, typically living in large colonies composed almost entirely of flightless females."
},
{
"w": "HUG",
"v": false,
"row": 4,
"col": 11,
"def": "An affectionate close embrace."
},
{
"w": "HUT",
"v": true,
"row": 2,
"col": 7,
"def": "A small wooden shed."
},
{
"w": "NAG",
"v": true,
"row": 2,
"col": 9,
"def": "A small horse; a pony."
},
{
"w": "NUT",
"v": true,
"row": 0,
"col": 6,
"def": "A hard-shelled seed."
},
{
"w": "TAG",
"v": false,
"row": 4,
"col": 7,
"def": "A small label."
},
{
"w": "TAN",
"v": false,
"row": 0,
"col": 4,
"def": "A symbol of the trigonometric function tangent."
},
{
"w": "TUG",
"v": true,
"row": 0,
"col": 4,
"def": "To pull or drag with great effort."
},
{
"w": "AUNT",
"v": true,
"row": 2,
"col": 2,
"def": "A sister or sister-in-law of someone's parent."
},
{
"w": "HANG",
"v": false,
"row": 2,
"col": 1,
"def": "To be or remain suspended."
},
{
"w": "HUNG",
"v": false,
"row": 4,
"col": 0,
"def": "Simple past tense and past participle of hang."
},
{
"w": "HUNT",
"v": true,
"row": 4,
"col": 0,
"def": "To chase down prey and (usually) kill it."
},
{
"w": "TANG",
"v": true,
"row": 1,
"col": 13,
"def": "Tongue."
},
{
"w": "THAN",
"v": false,
"row": 2,
"col": 6,
"def": "(usually used with for) Because; for."
},
{
"w": "THUG",
"v": true,
"row": 3,
"col": 11,
"def": "To commit acts of thuggery, to live the life of a thug, or to dress and act in a manner reminiscent of someone who does."
},
{
"w": "TUNA",
"v": false,
"row": 7,
"col": 0,
"def": "Any of several species of fish, of the genus Thunnus, in the family Scombridae."
},
{
"w": "GNAT",
"v": false,
"row": 9,
"col": 2,
"def": "Any small insect of the order Diptera, specifically within the suborder Nematocera."
},
{
"w": "HAUNT",
"v": true,
"row": 6,
"col": 3,
"def": "To inhabit, or visit frequently (most often used in reference to ghosts)."
},
{
"w": "GAUNT",
"v": true,
"row": 5,
"col": 5,
"def": "Lean, angular, and bony."
},
{
"w": "NAUGHT",
"v": false,
"row": 8,
"col": 5,
"def": "(now rare or archaic in US, Canada) Zero."
}
]
}