{
"id": 52,
"sub_category": "Fog Pack",
"category": "Forest Group",
"type": 0,
"letters": "AEILN",
"mov": 16,
"shovels": 1,
"coins": 5,
"rows": 15,
"cols": 15,
"c": 0,
"b": -1,
"w": 6,
"h": 6,
"dws": [
"ANIL",
"NAE",
"ILEA",
"LEI",
"NEAL",
"ANE",
"EINA",
"EAN",
"ALE",
"ELAIN",
"LIANE",
"ANI",
"LEA",
"AINE",
"NIE",
"ANILE",
"AIN",
"ELAN",
"LIN",
"ALINE",
"AIL",
"NIL",
"LIEN",
"LAIN"
],
"ws": [
{
"w": "LIE",
"v": false,
"row": 5,
"col": 1,
"def": "To be in a horizontal position."
},
{
"w": "LANE",
"v": true,
"row": 1,
"col": 5,
"def": "A narrow passageway between fences, walls, hedges or trees."
},
{
"w": "LEAN",
"v": false,
"row": 0,
"col": 0,
"def": "To hang outwards."
},
{
"w": "LINE",
"v": true,
"row": 2,
"col": 3,
"def": "A path through two or more points (compare 'segment'); a continuous mark, including as made by a pen; any path, curved or straight."
},
{
"w": "NAIL",
"v": true,
"row": 2,
"col": 1,
"def": "To drive a nail."
},
{
"w": "ALIEN",
"v": false,
"row": 3,
"col": 1,
"def": "A person, animal, plant, or other thing which is from outside the family, group, organization, or territory under consideration."
}
]
}