{
"id": 5208,
"sub_category": "Marsh Packx",
"category": "Wildwood Group",
"type": 0,
"letters": "AEEGNT",
"mov": 30,
"shovels": 1,
"coins": 5,
"rows": 15,
"cols": 15,
"c": 0,
"b": -1,
"w": 13,
"h": 10,
"dws": [
"GANE",
"GENA",
"ATE",
"TENGE",
"NAE",
"GAEN",
"NEG",
"GEE",
"ETEN",
"TAG",
"ANE",
"TAE",
"GEAN",
"NAT",
"ENE",
"TENE",
"EAN",
"GEAT",
"TEG",
"AGEN",
"ENATE",
"GANT",
"GEN",
"NAG",
"NEE",
"ETNA",
"AGENE",
"ETA",
"GAN",
"GAT",
"AGEE",
"ENG",
"GETA",
"TANE",
"GENET",
"NETE",
"GAE",
"EEN"
],
"ws": [
{
"w": "AGE",
"v": true,
"row": 3,
"col": 1,
"def": "The whole duration of a being, whether animal, vegetable, or other kind; lifetime."
},
{
"w": "ANT",
"v": true,
"row": 5,
"col": 2,
"def": "Any of various insects in the family Formicidae in the order Hymenoptera, typically living in large colonies composed almost entirely of flightless females."
},
{
"w": "EAT",
"v": false,
"row": 5,
"col": 1,
"def": "To consume (something solid or semi-solid, usually food) by putting it into the mouth and swallowing it."
},
{
"w": "GET",
"v": true,
"row": 1,
"col": 0,
"def": "To obtain; to acquire."
},
{
"w": "NET",
"v": true,
"row": 0,
"col": 3,
"def": "A mesh of string, cord or rope."
},
{
"w": "TAN",
"v": false,
"row": 3,
"col": 0,
"def": "A symbol of the trigonometric function tangent."
},
{
"w": "TEA",
"v": false,
"row": 2,
"col": 3,
"def": "The dried leaves or buds of the tea plant, Camellia sinensis."
},
{
"w": "TEE",
"v": false,
"row": 9,
"col": 4,
"def": "The name of the Latin script letter T/t."
},
{
"w": "TEN",
"v": false,
"row": 7,
"col": 2,
"def": "A numerical value equal to 10; the number occurring after nine and before eleven, represented in Roman numerals as X, in Arabic numerals as 10, and in the hexadecimal system (base 16) as A."
},
{
"w": "GATE",
"v": false,
"row": 1,
"col": 0,
"def": "A doorlike structure outside a house."
},
{
"w": "GENE",
"v": true,
"row": 3,
"col": 8,
"def": "A unit of heredity; a segment of DNA or RNA that is transmitted from one generation to the next, and that carries genetic information such as the sequence of amino acids for a protein."
},
{
"w": "NEAT",
"v": true,
"row": 0,
"col": 5,
"def": "A bull or cow."
},
{
"w": "TANG",
"v": false,
"row": 3,
"col": 5,
"def": "Tongue."
},
{
"w": "TEEN",
"v": true,
"row": 6,
"col": 10,
"def": "A teenager, a person between 13 and 19 years old."
},
{
"w": "GENT",
"v": false,
"row": 8,
"col": 9,
"def": "A gentleman."
},
{
"w": "ANTE",
"v": true,
"row": 6,
"col": 6,
"def": "A price or cost, as in up the ante."
},
{
"w": "GNAT",
"v": true,
"row": 6,
"col": 4,
"def": "Any small insect of the order Diptera, specifically within the suborder Nematocera."
},
{
"w": "AGENT",
"v": false,
"row": 6,
"col": 6,
"def": "One who exerts power, or has the power to act; an actor."
},
{
"w": "EATEN",
"v": false,
"row": 1,
"col": 7,
"def": "Past participle of eat."
},
{
"w": "NEGATE",
"v": true,
"row": 4,
"col": 12,
"def": "To deny the existence, evidence, or truth of; to contradict."
}
]
}