{
"id": 5214,
"sub_category": "Marsh Packx",
"category": "Wildwood Group",
"type": 0,
"letters": "ACDESU",
"mov": 28,
"shovels": 1,
"coins": 5,
"rows": 15,
"cols": 15,
"c": 0,
"b": -1,
"w": 13,
"h": 11,
"dws": [
"SCAD",
"DUES",
"SED",
"DUCE",
"CASED",
"DAS",
"ACES",
"DACE",
"DAE",
"UDS",
"DAES",
"EAU",
"ECU",
"ECUS",
"EAUS",
"DEUS",
"CADE",
"SCAUD",
"DUCES",
"CADS",
"SAUCED",
"SADE",
"SAE",
"CUDS",
"ACE",
"SAU",
"ECADS",
"CUD",
"SEC",
"DACES",
"CADES",
"ECAD",
"EDS",
"EAS",
"AUE",
"SUD",
"AESC",
"CUES"
],
"ws": [
{
"w": "ADS",
"v": true,
"row": 4,
"col": 10,
"def": "Plural form of ad."
},
{
"w": "CUE",
"v": false,
"row": 6,
"col": 6,
"def": "An action or event that is a signal for somebody to do something."
},
{
"w": "DUE",
"v": true,
"row": 7,
"col": 3,
"def": "Owed or owing."
},
{
"w": "SAD",
"v": false,
"row": 5,
"col": 8,
"def": "Sated, having had one's fill; satisfied, weary."
},
{
"w": "SEA",
"v": true,
"row": 5,
"col": 8,
"def": "A large body of salty water. (Major seas are known as oceans.)."
},
{
"w": "SUE",
"v": false,
"row": 9,
"col": 1,
"def": "To follow."
},
{
"w": "USE",
"v": true,
"row": 8,
"col": 9,
"def": "The act of using."
},
{
"w": "CAD",
"v": true,
"row": 6,
"col": 6,
"def": "A person who stands at the door of an omnibus to open and shut it, and to receive fares; an idle hanger-on about innyards."
},
{
"w": "SAC",
"v": false,
"row": 6,
"col": 10,
"def": "A bag or pouch inside a plant or animal that typically contains a fluid."
},
{
"w": "CASE",
"v": true,
"row": 7,
"col": 1,
"def": "An actual event, situation, or fact."
},
{
"w": "USED",
"v": false,
"row": 8,
"col": 3,
"def": "Simple past tense and past participle of use."
},
{
"w": "SUED",
"v": false,
"row": 5,
"col": 1,
"def": "Simple past tense and past participle of sue."
},
{
"w": "ACED",
"v": false,
"row": 7,
"col": 0,
"def": "Simple past tense and past participle of ace."
},
{
"w": "CUED",
"v": true,
"row": 6,
"col": 12,
"def": "Simple past tense and past participle of cue."
},
{
"w": "SCUD",
"v": false,
"row": 9,
"col": 9,
"def": "To race along swiftly (especially used of clouds)."
},
{
"w": "CAUSE",
"v": true,
"row": 3,
"col": 2,
"def": "The source or reason of an event or action."
},
{
"w": "SAUCE",
"v": false,
"row": 1,
"col": 3,
"def": "A liquid (often thickened) condiment or accompaniment to food."
},
{
"w": "CAUSED",
"v": true,
"row": 0,
"col": 4,
"def": "Simple past tense and past participle of cause."
}
]
}