{
"id": 5215,
"sub_category": "Marsh Packx",
"category": "Wildwood Group",
"type": 0,
"letters": "CDEENT",
"mov": 16,
"shovels": 1,
"coins": 5,
"rows": 15,
"cols": 15,
"c": 0,
"b": -1,
"w": 6,
"h": 6,
"dws": [
"TEEN",
"CETE",
"END",
"ETEN",
"TEE",
"CEE",
"DEN",
"TEED",
"ENE",
"TENE",
"TEEND",
"TEC",
"DEE",
"CTENE",
"TEN",
"NEE",
"TED",
"DEET",
"NED",
"NET",
"DEEN",
"DENE",
"NETE",
"EEN"
],
"ws": [
{
"w": "CENT",
"v": true,
"row": 0,
"col": 5,
"def": "A coin having face value of one cent (in either of the above senses)."
},
{
"w": "DENT",
"v": false,
"row": 0,
"col": 0,
"def": "A shallow deformation in the surface of an object, produced by an impact."
},
{
"w": "NEED",
"v": true,
"row": 2,
"col": 3,
"def": "A requirement for something."
},
{
"w": "TEND",
"v": false,
"row": 5,
"col": 0,
"def": "To kindle; ignite; set on fire; light; inflame; burn."
},
{
"w": "CEDE",
"v": true,
"row": 2,
"col": 1,
"def": "To give up, give way, give away."
},
{
"w": "DECENT",
"v": false,
"row": 3,
"col": 0,
"def": "Appropriate; suitable for the circumstances."
}
]
}