{
"id": 5234,
"sub_category": "Solice Pack",
"category": "Wildwood Group",
"type": 0,
"letters": "EGILPT",
"mov": 30,
"shovels": 1,
"coins": 5,
"rows": 15,
"cols": 15,
"c": 0,
"b": -1,
"w": 11,
"h": 11,
"dws": [
"GIE",
"LIG",
"GLEI",
"LEI",
"LEPT",
"LIE",
"GEIT",
"ELT",
"PEL",
"GIP",
"GLIT",
"LIPE",
"TEL",
"PLIE",
"TEG",
"GILET",
"GEL",
"TEIL",
"GITE",
"GELT",
"LEG",
"TIG",
"LEP",
"PIET",
"TIGE"
],
"ws": [
{
"w": "GET",
"v": true,
"row": 8,
"col": 2,
"def": "To obtain; to acquire."
},
{
"w": "LET",
"v": false,
"row": 6,
"col": 0,
"def": "To allow to, not to prevent (+ infinitive, but usually without to)."
},
{
"w": "LIP",
"v": true,
"row": 6,
"col": 0,
"def": "Either of the two fleshy protrusions around the opening of the mouth."
},
{
"w": "LIT",
"v": true,
"row": 4,
"col": 2,
"def": "Little."
},
{
"w": "PET",
"v": true,
"row": 2,
"col": 0,
"def": "An animal kept as a companion."
},
{
"w": "PIE",
"v": true,
"row": 8,
"col": 5,
"def": "A type of pastry that consists of an outer crust and a filling."
},
{
"w": "PIG",
"v": false,
"row": 8,
"col": 0,
"def": "Any of several mammals of the genus Sus, having cloven hooves, bristles and a nose adapted for digging; especially the domesticated farm animal Sus scrofa."
},
{
"w": "PIT",
"v": false,
"row": 2,
"col": 0,
"def": "A hole in the ground."
},
{
"w": "TIE",
"v": true,
"row": 0,
"col": 5,
"def": "A necktie (item of clothing consisting of a strip of cloth tied around the neck)."
},
{
"w": "TIP",
"v": true,
"row": 2,
"col": 7,
"def": "A particular arena or sphere of interest; a front."
},
{
"w": "GIT",
"v": true,
"row": 0,
"col": 2,
"def": "A contemptible person."
},
{
"w": "PEG",
"v": false,
"row": 8,
"col": 5,
"def": "A cylindrical wooden, metal etc. object used to fasten or as a bearing between objects."
},
{
"w": "TIL",
"v": false,
"row": 4,
"col": 0,
"def": "Until, till."
},
{
"w": "PILE",
"v": false,
"row": 4,
"col": 7,
"def": "A dart; an arrow."
},
{
"w": "TILE",
"v": false,
"row": 10,
"col": 2,
"def": "A regularly-shaped slab of clay or other material, affixed to cover or decorate a surface, as in a roof-tile, glazed tile, stove tile, etc."
},
{
"w": "PELT",
"v": false,
"row": 2,
"col": 4,
"def": "The skin of a beast with the hair on; a raw or undressed hide; a skin preserved with the hairy or woolly covering on it."
},
{
"w": "GILT",
"v": false,
"row": 0,
"col": 2,
"def": "Gold or other metal in a thin layer; gilding."
},
{
"w": "LITE",
"v": true,
"row": 4,
"col": 9,
"def": "Light in composition, notably low in fat, calories etc.:."
},
{
"w": "LEGIT",
"v": true,
"row": 6,
"col": 7,
"def": "Legitimate; legal; allowed by the rules."
},
{
"w": "PIGLET",
"v": false,
"row": 6,
"col": 4,
"def": "A young pig; pigling."
}
]
}