{
"id": 5237,
"sub_category": "Solice Pack",
"category": "Wildwood Group",
"type": 0,
"letters": "EINNRW",
"mov": 20,
"shovels": 1,
"coins": 5,
"rows": 15,
"cols": 15,
"c": 0,
"b": -1,
"w": 9,
"h": 7,
"dws": [
"WREN",
"REW",
"NIE",
"WINN",
"WEN",
"RIN",
"WEIR",
"REN",
"NINER",
"RENIN",
"ERN",
"REI",
"REWIN",
"RINE"
],
"ws": [
{
"w": "INN",
"v": true,
"row": 0,
"col": 6,
"def": "Any establishment where travellers can procure lodging, food, and drink."
},
{
"w": "NEW",
"v": false,
"row": 1,
"col": 6,
"def": "Recently made, or created."
},
{
"w": "WIN",
"v": true,
"row": 2,
"col": 1,
"def": "Pleasure; joy; delight."
},
{
"w": "IRE",
"v": false,
"row": 3,
"col": 1,
"def": "Iron."
},
{
"w": "NINE",
"v": false,
"row": 4,
"col": 5,
"def": "A numerical value equal to 9; the number occurring after eight and before ten."
},
{
"w": "WINE",
"v": true,
"row": 1,
"col": 8,
"def": "An alcoholic beverage made by fermenting juice of grapes."
},
{
"w": "WIRE",
"v": true,
"row": 0,
"col": 3,
"def": "Metal formed into a thin, even thread, now usually by being drawn through a hole in a steel die."
},
{
"w": "REIN",
"v": false,
"row": 2,
"col": 3,
"def": "A strap or rope attached to the bridle or bit, used to control a horse, animal or young child."
},
{
"w": "INNER",
"v": true,
"row": 2,
"col": 5,
"def": "Being or occurring (farther) inside, situated farther in, located (situated) or happening on the inside of something, situated within or farther within contained within something (inner door, inner room, inner sanctum, inner surface)."
},
{
"w": "WINNER",
"v": false,
"row": 6,
"col": 0,
"def": "One who has won or often wins."
}
]
}