{
"id": 5248,
"sub_category": "Solice Pack",
"category": "Wildwood Group",
"type": 0,
"letters": "DEHINS",
"mov": 26,
"shovels": 1,
"coins": 5,
"rows": 15,
"cols": 15,
"c": 0,
"b": -1,
"w": 13,
"h": 12,
"dws": [
"HIDES",
"DIE",
"SEI",
"NID",
"HEID",
"NIDE",
"SED",
"NEDS",
"SIN",
"DINES",
"END",
"EDH",
"SIDHE",
"HES",
"SIEN",
"HIS",
"EDHS",
"SINH",
"HIN",
"HEND",
"EISH",
"DIN",
"DEN",
"SEN",
"DESI",
"NIS",
"SHEN",
"SHEND",
"NIED",
"EHS",
"DINS",
"DEI",
"HEN",
"SIND",
"HEIDS",
"DENIS",
"IDE",
"HIE",
"SHE",
"NIE",
"INS",
"NISH",
"IDES",
"SIDH",
"HISN",
"ISH",
"SNED",
"DESHI",
"ENS",
"HID",
"DIS",
"HENDS",
"NED",
"HINDS",
"HIES",
"EDS",
"DENI",
"IDS",
"DIES",
"NIDS",
"NIDES",
"NESH",
"HINS",
"NIES",
"HIED"
],
"ws": [
{
"w": "DENS",
"v": true,
"row": 7,
"col": 9,
"def": "Plural form of den."
},
{
"w": "DINE",
"v": true,
"row": 7,
"col": 7,
"def": "To eat; to eat dinner or supper."
},
{
"w": "DISH",
"v": true,
"row": 8,
"col": 4,
"def": "A vessel such as a plate for holding or serving food, often flat with a depressed region in the middle."
},
{
"w": "ENDS",
"v": true,
"row": 5,
"col": 1,
"def": "Plural form of end."
},
{
"w": "HENS",
"v": false,
"row": 5,
"col": 0,
"def": "Plural form of hen."
},
{
"w": "HIDE",
"v": true,
"row": 8,
"col": 12,
"def": "To put (something) in a place where it will be harder to discover or out of sight."
},
{
"w": "SEND",
"v": false,
"row": 8,
"col": 1,
"def": "To make something (such as an object or message) go from one place to another."
},
{
"w": "SHED",
"v": false,
"row": 10,
"col": 9,
"def": "To part or divide."
},
{
"w": "SHIN",
"v": true,
"row": 5,
"col": 3,
"def": "The front part of the leg below the knee; the front edge of the shin bone; the lower part of the leg; the shank."
},
{
"w": "SIDE",
"v": false,
"row": 8,
"col": 6,
"def": "A bounding straight edge of a two-dimensional shape."
},
{
"w": "HIND",
"v": false,
"row": 6,
"col": 3,
"def": "Located at the rear (most often said of animals' body parts)."
},
{
"w": "SINE",
"v": false,
"row": 10,
"col": 4,
"def": "In a right triangle, the ratio of the length of the side opposite an angle to the length of the hypotenuse."
},
{
"w": "SHINE",
"v": true,
"row": 3,
"col": 5,
"def": "To emit light."
},
{
"w": "SHIED",
"v": false,
"row": 4,
"col": 4,
"def": "Simple past tense and past participle of shy."
},
{
"w": "SNIDE",
"v": true,
"row": 0,
"col": 7,
"def": "Sharp."
},
{
"w": "SHINED",
"v": false,
"row": 1,
"col": 4,
"def": "Simple past tense and past participle of shine."
}
]
}