{
"id": 5277,
"sub_category": "Inlet Pack",
"category": "Wildwood Group",
"type": 0,
"letters": "DEELLW",
"mov": 22,
"shovels": 1,
"coins": 5,
"rows": 15,
"cols": 15,
"c": 0,
"b": -1,
"w": 9,
"h": 8,
"dws": [
"WEEL",
"ELD",
"LEED",
"LEDE",
"LEW",
"LEE",
"ELL",
"EEW",
"DELE",
"WEDEL",
"LED",
"DEE",
"DEL"
],
"ws": [
{
"w": "DEW",
"v": false,
"row": 6,
"col": 4,
"def": "Moisture in the air that settles on plants, etc in the morning, resulting in drops."
},
{
"w": "EWE",
"v": false,
"row": 5,
"col": 2,
"def": "A female sheep, as opposed to a ram."
},
{
"w": "WEE",
"v": true,
"row": 2,
"col": 5,
"def": "Small, little."
},
{
"w": "EEL",
"v": true,
"row": 5,
"col": 2,
"def": "Any fish of the order Anguilliformes which are elongated and resemble snakes. There are freshwater and marine species."
},
{
"w": "WED",
"v": true,
"row": 4,
"col": 4,
"def": "To perform the marriage ceremony for; to join in matrimony."
},
{
"w": "WEED",
"v": false,
"row": 2,
"col": 5,
"def": "Any plant growing in cultivated ground to the injury of the crop or desired vegetation, or to the disfigurement of the place; an unsightly, useless, or injurious plant."
},
{
"w": "WELD",
"v": true,
"row": 0,
"col": 2,
"def": "A herb (Reseda luteola) related to mignonette, growing in Europe, and to some extent in America, used to make a yellow dye; dyer's broom; dyer's rocket; dyer's weed; wild woad."
},
{
"w": "WELL",
"v": false,
"row": 4,
"col": 4,
"def": "Accurately, competently."
},
{
"w": "LEWD",
"v": true,
"row": 4,
"col": 6,
"def": "Lascivious, sexually promiscuous, rude."
},
{
"w": "DELL",
"v": false,
"row": 7,
"col": 0,
"def": "Valley."
},
{
"w": "DWELL",
"v": true,
"row": 0,
"col": 7,
"def": "A period of time in which a system or component remains in a given state."
},
{
"w": "WELLED",
"v": true,
"row": 2,
"col": 0,
"def": "Simple past tense and past participle of well."
}
]
}