{
"id": 5279,
"sub_category": "Inlet Pack",
"category": "Wildwood Group",
"type": 0,
"letters": "DEELPT",
"mov": 16,
"shovels": 1,
"coins": 5,
"rows": 15,
"cols": 15,
"c": 0,
"b": -1,
"w": 7,
"h": 6,
"dws": [
"LEED",
"EEL",
"DEP",
"LEPT",
"TEE",
"ELT",
"PEL",
"TEED",
"PEE",
"TEL",
"TELE",
"DEE",
"PED",
"TEEL",
"ELD",
"PEED",
"LEEP",
"PELE",
"LEE",
"LED",
"TED",
"DELT",
"DEET",
"LEET",
"LET",
"LEDE",
"LEP",
"DELE",
"TELD",
"DEL"
],
"ws": [
{
"w": "PET",
"v": true,
"row": 2,
"col": 3,
"def": "An animal kept as a companion."
},
{
"w": "DEEP",
"v": true,
"row": 2,
"col": 1,
"def": "Having its bottom far down."
},
{
"w": "PEEL",
"v": false,
"row": 0,
"col": 0,
"def": "To plunder; to pillage, rob."
},
{
"w": "PELT",
"v": false,
"row": 2,
"col": 3,
"def": "The skin of a beast with the hair on; a raw or undressed hide; a skin preserved with the hairy or woolly covering on it."
},
{
"w": "PLED",
"v": true,
"row": 1,
"col": 5,
"def": "Simple past tense and past participle of plead."
},
{
"w": "PELTED",
"v": false,
"row": 4,
"col": 0,
"def": "Simple past tense and past participle of pelt."
}
]
}