{
"id": 528,
"sub_category": "Bloom Pack",
"category": "Flora Group",
"type": 0,
"letters": "DEGLPU",
"mov": 24,
"shovels": 1,
"coins": 5,
"rows": 15,
"cols": 15,
"c": 0,
"b": -1,
"w": 11,
"h": 10,
"dws": [
"PUL",
"LUGE",
"PLU",
"DEP",
"PUDGE",
"GUE",
"DUPLE",
"LEUD",
"PEL",
"PULE",
"GUDE",
"GED",
"GUL",
"LUGED",
"PED",
"ELD",
"PULED",
"DEGU",
"GULE",
"DULE",
"ULE",
"LED",
"LEU",
"LUG",
"GELD",
"PLUE",
"LUDE",
"PUD",
"GUP",
"LEP",
"LUD",
"DUP",
"DEG",
"GLED",
"DEL"
],
"ws": [
{
"w": "DUE",
"v": false,
"row": 4,
"col": 1,
"def": "Owed or owing."
},
{
"w": "DUG",
"v": true,
"row": 2,
"col": 7,
"def": "Mammary gland on domestic mammal containing more than two breasts."
},
{
"w": "GEL",
"v": false,
"row": 7,
"col": 6,
"def": "A semi-solid to almost solid colloid of a solid and a liquid, such as jelly, cheese or opal."
},
{
"w": "LEG",
"v": true,
"row": 5,
"col": 6,
"def": "The lower limb of a human being or animal that extends from the groin to the ankle."
},
{
"w": "PUG",
"v": false,
"row": 6,
"col": 8,
"def": "The footprint of an animal. (Also pugmark) (From the Hindi for 'foot', related to Sanskrit 'padh' and Greek 'ped')."
},
{
"w": "PEG",
"v": true,
"row": 4,
"col": 10,
"def": "A cylindrical wooden, metal etc. object used to fasten or as a bearing between objects."
},
{
"w": "DUEL",
"v": false,
"row": 5,
"col": 3,
"def": "Arranged, regular combat between two private persons, often over a matter of honor."
},
{
"w": "GLUE",
"v": false,
"row": 7,
"col": 1,
"def": "A hard gelatin made by boiling bones and hides, used in solution as an adhesive; or any sticky adhesive substance."
},
{
"w": "PLUG",
"v": true,
"row": 6,
"col": 8,
"def": "A pronged connecting device which fits into a mating socket."
},
{
"w": "DUPE",
"v": true,
"row": 2,
"col": 5,
"def": "To swindle, deceive, or trick."
},
{
"w": "GULP",
"v": false,
"row": 4,
"col": 7,
"def": "The usual amount swallowed."
},
{
"w": "PLED",
"v": true,
"row": 2,
"col": 3,
"def": "Simple past tense and past participle of plead."
},
{
"w": "GLUED",
"v": true,
"row": 0,
"col": 1,
"def": "Simple past tense and past participle of glue."
},
{
"w": "GULPED",
"v": false,
"row": 2,
"col": 0,
"def": "Simple past tense and past participle of gulp."
}
]
}