{
"id": 5281,
"sub_category": "Tower Packx",
"category": "Bare Group",
"type": 0,
"letters": "EPRTTU",
"mov": 22,
"shovels": 1,
"coins": 5,
"rows": 15,
"cols": 15,
"c": 0,
"b": -1,
"w": 10,
"h": 8,
"dws": [
"URE",
"RET",
"UTE",
"TET",
"TUT",
"TUP",
"TRET",
"PUR",
"URP",
"PRE",
"RUE",
"PUER"
],
"ws": [
{
"w": "PER",
"v": false,
"row": 0,
"col": 2,
"def": "For each."
},
{
"w": "PET",
"v": true,
"row": 0,
"col": 2,
"def": "An animal kept as a companion."
},
{
"w": "PUT",
"v": false,
"row": 2,
"col": 0,
"def": "To place something somewhere."
},
{
"w": "RUT",
"v": true,
"row": 4,
"col": 2,
"def": "Sexual desire or oestrus of cattle, and various other mammals."
},
{
"w": "REP",
"v": true,
"row": 0,
"col": 4,
"def": "Short form of reputation."
},
{
"w": "PURE",
"v": true,
"row": 2,
"col": 0,
"def": "Free of flaws or imperfections; unsullied."
},
{
"w": "PUTT",
"v": false,
"row": 4,
"col": 5,
"def": "The act of tapping a golf ball lightly on a putting green."
},
{
"w": "TRUE",
"v": true,
"row": 2,
"col": 6,
"def": "Conforming to the actual state of reality or fact; factually correct."
},
{
"w": "PERT",
"v": true,
"row": 1,
"col": 8,
"def": "To behave with pertness."
},
{
"w": "ERUPT",
"v": false,
"row": 5,
"col": 0,
"def": "To violently eject."
},
{
"w": "UTTER",
"v": false,
"row": 7,
"col": 4,
"def": "To say."
},
{
"w": "PUTTER",
"v": false,
"row": 2,
"col": 4,
"def": "To be active, but not excessively busy, at a task or a series of tasks."
}
]
}