{
"id": 5299,
"sub_category": "Stone Pack",
"category": "Bare Group",
"type": 0,
"letters": "EELNSS",
"mov": 18,
"shovels": 1,
"coins": 5,
"rows": 15,
"cols": 15,
"c": 0,
"b": -1,
"w": 8,
"h": 6,
"dws": [
"SEES",
"LES",
"SENES",
"LENES",
"ESNE",
"SLEE",
"NESS",
"SENS",
"EELS",
"SELE",
"SEN",
"ENE",
"SEL",
"LENSE",
"LESES",
"ESE",
"SELES",
"SNEES",
"LEES",
"ESS",
"LEE",
"SELS",
"ENES",
"NEE",
"ELS",
"SESE",
"SENE",
"ESES",
"ENS",
"LENSES",
"SEEL",
"SEELS",
"ESSE",
"ESNES",
"SNEE",
"EEN"
],
"ws": [
{
"w": "SEE",
"v": true,
"row": 3,
"col": 3,
"def": "To perceive or detect with the eyes, or as if by sight."
},
{
"w": "EEL",
"v": true,
"row": 3,
"col": 1,
"def": "Any fish of the order Anguilliformes which are elongated and resemble snakes. There are freshwater and marine species."
},
{
"w": "ELSE",
"v": false,
"row": 5,
"col": 0,
"def": "Other; in addition to previously mentioned items."
},
{
"w": "LENS",
"v": true,
"row": 0,
"col": 7,
"def": "An object, usually made of glass, that focuses or defocuses the light that passes through it."
},
{
"w": "LESS",
"v": true,
"row": 0,
"col": 2,
"def": "To smaller extent."
},
{
"w": "SEEN",
"v": true,
"row": 0,
"col": 5,
"def": "Past participle of see."
},
{
"w": "SENSE",
"v": false,
"row": 1,
"col": 1,
"def": "One of the methods for a living being to gather data about the world; sight, smell, hearing, touch, taste."
},
{
"w": "LESSEN",
"v": false,
"row": 3,
"col": 0,
"def": "To make less; to diminish; to reduce."
}
]
}