{
"id": 5310,
"sub_category": "Stone Pack",
"category": "Bare Group",
"type": 0,
"letters": "CDERUV",
"mov": 22,
"shovels": 1,
"coins": 5,
"rows": 15,
"cols": 15,
"c": 0,
"b": -1,
"w": 11,
"h": 10,
"dws": [
"REC",
"CRU",
"RUC",
"URD",
"DURE",
"ECRU",
"CRUE",
"DUCE",
"CRED",
"CUE",
"DEV",
"RUED",
"CRUVE",
"ERUV",
"ECU",
"REV",
"VERD",
"DERV",
"RUE",
"CUD",
"URE",
"RUD",
"URDE"
],
"ws": [
{
"w": "DUE",
"v": false,
"row": 4,
"col": 8,
"def": "Owed or owing."
},
{
"w": "RED",
"v": false,
"row": 5,
"col": 4,
"def": "Having red as its colour."
},
{
"w": "CUR",
"v": false,
"row": 2,
"col": 6,
"def": "A mongrel or inferior dog."
},
{
"w": "CURE",
"v": true,
"row": 3,
"col": 4,
"def": "A method, device or medication that restores good health."
},
{
"w": "RUDE",
"v": false,
"row": 8,
"col": 0,
"def": "Bad mannered."
},
{
"w": "CRUD",
"v": true,
"row": 5,
"col": 2,
"def": "Dirt, filth or refuse."
},
{
"w": "CURD",
"v": true,
"row": 6,
"col": 0,
"def": "The part of milk that coagulates when it sours or is treated with enzymes; used to make cottage cheese."
},
{
"w": "CUED",
"v": true,
"row": 2,
"col": 6,
"def": "Simple past tense and past participle of cue."
},
{
"w": "CRUDE",
"v": true,
"row": 1,
"col": 8,
"def": "Being in a natural state."
},
{
"w": "CURED",
"v": false,
"row": 1,
"col": 0,
"def": "Simple past tense and past participle of cure."
},
{
"w": "CURVE",
"v": false,
"row": 6,
"col": 0,
"def": "Bent without angles; crooked; curved."
},
{
"w": "CURVED",
"v": true,
"row": 0,
"col": 10,
"def": "Having a curve or curves."
}
]
}