{
"id": 5311,
"sub_category": "Stone Pack",
"category": "Bare Group",
"type": 0,
"letters": "EEMORV",
"mov": 18,
"shovels": 1,
"coins": 5,
"rows": 15,
"cols": 15,
"c": 0,
"b": -1,
"w": 7,
"h": 7,
"dws": [
"EMO",
"EVO",
"ERE",
"EME",
"VOMER",
"EREV",
"MOVE",
"OMER",
"VEE",
"MOE",
"REO",
"VOE",
"ORE",
"REV",
"OVER",
"MOR",
"MEE",
"ROVE",
"REE",
"ROE",
"ROM",
"EVOE",
"EMOVE",
"MEER",
"MEVE",
"VOR",
"ERM"
],
"ws": [
{
"w": "EVE",
"v": false,
"row": 1,
"col": 4,
"def": "The day or night before, usually used for holidays, such as Christmas Eve."
},
{
"w": "REM",
"v": true,
"row": 4,
"col": 3,
"def": "Rapid eye movement, a sleep state."
},
{
"w": "EVER",
"v": false,
"row": 4,
"col": 0,
"def": "Always."
},
{
"w": "MERE",
"v": true,
"row": 0,
"col": 6,
"def": "The sea."
},
{
"w": "MORE",
"v": false,
"row": 2,
"col": 1,
"def": "Comparative form of many: in greater number. (Used for a discrete quantity.)."
},
{
"w": "VEER",
"v": true,
"row": 0,
"col": 4,
"def": "A turn or swerve; an instance of veering."
},
{
"w": "MOVER",
"v": true,
"row": 2,
"col": 1,
"def": "Someone who or something which moves."
},
{
"w": "REMOVE",
"v": false,
"row": 6,
"col": 1,
"def": "To move something from one place to another, especially to take away."
}
]
}