{
"id": 5312,
"sub_category": "Stone Pack",
"category": "Bare Group",
"type": 0,
"letters": "EILLNT",
"mov": 30,
"shovels": 1,
"coins": 5,
"rows": 15,
"cols": 15,
"c": 0,
"b": -1,
"w": 13,
"h": 10,
"dws": [
"TIL",
"INTEL",
"NILL",
"TELLIN",
"NIE",
"ELT",
"TEIL",
"ILL",
"NIT",
"LIN",
"LEI",
"NITE",
"ELL",
"ELINT",
"TEL",
"LENT",
"TEIN"
],
"ws": [
{
"w": "LET",
"v": true,
"row": 7,
"col": 8,
"def": "To allow to, not to prevent (+ infinitive, but usually without to)."
},
{
"w": "LIE",
"v": true,
"row": 7,
"col": 10,
"def": "To be in a horizontal position."
},
{
"w": "LIT",
"v": false,
"row": 7,
"col": 10,
"def": "Little."
},
{
"w": "NET",
"v": true,
"row": 5,
"col": 12,
"def": "A mesh of string, cord or rope."
},
{
"w": "TEN",
"v": false,
"row": 5,
"col": 10,
"def": "A numerical value equal to 10; the number occurring after nine and before eleven, represented in Roman numerals as X, in Arabic numerals as 10, and in the hexadecimal system (base 16) as A."
},
{
"w": "TIE",
"v": false,
"row": 9,
"col": 8,
"def": "A necktie (item of clothing consisting of a strip of cloth tied around the neck)."
},
{
"w": "TIN",
"v": true,
"row": 7,
"col": 5,
"def": "A malleable, ductile, metallic element, resistant to corrosion, with atomic number 50 and symbol Sn."
},
{
"w": "NIL",
"v": false,
"row": 2,
"col": 9,
"def": "Nothing; zero."
},
{
"w": "LINE",
"v": true,
"row": 2,
"col": 11,
"def": "A path through two or more points (compare 'segment'); a continuous mark, including as made by a pen; any path, curved or straight."
},
{
"w": "TELL",
"v": false,
"row": 7,
"col": 5,
"def": "To count, reckon, or enumerate."
},
{
"w": "TILE",
"v": false,
"row": 0,
"col": 7,
"def": "A regularly-shaped slab of clay or other material, affixed to cover or decorate a surface, as in a roof-tile, glazed tile, stove tile, etc."
},
{
"w": "TILL",
"v": true,
"row": 0,
"col": 7,
"def": "To."
},
{
"w": "LILT",
"v": true,
"row": 2,
"col": 5,
"def": "To do something rhythmically, with animation and quickness, usually of music."
},
{
"w": "LINT",
"v": true,
"row": 0,
"col": 9,
"def": "A fine material made by scraping cotton or linen cloth; used for dressing wounds."
},
{
"w": "LITE",
"v": false,
"row": 5,
"col": 3,
"def": "Light in composition, notably low in fat, calories etc.:."
},
{
"w": "LIEN",
"v": true,
"row": 5,
"col": 3,
"def": "A tendon."
},
{
"w": "TINE",
"v": false,
"row": 7,
"col": 0,
"def": "A spike or point on an implement or tool, especially a prong of a fork or a tooth of a comb."
},
{
"w": "INLET",
"v": false,
"row": 3,
"col": 5,
"def": "To let in; admit."
},
{
"w": "LENTIL",
"v": true,
"row": 4,
"col": 0,
"def": "Any of several plants of the genus Lens, especially Lens culinaris, from southwest Asia, that have edible, lens-shaped seeds within flattened pods."
},
{
"w": "LINTEL",
"v": false,
"row": 0,
"col": 0,
"def": "A horizontal structural beam spanning an opening, such as between the uprights of a door or a window, and which supports the wall above."
}
]
}