{
"id": 5324,
"sub_category": "Desert Pack",
"category": "Bare Group",
"type": 0,
"letters": "DEIRTV",
"mov": 30,
"shovels": 1,
"coins": 5,
"rows": 15,
"cols": 15,
"c": 0,
"b": -1,
"w": 14,
"h": 13,
"dws": [
"RET",
"RED",
"RIT",
"VITE",
"DIE",
"TIED",
"REI",
"RIVE",
"TRIDE",
"DEV",
"VIDE",
"DEVI",
"VIER",
"TID",
"VIRE",
"DEI",
"REV",
"IDE",
"VERD",
"DERV",
"VERT",
"DIT",
"VID",
"TIE",
"RIVED",
"TRIE",
"TED",
"DIV",
"IRED",
"DITE",
"IRE"
],
"ws": [
{
"w": "RID",
"v": true,
"row": 5,
"col": 2,
"def": "Released from an obligation, problem, etc. (usually followed by \"of\")."
},
{
"w": "VET",
"v": true,
"row": 2,
"col": 3,
"def": "A veterinarian or veterinary surgeon."
},
{
"w": "VIE",
"v": false,
"row": 2,
"col": 3,
"def": "To rival; to struggle for superiority; to contend; to compete eagerly so as to gain something."
},
{
"w": "DIET",
"v": true,
"row": 0,
"col": 5,
"def": "The food and beverage a person or animal consumes."
},
{
"w": "DIRE",
"v": false,
"row": 3,
"col": 0,
"def": "Ill-boding; portentous."
},
{
"w": "DIRT",
"v": false,
"row": 0,
"col": 5,
"def": "Soil or earth."
},
{
"w": "DIVE",
"v": true,
"row": 3,
"col": 0,
"def": "To swim under water."
},
{
"w": "EDIT",
"v": false,
"row": 6,
"col": 0,
"def": "A change to the text of a document."
},
{
"w": "RIDE",
"v": true,
"row": 0,
"col": 7,
"def": "To play defense on the defensemen or midfielders, as an attackman."
},
{
"w": "TIDE",
"v": false,
"row": 6,
"col": 5,
"def": "The periodic change of the sea level, particularly when caused by the gravitational influence of the sun and the moon."
},
{
"w": "TIRE",
"v": true,
"row": 5,
"col": 6,
"def": "To become sleepy or weary."
},
{
"w": "RITE",
"v": true,
"row": 3,
"col": 8,
"def": "A religious custom."
},
{
"w": "TIER",
"v": false,
"row": 3,
"col": 5,
"def": "One who ties (knots, etc)."
},
{
"w": "VIED",
"v": false,
"row": 8,
"col": 4,
"def": "Simple past tense and past participle of vie."
},
{
"w": "DIVER",
"v": true,
"row": 8,
"col": 7,
"def": "Someone who dives, especially as a sport."
},
{
"w": "DRIVE",
"v": true,
"row": 2,
"col": 10,
"def": "To herd (animals) in a particular direction."
},
{
"w": "TIRED",
"v": false,
"row": 12,
"col": 5,
"def": "Simple past tense and past participle of tire."
},
{
"w": "TRIED",
"v": true,
"row": 8,
"col": 9,
"def": "Simple past tense and past participle of try."
},
{
"w": "RIVET",
"v": false,
"row": 9,
"col": 9,
"def": "A cylindrical mechanical fastener that attaches multiple parts together by fitting through a hole and deforming the head(s) at either end."
},
{
"w": "DIVERT",
"v": true,
"row": 6,
"col": 12,
"def": "To turn aside from a course."
}
]
}