{
"id": 5339,
"sub_category": "Knoll Pack",
"category": "Bare Group",
"type": 0,
"letters": "EMORRT",
"mov": 18,
"shovels": 1,
"coins": 5,
"rows": 15,
"cols": 15,
"c": 0,
"b": -1,
"w": 8,
"h": 8,
"dws": [
"RET",
"EMO",
"MET",
"TOE",
"REM",
"ROT",
"RORE",
"OMER",
"MOT",
"MOE",
"REO",
"TORR",
"TOM",
"RORT",
"ORE",
"TERM",
"TOR",
"ERR",
"MOR",
"ORMER",
"MORT",
"ROE",
"ROM",
"TERMOR",
"TREM",
"ORT",
"ERM"
],
"ws": [
{
"w": "MORE",
"v": false,
"row": 3,
"col": 0,
"def": "Comparative form of many: in greater number. (Used for a discrete quantity.)."
},
{
"w": "TORE",
"v": false,
"row": 4,
"col": 4,
"def": "Hard, difficult; wearisome, tedious."
},
{
"w": "ROTE",
"v": false,
"row": 1,
"col": 2,
"def": "The process of learning or committing something to memory through mechanical repetition, usually by hearing and repeating aloud, often without full attention to comprehension or thought for the meaning."
},
{
"w": "TOME",
"v": true,
"row": 4,
"col": 4,
"def": "One in a series of volumes."
},
{
"w": "MOTE",
"v": true,
"row": 0,
"col": 3,
"def": "A small particle; a speck."
},
{
"w": "METRO",
"v": true,
"row": 0,
"col": 5,
"def": "An underground railway."
},
{
"w": "RETRO",
"v": true,
"row": 3,
"col": 2,
"def": "Of, or relating to the past, past times, or the way things were."
},
{
"w": "TREMOR",
"v": false,
"row": 6,
"col": 1,
"def": "A shake, quiver, or vibration."
}
]
}