{
"id": 5347,
"sub_category": "Brink Pack",
"category": "Bare Group",
"type": 0,
"letters": "CIMSTY",
"mov": 18,
"shovels": 1,
"coins": 5,
"rows": 15,
"cols": 15,
"c": 0,
"b": -1,
"w": 7,
"h": 7,
"dws": [
"CITS",
"SIC",
"MICS",
"STIMY",
"CIST",
"TIC",
"MYC",
"ICY",
"SIM",
"MIS",
"TICS",
"MIC",
"ISM",
"CIT",
"STY",
"SMIT",
"CIS",
"MITY",
"STIM",
"MYCS"
],
"ws": [
{
"w": "ITS",
"v": true,
"row": 2,
"col": 3,
"def": "The one (or ones) belonging to it."
},
{
"w": "SIT",
"v": false,
"row": 6,
"col": 4,
"def": "To be in a position in which the upper body is upright and the legs (especially the upper legs) are supported by some object."
},
{
"w": "TIS",
"v": true,
"row": 4,
"col": 4,
"def": "Plural of til."
},
{
"w": "CITY",
"v": true,
"row": 0,
"col": 5,
"def": "A large settlement, bigger than a town."
},
{
"w": "MIST",
"v": true,
"row": 0,
"col": 0,
"def": "Water or other liquid finely suspended in air."
},
{
"w": "CYST",
"v": false,
"row": 4,
"col": 1,
"def": "A pouch or sac without opening, usually membranous and containing morbid matter, which develops in one of the natural cavities or in the substance of an organ."
},
{
"w": "MISTY",
"v": false,
"row": 2,
"col": 2,
"def": "With mist; foggy."
},
{
"w": "MYSTIC",
"v": false,
"row": 0,
"col": 0,
"def": "Of, or relating to mystics, mysticism or occult mysteries; mystical."
}
]
}