{
"id": 5352,
"sub_category": "Brink Pack",
"category": "Bare Group",
"type": 0,
"letters": "BEEHST",
"mov": 24,
"shovels": 1,
"coins": 5,
"rows": 15,
"cols": 15,
"c": 0,
"b": -1,
"w": 11,
"h": 9,
"dws": [
"HEST",
"HEBE",
"HETE",
"HETS",
"HEBES",
"HES",
"THEBES",
"BEETS",
"BEES",
"BETE",
"BES",
"EHS",
"SHET",
"ETHE",
"EST",
"ESE",
"BETS",
"TEES",
"THEBE",
"HET",
"BETH",
"TES",
"STEE",
"BETHS",
"ETH",
"BETES",
"ETHS"
],
"ws": [
{
"w": "BEE",
"v": true,
"row": 3,
"col": 6,
"def": "A flying insect, of the superfamily Apoidea, known for their organised societies, for collecting pollen, and producing wax and honey."
},
{
"w": "BET",
"v": false,
"row": 5,
"col": 5,
"def": "A wager, an agreement between two parties that a stake (usually money) will be paid by the loser to the winner (the winner being the one who correctly forecast the outcome of an event)."
},
{
"w": "SEE",
"v": true,
"row": 1,
"col": 7,
"def": "To perceive or detect with the eyes, or as if by sight."
},
{
"w": "SET",
"v": false,
"row": 1,
"col": 7,
"def": "To put (something) down, to rest."
},
{
"w": "SHE",
"v": false,
"row": 7,
"col": 5,
"def": "A female person or animal."
},
{
"w": "TEE",
"v": true,
"row": 5,
"col": 7,
"def": "The name of the Latin script letter T/t."
},
{
"w": "THE",
"v": false,
"row": 6,
"col": 3,
"def": "With a comparative or more and a verb phrase, establishes a parallel with one or more other such comparatives."
},
{
"w": "BEST",
"v": true,
"row": 5,
"col": 5,
"def": "Superlative form of good: most good."
},
{
"w": "THEE",
"v": true,
"row": 1,
"col": 9,
"def": "Objective case of thou."
},
{
"w": "BEET",
"v": true,
"row": 3,
"col": 3,
"def": "Beta vulgaris, a plant with a swollen root which is eaten or used to make sugar."
},
{
"w": "SHEET",
"v": false,
"row": 4,
"col": 0,
"def": "A thin bed cloth used as a covering for a mattress or as a layer over the sleeper."
},
{
"w": "THESE",
"v": false,
"row": 0,
"col": 1,
"def": "Plural form of this."
},
{
"w": "BESET",
"v": false,
"row": 3,
"col": 6,
"def": "To surround or hem in."
},
{
"w": "BEHEST",
"v": true,
"row": 2,
"col": 1,
"def": "To promise; vow."
}
]
}