{
"id": 5370,
"sub_category": "Under Pack",
"category": "High+seas Group",
"type": 0,
"letters": "EEILSV",
"mov": 22,
"shovels": 1,
"coins": 5,
"rows": 15,
"cols": 15,
"c": 0,
"b": -1,
"w": 11,
"h": 10,
"dws": [
"VIES",
"SEI",
"LEVS",
"EEL",
"LES",
"VLEI",
"LEI",
"LIE",
"VELES",
"ELVE",
"LEIS",
"LIS",
"SILE",
"VLIES",
"SLEE",
"LEVIS",
"EVES",
"VEE",
"EVILS",
"SELE",
"SEL",
"LEV",
"LIEVE",
"EISEL",
"LEVE",
"ESE",
"VELE",
"LEES",
"EVE",
"LEE",
"VEILS",
"ELS",
"SLIVE",
"VLEIS",
"SEEL",
"SEV",
"SLIEVE",
"LIVES",
"VIE",
"SEIL",
"VIS",
"SEE",
"VEES"
],
"ws": [
{
"w": "ELSE",
"v": false,
"row": 7,
"col": 3,
"def": "Other; in addition to previously mentioned items."
},
{
"w": "EVIL",
"v": false,
"row": 4,
"col": 7,
"def": "Intending to harm; malevolent."
},
{
"w": "LIES",
"v": false,
"row": 9,
"col": 6,
"def": "Plural form of lie."
},
{
"w": "LIVE",
"v": true,
"row": 6,
"col": 8,
"def": "To be alive; to have life."
},
{
"w": "VILE",
"v": false,
"row": 6,
"col": 6,
"def": "Morally low; base; despicable."
},
{
"w": "ISLE",
"v": true,
"row": 4,
"col": 3,
"def": "An island."
},
{
"w": "VEIL",
"v": true,
"row": 6,
"col": 6,
"def": "Something hung up, or spread out, to intercept the view, and hide an object; a cover; a curtain; esp., a screen, usually of gauze, crape, or similar diaphanous material, to hide or protect the face."
},
{
"w": "EELS",
"v": false,
"row": 0,
"col": 4,
"def": "Plural form of eel."
},
{
"w": "VISE",
"v": true,
"row": 3,
"col": 9,
"def": "An instrument consisting of two jaws, closing by a screw, lever, cam, or the like, for holding work, as in filing."
},
{
"w": "ELVES",
"v": true,
"row": 0,
"col": 5,
"def": "Plural form of elf."
},
{
"w": "SIEVE",
"v": true,
"row": 0,
"col": 7,
"def": "A device to separate larger objects from smaller objects, or to separate solid objects from a liquid."
},
{
"w": "LEVIES",
"v": false,
"row": 4,
"col": 0,
"def": "Plural form of levy."
}
]
}