{
"id": 54,
"sub_category": "Fog Pack",
"category": "Forest Group",
"type": 0,
"letters": "GINOW",
"mov": 20,
"shovels": 1,
"coins": 5,
"rows": 15,
"cols": 15,
"c": 0,
"b": -1,
"w": 7,
"h": 7,
"dws": [
"GON",
"NOG",
"GNOW",
"WINO",
"GIO",
"ING",
"INGO",
"WOG"
],
"ws": [
{
"w": "GIN",
"v": true,
"row": 4,
"col": 6,
"def": "A colourless non-aged alcoholic liquor made by distilling fermented grains such as barley, corn, oats or rye with juniper berries; the base for many cocktails."
},
{
"w": "ION",
"v": false,
"row": 5,
"col": 2,
"def": "An atom or group of atoms bearing an electrical charge such as the sodium and chlorine atoms in a salt solution."
},
{
"w": "NOW",
"v": false,
"row": 4,
"col": 0,
"def": "Present; current."
},
{
"w": "OWN",
"v": true,
"row": 2,
"col": 0,
"def": "To have rightful possession of (property, goods or capital); \"To possess by right; to have the right of property in; to have the legal right or rightful title to.\" (Ref 1)."
},
{
"w": "WIG",
"v": false,
"row": 4,
"col": 4,
"def": "A head of real or synthetic hair worn on the head to disguise baldness; for cultural or religious reasons; for fashion; or by actors to help them better resemble the character they are portraying."
},
{
"w": "WIN",
"v": true,
"row": 4,
"col": 2,
"def": "Pleasure; joy; delight."
},
{
"w": "WON",
"v": true,
"row": 0,
"col": 3,
"def": "Simple past tense and past participle of win."
},
{
"w": "GOWN",
"v": true,
"row": 2,
"col": 4,
"def": "A loose, flowing upper garment."
},
{
"w": "WING",
"v": false,
"row": 0,
"col": 3,
"def": "An appendage of an animal's (bird, bat, insect) body that enables it to fly."
},
{
"w": "OWING",
"v": false,
"row": 2,
"col": 0,
"def": "Still to be paid; owed as a debt."
}
]
}