{
"id": 5405,
"sub_category": "Squall Pack",
"category": "High+seas Group",
"type": 0,
"letters": "EILPSV",
"mov": 22,
"shovels": 1,
"coins": 5,
"rows": 15,
"cols": 15,
"c": 0,
"b": -1,
"w": 9,
"h": 9,
"dws": [
"PISE",
"PLIES",
"VIES",
"SEI",
"LEPS",
"SIPE",
"LES",
"VLEI",
"SPIE",
"LEVS",
"SLIPE",
"LEI",
"PSI",
"PES",
"LIE",
"PIS",
"LEIS",
"LIS",
"SILE",
"VLIES",
"LEVIS",
"EVILS",
"PEL",
"SEL",
"LEV",
"LIPE",
"SIP",
"PILES",
"SPIEL",
"PLIE",
"SPEIL",
"LIES",
"SPILE",
"VEILS",
"ELS",
"PIES",
"SLIVE",
"LIPS",
"VLEIS",
"SPIV",
"SEV",
"PELS",
"LEP",
"LIVES",
"VIE",
"SEIL",
"VIS"
],
"ws": [
{
"w": "LIP",
"v": true,
"row": 5,
"col": 3,
"def": "Either of the two fleshy protrusions around the opening of the mouth."
},
{
"w": "PIE",
"v": false,
"row": 3,
"col": 5,
"def": "A type of pastry that consists of an outer crust and a filling."
},
{
"w": "EVIL",
"v": false,
"row": 2,
"col": 0,
"def": "Intending to harm; malevolent."
},
{
"w": "LIVE",
"v": false,
"row": 5,
"col": 5,
"def": "To be alive; to have life."
},
{
"w": "PILE",
"v": true,
"row": 0,
"col": 3,
"def": "A dart; an arrow."
},
{
"w": "SLIP",
"v": false,
"row": 7,
"col": 0,
"def": "Mud, slime."
},
{
"w": "VILE",
"v": true,
"row": 2,
"col": 1,
"def": "Morally low; base; despicable."
},
{
"w": "ISLE",
"v": true,
"row": 0,
"col": 7,
"def": "An island."
},
{
"w": "LISP",
"v": true,
"row": 0,
"col": 5,
"def": "The habit or an act of lisping."
},
{
"w": "VEIL",
"v": false,
"row": 5,
"col": 0,
"def": "Something hung up, or spread out, to intercept the view, and hide an object; a cover; a curtain; esp., a screen, usually of gauze, crape, or similar diaphanous material, to hide or protect the face."
},
{
"w": "VISE",
"v": true,
"row": 5,
"col": 0,
"def": "An instrument consisting of two jaws, closing by a screw, lever, cam, or the like, for holding work, as in filing."
},
{
"w": "PELVIS",
"v": false,
"row": 0,
"col": 3,
"def": "The large compound bone structure at the base of the spine that supports the legs. It consists of hip bone, sacrum and coccyx."
}
]
}