{
"id": 5408,
"sub_category": "Squall Pack",
"category": "High+seas Group",
"type": 0,
"letters": "CEORTV",
"mov": 30,
"shovels": 1,
"coins": 5,
"rows": 15,
"cols": 15,
"c": 0,
"b": -1,
"w": 14,
"h": 11,
"dws": [
"REC",
"RET",
"VROT",
"EVO",
"TORC",
"ECO",
"TOC",
"RECTO",
"CORVET",
"REO",
"VOE",
"TEC",
"ORC",
"TOR",
"REV",
"VERT",
"ROE",
"COR",
"CERT",
"CERO",
"COTE",
"ORT",
"ROC",
"VOR"
],
"ws": [
{
"w": "ORE",
"v": true,
"row": 3,
"col": 12,
"def": "Rock that contains utilitarian materials; primarily a rock containing metals or gems which (at the time of the rock's evaluation and proposal for extraction) are able to be separated from its neighboring minerals and processed at a cost that does not exceed those materials' present-day economic values."
},
{
"w": "ROT",
"v": false,
"row": 3,
"col": 11,
"def": "To suffer decomposition due to biological action, especially by fungi or bacteria."
},
{
"w": "TOE",
"v": true,
"row": 5,
"col": 13,
"def": "Each of the five digits on the end of the foot."
},
{
"w": "VET",
"v": false,
"row": 5,
"col": 11,
"def": "A veterinarian or veterinary surgeon."
},
{
"w": "COT",
"v": true,
"row": 7,
"col": 10,
"def": "A symbol of the trigonometric function cotangent."
},
{
"w": "CORE",
"v": false,
"row": 7,
"col": 10,
"def": "The central part of fruit, containing the kernels or seeds."
},
{
"w": "COVE",
"v": true,
"row": 6,
"col": 7,
"def": "A fellow; a man."
},
{
"w": "OVER",
"v": true,
"row": 0,
"col": 11,
"def": "In radio communications: end of sentence, ready to receive reply."
},
{
"w": "TORE",
"v": false,
"row": 2,
"col": 8,
"def": "Hard, difficult; wearisome, tedious."
},
{
"w": "VETO",
"v": false,
"row": 8,
"col": 7,
"def": "A political right to disapprove of (and thereby stop) the process of a decision, a law etc."
},
{
"w": "VOTE",
"v": false,
"row": 9,
"col": 4,
"def": "A formalized choice on matters of administration or other democratic activities."
},
{
"w": "ROVE",
"v": true,
"row": 7,
"col": 4,
"def": "To shoot with arrows (at)."
},
{
"w": "ROTE",
"v": false,
"row": 10,
"col": 1,
"def": "The process of learning or committing something to memory through mechanical repetition, usually by hearing and repeating aloud, often without full attention to comprehension or thought for the meaning."
},
{
"w": "COVER",
"v": true,
"row": 6,
"col": 1,
"def": "A lid."
},
{
"w": "VOTER",
"v": false,
"row": 7,
"col": 0,
"def": "Someone who votes."
},
{
"w": "COVET",
"v": false,
"row": 5,
"col": 2,
"def": "To wish for with eagerness; to desire possession of, often enviously."
},
{
"w": "OVERT",
"v": true,
"row": 1,
"col": 6,
"def": "Open and not secret nor concealed."
},
{
"w": "TROVE",
"v": true,
"row": 3,
"col": 3,
"def": "A treasure trove; a collection of treasure."
},
{
"w": "COVERT",
"v": true,
"row": 1,
"col": 9,
"def": "Hidden, covered over; overgrown, sheltered."
},
{
"w": "VECTOR",
"v": false,
"row": 1,
"col": 2,
"def": "A directed quantity, one with both magnitude and direction; the signed difference between two points."
}
]
}