{
"id": 5409,
"sub_category": "Azure Packx",
"category": "High+seas Group",
"type": 0,
"letters": "CESTTU",
"mov": 18,
"shovels": 1,
"coins": 5,
"rows": 15,
"cols": 15,
"c": 0,
"b": -1,
"w": 7,
"h": 6,
"dws": [
"SCUTE",
"TUTS",
"CUTES",
"SETT",
"UTE",
"TET",
"CUTS",
"UTES",
"TUT",
"ECU",
"ECUS",
"SCUT",
"STET",
"TEC",
"TECS",
"SUET",
"EST",
"UTS",
"TES",
"TETS",
"SEC",
"CUT",
"CUES"
],
"ws": [
{
"w": "CUE",
"v": false,
"row": 1,
"col": 0,
"def": "An action or event that is a signal for somebody to do something."
},
{
"w": "SET",
"v": true,
"row": 3,
"col": 3,
"def": "To put (something) down, to rest."
},
{
"w": "SUE",
"v": false,
"row": 4,
"col": 1,
"def": "To follow."
},
{
"w": "USE",
"v": false,
"row": 1,
"col": 4,
"def": "The act of using."
},
{
"w": "CUTE",
"v": true,
"row": 0,
"col": 4,
"def": "Possessing physical features, behaviors, personality traits or other properties that are mainly attributed to infants and small or cuddly animals; e.g. fair, dainty, round, and soft physical features, disproportionately large eyes and head, playfulness, fragility, helplessness, curiosity or shyness, innocence, affectionate behavior."
},
{
"w": "TEST",
"v": true,
"row": 0,
"col": 6,
"def": "A challenge."
},
{
"w": "SECT",
"v": false,
"row": 3,
"col": 3,
"def": "An offshoot of a larger religion; a group sharing particular (often unorthodox) political and/or religious beliefs."
},
{
"w": "CUTEST",
"v": true,
"row": 0,
"col": 1,
"def": "Superlative form of cute: most cute."
}
]
}