{
"id": 5412,
"sub_category": "Azure Packx",
"category": "High+seas Group",
"type": 0,
"letters": "ELNOPY",
"mov": 30,
"shovels": 1,
"coins": 5,
"rows": 15,
"cols": 15,
"c": 0,
"b": -1,
"w": 13,
"h": 11,
"dws": [
"PYE",
"EON",
"NYE",
"LYNE",
"OPE",
"PELON",
"POLEYN",
"OLE",
"LENO",
"PEL",
"OYE",
"PLOYE",
"NOLE",
"NOY",
"POLEY",
"NEP",
"ONELY",
"OLPE",
"LOY",
"PLEON",
"PONE",
"ENOL",
"PEONY",
"POL",
"PYNE",
"LEP",
"ONY",
"LOP",
"PLY",
"LEY"
],
"ws": [
{
"w": "ONE",
"v": true,
"row": 2,
"col": 2,
"def": "A numerical value equal to 1; the first number in the set of natural numbers (especially in number theory); the cardinality of the smallest nonempty set. Ordinal: first."
},
{
"w": "PEN",
"v": true,
"row": 4,
"col": 3,
"def": "An enclosed area used to contain domesticated animals, especially sheep or cattle."
},
{
"w": "YEP",
"v": false,
"row": 4,
"col": 1,
"def": "Yes."
},
{
"w": "YON",
"v": false,
"row": 6,
"col": 1,
"def": "Distant, but within sight."
},
{
"w": "LYE",
"v": false,
"row": 8,
"col": 2,
"def": "A strong caustic alkaline solution of potassium or sodium salts, obtained by leaching wood ashes. It is much used in making soap as well as its use in biodiesel."
},
{
"w": "YEN",
"v": true,
"row": 0,
"col": 5,
"def": "The unit of Japanese currency, equal to 100 sen."
},
{
"w": "LONE",
"v": true,
"row": 6,
"col": 6,
"def": "Solitary; having no companion."
},
{
"w": "NOPE",
"v": false,
"row": 0,
"col": 0,
"def": "To hit someone on the head."
},
{
"w": "ONLY",
"v": true,
"row": 6,
"col": 2,
"def": "Alone in a category."
},
{
"w": "OPEN",
"v": false,
"row": 2,
"col": 2,
"def": "Which is not closed; accessible; unimpeded; as, an open gate."
},
{
"w": "PLOY",
"v": false,
"row": 7,
"col": 4,
"def": "A tactic, strategy, or gimmick."
},
{
"w": "POLE",
"v": false,
"row": 6,
"col": 9,
"def": "Originally, a stick; now specifically, a long and slender piece of metal or (especially) wood, used for various construction or support purposes."
},
{
"w": "PONY",
"v": true,
"row": 6,
"col": 9,
"def": "Any of several small breeds of horse under 14.2 hands."
},
{
"w": "PEON",
"v": true,
"row": 7,
"col": 4,
"def": "A lowly person, a peasant or serf, a labourer who is obliged to do menial work."
},
{
"w": "POLY",
"v": true,
"row": 4,
"col": 11,
"def": "Short form of polytechnic."
},
{
"w": "YELP",
"v": false,
"row": 4,
"col": 8,
"def": "An abrupt, high-pitched noise or utterance."
},
{
"w": "LOPE",
"v": true,
"row": 0,
"col": 7,
"def": "To jump, leap."
},
{
"w": "NOEL",
"v": true,
"row": 1,
"col": 10,
"def": "Christmas."
},
{
"w": "PYLON",
"v": false,
"row": 2,
"col": 7,
"def": "A gateway to the inner part of an Ancient Egyptian temple."
},
{
"w": "OPENLY",
"v": false,
"row": 9,
"col": 4,
"def": "In an open manner, visibly, not covertly."
}
]
}