{
"id": 5413,
"sub_category": "Azure Packx",
"category": "High+seas Group",
"type": 0,
"letters": "AHORTT",
"mov": 18,
"shovels": 1,
"coins": 5,
"rows": 15,
"cols": 15,
"c": 0,
"b": -1,
"w": 8,
"h": 8,
"dws": [
"TAR",
"ROT",
"TATH",
"OTTAR",
"HAO",
"HORA",
"TORAH",
"THAR",
"RATO",
"TROTH",
"THO",
"TAT",
"TARO",
"TORA",
"TAHR",
"TAO",
"TOR",
"ORA",
"RHO",
"ATT",
"OAT",
"RATH",
"TORTA",
"HOAR",
"ART",
"HOT",
"THRO",
"RAH",
"HAT",
"RAT",
"ROTA",
"HARO",
"TRAT",
"HOA",
"OAR",
"ORT",
"TROAT",
"TOT"
],
"ws": [
{
"w": "OATH",
"v": false,
"row": 3,
"col": 0,
"def": "A solemn pledge or promise to a god, king, or another person, to attest to the truth of a statement or contract."
},
{
"w": "TART",
"v": true,
"row": 3,
"col": 6,
"def": "Sharp to the taste; acid; sour."
},
{
"w": "THAT",
"v": false,
"row": 4,
"col": 4,
"def": "The (thing) being indicated (at a distance from the speaker, or previously mentioned, or at another time)."
},
{
"w": "TORT",
"v": true,
"row": 4,
"col": 4,
"def": "Tart, sharp."
},
{
"w": "TROT",
"v": true,
"row": 3,
"col": 2,
"def": "A gait of a four-legged animal between walk and canter, a diagonal gait (in which diagonally opposite pairs of legs move together)."
},
{
"w": "HART",
"v": false,
"row": 1,
"col": 0,
"def": "A male deer, especially the male of the red deer after its fifth year."
},
{
"w": "TAROT",
"v": false,
"row": 6,
"col": 2,
"def": "A card game played in various different variations."
},
{
"w": "THROAT",
"v": true,
"row": 0,
"col": 0,
"def": "The front part of the neck."
}
]
}