{
    "id": "026cac40-0d46-11eb-a781-34363b5fdca4",
    "type": 0,
    "letters": "DEFGOR",
    "mov": 31,
    "shovels": 1,
    "coins": 5,
    "rows": 13,
    "cols": 2,
    "c": 0,
    "b": -1,
    "dws": [
        "ORF",
        "DOF",
        "FER",
        "REF",
        "ERF",
        "FEG",
        "DEF",
        "ORG",
        "GOR",
        "REO",
        "ORD",
        "DOR",
        "GOE",
        "GEO",
        "REG",
        "GER",
        "ERG",
        "GED",
        "DEG",
        "FROE",
        "ORFE",
        "FEOD",
        "DEFO",
        "REGO",
        "ERGO",
        "ROED",
        "DERO",
        "DORE",
        "DREG",
        "GOFER",
        "DEFOG",
        "GORED",
        "FORGE",
        "DOER",
        "FORE",
        "FROG",
        "GOER",
        "GORE",
        "RODE",
        "EGO",
        "FOG",
        "ORE"
    ],
    "ws": [
        {
            "w": "DOE",
            "v": true,
            "row": 0,
            "col": 8
        },
        {
            "w": "DOG",
            "v": true,
            "row": 3,
            "col": 7
        },
        {
            "w": "FED",
            "v": false,
            "row": 8,
            "col": 2
        },
        {
            "w": "FOE",
            "v": false,
            "row": 2,
            "col": 0
        },
        {
            "w": "FOR",
            "v": true,
            "row": 1,
            "col": 6
        },
        {
            "w": "FRO",
            "v": false,
            "row": 1,
            "col": 6
        },
        {
            "w": "GOD",
            "v": false,
            "row": 6,
            "col": 4
        },
        {
            "w": "ODE",
            "v": false,
            "row": 4,
            "col": 7
        },
        {
            "w": "RED",
            "v": true,
            "row": 3,
            "col": 9
        },
        {
            "w": "ROD",
            "v": false,
            "row": 0,
            "col": 2
        },
        {
            "w": "ROE",
            "v": true,
            "row": 0,
            "col": 2
        },
        {
            "w": "DOGE",
            "v": true,
            "row": 6,
            "col": 6
        },
        {
            "w": "FORD",
            "v": false,
            "row": 3,
            "col": 4
        },
        {
            "w": "OGRE",
            "v": true,
            "row": 2,
            "col": 1
        },
        {
            "w": "REDO",
            "v": false,
            "row": 4,
            "col": 1
        },
        {
            "w": "FORGED",
            "v": true,
            "row": 3,
            "col": 4
        }
    ]
}