{
    "id": "04bf04b0-0d42-11eb-a781-34363b5fdca4",
    "type": 0,
    "letters": "ACLLOR",
    "mov": 17,
    "shovels": 1,
    "coins": 5,
    "rows": 6,
    "cols": 2,
    "c": 0,
    "b": -1,
    "dws": [
        "COL",
        "OCA",
        "COR",
        "ORC",
        "ROC",
        "CAL",
        "LAC",
        "LOL",
        "LOR",
        "ORA",
        "LAR",
        "COLL",
        "COLA",
        "CALO",
        "LOCA",
        "ALCO",
        "ORCA",
        "ACRO",
        "ARCO",
        "CARL",
        "OLLA",
        "CLARO",
        "LORAL"
    ],
    "ws": [
        {
            "w": "ALL",
            "v": false,
            "row": 6,
            "col": 5
        },
        {
            "w": "ARC",
            "v": false,
            "row": 2,
            "col": 1
        },
        {
            "w": "CAR",
            "v": true,
            "row": 0,
            "col": 2
        },
        {
            "w": "OAR",
            "v": true,
            "row": 0,
            "col": 5
        },
        {
            "w": "CALL",
            "v": true,
            "row": 1,
            "col": 7
        },
        {
            "w": "COAL",
            "v": true,
            "row": 4,
            "col": 5
        },
        {
            "w": "ORAL",
            "v": false,
            "row": 7,
            "col": 2
        },
        {
            "w": "ROLL",
            "v": false,
            "row": 5,
            "col": 0
        },
        {
            "w": "CAROL",
            "v": false,
            "row": 0,
            "col": 2
        },
        {
            "w": "CORAL",
            "v": true,
            "row": 3,
            "col": 0
        },
        {
            "w": "LOCAL",
            "v": false,
            "row": 4,
            "col": 3
        },
        {
            "w": "COLLAR",
            "v": true,
            "row": 2,
            "col": 3
        }
    ]
}