{
    "id": "0505cd9c-0d41-11eb-a781-34363b5fdca4",
    "type": 0,
    "letters": "ADERRY",
    "mov": 29,
    "shovels": 1,
    "coins": 5,
    "rows": 12,
    "cols": 2,
    "c": 0,
    "b": -1,
    "dws": [
        "ARD",
        "DAE",
        "DEY",
        "YAD",
        "YER",
        "RYA",
        "ARY",
        "YAR",
        "YAE",
        "YEA",
        "RADE",
        "EARD",
        "ARED",
        "DREY",
        "YERD",
        "ADRY",
        "YEAD",
        "EYRA",
        "AERY",
        "AYRE",
        "YARE",
        "YARR",
        "DREAR",
        "DARER",
        "RARED",
        "DERAY",
        "DEARY",
        "RAYED",
        "YEARD",
        "DERRY",
        "REDRY",
        "YARER",
        "YARDER",
        "DRYER",
        "DRAY",
        "DYER",
        "READ",
        "YEAR",
        "DYE",
        "EAR",
        "RYE"
    ],
    "ws": [
        {
            "w": "ARE",
            "v": false,
            "row": 4,
            "col": 3
        },
        {
            "w": "AYE",
            "v": false,
            "row": 3,
            "col": 0
        },
        {
            "w": "DAY",
            "v": false,
            "row": 9,
            "col": 0
        },
        {
            "w": "DRY",
            "v": false,
            "row": 8,
            "col": 2
        },
        {
            "w": "ERA",
            "v": false,
            "row": 6,
            "col": 2
        },
        {
            "w": "ERR",
            "v": false,
            "row": 5,
            "col": 0
        },
        {
            "w": "RAD",
            "v": true,
            "row": 5,
            "col": 6
        },
        {
            "w": "RAY",
            "v": false,
            "row": 0,
            "col": 6
        },
        {
            "w": "RED",
            "v": false,
            "row": 7,
            "col": 4
        },
        {
            "w": "DARE",
            "v": true,
            "row": 2,
            "col": 0
        },
        {
            "w": "DEAR",
            "v": true,
            "row": 2,
            "col": 8
        },
        {
            "w": "RARE",
            "v": false,
            "row": 5,
            "col": 6
        },
        {
            "w": "REAR",
            "v": true,
            "row": 0,
            "col": 6
        },
        {
            "w": "YARD",
            "v": false,
            "row": 2,
            "col": 5
        },
        {
            "w": "READY",
            "v": true,
            "row": 5,
            "col": 2
        },
        {
            "w": "DREARY",
            "v": true,
            "row": 3,
            "col": 4
        }
    ]
}