{
    "id": "084ad190-0d42-11eb-a781-34363b5fdca4",
    "type": 0,
    "letters": "DEMRRU",
    "mov": 17,
    "shovels": 1,
    "coins": 5,
    "rows": 6,
    "cols": 2,
    "c": 0,
    "b": -1,
    "dws": [
        "DUM",
        "MEU",
        "REM",
        "ERM",
        "MED",
        "URD",
        "RUD",
        "URE",
        "MURE",
        "RUME",
        "MURR",
        "DERM",
        "URDE",
        "RUED",
        "DURE",
        "DURR",
        "RUER",
        "MURED",
        "MURRE"
    ],
    "ws": [
        {
            "w": "DUE",
            "v": false,
            "row": 5,
            "col": 3
        },
        {
            "w": "EMU",
            "v": false,
            "row": 3,
            "col": 1
        },
        {
            "w": "ERR",
            "v": false,
            "row": 1,
            "col": 0
        },
        {
            "w": "MUD",
            "v": false,
            "row": 2,
            "col": 3
        },
        {
            "w": "RED",
            "v": true,
            "row": 0,
            "col": 5
        },
        {
            "w": "RUE",
            "v": true,
            "row": 1,
            "col": 1
        },
        {
            "w": "RUM",
            "v": true,
            "row": 5,
            "col": 1
        },
        {
            "w": "DRUM",
            "v": false,
            "row": 0,
            "col": 4
        },
        {
            "w": "RUDE",
            "v": false,
            "row": 6,
            "col": 0
        },
        {
            "w": "DEMUR",
            "v": true,
            "row": 3,
            "col": 7
        },
        {
            "w": "RUDER",
            "v": false,
            "row": 7,
            "col": 3
        },
        {
            "w": "MURDER",
            "v": true,
            "row": 2,
            "col": 3
        }
    ]
}