{
    "id": "0ac85878-0d3a-11eb-a781-34363b5fdca4",
    "type": 0,
    "letters": "AEHLSS",
    "mov": 29,
    "shovels": 1,
    "coins": 5,
    "rows": 12,
    "cols": 2,
    "c": 0,
    "b": -1,
    "dws": [
        "AHS",
        "SHA",
        "LAH",
        "HAE",
        "HES",
        "EHS",
        "ASS",
        "ALS",
        "SAL",
        "LAS",
        "SAE",
        "EAS",
        "LEA",
        "ESS",
        "SEL",
        "LES",
        "ELS",
        "HASS",
        "LAHS",
        "HAES",
        "SHEA",
        "SHES",
        "SESH",
        "SALS",
        "SLAE",
        "LEAS",
        "SELS",
        "SHEAS",
        "HALSE",
        "HALES",
        "SHEAL",
        "SELAH",
        "SALSE",
        "SLAES",
        "LASES",
        "HASSEL",
        "SHALES",
        "SHEALS",
        "SELAHS",
        "LASHES",
        "LEASH",
        "SHALE",
        "ALES",
        "HALE",
        "HEAL",
        "LASH",
        "SEAL",
        "SHE"
    ],
    "ws": [
        {
            "w": "ALE",
            "v": false,
            "row": 4,
            "col": 4
        },
        {
            "w": "ASH",
            "v": false,
            "row": 6,
            "col": 3
        },
        {
            "w": "HAS",
            "v": false,
            "row": 7,
            "col": 7
        },
        {
            "w": "SEA",
            "v": false,
            "row": 9,
            "col": 7
        },
        {
            "w": "LASE",
            "v": true,
            "row": 6,
            "col": 1
        },
        {
            "w": "LASS",
            "v": true,
            "row": 0,
            "col": 8
        },
        {
            "w": "LESS",
            "v": false,
            "row": 3,
            "col": 6
        },
        {
            "w": "SALE",
            "v": true,
            "row": 1,
            "col": 6
        },
        {
            "w": "SASH",
            "v": true,
            "row": 1,
            "col": 0
        },
        {
            "w": "SEAS",
            "v": true,
            "row": 0,
            "col": 3
        },
        {
            "w": "ASHES",
            "v": true,
            "row": 5,
            "col": 7
        },
        {
            "w": "HEALS",
            "v": false,
            "row": 1,
            "col": 2
        },
        {
            "w": "SALES",
            "v": false,
            "row": 8,
            "col": 1
        },
        {
            "w": "SEALS",
            "v": true,
            "row": 3,
            "col": 9
        },
        {
            "w": "SLASH",
            "v": false,
            "row": 3,
            "col": 0
        },
        {
            "w": "HASSLE",
            "v": true,
            "row": 3,
            "col": 4
        }
    ]
}