{
    "id": "0b1d63ba-0d47-11eb-a781-34363b5fdca4",
    "type": 0,
    "letters": "CEINOT",
    "mov": 33,
    "shovels": 1,
    "coins": 5,
    "rows": 14,
    "cols": 2,
    "c": 0,
    "b": -1,
    "dws": [
        "NIE",
        "TOC",
        "ECO",
        "CIT",
        "TEC",
        "OINT",
        "CONI",
        "CION",
        "ONIE",
        "NITE",
        "TEIN",
        "CINE",
        "OTIC",
        "CITO",
        "COIT",
        "COTE",
        "TICE",
        "ETIC",
        "ONTIC",
        "ONCET",
        "CONTE",
        "CENTO",
        "EONIC",
        "NOETIC",
        "TONIC",
        "CONE",
        "ICON",
        "NOTE",
        "ONCE",
        "COT",
        "EON",
        "NET",
        "NIT",
        "ONE",
        "TIN",
        "TON"
    ],
    "ws": [
        {
            "w": "CON",
            "v": false,
            "row": 9,
            "col": 0
        },
        {
            "w": "ICE",
            "v": false,
            "row": 8,
            "col": 2
        },
        {
            "w": "ION",
            "v": false,
            "row": 9,
            "col": 5
        },
        {
            "w": "NOT",
            "v": false,
            "row": 2,
            "col": 7
        },
        {
            "w": "TEN",
            "v": true,
            "row": 0,
            "col": 7
        },
        {
            "w": "TIC",
            "v": false,
            "row": 6,
            "col": 0
        },
        {
            "w": "TIE",
            "v": false,
            "row": 1,
            "col": 5
        },
        {
            "w": "TOE",
            "v": true,
            "row": 1,
            "col": 5
        },
        {
            "w": "CENT",
            "v": false,
            "row": 7,
            "col": 4
        },
        {
            "w": "CITE",
            "v": true,
            "row": 1,
            "col": 2
        },
        {
            "w": "COIN",
            "v": true,
            "row": 6,
            "col": 2
        },
        {
            "w": "INTO",
            "v": true,
            "row": 6,
            "col": 6
        },
        {
            "w": "NICE",
            "v": false,
            "row": 1,
            "col": 0
        },
        {
            "w": "TINE",
            "v": true,
            "row": 2,
            "col": 9
        },
        {
            "w": "TONE",
            "v": false,
            "row": 3,
            "col": 2
        },
        {
            "w": "NOTICE",
            "v": true,
            "row": 3,
            "col": 4
        }
    ]
}