{
    "id": "0d01cac8-0d41-11eb-a781-34363b5fdca4",
    "type": 0,
    "letters": "FGOORT",
    "mov": 17,
    "shovels": 1,
    "coins": 5,
    "rows": 6,
    "cols": 2,
    "c": 0,
    "b": -1,
    "dws": [
        "FRO",
        "ORF",
        "FOO",
        "OOF",
        "OFT",
        "ORG",
        "GOR",
        "OOR",
        "ROO",
        "ORT",
        "TOR",
        "GOO",
        "OOT",
        "GOOF",
        "GOOR",
        "GROT",
        "TROG",
        "ROTO",
        "TORO",
        "FORGO"
    ],
    "ws": [
        {
            "w": "FOG",
            "v": false,
            "row": 0,
            "col": 5
        },
        {
            "w": "FOR",
            "v": false,
            "row": 2,
            "col": 3
        },
        {
            "w": "GOT",
            "v": true,
            "row": 3,
            "col": 7
        },
        {
            "w": "ROT",
            "v": false,
            "row": 5,
            "col": 5
        },
        {
            "w": "TOG",
            "v": false,
            "row": 3,
            "col": 5
        },
        {
            "w": "TOO",
            "v": false,
            "row": 3,
            "col": 1
        },
        {
            "w": "FOOT",
            "v": false,
            "row": 7,
            "col": 0
        },
        {
            "w": "FORT",
            "v": true,
            "row": 0,
            "col": 5
        },
        {
            "w": "FROG",
            "v": false,
            "row": 0,
            "col": 0
        },
        {
            "w": "ROOF",
            "v": true,
            "row": 4,
            "col": 0
        },
        {
            "w": "ROOT",
            "v": true,
            "row": 0,
            "col": 1
        },
        {
            "w": "FORGOT",
            "v": true,
            "row": 2,
            "col": 3
        }
    ]
}