{
    "id": 1006,
    "sub_category": "Serene Pack",
    "category": "Lake Group",
    "type": 0,
    "letters": "BELRTU",
    "mov": 24,
    "shovels": 1,
    "coins": 5,
    "rows": 15,
    "cols": 15,
    "c": 0,
    "b": -1,
    "w": 11,
    "h": 11,
    "dws": [
        "BLUET",
        "RET",
        "BUTE",
        "BURET",
        "TUB",
        "LUTER",
        "BEL",
        "UTE",
        "BUT",
        "ELT",
        "TULE",
        "BLET",
        "RUB",
        "TEL",
        "BUR",
        "RUT",
        "BURL",
        "BRUT",
        "RUBEL",
        "ULE",
        "BUTLE",
        "RUE",
        "LEU",
        "URE",
        "BRU",
        "REB",
        "REBUT",
        "LUR",
        "BET",
        "LET",
        "RUBLE",
        "BRULE",
        "RUBE",
        "URB"
    ],
    "ws": [
        {
            "w": "BELT",
            "v": true,
            "row": 1,
            "col": 6,
            "def": "A band worn around the waist to hold clothing to one's body (usually pants), hold weapons (such as a gun or sword), or serve as a decorative piece of clothing."
        },
        {
            "w": "BLUE",
            "v": false,
            "row": 8,
            "col": 6,
            "def": "Having a bluish colour shade."
        },
        {
            "w": "BLUR",
            "v": false,
            "row": 1,
            "col": 6,
            "def": "To make indistinct or hazy, to obscure or dim."
        },
        {
            "w": "LURE",
            "v": false,
            "row": 3,
            "col": 6,
            "def": "Something that tempts or attracts, especially one with a promise of reward or pleasure."
        },
        {
            "w": "RULE",
            "v": true,
            "row": 6,
            "col": 7,
            "def": "A regulation, law, guideline."
        },
        {
            "w": "TRUE",
            "v": true,
            "row": 0,
            "col": 9,
            "def": "Conforming to the actual state of reality or fact; factually correct."
        },
        {
            "w": "TUBE",
            "v": true,
            "row": 2,
            "col": 2,
            "def": "Anything that is hollow and cylindrical in shape."
        },
        {
            "w": "LUBE",
            "v": true,
            "row": 5,
            "col": 9,
            "def": "Lubricant."
        },
        {
            "w": "LUTE",
            "v": false,
            "row": 2,
            "col": 0,
            "def": "A fretted stringed instrument, similar to a guitar, having a bowl-shaped body or soundbox."
        },
        {
            "w": "BRUTE",
            "v": true,
            "row": 5,
            "col": 0,
            "def": "Strong, blunt, and spontaneous."
        },
        {
            "w": "TUBER",
            "v": false,
            "row": 8,
            "col": 0,
            "def": "A fleshy, thickened underground stem of a plant, usually containing stored starch, as for example a potato or arrowroot."
        },
        {
            "w": "BLUER",
            "v": false,
            "row": 6,
            "col": 3,
            "def": "Comparative form of blue: more blue."
        },
        {
            "w": "BLURT",
            "v": false,
            "row": 4,
            "col": 2,
            "def": "To utter suddenly and unadvisedly; to speak quickly or without thought; to divulge inconsiderately \u2014 commonly with out."
        },
        {
            "w": "BUTLER",
            "v": true,
            "row": 3,
            "col": 4,
            "def": "A manservant having charge of wines and liquors."
        }
    ]
}