{
    "id": 104,
    "sub_category": "Pass Pack",
    "category": "Canyon Group",
    "type": 0,
    "letters": "ACDESU",
    "mov": 24,
    "shovels": 1,
    "coins": 5,
    "rows": 15,
    "cols": 15,
    "c": 0,
    "b": -1,
    "w": 10,
    "h": 10,
    "dws": [
        "SCAD",
        "SED",
        "ACED",
        "DUCE",
        "CASED",
        "DAS",
        "DACE",
        "DAE",
        "UDS",
        "DAES",
        "EAU",
        "ECU",
        "ECUS",
        "EAUS",
        "DEUS",
        "CADE",
        "SCAUD",
        "DUCES",
        "CADS",
        "DUE",
        "SAUCED",
        "SADE",
        "SAE",
        "SAU",
        "ACE",
        "CUDS",
        "ECADS",
        "CUD",
        "SAC",
        "SEC",
        "DACES",
        "CADES",
        "ECAD",
        "EDS",
        "EAS",
        "SUED",
        "AUE",
        "SUD",
        "CUED",
        "CAD",
        "SCUD",
        "AESC"
    ],
    "ws": [
        {
            "w": "ADS",
            "v": false,
            "row": 6,
            "col": 6,
            "def": "Plural form of ad."
        },
        {
            "w": "CUE",
            "v": false,
            "row": 0,
            "col": 1,
            "def": "An action or event that is a signal for somebody to do something."
        },
        {
            "w": "SAD",
            "v": false,
            "row": 9,
            "col": 7,
            "def": "Sated, having had one's fill; satisfied, weary."
        },
        {
            "w": "SEA",
            "v": true,
            "row": 4,
            "col": 6,
            "def": "A large body of salty water. (Major seas are known as oceans.)."
        },
        {
            "w": "SUE",
            "v": true,
            "row": 1,
            "col": 5,
            "def": "To follow."
        },
        {
            "w": "USE",
            "v": false,
            "row": 5,
            "col": 4,
            "def": "The act of using."
        },
        {
            "w": "ACES",
            "v": true,
            "row": 3,
            "col": 8,
            "def": "Plural form of ace."
        },
        {
            "w": "CASE",
            "v": true,
            "row": 6,
            "col": 1,
            "def": "An actual event, situation, or fact."
        },
        {
            "w": "CUES",
            "v": true,
            "row": 0,
            "col": 1,
            "def": "Plural form of cue."
        },
        {
            "w": "DUES",
            "v": true,
            "row": 6,
            "col": 7,
            "def": "Plural form of due."
        },
        {
            "w": "USED",
            "v": false,
            "row": 1,
            "col": 4,
            "def": "Simple past tense and past participle of use."
        },
        {
            "w": "CAUSE",
            "v": false,
            "row": 7,
            "col": 0,
            "def": "The source or reason of an event or action."
        },
        {
            "w": "SAUCE",
            "v": false,
            "row": 3,
            "col": 1,
            "def": "A liquid (often thickened) condiment or accompaniment to food."
        },
        {
            "w": "CAUSED",
            "v": true,
            "row": 3,
            "col": 4,
            "def": "Simple past tense and past participle of cause."
        }
    ]
}