{
    "id": 1264,
    "sub_category": "Aqua Pack",
    "category": "Beach Group",
    "type": 0,
    "letters": "EENRTU",
    "mov": 30,
    "shovels": 1,
    "coins": 5,
    "rows": 15,
    "cols": 15,
    "c": 0,
    "b": -1,
    "w": 13,
    "h": 11,
    "dws": [
        "RET",
        "NUR",
        "ERN",
        "ERE",
        "ETEN",
        "RENTE",
        "UTE",
        "RETE",
        "ENE",
        "TENE",
        "RUN",
        "TUN",
        "RETUNE",
        "TENUE",
        "REN",
        "TREEN",
        "NEE",
        "ENURE",
        "REE",
        "REEN",
        "URE",
        "TUNE",
        "ERNE",
        "TERNE",
        "TEER",
        "NETE",
        "EEN",
        "NEUTER",
        "TUREEN",
        "TRUE",
        "NUT"
    ],
    "ws": [
        {
            "w": "NET",
            "v": false,
            "row": 7,
            "col": 7,
            "def": "A mesh of string, cord or rope."
        },
        {
            "w": "RUT",
            "v": false,
            "row": 0,
            "col": 0,
            "def": "Sexual desire or oestrus of cattle, and various other mammals."
        },
        {
            "w": "TEE",
            "v": false,
            "row": 8,
            "col": 3,
            "def": "The name of the Latin script letter T/t."
        },
        {
            "w": "TEN",
            "v": true,
            "row": 0,
            "col": 5,
            "def": "A numerical value equal to 10; the number occurring after nine and before eleven, represented in Roman numerals as X, in Arabic numerals as 10, and in the hexadecimal system (base 16) as A."
        },
        {
            "w": "URN",
            "v": false,
            "row": 6,
            "col": 4,
            "def": "A vase with a footed base."
        },
        {
            "w": "RUE",
            "v": true,
            "row": 0,
            "col": 0,
            "def": "Repentance, regret."
        },
        {
            "w": "RENT",
            "v": false,
            "row": 3,
            "col": 1,
            "def": "A payment made by a tenant at intervals in order to occupy a property."
        },
        {
            "w": "TEEN",
            "v": true,
            "row": 5,
            "col": 1,
            "def": "A teenager, a person between 13 and 19 years old."
        },
        {
            "w": "TREE",
            "v": true,
            "row": 0,
            "col": 2,
            "def": "A large plant, not exactly defined, but typically over four meters in height, a single trunk which grows in girth with age and branches (which also grow in circumference with age)."
        },
        {
            "w": "TURN",
            "v": false,
            "row": 5,
            "col": 1,
            "def": "Of a body, person, etc, to move around an axis through itself."
        },
        {
            "w": "RUNT",
            "v": false,
            "row": 5,
            "col": 6,
            "def": "The smallest animal of a litter."
        },
        {
            "w": "TERN",
            "v": true,
            "row": 3,
            "col": 6,
            "def": "Any of various sea birds of the family Sternidae that are similar to gulls but are smaller, more elegant and have a forked tail."
        },
        {
            "w": "RUNE",
            "v": false,
            "row": 1,
            "col": 2,
            "def": "A letter, or character, belonging to the written language of various ancient Germanic peoples, especially the Scandinavians and the Anglo-Saxons."
        },
        {
            "w": "ENTER",
            "v": true,
            "row": 4,
            "col": 8,
            "def": "To go into (a room, etc.)."
        },
        {
            "w": "TUNER",
            "v": false,
            "row": 0,
            "col": 5,
            "def": "A person who tunes a piano."
        },
        {
            "w": "TENURE",
            "v": true,
            "row": 3,
            "col": 4,
            "def": "A status of possessing a thing or an office; an incumbency."
        }
    ]
}