{
    "id": 1287,
    "sub_category": "Wood Pack",
    "category": "Fog Group",
    "type": 0,
    "letters": "IMPRSU",
    "mov": 26,
    "shovels": 1,
    "coins": 5,
    "rows": 15,
    "cols": 15,
    "c": 0,
    "b": -1,
    "w": 10,
    "h": 10,
    "dws": [
        "RIMS",
        "RISP",
        "PUIR",
        "MIR",
        "PSI",
        "SMIR",
        "PIS",
        "PIUMS",
        "MUS",
        "PIRS",
        "PIU",
        "PURI",
        "RIMU",
        "RIMUS",
        "PRIMS",
        "SMUR",
        "UMS",
        "UMP",
        "IMPS",
        "SPIM",
        "RUMPS",
        "MUIRS",
        "MIS",
        "MUIR",
        "URPS",
        "ISM",
        "MIPS",
        "SIR",
        "SIMP",
        "PURISM",
        "URP",
        "UMPS",
        "PIUM",
        "SUI",
        "PURIS",
        "SRI",
        "PIR",
        "SIRUP",
        "PURS",
        "MIRS",
        "SUMI",
        "RIPS",
        "RUMS",
        "PUR"
    ],
    "ws": [
        {
            "w": "RIM",
            "v": false,
            "row": 5,
            "col": 2,
            "def": "An edge around something, especially when circular."
        },
        {
            "w": "RIP",
            "v": true,
            "row": 1,
            "col": 5,
            "def": "A tear (in paper, etc.)."
        },
        {
            "w": "RUM",
            "v": true,
            "row": 1,
            "col": 8,
            "def": "A distilled spirit derived from fermented cane sugar and molasses."
        },
        {
            "w": "SIM",
            "v": true,
            "row": 1,
            "col": 2,
            "def": "A simulation."
        },
        {
            "w": "SIP",
            "v": false,
            "row": 7,
            "col": 6,
            "def": "A small mouthful of drink."
        },
        {
            "w": "SUM",
            "v": true,
            "row": 7,
            "col": 6,
            "def": "A quantity obtained by addition or aggregation."
        },
        {
            "w": "UPS",
            "v": false,
            "row": 5,
            "col": 6,
            "def": "Plural form of up."
        },
        {
            "w": "IMP",
            "v": true,
            "row": 3,
            "col": 7,
            "def": "To plant or engraft."
        },
        {
            "w": "SUP",
            "v": true,
            "row": 5,
            "col": 8,
            "def": "Supremum."
        },
        {
            "w": "PUS",
            "v": false,
            "row": 7,
            "col": 2,
            "def": "A whitish-yellow or yellow substance composed primarily of dead white blood cells and dead pyogenic bacteria; normally found in regions of bacterial infection."
        },
        {
            "w": "SPUR",
            "v": false,
            "row": 1,
            "col": 2,
            "def": "A rigid implement, often roughly y-shaped, that is fixed to one's heel for purpose of prodding a horse. Often worn by, and emblematic of, the cowboy or the knight."
        },
        {
            "w": "PRIM",
            "v": false,
            "row": 3,
            "col": 5,
            "def": "To make affectedly precise or proper."
        },
        {
            "w": "RUMP",
            "v": false,
            "row": 9,
            "col": 4,
            "def": "The hindquarters of an animal."
        },
        {
            "w": "SUMP",
            "v": false,
            "row": 3,
            "col": 0,
            "def": "A hollow or pit into which liquid drains, such as a cesspool, cesspit or sink."
        },
        {
            "w": "PRISM",
            "v": true,
            "row": 0,
            "col": 0,
            "def": "A polyhedron with parallel ends of the same size and shape, the other faces being parallelogram-shaped sides."
        },
        {
            "w": "PRIMUS",
            "v": true,
            "row": 3,
            "col": 3,
            "def": "One of the bishops of the Episcopal Church of Scotland, who presides at the meetings of the bishops, and has certain privileges but no metropolitan authority."
        }
    ]
}