{
    "id": 1406,
    "sub_category": "Strato Pack",
    "category": "Celestial Group",
    "type": 0,
    "letters": "AHMRTW",
    "mov": 22,
    "shovels": 1,
    "coins": 5,
    "rows": 15,
    "cols": 15,
    "c": 0,
    "b": -1,
    "w": 9,
    "h": 9,
    "dws": [
        "MAR",
        "TAR",
        "MAWR",
        "TAW",
        "ARM",
        "THAR",
        "THRAW",
        "TAM",
        "THARM",
        "TAHR",
        "WAT",
        "WAR",
        "HAW",
        "RAW",
        "MAT",
        "RAM",
        "WHA",
        "MAW",
        "RATH",
        "HAM",
        "TWA",
        "ART",
        "HAWM",
        "WAH",
        "RAH",
        "HAT",
        "RAT",
        "MWAH",
        "WARMTH",
        "WRATH",
        "HARM",
        "MATH",
        "WARM",
        "WHAT",
        "MART",
        "WART",
        "THAW",
        "TRAM",
        "WHAM",
        "HART"
    ],
    "ws": []
}