{
    "id": "14359816-0d45-11eb-a781-34363b5fdca4",
    "type": 0,
    "letters": "CEORSU",
    "mov": 33,
    "shovels": 1,
    "coins": 5,
    "rows": 14,
    "cols": 2,
    "c": 0,
    "b": -1,
    "dws": [
        "SOU",
        "OUS",
        "ORS",
        "SOC",
        "COS",
        "OSE",
        "OES",
        "SER",
        "RES",
        "ERS",
        "ORC",
        "ROC",
        "COR",
        "REO",
        "ECO",
        "RUC",
        "CRU",
        "URE",
        "ECU",
        "REC",
        "ORCS",
        "ROCS",
        "CORS",
        "ROES",
        "REOS",
        "EROS",
        "SECO",
        "COSE",
        "ECOS",
        "SCUR",
        "RUCS",
        "CRUS",
        "SUER",
        "URES",
        "RUSE",
        "CUES",
        "ECUS",
        "RECS",
        "COUR",
        "ROUE",
        "EURO",
        "CERO",
        "CRUE",
        "ECRU",
        "COURS",
        "ROUES",
        "EUROS",
        "SOUCE",
        "CORSE",
        "CEROS",
        "SUCRE",
        "CRUSE",
        "CRUES",
        "ECRUS",
        "COURE",
        "CROUSE",
        "CEROUS",
        "CURES",
        "CURSE",
        "CURS",
        "ORES",
        "OURS",
        "SOUR",
        "CUE",
        "ORE",
        "ROE",
        "SEC",
        "SUE",
        "USE"
    ],
    "ws": [
        {
            "w": "CUR",
            "v": true,
            "row": 1,
            "col": 3
        },
        {
            "w": "OUR",
            "v": true,
            "row": 3,
            "col": 1
        },
        {
            "w": "RUE",
            "v": false,
            "row": 5,
            "col": 3
        },
        {
            "w": "CORE",
            "v": false,
            "row": 4,
            "col": 6
        },
        {
            "w": "CURE",
            "v": true,
            "row": 0,
            "col": 5
        },
        {
            "w": "ROSE",
            "v": true,
            "row": 6,
            "col": 0
        },
        {
            "w": "RUES",
            "v": true,
            "row": 0,
            "col": 0
        },
        {
            "w": "SORE",
            "v": true,
            "row": 2,
            "col": 8
        },
        {
            "w": "SURE",
            "v": true,
            "row": 6,
            "col": 7
        },
        {
            "w": "USER",
            "v": false,
            "row": 9,
            "col": 5
        },
        {
            "w": "CORES",
            "v": false,
            "row": 0,
            "col": 5
        },
        {
            "w": "ROUSE",
            "v": false,
            "row": 2,
            "col": 5
        },
        {
            "w": "SCORE",
            "v": false,
            "row": 8,
            "col": 0
        },
        {
            "w": "SCOUR",
            "v": false,
            "row": 7,
            "col": 4
        },
        {
            "w": "COURSE",
            "v": true,
            "row": 3,
            "col": 4
        },
        {
            "w": "SOURCE",
            "v": false,
            "row": 3,
            "col": 0
        }
    ]
}