{
    "id": "14886daa-0d47-11eb-a781-34363b5fdca4",
    "type": 0,
    "letters": "AEQRSU",
    "mov": 19,
    "shovels": 1,
    "coins": 5,
    "rows": 7,
    "cols": 2,
    "c": 0,
    "b": -1,
    "dws": [
        "SUQ",
        "SAU",
        "SAR",
        "ARS",
        "RAS",
        "SAE",
        "EAS",
        "SER",
        "RES",
        "ERS",
        "QUA",
        "AUE",
        "EAU",
        "URE",
        "ARE",
        "SURA",
        "URSA",
        "RUSA",
        "EAUS",
        "SUER",
        "URES",
        "SERA",
        "ARSE",
        "ARES",
        "RASE",
        "UREA",
        "URASE",
        "URSAE",
        "UREAS",
        "AURES",
        "QUARE"
    ],
    "ws": [
        {
            "w": "EAR",
            "v": false,
            "row": 2,
            "col": 4
        },
        {
            "w": "ERA",
            "v": false,
            "row": 4,
            "col": 6
        },
        {
            "w": "RUE",
            "v": true,
            "row": 2,
            "col": 6
        },
        {
            "w": "SEA",
            "v": true,
            "row": 2,
            "col": 8
        },
        {
            "w": "SUE",
            "v": true,
            "row": 0,
            "col": 4
        },
        {
            "w": "USE",
            "v": true,
            "row": 7,
            "col": 0
        },
        {
            "w": "EARS",
            "v": false,
            "row": 3,
            "col": 0
        },
        {
            "w": "ERAS",
            "v": false,
            "row": 6,
            "col": 1
        },
        {
            "w": "RUES",
            "v": false,
            "row": 0,
            "col": 1
        },
        {
            "w": "RUSE",
            "v": true,
            "row": 4,
            "col": 7
        },
        {
            "w": "SEAR",
            "v": true,
            "row": 2,
            "col": 0
        },
        {
            "w": "SURE",
            "v": false,
            "row": 8,
            "col": 0
        },
        {
            "w": "USER",
            "v": true,
            "row": 0,
            "col": 2
        },
        {
            "w": "SQUARE",
            "v": true,
            "row": 3,
            "col": 3
        }
    ]
}