{
    "id": "14efbcec-0d44-11eb-a781-34363b5fdca4",
    "type": 0,
    "letters": "EELMPT",
    "mov": 19,
    "shovels": 1,
    "coins": 5,
    "rows": 7,
    "cols": 2,
    "c": 0,
    "b": -1,
    "dws": [
        "TEL",
        "ELT",
        "MEL",
        "EME",
        "MEE",
        "PEL",
        "LEP",
        "PEE",
        "LEE",
        "EMPT",
        "TEME",
        "LEPT",
        "TELE",
        "TEEL",
        "LEET",
        "LEME",
        "PELE",
        "LEEP",
        "PELMET"
    ],
    "ws": [
        {
            "w": "EEL",
            "v": false,
            "row": 2,
            "col": 7
        },
        {
            "w": "ELM",
            "v": true,
            "row": 1,
            "col": 9
        },
        {
            "w": "LET",
            "v": true,
            "row": 3,
            "col": 6
        },
        {
            "w": "MET",
            "v": false,
            "row": 3,
            "col": 0
        },
        {
            "w": "PET",
            "v": true,
            "row": 1,
            "col": 7
        },
        {
            "w": "TEE",
            "v": false,
            "row": 5,
            "col": 6
        },
        {
            "w": "MEET",
            "v": false,
            "row": 1,
            "col": 1
        },
        {
            "w": "MELT",
            "v": false,
            "row": 3,
            "col": 4
        },
        {
            "w": "METE",
            "v": true,
            "row": 3,
            "col": 0
        },
        {
            "w": "PEEL",
            "v": false,
            "row": 6,
            "col": 2
        },
        {
            "w": "PELT",
            "v": true,
            "row": 0,
            "col": 2
        },
        {
            "w": "TEEM",
            "v": true,
            "row": 4,
            "col": 8
        },
        {
            "w": "TEMP",
            "v": false,
            "row": 7,
            "col": 6
        },
        {
            "w": "TEMPLE",
            "v": true,
            "row": 1,
            "col": 4
        }
    ]
}