{
    "id": 1534,
    "sub_category": "Flat Pack",
    "category": "Outback Group",
    "type": 0,
    "letters": "EEIRSV",
    "mov": 22,
    "shovels": 1,
    "coins": 5,
    "rows": 15,
    "cols": 15,
    "c": 0,
    "b": -1,
    "w": 12,
    "h": 9,
    "dws": [
        "VIES",
        "REIVE",
        "SEI",
        "SIVER",
        "VIERS",
        "VEERS",
        "REIS",
        "REI",
        "RIVE",
        "SER",
        "ERE",
        "REES",
        "SIREE",
        "SEIR",
        "EREV",
        "EVES",
        "VERS",
        "VEE",
        "EREVS",
        "ERES",
        "VIER",
        "VIRES",
        "SERE",
        "ERS",
        "VIRE",
        "REVIE",
        "REV",
        "ESE",
        "SIR",
        "REIVES",
        "EVE",
        "RIVES",
        "REE",
        "SRI",
        "SEV",
        "RES",
        "REVS",
        "VIE",
        "VIS",
        "SEE",
        "IRE",
        "VEES",
        "REVISE",
        "SERVE",
        "VERSE",
        "SEVER",
        "SIEVE",
        "EVER",
        "RISE",
        "SEER",
        "SIRE",
        "VEER",
        "IRES",
        "VISE"
    ],
    "ws": []
}