{
    "id": "157c963e-0d45-11eb-a781-34363b5fdca4",
    "type": 0,
    "letters": "ADERRW",
    "mov": 33,
    "shovels": 1,
    "coins": 5,
    "rows": 14,
    "cols": 2,
    "c": 0,
    "b": -1,
    "dws": [
        "REW",
        "RAD",
        "ARD",
        "WAE",
        "DAE",
        "DAW",
        "AREW",
        "RADE",
        "EARD",
        "ARED",
        "DEAW",
        "RAWER",
        "WARRE",
        "WARED",
        "DEWAR",
        "RARED",
        "DARER",
        "DREAR",
        "WARRED",
        "REWARD",
        "WARDER",
        "DREW",
        "RARE",
        "WEAR",
        "ARE",
        "AWE",
        "DEW",
        "EAR",
        "RAW",
        "RED",
        "WED"
    ],
    "ws": [
        {
            "w": "ERA",
            "v": true,
            "row": 3,
            "col": 2
        },
        {
            "w": "ERR",
            "v": true,
            "row": 0,
            "col": 7
        },
        {
            "w": "WAD",
            "v": true,
            "row": 7,
            "col": 8
        },
        {
            "w": "WAR",
            "v": true,
            "row": 4,
            "col": 6
        },
        {
            "w": "AWED",
            "v": true,
            "row": 6,
            "col": 1
        },
        {
            "w": "DARE",
            "v": false,
            "row": 0,
            "col": 4
        },
        {
            "w": "DEAR",
            "v": false,
            "row": 1,
            "col": 0
        },
        {
            "w": "DRAW",
            "v": false,
            "row": 2,
            "col": 6
        },
        {
            "w": "READ",
            "v": false,
            "row": 3,
            "col": 1
        },
        {
            "w": "REAR",
            "v": true,
            "row": 0,
            "col": 1
        },
        {
            "w": "WADE",
            "v": false,
            "row": 7,
            "col": 1
        },
        {
            "w": "WARD",
            "v": false,
            "row": 4,
            "col": 6
        },
        {
            "w": "WARE",
            "v": false,
            "row": 6,
            "col": 4
        },
        {
            "w": "WADER",
            "v": true,
            "row": 2,
            "col": 9
        },
        {
            "w": "DRAWER",
            "v": true,
            "row": 3,
            "col": 4
        },
        {
            "w": "REDRAW",
            "v": false,
            "row": 8,
            "col": 4
        }
    ]
}