{
    "id": 1585,
    "sub_category": "Arch Packx",
    "category": "Outback Group",
    "type": 0,
    "letters": "DEFGIT",
    "mov": 24,
    "shovels": 1,
    "coins": 5,
    "rows": 15,
    "cols": 15,
    "c": 0,
    "b": -1,
    "w": 9,
    "h": 9,
    "dws": [
        "GIE",
        "FID",
        "DIE",
        "TIED",
        "EFT",
        "DEIF",
        "GEIT",
        "GIED",
        "GIFTED",
        "TID",
        "GED",
        "DEI",
        "TEG",
        "DEFI",
        "FEG",
        "IDE",
        "FIDGE",
        "DIT",
        "TEF",
        "GIF",
        "GITE",
        "GID",
        "TED",
        "DEF",
        "FET",
        "TIG",
        "DITE",
        "DIF",
        "FIE",
        "DEG",
        "TIGE"
    ],
    "ws": [
        {
            "w": "DIG",
            "v": false,
            "row": 0,
            "col": 0,
            "def": "To move hard-packed earth out of the way, especially downward to make a hole with a shovel. Or to drill, or the like, through rocks, roads, or the like. More generally, to make any similar hole by moving material out of the way."
        },
        {
            "w": "FED",
            "v": false,
            "row": 2,
            "col": 0,
            "def": "A federal government officer or official, especially FBI and DEA agents."
        },
        {
            "w": "FIG",
            "v": false,
            "row": 3,
            "col": 4,
            "def": "A fruit-bearing tree or shrub of the genus Ficus that is native mainly to the tropics."
        },
        {
            "w": "FIT",
            "v": true,
            "row": 5,
            "col": 0,
            "def": "Suitable, proper."
        },
        {
            "w": "GET",
            "v": false,
            "row": 7,
            "col": 3,
            "def": "To obtain; to acquire."
        },
        {
            "w": "TIE",
            "v": true,
            "row": 7,
            "col": 7,
            "def": "A necktie (item of clothing consisting of a strip of cloth tied around the neck)."
        },
        {
            "w": "GIT",
            "v": true,
            "row": 3,
            "col": 6,
            "def": "A contemptible person."
        },
        {
            "w": "DIET",
            "v": true,
            "row": 2,
            "col": 2,
            "def": "The food and beverage a person or animal consumes."
        },
        {
            "w": "EDIT",
            "v": true,
            "row": 5,
            "col": 9,
            "def": "A change to the text of a document."
        },
        {
            "w": "GIFT",
            "v": false,
            "row": 8,
            "col": 6,
            "def": "Something given to another voluntarily, without charge."
        },
        {
            "w": "TIDE",
            "v": false,
            "row": 5,
            "col": 6,
            "def": "The periodic change of the sea level, particularly when caused by the gravitational influence of the sun and the moon."
        },
        {
            "w": "DEFT",
            "v": true,
            "row": 0,
            "col": 0,
            "def": "Quick and neat in action; skillful."
        },
        {
            "w": "FETID",
            "v": false,
            "row": 5,
            "col": 0,
            "def": "Foul-smelling, Stinking."
        },
        {
            "w": "FIDGET",
            "v": true,
            "row": 3,
            "col": 4,
            "def": "To wiggle or twitch; to move around nervously or idly."
        }
    ]
}