{
    "id": 1615,
    "sub_category": "White Packx",
    "category": "Frost Group",
    "type": 0,
    "letters": "OOPRSU",
    "mov": 26,
    "shovels": 1,
    "coins": 5,
    "rows": 15,
    "cols": 15,
    "c": 0,
    "b": -1,
    "w": 10,
    "h": 10,
    "dws": [
        "PROO",
        "OOP",
        "PROS",
        "OOR",
        "ROUP",
        "ROOPS",
        "OOS",
        "SOOP",
        "ROUPS",
        "POS",
        "OUS",
        "SOPOR",
        "POURS",
        "URPS",
        "OURS",
        "UPO",
        "PROSO",
        "POOS",
        "URP",
        "ROO",
        "SOU",
        "ORS",
        "ROOS",
        "PURS",
        "PUR",
        "POO",
        "ROOP"
    ],
    "ws": [
        {
            "w": "OUR",
            "v": false,
            "row": 4,
            "col": 4,
            "def": "Belonging to us."
        },
        {
            "w": "PRO",
            "v": false,
            "row": 5,
            "col": 7,
            "def": "An advantage of something, especially when contrasted with its disadvantages (cons)."
        },
        {
            "w": "UPS",
            "v": true,
            "row": 7,
            "col": 7,
            "def": "Plural form of up."
        },
        {
            "w": "SOP",
            "v": false,
            "row": 3,
            "col": 2,
            "def": "Something entirely soaked."
        },
        {
            "w": "OPS",
            "v": false,
            "row": 8,
            "col": 2,
            "def": "Plural form of op."
        },
        {
            "w": "SUP",
            "v": false,
            "row": 2,
            "col": 0,
            "def": "Supremum."
        },
        {
            "w": "PUS",
            "v": false,
            "row": 8,
            "col": 7,
            "def": "A whitish-yellow or yellow substance composed primarily of dead white blood cells and dead pyogenic bacteria; normally found in regions of bacterial infection."
        },
        {
            "w": "OOPS",
            "v": true,
            "row": 0,
            "col": 2,
            "def": "Acknowledging a minor mistake."
        },
        {
            "w": "POOR",
            "v": true,
            "row": 2,
            "col": 8,
            "def": "With little or no possessions or money."
        },
        {
            "w": "POUR",
            "v": true,
            "row": 1,
            "col": 6,
            "def": "To cause to flow in a stream, as a liquid or anything flowing like a liquid, either out of a vessel or into it."
        },
        {
            "w": "SOUP",
            "v": false,
            "row": 2,
            "col": 5,
            "def": "Any of various dishes commonly made by combining liquids, such as water or stock with other ingredients, such as meat and vegetables, that contribute flavor and texture."
        },
        {
            "w": "SOUR",
            "v": false,
            "row": 0,
            "col": 1,
            "def": "Having an acidic, sharp or tangy taste."
        },
        {
            "w": "SPUR",
            "v": true,
            "row": 2,
            "col": 0,
            "def": "A rigid implement, often roughly y-shaped, that is fixed to one's heel for purpose of prodding a horse. Often worn by, and emblematic of, the cowboy or the knight."
        },
        {
            "w": "OPUS",
            "v": true,
            "row": 5,
            "col": 9,
            "def": "A work of music or set of works with a specified rank in an ordering of a composer's complete published works."
        },
        {
            "w": "SPOOR",
            "v": false,
            "row": 6,
            "col": 2,
            "def": "The track, trail, droppings or scent of an animal."
        },
        {
            "w": "POROUS",
            "v": true,
            "row": 3,
            "col": 4,
            "def": "Full of tiny pores that allow fluids or gasses to pass through."
        }
    ]
}