{
    "id": 1620,
    "sub_category": "Valley Packx",
    "category": "Frost Group",
    "type": 0,
    "letters": "AEHRSV",
    "mov": 26,
    "shovels": 1,
    "coins": 5,
    "rows": 15,
    "cols": 15,
    "c": 0,
    "b": -1,
    "w": 13,
    "h": 12,
    "dws": [
        "ARE",
        "REHS",
        "VARS",
        "AVER",
        "SHA",
        "RASE",
        "VERA",
        "SAV",
        "ERA",
        "HAVERS",
        "HES",
        "RAVS",
        "SER",
        "VAES",
        "HEARS",
        "RAVES",
        "RAV",
        "VERS",
        "AVE",
        "HAE",
        "VAS",
        "SHEA",
        "ERS",
        "ARSE",
        "HAES",
        "HAS",
        "EHS",
        "VARES",
        "SERA",
        "REV",
        "SHE",
        "ARES",
        "AVES",
        "SAE",
        "EAR",
        "ASH",
        "ARS",
        "SAR",
        "SHEVA",
        "AHS",
        "AVERS",
        "HAVER",
        "RAH",
        "VARE",
        "VAR",
        "REH",
        "VAE",
        "RAS",
        "HER",
        "SEV",
        "EAS",
        "SEA",
        "HARES",
        "RES",
        "RHEA",
        "REVS",
        "RHEAS",
        "RAHS",
        "HAVES",
        "RESH"
    ],
    "ws": [
        {
            "w": "EARS",
            "v": false,
            "row": 0,
            "col": 4,
            "def": "Plural form of ear."
        },
        {
            "w": "ERAS",
            "v": false,
            "row": 3,
            "col": 1,
            "def": "Plural form of era."
        },
        {
            "w": "HARE",
            "v": false,
            "row": 5,
            "col": 3,
            "def": "Any of several plant-eating animals of the family Leporidae, especially of the genus Lepus, similar to a rabbit, but larger and with longer ears."
        },
        {
            "w": "HAVE",
            "v": false,
            "row": 1,
            "col": 0,
            "def": "To possess, own, hold."
        },
        {
            "w": "HEAR",
            "v": false,
            "row": 4,
            "col": 6,
            "def": "To sympathize with; to share the feeling or opinion of."
        },
        {
            "w": "HERS",
            "v": true,
            "row": 4,
            "col": 6,
            "def": "That which belongs to her; the possessive case of she, used without a following noun."
        },
        {
            "w": "RASH",
            "v": true,
            "row": 6,
            "col": 1,
            "def": "Hasty, not careful or considered."
        },
        {
            "w": "SAVE",
            "v": true,
            "row": 0,
            "col": 1,
            "def": "In various sports, a block that prevents an opponent from scoring."
        },
        {
            "w": "VASE",
            "v": true,
            "row": 6,
            "col": 8,
            "def": "A container used mainly for displaying fresh, dried, or artificial flowers."
        },
        {
            "w": "SEAR",
            "v": false,
            "row": 8,
            "col": 1,
            "def": "Dry; withered, especially of vegetation."
        },
        {
            "w": "RAVE",
            "v": false,
            "row": 6,
            "col": 6,
            "def": "An enthusiastic review (such as of a play)."
        },
        {
            "w": "SHARE",
            "v": true,
            "row": 0,
            "col": 7,
            "def": "A portion of something, especially a portion given or allotted to someone."
        },
        {
            "w": "SHAVE",
            "v": false,
            "row": 2,
            "col": 5,
            "def": "To make bald by using a tool such as a razor or pair of electric clippers to cut the hair close to the skin."
        },
        {
            "w": "SHEAR",
            "v": true,
            "row": 0,
            "col": 9,
            "def": "To cut, originally with a sword or other bladed weapon, now usually with shears, or as if using shears."
        },
        {
            "w": "SAVER",
            "v": false,
            "row": 9,
            "col": 5,
            "def": "One who saves."
        },
        {
            "w": "SHAVER",
            "v": true,
            "row": 3,
            "col": 4,
            "def": "One who shaves."
        }
    ]
}