{
    "id": "16955e6e-0d47-11eb-a781-34363b5fdca4",
    "type": 0,
    "letters": "DEERST",
    "mov": 29,
    "shovels": 1,
    "coins": 5,
    "rows": 12,
    "cols": 2,
    "c": 0,
    "b": -1,
    "dws": [
        "RES",
        "ERS",
        "SER",
        "RET",
        "REE",
        "ERE",
        "EST",
        "TES",
        "ESE",
        "EDS",
        "SED",
        "TED",
        "DEE",
        "RETS",
        "ERST",
        "TRES",
        "REES",
        "ERES",
        "SERE",
        "RETE",
        "TEER",
        "REDE",
        "ERED",
        "DERE",
        "DREE",
        "STEE",
        "STED",
        "DEES",
        "DEET",
        "RETES",
        "REEST",
        "ESTER",
        "STERE",
        "TERES",
        "TEERS",
        "DREST",
        "REDES",
        "SERED",
        "SEDER",
        "DEERS",
        "DERES",
        "DREES",
        "TREED",
        "DEETS",
        "DETERS",
        "REEDS",
        "DEER",
        "REDS",
        "SEED",
        "TEDS",
        "TEED",
        "RED"
    ],
    "ws": [
        {
            "w": "SEE",
            "v": false,
            "row": 3,
            "col": 0
        },
        {
            "w": "SET",
            "v": false,
            "row": 5,
            "col": 0
        },
        {
            "w": "TEE",
            "v": true,
            "row": 0,
            "col": 6
        },
        {
            "w": "REED",
            "v": true,
            "row": 6,
            "col": 6
        },
        {
            "w": "REST",
            "v": false,
            "row": 6,
            "col": 6
        },
        {
            "w": "SEER",
            "v": false,
            "row": 4,
            "col": 2
        },
        {
            "w": "TEES",
            "v": true,
            "row": 0,
            "col": 0
        },
        {
            "w": "TREE",
            "v": false,
            "row": 0,
            "col": 6
        },
        {
            "w": "DETER",
            "v": false,
            "row": 2,
            "col": 5
        },
        {
            "w": "RESET",
            "v": true,
            "row": 2,
            "col": 9
        },
        {
            "w": "STEED",
            "v": true,
            "row": 5,
            "col": 0
        },
        {
            "w": "STEER",
            "v": false,
            "row": 8,
            "col": 3
        },
        {
            "w": "TERSE",
            "v": true,
            "row": 2,
            "col": 7
        },
        {
            "w": "TREES",
            "v": false,
            "row": 0,
            "col": 0
        },
        {
            "w": "DESERT",
            "v": true,
            "row": 3,
            "col": 4
        },
        {
            "w": "RESTED",
            "v": true,
            "row": 2,
            "col": 2
        }
    ]
}