{
    "id": 1769,
    "sub_category": "Climb Packx",
    "category": "Hills Group",
    "type": 0,
    "letters": "BEEFRT",
    "mov": 26,
    "shovels": 1,
    "coins": 5,
    "rows": 15,
    "cols": 15,
    "c": 0,
    "b": -1,
    "w": 12,
    "h": 9,
    "dws": [
        "RET",
        "BEFRET",
        "TREF",
        "ERE",
        "EFT",
        "REFT",
        "BREE",
        "RETE",
        "FER",
        "BETE",
        "FEER",
        "TEF",
        "FERE",
        "BERE",
        "FEEB",
        "TERF",
        "REE",
        "REB",
        "FREET",
        "FET",
        "ERF",
        "TEER"
    ],
    "ws": [
        {
            "w": "BEE",
            "v": true,
            "row": 0,
            "col": 3,
            "def": "A flying insect, of the superfamily Apoidea, known for their organised societies, for collecting pollen, and producing wax and honey."
        },
        {
            "w": "BET",
            "v": false,
            "row": 0,
            "col": 3,
            "def": "A wager, an agreement between two parties that a stake (usually money) will be paid by the loser to the winner (the winner being the one who correctly forecast the outcome of an event)."
        },
        {
            "w": "FEE",
            "v": true,
            "row": 7,
            "col": 6,
            "def": "Cattle; livestock, especially considered as the basis of wealth."
        },
        {
            "w": "TEE",
            "v": true,
            "row": 6,
            "col": 2,
            "def": "The name of the Latin script letter T/t."
        },
        {
            "w": "REF",
            "v": false,
            "row": 9,
            "col": 5,
            "def": "Referee."
        },
        {
            "w": "BEEF",
            "v": true,
            "row": 2,
            "col": 6,
            "def": "The meat from a cow, bull or other bovines."
        },
        {
            "w": "BEER",
            "v": false,
            "row": 3,
            "col": 4,
            "def": "An alcoholic drink fermented from starch material commonly barley malt, often with hops or some other substance to impart a bitter flavor."
        },
        {
            "w": "FEET",
            "v": false,
            "row": 7,
            "col": 6,
            "def": "Plural form of foot."
        },
        {
            "w": "FREE",
            "v": false,
            "row": 1,
            "col": 0,
            "def": "Not imprisoned or enslaved."
        },
        {
            "w": "REEF",
            "v": true,
            "row": 1,
            "col": 1,
            "def": "Scabby; scurvy."
        },
        {
            "w": "TREE",
            "v": false,
            "row": 6,
            "col": 2,
            "def": "A large plant, not exactly defined, but typically over four meters in height, a single trunk which grows in girth with age and branches (which also grow in circumference with age)."
        },
        {
            "w": "BEET",
            "v": false,
            "row": 8,
            "col": 1,
            "def": "Beta vulgaris, a plant with a swollen root which is eaten or used to make sugar."
        },
        {
            "w": "FRET",
            "v": false,
            "row": 5,
            "col": 6,
            "def": "A fog or mist at sea or coming inland from the sea."
        },
        {
            "w": "FETE",
            "v": false,
            "row": 4,
            "col": 1,
            "def": "A festival open to the public, the proceeds from which are often given to charity."
        },
        {
            "w": "BERET",
            "v": true,
            "row": 4,
            "col": 8,
            "def": "A type of round, brimless cap with a soft top and a headband to secure it to the head; usually culturally associated with France."
        },
        {
            "w": "BEREFT",
            "v": true,
            "row": 3,
            "col": 4,
            "def": "Simple past tense and past participle of bereave."
        }
    ]
}