{
    "id": 1786,
    "sub_category": "Above Packx",
    "category": "Hills Group",
    "type": 0,
    "letters": "CEORTV",
    "mov": 30,
    "shovels": 1,
    "coins": 5,
    "rows": 15,
    "cols": 15,
    "c": 0,
    "b": -1,
    "w": 14,
    "h": 11,
    "dws": [
        "REC",
        "RET",
        "VROT",
        "EVO",
        "TORC",
        "ECO",
        "TOC",
        "RECTO",
        "CORVET",
        "REO",
        "VOE",
        "TEC",
        "ORC",
        "TOR",
        "REV",
        "VERT",
        "ROE",
        "COR",
        "CERT",
        "CERO",
        "COTE",
        "ORT",
        "ROC",
        "VOR",
        "TROVE",
        "TORE",
        "VOTE",
        "VET"
    ],
    "ws": [
        {
            "w": "ORE",
            "v": false,
            "row": 2,
            "col": 7,
            "def": "Rock that contains utilitarian materials; primarily a rock containing metals or gems which (at the time of the rock's evaluation and proposal for extraction) are able to be separated from its neighboring minerals and processed at a cost that does not exceed those materials' present-day economic values."
        },
        {
            "w": "ROT",
            "v": true,
            "row": 3,
            "col": 6,
            "def": "To suffer decomposition due to biological action, especially by fungi or bacteria."
        },
        {
            "w": "TOE",
            "v": true,
            "row": 1,
            "col": 7,
            "def": "Each of the five digits on the end of the foot."
        },
        {
            "w": "COT",
            "v": true,
            "row": 7,
            "col": 6,
            "def": "A symbol of the trigonometric function cotangent."
        },
        {
            "w": "CORE",
            "v": false,
            "row": 3,
            "col": 4,
            "def": "The central part of fruit, containing the kernels or seeds."
        },
        {
            "w": "COVE",
            "v": false,
            "row": 7,
            "col": 6,
            "def": "A fellow; a man."
        },
        {
            "w": "OVER",
            "v": true,
            "row": 0,
            "col": 0,
            "def": "In radio communications: end of sentence, ready to receive reply."
        },
        {
            "w": "VETO",
            "v": false,
            "row": 4,
            "col": 1,
            "def": "A political right to disapprove of (and thereby stop) the process of a decision, a law etc."
        },
        {
            "w": "ROVE",
            "v": true,
            "row": 5,
            "col": 8,
            "def": "To shoot with arrows (at)."
        },
        {
            "w": "ROTE",
            "v": true,
            "row": 6,
            "col": 1,
            "def": "The process of learning or committing something to memory through mechanical repetition, usually by hearing and repeating aloud, often without full attention to comprehension or thought for the meaning."
        },
        {
            "w": "COVER",
            "v": false,
            "row": 7,
            "col": 0,
            "def": "A lid."
        },
        {
            "w": "VOTER",
            "v": false,
            "row": 5,
            "col": 4,
            "def": "Someone who votes."
        },
        {
            "w": "COVET",
            "v": true,
            "row": 1,
            "col": 2,
            "def": "To wish for with eagerness; to desire possession of, often enviously."
        },
        {
            "w": "OVERT",
            "v": true,
            "row": 0,
            "col": 9,
            "def": "Open and not secret nor concealed."
        },
        {
            "w": "COVERT",
            "v": true,
            "row": 3,
            "col": 4,
            "def": "Hidden, covered over; overgrown, sheltered."
        },
        {
            "w": "VECTOR",
            "v": false,
            "row": 1,
            "col": 0,
            "def": "A directed quantity, one with both magnitude and direction; the signed difference between two points."
        }
    ]
}