{
    "id": 1845,
    "sub_category": "Ray Packx",
    "category": "Mist Group",
    "type": 0,
    "letters": "FHIRST",
    "mov": 28,
    "shovels": 1,
    "coins": 5,
    "rows": 15,
    "cols": 15,
    "c": 0,
    "b": -1,
    "w": 12,
    "h": 11,
    "dws": [
        "SIF",
        "RIT",
        "SHRI",
        "FIRTHS",
        "FIRS",
        "HITS",
        "RIFTS",
        "FITS",
        "RIF",
        "THIR",
        "FRITH",
        "IFS",
        "SIHR",
        "FRITS",
        "FRIS",
        "SHIT",
        "ISH",
        "SITH",
        "SRI",
        "FRIST",
        "HIST",
        "RIFS",
        "FRIT",
        "FIRTH",
        "FRITHS",
        "SHIR",
        "RITS",
        "FIRST",
        "FIT"
    ],
    "ws": [
        {
            "w": "FIR",
            "v": false,
            "row": 3,
            "col": 0,
            "def": "A conifer of the genus Abies."
        },
        {
            "w": "HIS",
            "v": true,
            "row": 7,
            "col": 2,
            "def": "Belonging to him."
        },
        {
            "w": "HIT",
            "v": false,
            "row": 5,
            "col": 6,
            "def": "To administer a blow to."
        },
        {
            "w": "ITS",
            "v": true,
            "row": 3,
            "col": 1,
            "def": "The one (or ones) belonging to it."
        },
        {
            "w": "SIR",
            "v": true,
            "row": 1,
            "col": 2,
            "def": "A man of a higher rank or position."
        },
        {
            "w": "SIT",
            "v": false,
            "row": 7,
            "col": 7,
            "def": "To be in a position in which the upper body is upright and the legs (especially the upper legs) are supported by some object."
        },
        {
            "w": "TIS",
            "v": false,
            "row": 9,
            "col": 0,
            "def": "Plural of til."
        },
        {
            "w": "FISH",
            "v": true,
            "row": 2,
            "col": 6,
            "def": "A cold-blooded vertebrate animal that lives in water, moving with the help of fins and breathing with gills."
        },
        {
            "w": "FIST",
            "v": true,
            "row": 0,
            "col": 8,
            "def": "Hand with the fingers clenched or curled inward."
        },
        {
            "w": "RIFT",
            "v": false,
            "row": 0,
            "col": 6,
            "def": "A chasm or fissure."
        },
        {
            "w": "SIFT",
            "v": false,
            "row": 1,
            "col": 2,
            "def": "To sieve or strain (something)."
        },
        {
            "w": "STIR",
            "v": false,
            "row": 5,
            "col": 1,
            "def": "To change the place of in any manner; to move."
        },
        {
            "w": "THIS",
            "v": true,
            "row": 5,
            "col": 8,
            "def": "The (thing) here (used in indicating something or someone nearby)."
        },
        {
            "w": "SHIFT",
            "v": false,
            "row": 7,
            "col": 1,
            "def": "To change, swap."
        },
        {
            "w": "SHIRT",
            "v": false,
            "row": 3,
            "col": 4,
            "def": "An article of clothing that is worn on the upper part of the body, and often has sleeves, either long or short, that cover the arms."
        },
        {
            "w": "SHRIFT",
            "v": true,
            "row": 3,
            "col": 4,
            "def": "The act of going to or hearing a religious confession."
        }
    ]
}