{
    "id": 1900,
    "sub_category": "Brook Packx",
    "category": "Mist Group",
    "type": 0,
    "letters": "AIRSTT",
    "mov": 22,
    "shovels": 1,
    "coins": 5,
    "rows": 15,
    "cols": 15,
    "c": 0,
    "b": -1,
    "w": 11,
    "h": 10,
    "dws": [
        "RAI",
        "AITS",
        "RIT",
        "TRAITS",
        "RAITS",
        "AIT",
        "TAR",
        "TATS",
        "TIAR",
        "RAIT",
        "SAI",
        "RAIS",
        "TARTS",
        "RITT",
        "TARS",
        "TSAR",
        "TAT",
        "TIS",
        "ASTIR",
        "RIA",
        "AIS",
        "TIARS",
        "STRATI",
        "TAI",
        "STRIA",
        "ITA",
        "AIRT",
        "TRIST",
        "ARTIS",
        "SAIR",
        "TIT",
        "ATT",
        "RIAS",
        "RITTS",
        "AIR",
        "SIR",
        "TAIT",
        "SAT",
        "ARS",
        "SAR",
        "ARIS",
        "SARI",
        "TAIS",
        "SATI",
        "TRATS",
        "TAS",
        "ART",
        "TARSI",
        "TAITS",
        "ATS",
        "ARTI",
        "SITAR",
        "SRI",
        "AIRTS",
        "RAT",
        "RAS",
        "TITS",
        "TRAT",
        "ITS",
        "SIT",
        "RITS",
        "ITAS",
        "ARTIST",
        "STRAIT",
        "STAIR",
        "START",
        "TRAIT",
        "AIRS",
        "ARTS",
        "RATS",
        "STAR",
        "STIR",
        "TART",
        "STAT"
    ],
    "ws": []
}