{
    "id": "1922f26c-0d48-11eb-a781-34363b5fdca4",
    "type": 0,
    "letters": "AEIPRR",
    "mov": 29,
    "shovels": 1,
    "coins": 5,
    "rows": 12,
    "cols": 2,
    "c": 0,
    "b": -1,
    "dws": [
        "REP",
        "PRE",
        "REI",
        "PIR",
        "RAI",
        "RIA",
        "PIA",
        "RAPE",
        "APER",
        "PERI",
        "PARR",
        "RAPER",
        "PARER",
        "PRIER",
        "AIRER",
        "PAIRER",
        "RIPER",
        "PARE",
        "REAP",
        "REAR",
        "APE",
        "ERR",
        "PIE",
        "RIP"
    ],
    "ws": [
        {
            "w": "AIR",
            "v": true,
            "row": 5,
            "col": 8
        },
        {
            "w": "ARE",
            "v": false,
            "row": 3,
            "col": 7
        },
        {
            "w": "EAR",
            "v": false,
            "row": 4,
            "col": 3
        },
        {
            "w": "ERA",
            "v": false,
            "row": 1,
            "col": 3
        },
        {
            "w": "IRE",
            "v": true,
            "row": 1,
            "col": 9
        },
        {
            "w": "PAR",
            "v": false,
            "row": 2,
            "col": 5
        },
        {
            "w": "PEA",
            "v": false,
            "row": 5,
            "col": 6
        },
        {
            "w": "PER",
            "v": true,
            "row": 0,
            "col": 3
        },
        {
            "w": "RAP",
            "v": true,
            "row": 0,
            "col": 5
        },
        {
            "w": "PAIR",
            "v": true,
            "row": 2,
            "col": 0
        },
        {
            "w": "PEAR",
            "v": true,
            "row": 5,
            "col": 6
        },
        {
            "w": "PIER",
            "v": false,
            "row": 2,
            "col": 0
        },
        {
            "w": "RARE",
            "v": true,
            "row": 2,
            "col": 7
        },
        {
            "w": "RIPE",
            "v": false,
            "row": 0,
            "col": 5
        },
        {
            "w": "RAPIER",
            "v": true,
            "row": 3,
            "col": 4
        },
        {
            "w": "REPAIR",
            "v": false,
            "row": 7,
            "col": 3
        }
    ]
}