{
    "id": 1994,
    "sub_category": "Grace Packx",
    "category": "Formation Group",
    "type": 0,
    "letters": "DEEMOT",
    "mov": 20,
    "shovels": 1,
    "coins": 5,
    "rows": 15,
    "cols": 15,
    "c": 0,
    "b": -1,
    "w": 9,
    "h": 8,
    "dws": [
        "METED",
        "EMOTED",
        "EMO",
        "MET",
        "TOE",
        "TOD",
        "EME",
        "TEE",
        "TEEM",
        "MOT",
        "MOTED",
        "MOE",
        "DOE",
        "MOD",
        "MED",
        "TOM",
        "TEED",
        "DEE",
        "METE",
        "MEE",
        "DOT",
        "TEME",
        "TED",
        "TOED",
        "DEET",
        "DEME",
        "ODE",
        "MEED",
        "DOM"
    ],
    "ws": [
        {
            "w": "DEMO",
            "v": true,
            "row": 0,
            "col": 1,
            "def": "A brief demonstration or visual explanation."
        },
        {
            "w": "DOME",
            "v": true,
            "row": 4,
            "col": 7,
            "def": "A common structural element of architecture that resembles the hollow upper half of a sphere, a cupola."
        },
        {
            "w": "MEET",
            "v": true,
            "row": 3,
            "col": 0,
            "def": "To come face to face with by accident; to encounter."
        },
        {
            "w": "MODE",
            "v": false,
            "row": 3,
            "col": 0,
            "def": "One of several ancient scales, one of which corresponds to the modern major scale and one to the natural minor scale."
        },
        {
            "w": "DEEM",
            "v": false,
            "row": 0,
            "col": 1,
            "def": "To judge; pass judgement on; sentence; doom."
        },
        {
            "w": "TOME",
            "v": true,
            "row": 2,
            "col": 5,
            "def": "One in a series of volumes."
        },
        {
            "w": "DOTE",
            "v": false,
            "row": 2,
            "col": 3,
            "def": "To be excessively fond of."
        },
        {
            "w": "MOTE",
            "v": false,
            "row": 5,
            "col": 2,
            "def": "A small particle; a speck."
        },
        {
            "w": "EMOTE",
            "v": false,
            "row": 7,
            "col": 3,
            "def": "To display emotions openly, especially while acting."
        },
        {
            "w": "DEMOTE",
            "v": true,
            "row": 2,
            "col": 3,
            "def": "To lower the rank or status of something."
        }
    ]
}