{
    "id": "1bfaed42-0d42-11eb-a781-34363b5fdca4",
    "type": 0,
    "letters": "ACEIMN",
    "mov": 31,
    "shovels": 1,
    "coins": 5,
    "rows": 13,
    "cols": 2,
    "c": 0,
    "b": -1,
    "dws": [
        "MIC",
        "NIE",
        "AMI",
        "NIM",
        "AIN",
        "ANI",
        "CAM",
        "MAC",
        "MAE",
        "AME",
        "EAN",
        "ANE",
        "NAE",
        "MNA",
        "NAM",
        "EMIC",
        "CINE",
        "CAMI",
        "CAIN",
        "AMIE",
        "MEIN",
        "EINA",
        "AINE",
        "MINA",
        "MANI",
        "AMIN",
        "ANCE",
        "NEMA",
        "AMICE",
        "AMNIC",
        "MINAE",
        "ANIME",
        "ANEMIC",
        "AMINE",
        "MANIC",
        "ACME",
        "AMEN",
        "MACE",
        "MAIN",
        "MANE",
        "MIEN",
        "MINE",
        "MEN"
    ],
    "ws": [
        {
            "w": "ACE",
            "v": false,
            "row": 9,
            "col": 7
        },
        {
            "w": "AIM",
            "v": false,
            "row": 4,
            "col": 0
        },
        {
            "w": "CAN",
            "v": false,
            "row": 8,
            "col": 3
        },
        {
            "w": "ICE",
            "v": false,
            "row": 4,
            "col": 4
        },
        {
            "w": "MAN",
            "v": false,
            "row": 6,
            "col": 7
        },
        {
            "w": "ACNE",
            "v": false,
            "row": 6,
            "col": 1
        },
        {
            "w": "CAME",
            "v": false,
            "row": 3,
            "col": 6
        },
        {
            "w": "CANE",
            "v": false,
            "row": 1,
            "col": 0
        },
        {
            "w": "MEAN",
            "v": false,
            "row": 0,
            "col": 6
        },
        {
            "w": "MICA",
            "v": true,
            "row": 3,
            "col": 8
        },
        {
            "w": "MICE",
            "v": true,
            "row": 4,
            "col": 2
        },
        {
            "w": "NAME",
            "v": true,
            "row": 0,
            "col": 9
        },
        {
            "w": "NICE",
            "v": true,
            "row": 6,
            "col": 9
        },
        {
            "w": "MINCE",
            "v": true,
            "row": 0,
            "col": 6
        },
        {
            "w": "CINEMA",
            "v": true,
            "row": 3,
            "col": 4
        },
        {
            "w": "ICEMAN",
            "v": true,
            "row": 0,
            "col": 0
        }
    ]
}