{
    "id": "1cbeb702-0d44-11eb-a781-34363b5fdca4",
    "type": 0,
    "letters": "INPRT",
    "mov": 15,
    "shovels": 1,
    "coins": 5,
    "rows": 5,
    "cols": 2,
    "c": 0,
    "b": -1,
    "dws": [
        "PIR",
        "RIN",
        "RIT",
        "PIRN",
        "RIPT",
        "TRIN"
    ],
    "ws": [
        {
            "w": "NIP",
            "v": true,
            "row": 5,
            "col": 5
        },
        {
            "w": "NIT",
            "v": false,
            "row": 2,
            "col": 4
        },
        {
            "w": "PIN",
            "v": false,
            "row": 6,
            "col": 0
        },
        {
            "w": "PIT",
            "v": false,
            "row": 3,
            "col": 2
        },
        {
            "w": "RIP",
            "v": true,
            "row": 4,
            "col": 0
        },
        {
            "w": "TIN",
            "v": true,
            "row": 2,
            "col": 6
        },
        {
            "w": "TIP",
            "v": false,
            "row": 0,
            "col": 2
        },
        {
            "w": "PINT",
            "v": true,
            "row": 0,
            "col": 4
        },
        {
            "w": "TRIP",
            "v": false,
            "row": 7,
            "col": 2
        },
        {
            "w": "PRINT",
            "v": true,
            "row": 3,
            "col": 2
        }
    ]
}