{
    "id": "1f90de9a-0d46-11eb-a781-34363b5fdca4",
    "type": 0,
    "letters": "CDEIPT",
    "mov": 27,
    "shovels": 1,
    "coins": 5,
    "rows": 11,
    "cols": 2,
    "c": 0,
    "b": -1,
    "dws": [
        "DEP",
        "PED",
        "DEI",
        "IDE",
        "TED",
        "CID",
        "DIT",
        "TID",
        "PEC",
        "CEP",
        "TEC",
        "PIC",
        "CIT",
        "CEDI",
        "DITE",
        "DIPT",
        "DICT",
        "PICE",
        "PIET",
        "ETIC",
        "TICE",
        "CITE",
        "ICED",
        "TIDE",
        "PIE",
        "TIE",
        "TIP"
    ],
    "ws": [
        {
            "w": "DIE",
            "v": false,
            "row": 4,
            "col": 2
        },
        {
            "w": "DIP",
            "v": false,
            "row": 0,
            "col": 4
        },
        {
            "w": "ICE",
            "v": true,
            "row": 0,
            "col": 5
        },
        {
            "w": "PET",
            "v": true,
            "row": 0,
            "col": 0
        },
        {
            "w": "PIT",
            "v": true,
            "row": 7,
            "col": 7
        },
        {
            "w": "TIC",
            "v": true,
            "row": 0,
            "col": 8
        },
        {
            "w": "DICE",
            "v": true,
            "row": 2,
            "col": 6
        },
        {
            "w": "DIET",
            "v": true,
            "row": 5,
            "col": 1
        },
        {
            "w": "EDIT",
            "v": false,
            "row": 1,
            "col": 0
        },
        {
            "w": "EPIC",
            "v": false,
            "row": 7,
            "col": 1
        },
        {
            "w": "PIED",
            "v": false,
            "row": 5,
            "col": 4
        },
        {
            "w": "TIED",
            "v": true,
            "row": 2,
            "col": 9
        },
        {
            "w": "CITED",
            "v": true,
            "row": 0,
            "col": 2
        },
        {
            "w": "EDICT",
            "v": false,
            "row": 2,
            "col": 5
        },
        {
            "w": "TEPID",
            "v": false,
            "row": 8,
            "col": 4
        },
        {
            "w": "DEPICT",
            "v": true,
            "row": 3,
            "col": 4
        }
    ]
}