{
    "id": 200,
    "sub_category": "Dusk Pack",
    "category": "Sky Group",
    "type": 0,
    "letters": "ACCITT",
    "mov": 18,
    "shovels": 1,
    "coins": 5,
    "rows": 15,
    "cols": 15,
    "c": 0,
    "b": -1,
    "w": 7,
    "h": 6,
    "dws": [
        "ATT",
        "CIT",
        "TAI",
        "AIT",
        "ITA",
        "TICTAC",
        "TAIT",
        "TICCA",
        "TIT",
        "TAT"
    ],
    "ws": [
        {
            "w": "ACT",
            "v": true,
            "row": 0,
            "col": 3,
            "def": "Something done, a deed."
        },
        {
            "w": "CAT",
            "v": true,
            "row": 5,
            "col": 4,
            "def": "Any similar animal of the family Felidae, which includes lions, tigers, bobcats, etc."
        },
        {
            "w": "TIC",
            "v": false,
            "row": 4,
            "col": 0,
            "def": "A local and habitual convulsive motion of certain muscles."
        },
        {
            "w": "TACT",
            "v": true,
            "row": 0,
            "col": 5,
            "def": "The sense of touch; feeling."
        },
        {
            "w": "ATTIC",
            "v": false,
            "row": 2,
            "col": 1,
            "def": "The space, often unfinished and with sloped walls, directly below the roof in the uppermost part of a house or other building, generally used for storage or habitation."
        },
        {
            "w": "TACIT",
            "v": false,
            "row": 5,
            "col": 2,
            "def": "Done or made in silence; implied, but not expressed; silent; as, tacit consent is consent by silence, or by not interposing an objection."
        },
        {
            "w": "CACTI",
            "v": false,
            "row": 0,
            "col": 2,
            "def": "Plural form of cactus."
        },
        {
            "w": "TACTIC",
            "v": true,
            "row": 2,
            "col": 2,
            "def": "A manoeuvre, or action calculated to achieve some end."
        }
    ]
}