{
    "id": 2017,
    "sub_category": "Shell Packx",
    "category": "Coast Group",
    "type": 0,
    "letters": "BEGLOT",
    "mov": 30,
    "shovels": 1,
    "coins": 5,
    "rows": 15,
    "cols": 15,
    "c": 0,
    "b": -1,
    "w": 12,
    "h": 12,
    "dws": [
        "BEL",
        "TOGE",
        "ELT",
        "OLE",
        "EGO",
        "GOEL",
        "TOLE",
        "BOTEL",
        "BLET",
        "TEL",
        "TEG",
        "BOTE",
        "LOGE",
        "LOG",
        "GOE",
        "OBE",
        "BOLE",
        "BEGOT",
        "BEGO",
        "GEL",
        "GOB",
        "GEO",
        "GELT",
        "BOET",
        "TOG",
        "LOTE",
        "GOLE",
        "BOGLE",
        "GLOBE",
        "BELT",
        "BLOG",
        "LOT"
    ],
    "ws": [
        {
            "w": "BEG",
            "v": true,
            "row": 0,
            "col": 6,
            "def": "To request the help of someone, often in the form of money."
        },
        {
            "w": "BET",
            "v": false,
            "row": 7,
            "col": 3,
            "def": "A wager, an agreement between two parties that a stake (usually money) will be paid by the loser to the winner (the winner being the one who correctly forecast the outcome of an event)."
        },
        {
            "w": "BOG",
            "v": false,
            "row": 6,
            "col": 7,
            "def": "An expanse of marshland."
        },
        {
            "w": "GET",
            "v": true,
            "row": 6,
            "col": 9,
            "def": "To obtain; to acquire."
        },
        {
            "w": "GOT",
            "v": false,
            "row": 2,
            "col": 6,
            "def": "Simple past of get."
        },
        {
            "w": "LEG",
            "v": true,
            "row": 2,
            "col": 2,
            "def": "The lower limb of a human being or animal that extends from the groin to the ankle."
        },
        {
            "w": "LET",
            "v": false,
            "row": 4,
            "col": 7,
            "def": "To allow to, not to prevent (+ infinitive, but usually without to)."
        },
        {
            "w": "LOB",
            "v": true,
            "row": 0,
            "col": 0,
            "def": "To throw or hit a ball into the air in a high arch."
        },
        {
            "w": "TOE",
            "v": true,
            "row": 2,
            "col": 8,
            "def": "Each of the five digits on the end of the foot."
        },
        {
            "w": "BOT",
            "v": true,
            "row": 0,
            "col": 3,
            "def": "The larva of a bot fly, which infests the skin of various mammals, producing warbles, or the nasal passage of sheep, or the stomach of horses."
        },
        {
            "w": "BOLT",
            "v": false,
            "row": 2,
            "col": 0,
            "def": "A (usually) metal fastener consisting of a cylindrical body that is threaded, with a larger head on one end. It can be inserted into an unthreaded hole up to the head, with a nut then threaded on the other end; a heavy machine screw."
        },
        {
            "w": "LOBE",
            "v": true,
            "row": 4,
            "col": 7,
            "def": "Any projection or division, especially one of a somewhat rounded form."
        },
        {
            "w": "GLOB",
            "v": false,
            "row": 4,
            "col": 2,
            "def": "A round, shapeless or amorphous lump, as of a semisolid substance."
        },
        {
            "w": "BLOT",
            "v": false,
            "row": 0,
            "col": 6,
            "def": "A blemish, spot or stain made by a coloured substance."
        },
        {
            "w": "OGLE",
            "v": false,
            "row": 1,
            "col": 3,
            "def": ", (intransitive) To stare at (someone or something), especially impertinently, amorously, or covetously."
        },
        {
            "w": "GOBLET",
            "v": true,
            "row": 3,
            "col": 4,
            "def": "A drinking vessel with a foot and stem."
        }
    ]
}