{
    "id": 207,
    "sub_category": "Dusk Pack",
    "category": "Sky Group",
    "type": 0,
    "letters": "ENOPRV",
    "mov": 26,
    "shovels": 1,
    "coins": 5,
    "rows": 15,
    "cols": 15,
    "c": 0,
    "b": -1,
    "w": 11,
    "h": 11,
    "dws": [
        "EVO",
        "EON",
        "RENO",
        "ONER",
        "ERN",
        "OPE",
        "REO",
        "PRO",
        "VOE",
        "RONE",
        "PREON",
        "PRE",
        "NEP",
        "REV",
        "PERVO",
        "REN",
        "REPO",
        "PONE",
        "ROVE",
        "PORN",
        "PERN",
        "ROE",
        "PERV",
        "ROVEN",
        "VOR"
    ],
    "ws": [
        {
            "w": "NOR",
            "v": false,
            "row": 5,
            "col": 3,
            "def": "Used to introduce a further negative statement."
        },
        {
            "w": "ONE",
            "v": false,
            "row": 0,
            "col": 6,
            "def": "A numerical value equal to 1; the first number in the set of natural numbers (especially in number theory); the cardinality of the smallest nonempty set. Ordinal: first."
        },
        {
            "w": "ORE",
            "v": false,
            "row": 7,
            "col": 2,
            "def": "Rock that contains utilitarian materials; primarily a rock containing metals or gems which (at the time of the rock's evaluation and proposal for extraction) are able to be separated from its neighboring minerals and processed at a cost that does not exceed those materials' present-day economic values."
        },
        {
            "w": "PEN",
            "v": false,
            "row": 4,
            "col": 0,
            "def": "An enclosed area used to contain domesticated animals, especially sheep or cattle."
        },
        {
            "w": "PER",
            "v": true,
            "row": 4,
            "col": 0,
            "def": "For each."
        },
        {
            "w": "REP",
            "v": false,
            "row": 6,
            "col": 0,
            "def": "Short form of reputation."
        },
        {
            "w": "NOPE",
            "v": false,
            "row": 8,
            "col": 4,
            "def": "To hit someone on the head."
        },
        {
            "w": "OPEN",
            "v": false,
            "row": 3,
            "col": 3,
            "def": "Which is not closed; accessible; unimpeded; as, an open gate."
        },
        {
            "w": "OVEN",
            "v": true,
            "row": 0,
            "col": 6,
            "def": "A chamber used for baking or heating."
        },
        {
            "w": "OVER",
            "v": true,
            "row": 4,
            "col": 9,
            "def": "In radio communications: end of sentence, ready to receive reply."
        },
        {
            "w": "ROPE",
            "v": false,
            "row": 6,
            "col": 6,
            "def": "Thick strings, yarn, monofilaments, metal wires, or strands of other cordage that are twisted together to form a stronger line."
        },
        {
            "w": "PEON",
            "v": false,
            "row": 0,
            "col": 1,
            "def": "A lowly person, a peasant or serf, a labourer who is obliged to do menial work."
        },
        {
            "w": "PORE",
            "v": true,
            "row": 6,
            "col": 2,
            "def": "A tiny opening in the skin."
        },
        {
            "w": "PRONE",
            "v": true,
            "row": 4,
            "col": 7,
            "def": "Lying face downward; prostrate."
        },
        {
            "w": "PROVE",
            "v": true,
            "row": 0,
            "col": 1,
            "def": "To demonstrate that something is true or viable; to give proof for."
        },
        {
            "w": "PROVEN",
            "v": true,
            "row": 3,
            "col": 4,
            "def": "Having been proved; having proved its value or truth."
        }
    ]
}