{
    "id": "208dbe1e-0d44-11eb-a781-34363b5fdca4",
    "type": 0,
    "letters": "GNORW",
    "mov": 15,
    "shovels": 1,
    "coins": 5,
    "rows": 5,
    "cols": 2,
    "c": 0,
    "b": -1,
    "dws": [
        "GOR",
        "ORG",
        "WOG",
        "GON",
        "NOG",
        "RONG",
        "GNOW"
    ],
    "ws": [
        {
            "w": "NOR",
            "v": false,
            "row": 3,
            "col": 1
        },
        {
            "w": "NOW",
            "v": false,
            "row": 4,
            "col": 5
        },
        {
            "w": "OWN",
            "v": true,
            "row": 4,
            "col": 6
        },
        {
            "w": "ROW",
            "v": true,
            "row": 4,
            "col": 0
        },
        {
            "w": "WON",
            "v": false,
            "row": 1,
            "col": 0
        },
        {
            "w": "GOWN",
            "v": true,
            "row": 0,
            "col": 1
        },
        {
            "w": "GROW",
            "v": false,
            "row": 2,
            "col": 3
        },
        {
            "w": "WORN",
            "v": true,
            "row": 1,
            "col": 5
        },
        {
            "w": "GROWN",
            "v": true,
            "row": 2,
            "col": 3
        },
        {
            "w": "WRONG",
            "v": false,
            "row": 6,
            "col": 0
        }
    ]
}