{
    "id": "215757a8-0d42-11eb-a781-34363b5fdca4",
    "type": 0,
    "letters": "FGHILT",
    "mov": 17,
    "shovels": 1,
    "coins": 5,
    "rows": 6,
    "cols": 2,
    "c": 0,
    "b": -1,
    "dws": [
        "FIL",
        "GIF",
        "LIG",
        "TIL",
        "GHI",
        "GIT",
        "TIG",
        "GLIT",
        "LITH",
        "HILT",
        "THIG",
        "GLIFT",
        "FLIGHT",
        "FIGHT",
        "FILTH",
        "LIGHT",
        "FLIT",
        "GIFT",
        "GILT",
        "LIFT",
        "FIG",
        "FIT",
        "HIT",
        "LIT"
    ],
    "ws": []
}