{
    "id": 217,
    "sub_category": "Cloud Pack",
    "category": "Sky Group",
    "type": 0,
    "letters": "LORSUY",
    "mov": 22,
    "shovels": 1,
    "coins": 5,
    "rows": 15,
    "cols": 15,
    "c": 0,
    "b": -1,
    "w": 10,
    "h": 9,
    "dws": [
        "OYS",
        "LOUR",
        "LOR",
        "LOU",
        "YOUS",
        "ROULS",
        "RYUS",
        "OUS",
        "ROUL",
        "LORY",
        "LOS",
        "SOUL",
        "LOY",
        "LOURY",
        "YOURS",
        "LOURS",
        "SOU",
        "LURS",
        "LUR",
        "ORS",
        "LOYS",
        "RULY",
        "RYU",
        "LOUS",
        "SOL",
        "YUS"
    ],
    "ws": [
        {
            "w": "OUR",
            "v": false,
            "row": 3,
            "col": 3,
            "def": "Belonging to us."
        },
        {
            "w": "SLY",
            "v": false,
            "row": 1,
            "col": 5,
            "def": "Artfully cunning; secretly mischievous; wily."
        },
        {
            "w": "SOY",
            "v": false,
            "row": 7,
            "col": 5,
            "def": "A Chinese and Japanese liquid sauce for fish, made by subjecting boiled beans to long fermentation and then long digestion in salt and water. US preference is the term soy sauce."
        },
        {
            "w": "YOU",
            "v": false,
            "row": 5,
            "col": 5,
            "def": "The individual or group spoken or written to."
        },
        {
            "w": "OURS",
            "v": false,
            "row": 2,
            "col": 0,
            "def": "That which belongs to us; the possessive case of we, used without a following noun."
        },
        {
            "w": "ROSY",
            "v": false,
            "row": 7,
            "col": 0,
            "def": "Rose-coloured."
        },
        {
            "w": "SOUR",
            "v": false,
            "row": 0,
            "col": 1,
            "def": "Having an acidic, sharp or tangy taste."
        },
        {
            "w": "YOUR",
            "v": false,
            "row": 5,
            "col": 0,
            "def": "Belonging to you; of you; related to you (singular; one owner)."
        },
        {
            "w": "SLUR",
            "v": true,
            "row": 0,
            "col": 1,
            "def": "An insult or slight."
        },
        {
            "w": "LOUSY",
            "v": true,
            "row": 3,
            "col": 7,
            "def": "Remarkably bad; of poor quality, dirty, or underhanded; mean, contemptible."
        },
        {
            "w": "SURLY",
            "v": true,
            "row": 1,
            "col": 5,
            "def": "Lordly, arrogant, supercilious."
        },
        {
            "w": "SOURLY",
            "v": true,
            "row": 2,
            "col": 3,
            "def": "In a sour manner."
        }
    ]
}