{
    "id": 2206,
    "sub_category": "Red Packx",
    "category": "Marsh Group",
    "type": 0,
    "letters": "ACHLOR",
    "mov": 22,
    "shovels": 1,
    "coins": 5,
    "rows": 15,
    "cols": 15,
    "c": 0,
    "b": -1,
    "w": 11,
    "h": 8,
    "dws": [
        "CARL",
        "ORAL",
        "CLARO",
        "LOR",
        "LOCH",
        "HORA",
        "LORCHA",
        "ARCO",
        "OCA",
        "CHOLA",
        "HORAL",
        "CHA",
        "CHAL",
        "HOC",
        "CAL",
        "ORC",
        "COL",
        "CHAO",
        "ORACH",
        "ORA",
        "RHO",
        "LARCH",
        "ALCO",
        "RACH",
        "HOAR",
        "ACRO",
        "RAH",
        "LAR",
        "LAC",
        "LOCA",
        "COR",
        "ROCH",
        "LOACH",
        "HARO",
        "ACH",
        "HARL",
        "HOA",
        "OCH",
        "OAR",
        "CALO",
        "ROC",
        "LAH",
        "HAO",
        "CHORAL",
        "CORAL",
        "ROACH",
        "CAROL",
        "ARCH",
        "COAL",
        "COLA",
        "HALO",
        "CHAR",
        "ORCA",
        "ARC",
        "CAR"
    ],
    "ws": []
}