{
    "id": 2211,
    "sub_category": "Vivid Packx",
    "category": "Marsh Group",
    "type": 0,
    "letters": "INOOPT",
    "mov": 30,
    "shovels": 1,
    "coins": 5,
    "rows": 15,
    "cols": 15,
    "c": 0,
    "b": -1,
    "w": 13,
    "h": 11,
    "dws": [
        "PION",
        "NOOIT",
        "PONT",
        "OOP",
        "TOPI",
        "PITON",
        "NOO",
        "PIN",
        "POOT",
        "TOPOI",
        "POON",
        "POI",
        "ONO",
        "OOT",
        "OON",
        "OINT",
        "POTIN",
        "TOPO",
        "NOOP",
        "TON",
        "OONT",
        "POO",
        "POINT",
        "INTO",
        "PIT",
        "NIT"
    ],
    "ws": [
        {
            "w": "ION",
            "v": false,
            "row": 7,
            "col": 3,
            "def": "An atom or group of atoms bearing an electrical charge such as the sodium and chlorine atoms in a salt solution."
        },
        {
            "w": "NOT",
            "v": true,
            "row": 0,
            "col": 9,
            "def": "Negates the meaning of the modified verb."
        },
        {
            "w": "POT",
            "v": false,
            "row": 4,
            "col": 0,
            "def": "A vessel used for cooking or storing food."
        },
        {
            "w": "TIN",
            "v": false,
            "row": 8,
            "col": 0,
            "def": "A malleable, ductile, metallic element, resistant to corrosion, with atomic number 50 and symbol Sn."
        },
        {
            "w": "TIP",
            "v": false,
            "row": 5,
            "col": 4,
            "def": "A particular arena or sphere of interest; a front."
        },
        {
            "w": "TOO",
            "v": false,
            "row": 1,
            "col": 7,
            "def": "Likewise."
        },
        {
            "w": "TOP",
            "v": true,
            "row": 1,
            "col": 3,
            "def": "That part of an object furthest away in the opposite direction from that in which an unsupported object would fall."
        },
        {
            "w": "NIP",
            "v": false,
            "row": 6,
            "col": 0,
            "def": "A small quantity of something edible or a potable liquor."
        },
        {
            "w": "OPT",
            "v": false,
            "row": 0,
            "col": 4,
            "def": "To choose; to select."
        },
        {
            "w": "ONTO",
            "v": false,
            "row": 2,
            "col": 0,
            "def": "Upon; on top of."
        },
        {
            "w": "PINT",
            "v": true,
            "row": 0,
            "col": 5,
            "def": "A unit of volume, equivalent to 1/8 of a gallon or 16 ounces."
        },
        {
            "w": "TOON",
            "v": true,
            "row": 1,
            "col": 7,
            "def": "A cartoon, especially an animated television show."
        },
        {
            "w": "PINTO",
            "v": true,
            "row": 0,
            "col": 1,
            "def": "A horse with a patchy coloration that includes white."
        },
        {
            "w": "PINOT",
            "v": true,
            "row": 4,
            "col": 0,
            "def": "Any of several grape varieties grown in Europe and North America."
        },
        {
            "w": "OPTION",
            "v": true,
            "row": 3,
            "col": 4,
            "def": "One of the choices which can be made."
        },
        {
            "w": "POTION",
            "v": false,
            "row": 3,
            "col": 3,
            "def": "A small portion or dose of a liquid which is medicinal, poisonous, or magical."
        }
    ]
}