{
    "id": 2263,
    "sub_category": "Leaf Packx",
    "category": "Woods Group",
    "type": 0,
    "letters": "CDEHIN",
    "mov": 20,
    "shovels": 1,
    "coins": 5,
    "rows": 15,
    "cols": 15,
    "c": 0,
    "b": -1,
    "w": 10,
    "h": 8,
    "dws": [
        "DIE",
        "NID",
        "HEID",
        "CID",
        "NIDE",
        "CHID",
        "END",
        "EDH",
        "ICH",
        "HIC",
        "CHINE",
        "HEND",
        "HIN",
        "CHE",
        "DIN",
        "DEN",
        "NICHED",
        "NIED",
        "DEI",
        "HEN",
        "IDE",
        "HIE",
        "NIE",
        "DICH",
        "CINE",
        "CHI",
        "ICE",
        "HID",
        "NED",
        "HIDE",
        "CEDI",
        "CHINED",
        "DENI",
        "ECH",
        "HIED"
    ],
    "ws": [
        {
            "w": "CHIN",
            "v": false,
            "row": 2,
            "col": 1,
            "def": "The bottom of a face, especially, the lower jaw or the region below the mouth."
        },
        {
            "w": "DICE",
            "v": false,
            "row": 7,
            "col": 3,
            "def": "Plural form of die."
        },
        {
            "w": "DINE",
            "v": true,
            "row": 4,
            "col": 6,
            "def": "To eat; to eat dinner or supper."
        },
        {
            "w": "ICED",
            "v": false,
            "row": 0,
            "col": 1,
            "def": "With ice added."
        },
        {
            "w": "INCH",
            "v": true,
            "row": 0,
            "col": 1,
            "def": "A unit of length equal to one-twelfth of a foot and equivalent to exactly 2.54 centimetres."
        },
        {
            "w": "NICE",
            "v": false,
            "row": 6,
            "col": 0,
            "def": "Nicely."
        },
        {
            "w": "HIND",
            "v": true,
            "row": 4,
            "col": 0,
            "def": "Located at the rear (most often said of animals' body parts)."
        },
        {
            "w": "NICHE",
            "v": true,
            "row": 0,
            "col": 7,
            "def": "A cavity, hollow, or recess, generally within the thickness of a wall, for a statue, bust, or other erect ornament. Hence, any similar position, literal or figurative."
        },
        {
            "w": "CHIDE",
            "v": false,
            "row": 4,
            "col": 3,
            "def": "To loudly admonish in blame; to angrily reproach."
        },
        {
            "w": "INCHED",
            "v": true,
            "row": 2,
            "col": 3,
            "def": "Simple past tense and past participle of inch."
        }
    ]
}