{
    "id": 2268,
    "sub_category": "Leaf Packx",
    "category": "Woods Group",
    "type": 0,
    "letters": "AGLNOS",
    "mov": 28,
    "shovels": 1,
    "coins": 5,
    "rows": 15,
    "cols": 15,
    "c": 0,
    "b": -1,
    "w": 13,
    "h": 11,
    "dws": [
        "LANG",
        "GLANS",
        "SAL",
        "SON",
        "ANS",
        "NOG",
        "GOS",
        "ONS",
        "AGON",
        "LOANS",
        "SNOG",
        "GAOL",
        "SLAG",
        "LONGS",
        "SOLA",
        "GOAS",
        "GOA",
        "GAS",
        "NOGS",
        "AGS",
        "NAS",
        "GAL",
        "GONS",
        "AGONS",
        "SAG",
        "LOS",
        "LOG",
        "SOG",
        "GON",
        "LONGA",
        "LAS",
        "SOLAN",
        "GAOLS",
        "NAG",
        "ANGLOS",
        "SANGO",
        "ALS",
        "NOS",
        "GAN",
        "LAG",
        "AGO",
        "SAN",
        "NAOS",
        "GOALS",
        "LOGANS",
        "SOL",
        "GANS",
        "LOGAN",
        "ALSO",
        "LOAN"
    ],
    "ws": [
        {
            "w": "GALS",
            "v": false,
            "row": 6,
            "col": 4,
            "def": "Plural form of gal."
        },
        {
            "w": "GOAL",
            "v": false,
            "row": 4,
            "col": 1,
            "def": "A result that one is attempting to achieve."
        },
        {
            "w": "LAGS",
            "v": true,
            "row": 6,
            "col": 6,
            "def": "Plural form of lag."
        },
        {
            "w": "LOGS",
            "v": true,
            "row": 5,
            "col": 0,
            "def": "Plural form of log."
        },
        {
            "w": "LONG",
            "v": true,
            "row": 0,
            "col": 9,
            "def": "Having much distance from one terminating point on an object or an area to another terminating point (usually applies to horizontal dimensions; see Usage Notes below)."
        },
        {
            "w": "NAGS",
            "v": false,
            "row": 2,
            "col": 0,
            "def": "Plural form of nag."
        },
        {
            "w": "SANG",
            "v": true,
            "row": 0,
            "col": 7,
            "def": "Simple past of sing."
        },
        {
            "w": "SONG",
            "v": true,
            "row": 0,
            "col": 0,
            "def": "A musical composition with lyrics for voice or voices, performed by singing."
        },
        {
            "w": "SLOG",
            "v": false,
            "row": 9,
            "col": 6,
            "def": "A long, tedious walk, or session of work."
        },
        {
            "w": "SNAG",
            "v": false,
            "row": 3,
            "col": 4,
            "def": "A stump or base of a branch that has been lopped off; a short branch, or a sharp or rough branch; a knot; a protuberance."
        },
        {
            "w": "SAGO",
            "v": false,
            "row": 1,
            "col": 6,
            "def": "A powdered starch obtained from certain palms used as a food thickener."
        },
        {
            "w": "ALONG",
            "v": true,
            "row": 5,
            "col": 9,
            "def": "By the length; in a line with the length; lengthwise."
        },
        {
            "w": "SALON",
            "v": false,
            "row": 8,
            "col": 0,
            "def": "A large room, especially one used to receive and entertain guests."
        },
        {
            "w": "SLANG",
            "v": false,
            "row": 0,
            "col": 0,
            "def": "Language outside of conventional usage."
        },
        {
            "w": "ANGLO",
            "v": true,
            "row": 0,
            "col": 2,
            "def": "An English person or person of English ancestry."
        },
        {
            "w": "SLOGAN",
            "v": true,
            "row": 3,
            "col": 4,
            "def": "A battle cry (original meaning)."
        }
    ]
}