{
    "id": 2269,
    "sub_category": "Leaf Packx",
    "category": "Woods Group",
    "type": 0,
    "letters": "AOPRRT",
    "mov": 30,
    "shovels": 1,
    "coins": 5,
    "rows": 15,
    "cols": 15,
    "c": 0,
    "b": -1,
    "w": 11,
    "h": 11,
    "dws": [
        "PRAT",
        "ATOP",
        "RAP",
        "RATO",
        "PROA",
        "TARO",
        "TORA",
        "POA",
        "PRAO",
        "TORR",
        "APO",
        "PARR",
        "RORT",
        "PORTA",
        "TAO",
        "ORRA",
        "ORA",
        "TOR",
        "APORT",
        "TROP",
        "OPA",
        "OPT",
        "ORT",
        "OAR",
        "ROTA",
        "PORT",
        "PAT",
        "TAR",
        "TOP"
    ],
    "ws": [
        {
            "w": "ART",
            "v": false,
            "row": 2,
            "col": 7,
            "def": "Human effort to imitate, supplement, alter, or counteract the work of nature."
        },
        {
            "w": "PAR",
            "v": false,
            "row": 5,
            "col": 2,
            "def": "By; with."
        },
        {
            "w": "POT",
            "v": true,
            "row": 5,
            "col": 2,
            "def": "A vessel used for cooking or storing food."
        },
        {
            "w": "PRO",
            "v": false,
            "row": 0,
            "col": 0,
            "def": "An advantage of something, especially when contrasted with its disadvantages (cons)."
        },
        {
            "w": "RAT",
            "v": true,
            "row": 0,
            "col": 9,
            "def": "A medium-sized rodent belonging to the genus Rattus."
        },
        {
            "w": "ROT",
            "v": true,
            "row": 0,
            "col": 1,
            "def": "To suffer decomposition due to biological action, especially by fungi or bacteria."
        },
        {
            "w": "TAP",
            "v": false,
            "row": 7,
            "col": 4,
            "def": "A tapering cylindrical pin or peg used to stop the vent in a cask; a spigot."
        },
        {
            "w": "APT",
            "v": true,
            "row": 6,
            "col": 6,
            "def": "Suitable; appropriate; fit or fitted; suited."
        },
        {
            "w": "OAT",
            "v": false,
            "row": 7,
            "col": 0,
            "def": "Widely cultivated cereal grass, typically Avena sativa."
        },
        {
            "w": "PART",
            "v": true,
            "row": 1,
            "col": 7,
            "def": "A fraction of a whole; a portion."
        },
        {
            "w": "ROAR",
            "v": true,
            "row": 5,
            "col": 8,
            "def": "To make a loud, deep cry, especially from pain, anger, or other strong emotion."
        },
        {
            "w": "TARP",
            "v": false,
            "row": 8,
            "col": 6,
            "def": "Short form of tarpaulin."
        },
        {
            "w": "TRAP",
            "v": false,
            "row": 2,
            "col": 1,
            "def": "A machine or other device designed to catch (and sometimes kill) animals, either by holding them in a container, or by catching hold of part of the body."
        },
        {
            "w": "RAPT",
            "v": false,
            "row": 4,
            "col": 4,
            "def": "Snatched, taken away; abducted."
        },
        {
            "w": "PARROT",
            "v": true,
            "row": 2,
            "col": 4,
            "def": "A kind of bird, many species of which are colourful and able to mimic human speech."
        },
        {
            "w": "RAPTOR",
            "v": true,
            "row": 3,
            "col": 0,
            "def": "A bird of prey."
        }
    ]
}