{
    "id": 2277,
    "sub_category": "Fall Packx",
    "category": "Woods Group",
    "type": 0,
    "letters": "ADRTWY",
    "mov": 30,
    "shovels": 1,
    "coins": 5,
    "rows": 15,
    "cols": 15,
    "c": 0,
    "b": -1,
    "w": 12,
    "h": 11,
    "dws": [
        "YAR",
        "DAWT",
        "TAW",
        "RYA",
        "ARD",
        "ARY",
        "TWAY",
        "TRAD",
        "DAW",
        "WAR",
        "DRY",
        "WAT",
        "TRAY",
        "DRAT",
        "YAD",
        "WADT",
        "DRAY",
        "TWA",
        "WARTY",
        "ADRY",
        "TAY",
        "WADY",
        "WRY",
        "ARTY",
        "YAW",
        "TARDY",
        "ART",
        "RAT",
        "TRY"
    ],
    "ws": [
        {
            "w": "DAY",
            "v": true,
            "row": 4,
            "col": 9,
            "def": "Any period of 24 hours."
        },
        {
            "w": "RAW",
            "v": true,
            "row": 4,
            "col": 1,
            "def": "Of weather: unpleasantly damp or cold."
        },
        {
            "w": "RAY",
            "v": false,
            "row": 6,
            "col": 7,
            "def": "A beam of light or radiation."
        },
        {
            "w": "TAD",
            "v": true,
            "row": 0,
            "col": 5,
            "def": "A small amount; a little bit."
        },
        {
            "w": "TAR",
            "v": true,
            "row": 1,
            "col": 0,
            "def": "A black, oily, sticky, viscous substance, consisting mainly of hydrocarbons derived from organic materials such as wood, peat, or coal."
        },
        {
            "w": "WAD",
            "v": false,
            "row": 4,
            "col": 7,
            "def": "An amorphous, compact mass."
        },
        {
            "w": "WAY",
            "v": false,
            "row": 4,
            "col": 3,
            "def": "A road, a direction, a (physical or conceptual) path from one place to another."
        },
        {
            "w": "RAD",
            "v": true,
            "row": 6,
            "col": 7,
            "def": "Excellent, short for radical."
        },
        {
            "w": "DART",
            "v": false,
            "row": 2,
            "col": 5,
            "def": "A pointed missile weapon, intended to be thrown by the hand; a short lance; a javelin; any sharp-pointed missile weapon, as an arrow."
        },
        {
            "w": "DRAW",
            "v": true,
            "row": 1,
            "col": 7,
            "def": "To sketch; depict with lines; to produce a picture with pencil, crayon, chalk, etc. on paper, cardboard, etc."
        },
        {
            "w": "WARD",
            "v": false,
            "row": 6,
            "col": 1,
            "def": "Protection, defence."
        },
        {
            "w": "WARY",
            "v": true,
            "row": 0,
            "col": 2,
            "def": "Cautious of danger; carefully watching and guarding against deception, artifices, and dangers; timorously or suspiciously prudent; circumspect; scrupulous; careful."
        },
        {
            "w": "YARD",
            "v": false,
            "row": 8,
            "col": 4,
            "def": "A small, usually uncultivated area adjoining or (now especially) within the precincts of a house or other building."
        },
        {
            "w": "WART",
            "v": false,
            "row": 0,
            "col": 2,
            "def": "A type of deformed growth occurring on the skin caused by the human papillomavirus (HPV)."
        },
        {
            "w": "AWRY",
            "v": false,
            "row": 2,
            "col": 0,
            "def": "Obliquely, crookedly; askew."
        },
        {
            "w": "TAWDRY",
            "v": true,
            "row": 3,
            "col": 4,
            "def": "Cheap and gaudy; showy."
        }
    ]
}