{
    "id": "22f66c76-0d46-11eb-a781-34363b5fdca4",
    "type": 0,
    "letters": "EHISST",
    "mov": 23,
    "shovels": 1,
    "coins": 5,
    "rows": 9,
    "cols": 2,
    "c": 0,
    "b": -1,
    "dws": [
        "THE",
        "HET",
        "ETH",
        "TES",
        "EST",
        "TIS",
        "HES",
        "EHS",
        "SHE",
        "HIE",
        "ISH",
        "SEI",
        "ESS",
        "SIS",
        "HETS",
        "HEST",
        "ETHS",
        "SHET",
        "THIS",
        "HIST",
        "SHIT",
        "SITH",
        "STIE",
        "ESTS",
        "SITS",
        "SIST",
        "HIES",
        "EISH",
        "SESH",
        "SHES",
        "SEIS",
        "SIES",
        "SHITE",
        "SITHE",
        "HESTS",
        "SHETS",
        "HISTS",
        "SHITS",
        "SHIST",
        "ISHES",
        "SHITES",
        "SHIEST",
        "HIT"
    ],
    "ws": [
        {
            "w": "HIS",
            "v": false,
            "row": 9,
            "col": 7
        },
        {
            "w": "ITS",
            "v": false,
            "row": 5,
            "col": 0
        },
        {
            "w": "SET",
            "v": true,
            "row": 1,
            "col": 8
        },
        {
            "w": "SIT",
            "v": false,
            "row": 7,
            "col": 7
        },
        {
            "w": "TIE",
            "v": true,
            "row": 1,
            "col": 5
        },
        {
            "w": "HISS",
            "v": true,
            "row": 0,
            "col": 0
        },
        {
            "w": "HITS",
            "v": false,
            "row": 0,
            "col": 0
        },
        {
            "w": "SETS",
            "v": false,
            "row": 8,
            "col": 1
        },
        {
            "w": "SITE",
            "v": false,
            "row": 6,
            "col": 4
        },
        {
            "w": "TIES",
            "v": true,
            "row": 5,
            "col": 1
        },
        {
            "w": "HEIST",
            "v": false,
            "row": 3,
            "col": 4
        },
        {
            "w": "SHIES",
            "v": true,
            "row": 3,
            "col": 7
        },
        {
            "w": "SITES",
            "v": true,
            "row": 5,
            "col": 9
        },
        {
            "w": "STIES",
            "v": false,
            "row": 1,
            "col": 4
        },
        {
            "w": "HEISTS",
            "v": true,
            "row": 3,
            "col": 4
        },
        {
            "w": "THESIS",
            "v": true,
            "row": 0,
            "col": 2
        }
    ]
}