{
    "id": 2325,
    "sub_category": "Rise Packx",
    "category": "Arid Group",
    "type": 0,
    "letters": "DEHINR",
    "mov": 30,
    "shovels": 1,
    "coins": 5,
    "rows": 15,
    "cols": 15,
    "c": 0,
    "b": -1,
    "w": 12,
    "h": 10,
    "dws": [
        "DIE",
        "NID",
        "RHINE",
        "REND",
        "HEID",
        "NIDE",
        "EDH",
        "ERN",
        "REI",
        "HERN",
        "HEND",
        "HIN",
        "DIN",
        "RIN",
        "DERN",
        "DINE",
        "NIED",
        "DEI",
        "IDE",
        "HIE",
        "NIE",
        "REN",
        "IRED",
        "NED",
        "REH",
        "DENI",
        "HIDER",
        "HEIR",
        "HIED",
        "RINE",
        "DINER",
        "HER",
        "HID",
        "RID"
    ],
    "ws": [
        {
            "w": "DEN",
            "v": true,
            "row": 1,
            "col": 6,
            "def": "The home of certain animals."
        },
        {
            "w": "END",
            "v": false,
            "row": 5,
            "col": 3,
            "def": "The final point of something in space or time."
        },
        {
            "w": "HEN",
            "v": false,
            "row": 7,
            "col": 3,
            "def": "Hence."
        },
        {
            "w": "RED",
            "v": false,
            "row": 4,
            "col": 0,
            "def": "Having red as its colour."
        },
        {
            "w": "IRE",
            "v": true,
            "row": 0,
            "col": 3,
            "def": "Iron."
        },
        {
            "w": "DIRE",
            "v": true,
            "row": 3,
            "col": 7,
            "def": "Ill-boding; portentous."
        },
        {
            "w": "HERD",
            "v": true,
            "row": 3,
            "col": 9,
            "def": "To unite or associate in a herd; to feed or run together, or in company."
        },
        {
            "w": "HIDE",
            "v": false,
            "row": 2,
            "col": 0,
            "def": "To put (something) in a place where it will be harder to discover or out of sight."
        },
        {
            "w": "HIRE",
            "v": true,
            "row": 1,
            "col": 1,
            "def": "Payment for the temporary use of something."
        },
        {
            "w": "RIDE",
            "v": true,
            "row": 6,
            "col": 8,
            "def": "To play defense on the defensemen or midfielders, as an attackman."
        },
        {
            "w": "RIND",
            "v": false,
            "row": 1,
            "col": 3,
            "def": "Tree bark."
        },
        {
            "w": "HIND",
            "v": false,
            "row": 3,
            "col": 4,
            "def": "Located at the rear (most often said of animals' body parts)."
        },
        {
            "w": "REIN",
            "v": true,
            "row": 4,
            "col": 0,
            "def": "A strap or rope attached to the bridle or bit, used to control a horse, animal or young child."
        },
        {
            "w": "NERD",
            "v": false,
            "row": 6,
            "col": 6,
            "def": "A person who is intellectual but generally introverted."
        },
        {
            "w": "HIRED",
            "v": false,
            "row": 9,
            "col": 5,
            "def": "Simple past tense and past participle of hire."
        },
        {
            "w": "HINDER",
            "v": true,
            "row": 3,
            "col": 4,
            "def": "To make difficult to accomplish; to frustrate, act as obstacle."
        }
    ]
}