{
    "id": 2358,
    "sub_category": "Dawn Packx",
    "category": "Arid Group",
    "type": 0,
    "letters": "ACDEHS",
    "mov": 30,
    "shovels": 1,
    "coins": 5,
    "rows": 15,
    "cols": 15,
    "c": 0,
    "b": -1,
    "w": 13,
    "h": 13,
    "dws": [
        "CHAS",
        "SCAD",
        "HADS",
        "AHED",
        "SHA",
        "SED",
        "CAD",
        "HADES",
        "CASED",
        "EDH",
        "DAS",
        "ACES",
        "HES",
        "DEASH",
        "DACE",
        "DAE",
        "CHA",
        "DAHS",
        "CHE",
        "EDHS",
        "DAES",
        "HAE",
        "SHEA",
        "HAES",
        "CADE",
        "HAS",
        "DAH",
        "EHS",
        "ASHED",
        "CHADS",
        "CADS",
        "SADE",
        "SAE",
        "ASH",
        "SADHE",
        "AHS",
        "ECADS",
        "SECH",
        "HEADS",
        "SHAD",
        "ACHE",
        "SEC",
        "DACES",
        "CADES",
        "HADE",
        "EDS",
        "EAS",
        "ACH",
        "ECAD",
        "ECH",
        "HAED",
        "ACHES",
        "AESC",
        "CASE",
        "DASH",
        "ACE",
        "SHE"
    ],
    "ws": [
        {
            "w": "ADS",
            "v": false,
            "row": 4,
            "col": 6,
            "def": "Plural form of ad."
        },
        {
            "w": "HAD",
            "v": true,
            "row": 0,
            "col": 3,
            "def": "Simple past tense and past participle of have."
        },
        {
            "w": "SAD",
            "v": false,
            "row": 8,
            "col": 2,
            "def": "Sated, having had one's fill; satisfied, weary."
        },
        {
            "w": "SEA",
            "v": true,
            "row": 4,
            "col": 8,
            "def": "A large body of salty water. (Major seas are known as oceans.)."
        },
        {
            "w": "SAC",
            "v": false,
            "row": 6,
            "col": 7,
            "def": "A bag or pouch inside a plant or animal that typically contains a fluid."
        },
        {
            "w": "CASH",
            "v": true,
            "row": 1,
            "col": 0,
            "def": "Money in the form of notes/bills and coins, as opposed to cheques/checks or electronic transactions."
        },
        {
            "w": "EACH",
            "v": true,
            "row": 2,
            "col": 2,
            "def": "All; every; qualifying a singular noun, indicating all examples of the thing so named seen as individual or separate items (compare every)."
        },
        {
            "w": "HEAD",
            "v": true,
            "row": 2,
            "col": 6,
            "def": "The part of the body of an animal or human which contains the brain, mouth, and main sense organs."
        },
        {
            "w": "SHED",
            "v": true,
            "row": 0,
            "col": 9,
            "def": "To part or divide."
        },
        {
            "w": "ACED",
            "v": false,
            "row": 2,
            "col": 0,
            "def": "Simple past tense and past participle of ace."
        },
        {
            "w": "CHAD",
            "v": true,
            "row": 6,
            "col": 9,
            "def": "Small pieces of paper punched out from the edges of continuous stationery, punched cards, paper tape etc."
        },
        {
            "w": "CHASE",
            "v": false,
            "row": 2,
            "col": 5,
            "def": "The action of the verb \"to chase\"."
        },
        {
            "w": "SHADE",
            "v": false,
            "row": 0,
            "col": 2,
            "def": "Darkness where light, particularly sunlight, is blocked."
        },
        {
            "w": "ACHED",
            "v": false,
            "row": 9,
            "col": 5,
            "def": "Simple past tense and past participle of ache."
        },
        {
            "w": "CASHED",
            "v": true,
            "row": 3,
            "col": 4,
            "def": "Simple past tense and past participle of cash."
        },
        {
            "w": "CHASED",
            "v": false,
            "row": 5,
            "col": 1,
            "def": "Simple past tense and past participle of chase."
        }
    ]
}