{
    "id": "241649fa-0d41-11eb-a781-34363b5fdca4",
    "type": 0,
    "letters": "FNORW",
    "mov": 13,
    "shovels": 1,
    "coins": 5,
    "rows": 4,
    "cols": 2,
    "c": 0,
    "b": -1,
    "dws": [
        "FRO",
        "ORF",
        "WOF",
        "FON",
        "FROW"
    ],
    "ws": [
        {
            "w": "FOR",
            "v": false,
            "row": 2,
            "col": 2
        },
        {
            "w": "NOR",
            "v": false,
            "row": 3,
            "col": 0
        },
        {
            "w": "NOW",
            "v": true,
            "row": 4,
            "col": 6
        },
        {
            "w": "OWN",
            "v": false,
            "row": 5,
            "col": 1
        },
        {
            "w": "ROW",
            "v": true,
            "row": 2,
            "col": 4
        },
        {
            "w": "WON",
            "v": false,
            "row": 4,
            "col": 4
        },
        {
            "w": "WORN",
            "v": true,
            "row": 0,
            "col": 0
        },
        {
            "w": "FROWN",
            "v": true,
            "row": 2,
            "col": 2
        }
    ]
}