{
    "id": "242eed9a-0d44-11eb-a781-34363b5fdca4",
    "type": 0,
    "letters": "DEIPRZ",
    "mov": 23,
    "shovels": 1,
    "coins": 5,
    "rows": 9,
    "cols": 2,
    "c": 0,
    "b": -1,
    "dws": [
        "PIR",
        "PRE",
        "REP",
        "ZEP",
        "PED",
        "DEP",
        "RIZ",
        "REI",
        "REZ",
        "IDE",
        "DEI",
        "ZED",
        "PERI",
        "PREZ",
        "PIZE",
        "PIED",
        "IRED",
        "RIPED",
        "REDIP",
        "PIER",
        "RID"
    ],
    "ws": [
        {
            "w": "DIE",
            "v": false,
            "row": 4,
            "col": 0
        },
        {
            "w": "DIP",
            "v": false,
            "row": 9,
            "col": 1
        },
        {
            "w": "IRE",
            "v": true,
            "row": 7,
            "col": 6
        },
        {
            "w": "PER",
            "v": true,
            "row": 0,
            "col": 5
        },
        {
            "w": "PIE",
            "v": false,
            "row": 5,
            "col": 3
        },
        {
            "w": "RED",
            "v": true,
            "row": 7,
            "col": 1
        },
        {
            "w": "RIP",
            "v": false,
            "row": 2,
            "col": 7
        },
        {
            "w": "ZIP",
            "v": false,
            "row": 3,
            "col": 2
        },
        {
            "w": "DIRE",
            "v": false,
            "row": 8,
            "col": 4
        },
        {
            "w": "DRIP",
            "v": true,
            "row": 0,
            "col": 8
        },
        {
            "w": "RIDE",
            "v": false,
            "row": 7,
            "col": 1
        },
        {
            "w": "RIPE",
            "v": false,
            "row": 1,
            "col": 2
        },
        {
            "w": "PRIDE",
            "v": false,
            "row": 0,
            "col": 5
        },
        {
            "w": "PRIED",
            "v": true,
            "row": 0,
            "col": 0
        },
        {
            "w": "PRIZE",
            "v": true,
            "row": 0,
            "col": 2
        },
        {
            "w": "PRIZED",
            "v": true,
            "row": 3,
            "col": 4
        }
    ]
}