{
    "id": "244471b2-0d42-11eb-a781-34363b5fdca4",
    "type": 0,
    "letters": "ACCELN",
    "mov": 17,
    "shovels": 1,
    "coins": 5,
    "rows": 6,
    "cols": 2,
    "c": 0,
    "b": -1,
    "dws": [
        "CAL",
        "LAC",
        "CEL",
        "ANE",
        "NAE",
        "EAN",
        "LEA",
        "ANCE",
        "CECA",
        "ALEC",
        "NEAL",
        "ELAN",
        "ANCLE",
        "CECAL"
    ],
    "ws": [
        {
            "w": "ACE",
            "v": true,
            "row": 0,
            "col": 4
        },
        {
            "w": "ALE",
            "v": true,
            "row": 3,
            "col": 5
        },
        {
            "w": "CAN",
            "v": true,
            "row": 0,
            "col": 2
        },
        {
            "w": "ACNE",
            "v": false,
            "row": 0,
            "col": 4
        },
        {
            "w": "CANE",
            "v": false,
            "row": 6,
            "col": 0
        },
        {
            "w": "CLAN",
            "v": false,
            "row": 4,
            "col": 0
        },
        {
            "w": "LACE",
            "v": false,
            "row": 7,
            "col": 3
        },
        {
            "w": "LANE",
            "v": true,
            "row": 3,
            "col": 7
        },
        {
            "w": "LEAN",
            "v": true,
            "row": 4,
            "col": 1
        },
        {
            "w": "CLEAN",
            "v": false,
            "row": 5,
            "col": 3
        },
        {
            "w": "LANCE",
            "v": false,
            "row": 2,
            "col": 0
        },
        {
            "w": "CANCEL",
            "v": true,
            "row": 2,
            "col": 3
        }
    ]
}