{
    "id": 245,
    "sub_category": "Shore Pack",
    "category": "Tropic Group",
    "type": 0,
    "letters": "EGILLR",
    "mov": 18,
    "shovels": 1,
    "coins": 5,
    "rows": 15,
    "cols": 15,
    "c": 0,
    "b": -1,
    "w": 8,
    "h": 7,
    "dws": [
        "GIE",
        "LIG",
        "RILL",
        "GLEI",
        "REG",
        "LEI",
        "LIE",
        "REI",
        "LIGER",
        "RIEL",
        "ERG",
        "LIRE",
        "LEIR",
        "ELL",
        "GEL",
        "ILLER",
        "RILLE",
        "ILL",
        "GER",
        "GILLER",
        "LIER"
    ],
    "ws": [
        {
            "w": "LEG",
            "v": false,
            "row": 6,
            "col": 2,
            "def": "The lower limb of a human being or animal that extends from the groin to the ankle."
        },
        {
            "w": "RIG",
            "v": true,
            "row": 2,
            "col": 0,
            "def": "The rigging of a sailing ship or other such craft."
        },
        {
            "w": "IRE",
            "v": false,
            "row": 7,
            "col": 0,
            "def": "Iron."
        },
        {
            "w": "GIRL",
            "v": false,
            "row": 0,
            "col": 3,
            "def": "A young female human; (in contrast to boy), a female child or young adult."
        },
        {
            "w": "GILL",
            "v": false,
            "row": 2,
            "col": 2,
            "def": "A breathing organ of fish and other aquatic animals."
        },
        {
            "w": "RILE",
            "v": true,
            "row": 0,
            "col": 5,
            "def": "To make angry."
        },
        {
            "w": "GRILL",
            "v": false,
            "row": 4,
            "col": 0,
            "def": "To make angry; provoke."
        },
        {
            "w": "GRILLE",
            "v": true,
            "row": 2,
            "col": 2,
            "def": "Obsolete spelling of grill."
        }
    ]
}