{
    "id": 2457,
    "sub_category": "Breeze Pack",
    "category": "Tide Group",
    "type": 0,
    "letters": "EIKNRS",
    "mov": 26,
    "shovels": 1,
    "coins": 5,
    "rows": 15,
    "cols": 15,
    "c": 0,
    "b": -1,
    "w": 12,
    "h": 12,
    "dws": [
        "REINKS",
        "KERN",
        "KIER",
        "SEI",
        "SKEIN",
        "SIN",
        "NEK",
        "SIKER",
        "KIRN",
        "REIS",
        "ERN",
        "REI",
        "EIKS",
        "SER",
        "SIEN",
        "NERK",
        "RINKS",
        "RESKIN",
        "SEIR",
        "REIKS",
        "SKI",
        "NIES",
        "NERKS",
        "IRK",
        "KINS",
        "RIN",
        "SEN",
        "KEIR",
        "SKEN",
        "NIS",
        "KIS",
        "ERS",
        "SKER",
        "SINE",
        "REIK",
        "SIK",
        "KINES",
        "SERIN",
        "KERNS",
        "RENS",
        "SERK",
        "KEIRS",
        "NIE",
        "SIR",
        "REN",
        "KIR",
        "RENK",
        "INKER",
        "INK",
        "ERKS",
        "KENS",
        "ENS",
        "SIKE",
        "RINS",
        "SRI",
        "REINS",
        "EIK",
        "SEIK",
        "RINES",
        "KRIS",
        "ERNS",
        "KIERS",
        "NEKS",
        "REINK",
        "RES",
        "ERK",
        "KIRNS",
        "KIN",
        "INS",
        "KIRS",
        "KINE",
        "INKERS",
        "IRE",
        "RINE",
        "KEN"
    ],
    "ws": [
        {
            "w": "INKS",
            "v": false,
            "row": 4,
            "col": 6,
            "def": "Plural form of ink."
        },
        {
            "w": "RINK",
            "v": true,
            "row": 0,
            "col": 5,
            "def": "A man, especially a warrior or hero."
        },
        {
            "w": "RISE",
            "v": false,
            "row": 1,
            "col": 0,
            "def": "The process of or an action or instance of moving upwards or becoming greater."
        },
        {
            "w": "RISK",
            "v": false,
            "row": 3,
            "col": 2,
            "def": "A possible, usually negative, outcome, e.g., a danger."
        },
        {
            "w": "SINK",
            "v": false,
            "row": 7,
            "col": 6,
            "def": "To descend or submerge (or to cause to do so) into a liquid or similar substance."
        },
        {
            "w": "SKIN",
            "v": true,
            "row": 6,
            "col": 9,
            "def": "The outer protective layer of the body of any animal, including of a human."
        },
        {
            "w": "IRKS",
            "v": true,
            "row": 4,
            "col": 6,
            "def": "Third-person singular simple present indicative form of irk."
        },
        {
            "w": "REIN",
            "v": true,
            "row": 6,
            "col": 2,
            "def": "A strap or rope attached to the bridle or bit, used to control a horse, animal or young child."
        },
        {
            "w": "SIRE",
            "v": true,
            "row": 1,
            "col": 2,
            "def": "A lord, master, or other person in authority, most commonly used vocatively."
        },
        {
            "w": "IRES",
            "v": true,
            "row": 0,
            "col": 0,
            "def": "Third-person singular simple present indicative form of ire."
        },
        {
            "w": "RINSE",
            "v": true,
            "row": 5,
            "col": 0,
            "def": "To wash (something) quickly using water and no soap."
        },
        {
            "w": "RISEN",
            "v": false,
            "row": 0,
            "col": 5,
            "def": "Past participle of rise."
        },
        {
            "w": "SIREN",
            "v": true,
            "row": 0,
            "col": 7,
            "def": "(Greek mythology) One of a group of nymphs who lured mariners to their death on the rocks."
        },
        {
            "w": "SKIER",
            "v": false,
            "row": 8,
            "col": 0,
            "def": "Someone who skis."
        },
        {
            "w": "RESIN",
            "v": false,
            "row": 9,
            "col": 5,
            "def": "A viscous hydrocarbon secretion of many plants, particularly coniferous trees."
        },
        {
            "w": "SINKER",
            "v": true,
            "row": 3,
            "col": 4,
            "def": "A weight used in fishing to cause the line or net to sink."
        }
    ]
}