{
    "id": 2470,
    "sub_category": "Float Pack",
    "category": "Tide Group",
    "type": 0,
    "letters": "DEISTW",
    "mov": 26,
    "shovels": 1,
    "coins": 5,
    "rows": 15,
    "cols": 15,
    "c": 0,
    "b": -1,
    "w": 12,
    "h": 11,
    "dws": [
        "TEW",
        "TEWS",
        "DIE",
        "SEI",
        "STIED",
        "SED",
        "EDITS",
        "WED",
        "WISTED",
        "EWTS",
        "WEID",
        "WITE",
        "TIS",
        "DITES",
        "DEIST",
        "DESI",
        "EWT",
        "TID",
        "STED",
        "WITES",
        "DEI",
        "TEDS",
        "DEWS",
        "EST",
        "IDE",
        "SEW",
        "TIDS",
        "WET",
        "DIETS",
        "DEW",
        "WITED",
        "DIT",
        "TES",
        "IDES",
        "WIST",
        "TIE",
        "STIE",
        "TED",
        "WIS",
        "DIS",
        "SET",
        "WISED",
        "WIT",
        "EDS",
        "DITE",
        "IDS",
        "DIES",
        "TIDES",
        "WEIDS",
        "ITS",
        "SIT",
        "DITS",
        "WIDES"
    ],
    "ws": [
        {
            "w": "DIET",
            "v": false,
            "row": 8,
            "col": 0,
            "def": "The food and beverage a person or animal consumes."
        },
        {
            "w": "EDIT",
            "v": false,
            "row": 1,
            "col": 0,
            "def": "A change to the text of a document."
        },
        {
            "w": "SIDE",
            "v": false,
            "row": 7,
            "col": 5,
            "def": "A bounding straight edge of a two-dimensional shape."
        },
        {
            "w": "SITE",
            "v": false,
            "row": 2,
            "col": 5,
            "def": "Sorrow, grief."
        },
        {
            "w": "STEW",
            "v": false,
            "row": 3,
            "col": 0,
            "def": "A pool in which fish are kept in preparation for eating."
        },
        {
            "w": "TIDE",
            "v": true,
            "row": 0,
            "col": 2,
            "def": "The periodic change of the sea level, particularly when caused by the gravitational influence of the sun and the moon."
        },
        {
            "w": "TIED",
            "v": true,
            "row": 5,
            "col": 0,
            "def": "Connected."
        },
        {
            "w": "TIES",
            "v": false,
            "row": 9,
            "col": 5,
            "def": "Plural form of tie."
        },
        {
            "w": "WEST",
            "v": false,
            "row": 6,
            "col": 2,
            "def": "One of the four principal compass points, specifically 270\u00b0, conventionally directed to the left on maps; the direction of the setting sun at an equinox."
        },
        {
            "w": "WETS",
            "v": true,
            "row": 0,
            "col": 0,
            "def": "Plural form of wet."
        },
        {
            "w": "WIDE",
            "v": false,
            "row": 4,
            "col": 5,
            "def": "Having a large physical extent from side to side."
        },
        {
            "w": "WISE",
            "v": false,
            "row": 0,
            "col": 5,
            "def": "Showing good judgement or the benefit of experience."
        },
        {
            "w": "WITS",
            "v": true,
            "row": 4,
            "col": 5,
            "def": "Plural form of wit."
        },
        {
            "w": "WEDS",
            "v": true,
            "row": 6,
            "col": 8,
            "def": "Third-person singular simple present indicative form of wed."
        },
        {
            "w": "SITED",
            "v": true,
            "row": 0,
            "col": 7,
            "def": "Simple past tense and past participle of site."
        },
        {
            "w": "WIDEST",
            "v": true,
            "row": 3,
            "col": 3,
            "def": "Superlative form of wide: most wide."
        }
    ]
}