{
    "id": "24740db8-0d43-11eb-a781-34363b5fdca4",
    "type": 0,
    "letters": "ABILRT",
    "mov": 29,
    "shovels": 1,
    "coins": 5,
    "rows": 12,
    "cols": 2,
    "c": 0,
    "b": -1,
    "dws": [
        "RIT",
        "TAI",
        "ITA",
        "AIT",
        "TIL",
        "ALT",
        "LAT",
        "RIA",
        "RAI",
        "ARB",
        "LAR",
        "LIB",
        "BAL",
        "ALB",
        "BRIT",
        "TIAR",
        "RAIT",
        "ARTI",
        "AIRT",
        "TIRL",
        "TABI",
        "BLIT",
        "TALI",
        "ALIT",
        "LATI",
        "BLAT",
        "RIBA",
        "RABI",
        "ABRI",
        "BIRL",
        "RIAL",
        "ARIL",
        "LARI",
        "LIART",
        "BALTI",
        "BRAIL",
        "LIBRA",
        "TRAIL",
        "TRIAL",
        "BAIL",
        "LIAR",
        "BAT",
        "BIT",
        "LAB",
        "RAT"
    ],
    "ws": [
        {
            "w": "AIL",
            "v": true,
            "row": 3,
            "col": 2
        },
        {
            "w": "AIR",
            "v": false,
            "row": 7,
            "col": 7
        },
        {
            "w": "ART",
            "v": true,
            "row": 6,
            "col": 9
        },
        {
            "w": "BAR",
            "v": false,
            "row": 0,
            "col": 7
        },
        {
            "w": "BRA",
            "v": true,
            "row": 0,
            "col": 7
        },
        {
            "w": "LIT",
            "v": true,
            "row": 7,
            "col": 1
        },
        {
            "w": "RIB",
            "v": true,
            "row": 1,
            "col": 1
        },
        {
            "w": "TAB",
            "v": false,
            "row": 2,
            "col": 6
        },
        {
            "w": "TAR",
            "v": true,
            "row": 6,
            "col": 7
        },
        {
            "w": "BAIT",
            "v": false,
            "row": 3,
            "col": 1
        },
        {
            "w": "BRAT",
            "v": false,
            "row": 1,
            "col": 0
        },
        {
            "w": "LAIR",
            "v": false,
            "row": 8,
            "col": 4
        },
        {
            "w": "LIRA",
            "v": false,
            "row": 7,
            "col": 1
        },
        {
            "w": "RAIL",
            "v": false,
            "row": 4,
            "col": 4
        },
        {
            "w": "TAIL",
            "v": true,
            "row": 2,
            "col": 6
        },
        {
            "w": "TRIBAL",
            "v": true,
            "row": 3,
            "col": 4
        }
    ]
}