{
    "id": "247c8c7c-0d48-11eb-a781-34363b5fdca4",
    "type": 0,
    "letters": "ADEEHR",
    "mov": 29,
    "shovels": 1,
    "coins": 5,
    "rows": 12,
    "cols": 2,
    "c": 0,
    "b": -1,
    "dws": [
        "HAE",
        "EDH",
        "REH",
        "DAH",
        "RAH",
        "DAE",
        "DEE",
        "ERE",
        "REE",
        "ARD",
        "HAED",
        "HADE",
        "AHED",
        "RHEA",
        "EHED",
        "EARD",
        "ARED",
        "RADE",
        "ERED",
        "DERE",
        "DREE",
        "REDE",
        "HEDER",
        "AREDE",
        "DEARE",
        "HEDERA",
        "HEADER",
        "EARED",
        "HARED",
        "HEARD",
        "HEAR",
        "READ",
        "REED",
        "EAR"
    ],
    "ws": [
        {
            "w": "ARE",
            "v": false,
            "row": 1,
            "col": 5
        },
        {
            "w": "ERA",
            "v": false,
            "row": 7,
            "col": 6
        },
        {
            "w": "HAD",
            "v": false,
            "row": 3,
            "col": 3
        },
        {
            "w": "HER",
            "v": false,
            "row": 0,
            "col": 7
        },
        {
            "w": "RAD",
            "v": false,
            "row": 2,
            "col": 7
        },
        {
            "w": "RED",
            "v": false,
            "row": 5,
            "col": 0
        },
        {
            "w": "DARE",
            "v": true,
            "row": 6,
            "col": 8
        },
        {
            "w": "DEAR",
            "v": false,
            "row": 7,
            "col": 1
        },
        {
            "w": "DEER",
            "v": true,
            "row": 2,
            "col": 9
        },
        {
            "w": "HARD",
            "v": true,
            "row": 0,
            "col": 5
        },
        {
            "w": "HARE",
            "v": true,
            "row": 4,
            "col": 6
        },
        {
            "w": "HEAD",
            "v": false,
            "row": 5,
            "col": 4
        },
        {
            "w": "HEED",
            "v": false,
            "row": 9,
            "col": 6
        },
        {
            "w": "HERD",
            "v": true,
            "row": 4,
            "col": 1
        },
        {
            "w": "HERE",
            "v": true,
            "row": 0,
            "col": 7
        },
        {
            "w": "ADHERE",
            "v": true,
            "row": 3,
            "col": 4
        }
    ]
}