{
    "id": 2482,
    "sub_category": "River Packx",
    "category": "Passage Group",
    "type": 0,
    "letters": "CDDEOR",
    "mov": 30,
    "shovels": 1,
    "coins": 5,
    "rows": 15,
    "cols": 15,
    "c": 0,
    "b": -1,
    "w": 13,
    "h": 13,
    "dws": [
        "REC",
        "RED",
        "REDD",
        "DERO",
        "CODDER",
        "ECO",
        "ODD",
        "CRED",
        "DOD",
        "DORE",
        "REO",
        "EDDO",
        "DOR",
        "ORC",
        "DECO",
        "ORD",
        "ROE",
        "ECOD",
        "COR",
        "CERO",
        "ROED",
        "ROC",
        "CREDO",
        "CODE",
        "COED",
        "COD"
    ],
    "ws": [
        {
            "w": "DOC",
            "v": true,
            "row": 7,
            "col": 2,
            "def": "A doctor."
        },
        {
            "w": "ORE",
            "v": false,
            "row": 3,
            "col": 0,
            "def": "Rock that contains utilitarian materials; primarily a rock containing metals or gems which (at the time of the rock's evaluation and proposal for extraction) are able to be separated from its neighboring minerals and processed at a cost that does not exceed those materials' present-day economic values."
        },
        {
            "w": "ROD",
            "v": false,
            "row": 6,
            "col": 7,
            "def": "A straight, round stick, shaft, bar, cane, or staff."
        },
        {
            "w": "DOE",
            "v": true,
            "row": 0,
            "col": 6,
            "def": "A female deer; also used of similar animals such as reindeer, antelope, goat."
        },
        {
            "w": "ODE",
            "v": false,
            "row": 6,
            "col": 3,
            "def": "A short poetical composition proper to be set to music or sung; a lyric poem; esp., now, a poem characterized by sustained noble sentiment and appropriate dignity of style."
        },
        {
            "w": "CORD",
            "v": false,
            "row": 8,
            "col": 1,
            "def": "A long, thin, flexible length of twisted yarns (strands) of fiber."
        },
        {
            "w": "CORE",
            "v": true,
            "row": 0,
            "col": 2,
            "def": "The central part of fruit, containing the kernels or seeds."
        },
        {
            "w": "RODE",
            "v": true,
            "row": 3,
            "col": 1,
            "def": "The line from the vessel to its anchor. Also warp."
        },
        {
            "w": "REDO",
            "v": true,
            "row": 0,
            "col": 0,
            "def": "To do again."
        },
        {
            "w": "DOER",
            "v": false,
            "row": 8,
            "col": 6,
            "def": "Someone who does, performs, or executes; an active person, an agent."
        },
        {
            "w": "CODED",
            "v": false,
            "row": 4,
            "col": 3,
            "def": "Encoded, written in code or cipher."
        },
        {
            "w": "CODER",
            "v": true,
            "row": 2,
            "col": 7,
            "def": "A device that generates a code, often as a series of pulses."
        },
        {
            "w": "ODDER",
            "v": true,
            "row": 4,
            "col": 9,
            "def": "Comparative form of odd: more odd."
        },
        {
            "w": "DECOR",
            "v": false,
            "row": 2,
            "col": 5,
            "def": "The style of decoration of a room, building."
        },
        {
            "w": "CORED",
            "v": false,
            "row": 0,
            "col": 2,
            "def": "Simple past tense and past participle of core."
        },
        {
            "w": "CORDED",
            "v": true,
            "row": 3,
            "col": 4,
            "def": "Fitted with a cord."
        }
    ]
}