{
    "id": 2491,
    "sub_category": "River Packx",
    "category": "Passage Group",
    "type": 0,
    "letters": "ACEHKR",
    "mov": 30,
    "shovels": 1,
    "coins": 5,
    "rows": 15,
    "cols": 15,
    "c": 0,
    "b": -1,
    "w": 12,
    "h": 12,
    "dws": [
        "REC",
        "HECK",
        "KAE",
        "CARK",
        "ACER",
        "HAKE",
        "CHA",
        "CHE",
        "CRAKE",
        "RACHE",
        "HAE",
        "RECK",
        "CHER",
        "CHARK",
        "CHAR",
        "RAKE",
        "RACH",
        "HARE",
        "CHARE",
        "RAH",
        "ACHE",
        "HACEK",
        "REH",
        "ACKER",
        "AKE",
        "RACK",
        "ACH",
        "ECH",
        "RHEA",
        "ERK",
        "REAK",
        "KEA",
        "CREAK",
        "HACK",
        "ARE",
        "HER"
    ],
    "ws": [
        {
            "w": "ACE",
            "v": true,
            "row": 0,
            "col": 5,
            "def": "A single point or spot on a playing card or die."
        },
        {
            "w": "ARC",
            "v": false,
            "row": 1,
            "col": 3,
            "def": "A directed edge."
        },
        {
            "w": "ARK",
            "v": true,
            "row": 2,
            "col": 6,
            "def": "A large box with a flat lid."
        },
        {
            "w": "CAR",
            "v": false,
            "row": 3,
            "col": 0,
            "def": "A wheeled vehicle, drawn by a horse or other animal."
        },
        {
            "w": "EAR",
            "v": true,
            "row": 0,
            "col": 3,
            "def": "The organ of hearing, consisting of the pinna, auditory canal, eardrum, malleus, incus, stapes and cochlea."
        },
        {
            "w": "ERA",
            "v": false,
            "row": 5,
            "col": 7,
            "def": "A time period of indeterminate length, generally more than one year."
        },
        {
            "w": "ARCH",
            "v": true,
            "row": 5,
            "col": 9,
            "def": "An inverted U shape."
        },
        {
            "w": "CAKE",
            "v": false,
            "row": 6,
            "col": 2,
            "def": "A rich, sweet dessert food, typically made of flour, sugar, and eggs and baked in an oven, and often covered in icing."
        },
        {
            "w": "CARE",
            "v": false,
            "row": 8,
            "col": 2,
            "def": "Grief, sorrow."
        },
        {
            "w": "EACH",
            "v": false,
            "row": 2,
            "col": 5,
            "def": "All; every; qualifying a singular noun, indicating all examples of the thing so named seen as individual or separate items (compare every)."
        },
        {
            "w": "HEAR",
            "v": true,
            "row": 2,
            "col": 8,
            "def": "To sympathize with; to share the feeling or opinion of."
        },
        {
            "w": "RACE",
            "v": false,
            "row": 0,
            "col": 0,
            "def": "A contest between people, animals, vehicles, etc. where the goal is to be the first to reach some objective. Several horses run in a horse race, and the first one to reach the finishing post wins."
        },
        {
            "w": "ACRE",
            "v": false,
            "row": 0,
            "col": 5,
            "def": "A field."
        },
        {
            "w": "HARK",
            "v": false,
            "row": 4,
            "col": 3,
            "def": "To listen attentively; often used in the imperative."
        },
        {
            "w": "REACH",
            "v": true,
            "row": 0,
            "col": 0,
            "def": "To extend; to stretch; to thrust out; to put forth, as a limb, a member, something held, or the like."
        },
        {
            "w": "HACKER",
            "v": true,
            "row": 3,
            "col": 4,
            "def": "Something which hacks, a tool or device for hacking."
        }
    ]
}