{
    "id": "24f0ec5e-0d41-11eb-a781-34363b5fdca4",
    "type": 0,
    "letters": "EEFRV",
    "mov": 13,
    "shovels": 1,
    "coins": 5,
    "rows": 4,
    "cols": 2,
    "c": 0,
    "b": -1,
    "dws": [
        "FER",
        "ERF",
        "REF",
        "VEE",
        "ERE",
        "REE",
        "FEER",
        "FERE",
        "EREV"
    ],
    "ws": [
        {
            "w": "EVE",
            "v": false,
            "row": 3,
            "col": 3
        },
        {
            "w": "FEE",
            "v": true,
            "row": 2,
            "col": 1
        },
        {
            "w": "REV",
            "v": false,
            "row": 2,
            "col": 5
        },
        {
            "w": "EVER",
            "v": true,
            "row": 1,
            "col": 7
        },
        {
            "w": "FREE",
            "v": true,
            "row": 1,
            "col": 5
        },
        {
            "w": "REEF",
            "v": false,
            "row": 1,
            "col": 2
        },
        {
            "w": "VEER",
            "v": false,
            "row": 4,
            "col": 0
        },
        {
            "w": "FEVER",
            "v": true,
            "row": 0,
            "col": 3
        }
    ]
}