{
    "id": 2536,
    "sub_category": "Mist Packx",
    "category": "Passage Group",
    "type": 0,
    "letters": "AAELMT",
    "mov": 24,
    "shovels": 1,
    "coins": 5,
    "rows": 15,
    "cols": 15,
    "c": 0,
    "b": -1,
    "w": 11,
    "h": 10,
    "dws": [
        "MAA",
        "MET",
        "AMA",
        "TELA",
        "TAMAL",
        "TALMA",
        "ATE",
        "AMATE",
        "ATMA",
        "TEA",
        "MAE",
        "TAM",
        "ALME",
        "LEAM",
        "TAE",
        "ELT",
        "META",
        "MELA",
        "EAT",
        "ALE",
        "TEL",
        "MAT",
        "TALA",
        "ALT",
        "MALA",
        "ALMA",
        "LEA",
        "AAL",
        "AME",
        "LEAT",
        "MEL",
        "MEATAL",
        "LAT",
        "ALA",
        "ETA",
        "LET",
        "TALEA",
        "LAM",
        "ALAE",
        "MALATE",
        "MAL",
        "LAMA",
        "TAEL",
        "ELM",
        "TAAL",
        "ALATE",
        "AMLA"
    ],
    "ws": [
        {
            "w": "LAME",
            "v": false,
            "row": 9,
            "col": 0,
            "def": "Unable to walk properly because of a problem with one's feet or legs."
        },
        {
            "w": "LATE",
            "v": false,
            "row": 3,
            "col": 2,
            "def": "Near the end of a period of time."
        },
        {
            "w": "MALE",
            "v": true,
            "row": 6,
            "col": 8,
            "def": "Someone of male (masculine) gender:."
        },
        {
            "w": "MATE",
            "v": true,
            "row": 0,
            "col": 5,
            "def": "A fellow, comrade, colleague, partner or someone with whom something is shared, e.g. shipmate, classmate."
        },
        {
            "w": "MEAL",
            "v": false,
            "row": 7,
            "col": 1,
            "def": "Food that is prepared and eaten, usually at a specific time (e.g. breakfast = morning meal, lunch = noon meal, etc)."
        },
        {
            "w": "MEAT",
            "v": true,
            "row": 1,
            "col": 9,
            "def": "A meathead."
        },
        {
            "w": "MELT",
            "v": false,
            "row": 4,
            "col": 6,
            "def": "Molten material, the product of melting."
        },
        {
            "w": "TALE",
            "v": true,
            "row": 1,
            "col": 7,
            "def": "Number."
        },
        {
            "w": "TAME",
            "v": false,
            "row": 6,
            "col": 6,
            "def": "Not or no longer wild; domesticated."
        },
        {
            "w": "TEAM",
            "v": true,
            "row": 6,
            "col": 2,
            "def": "A set of draught animals, such as two horses in front of a carriage."
        },
        {
            "w": "MALT",
            "v": false,
            "row": 1,
            "col": 4,
            "def": "Malted grain (sprouted grain) (usually barley), used in brewing and otherwise."
        },
        {
            "w": "TEAL",
            "v": true,
            "row": 0,
            "col": 2,
            "def": "Any of various small freshwater ducks of the genus Anas that are brightly coloured and have short necks."
        },
        {
            "w": "METAL",
            "v": true,
            "row": 4,
            "col": 6,
            "def": "Any of a number of chemical elements in the periodic table that form a metallic bond with other metal atoms; generally shiny, somewhat malleable and hard, often a conductor of heat and electricity."
        },
        {
            "w": "TAMALE",
            "v": true,
            "row": 3,
            "col": 4,
            "def": "Mexican dish of cornmeal dough shell filled with various ingredients (e.g. chopped beef, pork, sweet filling) then steamed in corn husks."
        }
    ]
}