{
    "id": 2555,
    "sub_category": "Spire Packx",
    "category": "Passage Group",
    "type": 0,
    "letters": "EILTVY",
    "mov": 28,
    "shovels": 1,
    "coins": 5,
    "rows": 15,
    "cols": 15,
    "c": 0,
    "b": -1,
    "w": 12,
    "h": 10,
    "dws": [
        "VITE",
        "TYE",
        "YELT",
        "TIVY",
        "YITE",
        "ELT",
        "LET",
        "TEIL",
        "VLEI",
        "LEI",
        "LEV",
        "TEL",
        "LYTE",
        "VLY",
        "LEY",
        "VEIL",
        "TIE"
    ],
    "ws": [
        {
            "w": "IVY",
            "v": true,
            "row": 2,
            "col": 6,
            "def": "Any of several woody, climbing, or trailing evergreen plants of the genus Hedera."
        },
        {
            "w": "LIE",
            "v": true,
            "row": 1,
            "col": 2,
            "def": "To be in a horizontal position."
        },
        {
            "w": "LIT",
            "v": false,
            "row": 7,
            "col": 2,
            "def": "Little."
        },
        {
            "w": "VET",
            "v": false,
            "row": 5,
            "col": 0,
            "def": "A veterinarian or veterinary surgeon."
        },
        {
            "w": "YET",
            "v": false,
            "row": 8,
            "col": 4,
            "def": "To melt; found; cast, as metal."
        },
        {
            "w": "VIE",
            "v": true,
            "row": 6,
            "col": 8,
            "def": "To rival; to struggle for superiority; to contend; to compete eagerly so as to gain something."
        },
        {
            "w": "TIL",
            "v": true,
            "row": 5,
            "col": 2,
            "def": "Until, till."
        },
        {
            "w": "LYE",
            "v": false,
            "row": 3,
            "col": 0,
            "def": "A strong caustic alkaline solution of potassium or sodium salts, obtained by leaching wood ashes. It is much used in making soap as well as its use in biodiesel."
        },
        {
            "w": "EVIL",
            "v": false,
            "row": 7,
            "col": 6,
            "def": "Intending to harm; malevolent."
        },
        {
            "w": "LIVE",
            "v": true,
            "row": 3,
            "col": 0,
            "def": "To be alive; to have life."
        },
        {
            "w": "TILE",
            "v": false,
            "row": 1,
            "col": 0,
            "def": "A regularly-shaped slab of clay or other material, affixed to cover or decorate a surface, as in a roof-tile, glazed tile, stove tile, etc."
        },
        {
            "w": "VILE",
            "v": false,
            "row": 3,
            "col": 6,
            "def": "Morally low; base; despicable."
        },
        {
            "w": "LITE",
            "v": true,
            "row": 0,
            "col": 9,
            "def": "Light in composition, notably low in fat, calories etc.:."
        },
        {
            "w": "LEVY",
            "v": false,
            "row": 4,
            "col": 3,
            "def": "To impose (a tax or fine) to collect monies due, or to confiscate property."
        },
        {
            "w": "YETI",
            "v": true,
            "row": 6,
            "col": 6,
            "def": "An unidentified humanoid animal said to live in the Himalayas."
        },
        {
            "w": "LEVITY",
            "v": true,
            "row": 3,
            "col": 4,
            "def": "Lightness of manner or speech, frivolity."
        }
    ]
}