{
    "id": 2622,
    "sub_category": "Vast Packx",
    "category": "Air Group",
    "type": 0,
    "letters": "ABDEHS",
    "mov": 30,
    "shovels": 1,
    "coins": 5,
    "rows": 15,
    "cols": 15,
    "c": 0,
    "b": -1,
    "w": 13,
    "h": 11,
    "dws": [
        "ABED",
        "HADS",
        "AHED",
        "SHA",
        "SED",
        "HADES",
        "EDH",
        "DAS",
        "HES",
        "DEASH",
        "DAE",
        "DAHS",
        "EDHS",
        "DAES",
        "HAE",
        "SHEA",
        "HAES",
        "BES",
        "DAH",
        "EHS",
        "ASHED",
        "SABED",
        "SHE",
        "SADE",
        "SAE",
        "SADHE",
        "AHS",
        "DEBS",
        "SABE",
        "HEADS",
        "SHAD",
        "SHED",
        "BEADS",
        "DEB",
        "DABS",
        "HADE",
        "EDS",
        "EAS",
        "SEA",
        "BADS",
        "SAB",
        "BEDS",
        "HAED",
        "BEDASH",
        "BASE",
        "ABS",
        "BAD",
        "BAS"
    ],
    "ws": [
        {
            "w": "ADS",
            "v": false,
            "row": 4,
            "col": 4,
            "def": "Plural form of ad."
        },
        {
            "w": "ASH",
            "v": false,
            "row": 7,
            "col": 6,
            "def": "The solid remains of a fire."
        },
        {
            "w": "BED",
            "v": true,
            "row": 0,
            "col": 6,
            "def": "A piece of furniture, usually flat and soft, to sleep on."
        },
        {
            "w": "HAD",
            "v": false,
            "row": 6,
            "col": 4,
            "def": "Simple past tense and past participle of have."
        },
        {
            "w": "HAS",
            "v": false,
            "row": 5,
            "col": 2,
            "def": "Third-person singular simple present indicative form of have."
        },
        {
            "w": "SAD",
            "v": true,
            "row": 1,
            "col": 2,
            "def": "Sated, having had one's fill; satisfied, weary."
        },
        {
            "w": "BAH",
            "v": false,
            "row": 5,
            "col": 7,
            "def": "Expressing contempt, disgust, or bad temper."
        },
        {
            "w": "DAB",
            "v": false,
            "row": 3,
            "col": 2,
            "def": "To press lightly in a repetitive motion with a soft object without rubbing."
        },
        {
            "w": "DASH",
            "v": true,
            "row": 6,
            "col": 6,
            "def": "A mark or line [- or \u2014], in writing or printing, denoting a sudden break, stop, or transition in a sentence, or an abrupt change in its construction, a long or significant pause, or an unexpected or epigrammatic turn of sentiment. Dashes are also sometimes used instead of marks or parenthesis."
        },
        {
            "w": "HEAD",
            "v": false,
            "row": 9,
            "col": 6,
            "def": "The part of the body of an animal or human which contains the brain, mouth, and main sense organs."
        },
        {
            "w": "BEAD",
            "v": true,
            "row": 6,
            "col": 1,
            "def": "A small round object."
        },
        {
            "w": "BASH",
            "v": true,
            "row": 4,
            "col": 8,
            "def": "To strike heavily."
        },
        {
            "w": "BADE",
            "v": false,
            "row": 0,
            "col": 6,
            "def": "Simple past of bid."
        },
        {
            "w": "BASED",
            "v": false,
            "row": 8,
            "col": 0,
            "def": "Founded on; having a basis; often used in combining forms."
        },
        {
            "w": "SHADE",
            "v": false,
            "row": 1,
            "col": 2,
            "def": "Darkness where light, particularly sunlight, is blocked."
        },
        {
            "w": "BASHED",
            "v": true,
            "row": 3,
            "col": 4,
            "def": "Simple past tense and past participle of bash."
        }
    ]
}