{
    "id": 2636,
    "sub_category": "Shore Packx",
    "category": "Air Group",
    "type": 0,
    "letters": "CDEKOR",
    "mov": 26,
    "shovels": 1,
    "coins": 5,
    "rows": 15,
    "cols": 15,
    "c": 0,
    "b": -1,
    "w": 13,
    "h": 11,
    "dws": [
        "REC",
        "RED",
        "DERO",
        "REDOCK",
        "OCKER",
        "ECO",
        "DOEK",
        "CORKED",
        "CRED",
        "COKED",
        "DORE",
        "REO",
        "DOE",
        "RECK",
        "DOR",
        "ORE",
        "DOCKER",
        "ORC",
        "ROD",
        "DORK",
        "KED",
        "DECO",
        "KERO",
        "KORE",
        "DOC",
        "ROK",
        "COD",
        "DREK",
        "OKE",
        "DECK",
        "ORD",
        "ODE",
        "ROE",
        "ECOD",
        "COR",
        "DROKE",
        "CERO",
        "ROED",
        "ROKE",
        "ERK",
        "DRECK",
        "ROC",
        "KOR"
    ],
    "ws": [
        {
            "w": "CODE",
            "v": true,
            "row": 2,
            "col": 6,
            "def": "A short symbol, often with little relation to the item it represents."
        },
        {
            "w": "COKE",
            "v": false,
            "row": 8,
            "col": 6,
            "def": "Solid residue from roasting coal in a coke oven; used principally as a fuel and in the production of steel and formerly as a domestic fuel."
        },
        {
            "w": "CORD",
            "v": true,
            "row": 0,
            "col": 0,
            "def": "A long, thin, flexible length of twisted yarns (strands) of fiber."
        },
        {
            "w": "CORE",
            "v": true,
            "row": 0,
            "col": 8,
            "def": "The central part of fruit, containing the kernels or seeds."
        },
        {
            "w": "CORK",
            "v": false,
            "row": 2,
            "col": 6,
            "def": "The bark of the cork oak, which is very light and porous and used for making bottle stoppers, flotation devices, and insulation material."
        },
        {
            "w": "DOCK",
            "v": true,
            "row": 6,
            "col": 0,
            "def": "Any of the genus Rumex of coarse weedy plants with small green flowers related to buckwheat, especially the common dock, and used as potherbs and in folk medicine, especially in curing nettle rash."
        },
        {
            "w": "ROCK",
            "v": false,
            "row": 0,
            "col": 6,
            "def": "The naturally occurring aggregate of solid mineral matter that constitutes a significant part of the earth's crust."
        },
        {
            "w": "RODE",
            "v": false,
            "row": 2,
            "col": 0,
            "def": "The line from the vessel to its anchor. Also warp."
        },
        {
            "w": "COED",
            "v": true,
            "row": 6,
            "col": 9,
            "def": "Alternative spelling of co-ed."
        },
        {
            "w": "REDO",
            "v": false,
            "row": 4,
            "col": 1,
            "def": "To do again."
        },
        {
            "w": "DOER",
            "v": true,
            "row": 2,
            "col": 2,
            "def": "Someone who does, performs, or executes; an active person, an agent."
        },
        {
            "w": "CODER",
            "v": false,
            "row": 0,
            "col": 0,
            "def": "A device that generates a code, often as a series of pulses."
        },
        {
            "w": "DECOR",
            "v": true,
            "row": 5,
            "col": 7,
            "def": "The style of decoration of a room, building."
        },
        {
            "w": "CORED",
            "v": false,
            "row": 8,
            "col": 0,
            "def": "Simple past tense and past participle of core."
        },
        {
            "w": "CREDO",
            "v": false,
            "row": 5,
            "col": 4,
            "def": "A belief system."
        },
        {
            "w": "ROCKED",
            "v": true,
            "row": 3,
            "col": 4,
            "def": "Simple past tense and past participle of rock."
        }
    ]
}