{
    "id": 2686,
    "sub_category": "Clear Pack",
    "category": "Lagoon Group",
    "type": 0,
    "letters": "BDELOU",
    "mov": 30,
    "shovels": 1,
    "coins": 5,
    "rows": 15,
    "cols": 15,
    "c": 0,
    "b": -1,
    "w": 11,
    "h": 10,
    "dws": [
        "OLDE",
        "BUDO",
        "BODLE",
        "OULD",
        "LOU",
        "BEL",
        "LEUD",
        "OLE",
        "DOL",
        "OUD",
        "ELD",
        "LOD",
        "OBE",
        "LOBE",
        "BOLE",
        "LUDO",
        "DELO",
        "DULE",
        "ULE",
        "DOBE",
        "UDO",
        "LEU",
        "DUO",
        "BOULE",
        "LUBED",
        "DEB",
        "LUDE",
        "LUD",
        "DEL",
        "LOBED",
        "BLUED",
        "BEDU",
        "DOB",
        "LODE",
        "BLED",
        "LED",
        "DUB"
    ],
    "ws": [
        {
            "w": "BED",
            "v": false,
            "row": 5,
            "col": 0,
            "def": "A piece of furniture, usually flat and soft, to sleep on."
        },
        {
            "w": "BUD",
            "v": true,
            "row": 7,
            "col": 8,
            "def": "A newly formed leaf or flower that has not yet unfolded."
        },
        {
            "w": "DUE",
            "v": true,
            "row": 0,
            "col": 3,
            "def": "Owed or owing."
        },
        {
            "w": "LOB",
            "v": false,
            "row": 7,
            "col": 0,
            "def": "To throw or hit a ball into the air in a high arch."
        },
        {
            "w": "OLD",
            "v": false,
            "row": 9,
            "col": 6,
            "def": "Of an object, concept, relationship, etc., having existed for a relatively long period of time."
        },
        {
            "w": "BOD",
            "v": true,
            "row": 7,
            "col": 2,
            "def": "The body."
        },
        {
            "w": "DOE",
            "v": false,
            "row": 2,
            "col": 1,
            "def": "A female deer; also used of similar animals such as reindeer, antelope, goat."
        },
        {
            "w": "ODE",
            "v": false,
            "row": 8,
            "col": 2,
            "def": "A short poetical composition proper to be set to music or sung; a lyric poem; esp., now, a poem characterized by sustained noble sentiment and appropriate dignity of style."
        },
        {
            "w": "BLUE",
            "v": true,
            "row": 4,
            "col": 9,
            "def": "Having a bluish colour shade."
        },
        {
            "w": "BOLD",
            "v": true,
            "row": 5,
            "col": 0,
            "def": "A dwelling; habitation; building."
        },
        {
            "w": "DUEL",
            "v": true,
            "row": 4,
            "col": 6,
            "def": "Arranged, regular combat between two private persons, often over a matter of honor."
        },
        {
            "w": "LOUD",
            "v": false,
            "row": 4,
            "col": 3,
            "def": "Of great intensity."
        },
        {
            "w": "LUBE",
            "v": false,
            "row": 7,
            "col": 6,
            "def": "Lubricant."
        },
        {
            "w": "BODE",
            "v": false,
            "row": 0,
            "col": 1,
            "def": "To indicate by signs, as future events; to be the omen of; to portend to presage; to foreshow."
        },
        {
            "w": "DOLE",
            "v": true,
            "row": 2,
            "col": 1,
            "def": "To distribute in small amounts; to share out small portions of a meager resource."
        },
        {
            "w": "DOUBLE",
            "v": true,
            "row": 3,
            "col": 4,
            "def": "Made up of two matching or complementary elements."
        }
    ]
}