{
    "id": 269,
    "sub_category": "Frond Pack",
    "category": "Tropic Group",
    "type": 0,
    "letters": "EILSVW",
    "mov": 26,
    "shovels": 1,
    "coins": 5,
    "rows": 15,
    "cols": 15,
    "c": 0,
    "b": -1,
    "w": 12,
    "h": 12,
    "dws": [
        "WEILS",
        "VIES",
        "SEI",
        "LEVS",
        "LES",
        "VLEI",
        "LEI",
        "WIVE",
        "LEIS",
        "WEIL",
        "LIS",
        "SILE",
        "VLIES",
        "LEVIS",
        "LEWIS",
        "LWEI",
        "LEW",
        "SEL",
        "LEV",
        "WELS",
        "ISLE",
        "WILES",
        "WILE",
        "LIES",
        "WIELS",
        "LWEIS",
        "WIEL",
        "ELS",
        "SLIVE",
        "SWIVE",
        "WIS",
        "VLEIS",
        "SEV",
        "VEIL",
        "SWILE",
        "SEIL",
        "VIS"
    ],
    "ws": [
        {
            "w": "LIE",
            "v": false,
            "row": 7,
            "col": 7,
            "def": "To be in a horizontal position."
        },
        {
            "w": "VIE",
            "v": false,
            "row": 5,
            "col": 0,
            "def": "To rival; to struggle for superiority; to contend; to compete eagerly so as to gain something."
        },
        {
            "w": "EVIL",
            "v": true,
            "row": 4,
            "col": 7,
            "def": "Intending to harm; malevolent."
        },
        {
            "w": "LIVE",
            "v": true,
            "row": 2,
            "col": 2,
            "def": "To be alive; to have life."
        },
        {
            "w": "VIEW",
            "v": true,
            "row": 5,
            "col": 0,
            "def": "The act of seeing or looking at something."
        },
        {
            "w": "VILE",
            "v": false,
            "row": 2,
            "col": 6,
            "def": "Morally low; base; despicable."
        },
        {
            "w": "SLEW",
            "v": true,
            "row": 0,
            "col": 9,
            "def": "A large amount."
        },
        {
            "w": "VISE",
            "v": true,
            "row": 0,
            "col": 0,
            "def": "An instrument consisting of two jaws, closing by a screw, lever, cam, or the like, for holding work, as in filing."
        },
        {
            "w": "EVILS",
            "v": false,
            "row": 3,
            "col": 0,
            "def": "Plural form of evil."
        },
        {
            "w": "LIVES",
            "v": true,
            "row": 0,
            "col": 6,
            "def": "Plural of life."
        },
        {
            "w": "VIEWS",
            "v": true,
            "row": 5,
            "col": 9,
            "def": "Plural form of view."
        },
        {
            "w": "WIVES",
            "v": false,
            "row": 9,
            "col": 5,
            "def": "Plural form of wife."
        },
        {
            "w": "SWIVEL",
            "v": true,
            "row": 3,
            "col": 4,
            "def": ": A piece, as a ring or hook, attached to another piece by a pin, in such a manner as to permit rotation about the pin as an axis."
        },
        {
            "w": "VEILS",
            "v": false,
            "row": 0,
            "col": 0,
            "def": "Plural form of veil."
        },
        {
            "w": "WISE",
            "v": false,
            "row": 4,
            "col": 4,
            "def": "Showing good judgement or the benefit of experience."
        },
        {
            "w": "SEW",
            "v": false,
            "row": 7,
            "col": 3,
            "def": "To use a needle to pass thread repeatedly through (pieces of fabric) in order to join them together."
        }
    ]
}