{
    "id": 2701,
    "sub_category": "Star Pack",
    "category": "Lagoon Group",
    "type": 0,
    "letters": "ADEORR",
    "mov": 30,
    "shovels": 1,
    "coins": 5,
    "rows": 15,
    "cols": 15,
    "c": 0,
    "b": -1,
    "w": 13,
    "h": 13,
    "dws": [
        "RADE",
        "DERO",
        "DREAR",
        "RODE",
        "DORR",
        "ODA",
        "ARD",
        "AERO",
        "EARD",
        "DAE",
        "RORE",
        "DERRO",
        "DORE",
        "REO",
        "REDO",
        "DOE",
        "ORAD",
        "DOR",
        "ORE",
        "ADORER",
        "OREAD",
        "ORRA",
        "ORA",
        "RAD",
        "OARED",
        "ADO",
        "ODEA",
        "DARER",
        "ORD",
        "ROE",
        "RARED",
        "ARED",
        "ROED",
        "DARE",
        "RARE",
        "EAR",
        "ODE"
    ],
    "ws": [
        {
            "w": "ARE",
            "v": false,
            "row": 3,
            "col": 3,
            "def": "Second-person singular simple present tense of be."
        },
        {
            "w": "ERA",
            "v": true,
            "row": 1,
            "col": 3,
            "def": "A time period of indeterminate length, generally more than one year."
        },
        {
            "w": "OAR",
            "v": false,
            "row": 7,
            "col": 6,
            "def": "An implement used to propel a boat or a ship in the water, having a flat blade at one end, being rowed from the other end and being normally fastened to the vessel."
        },
        {
            "w": "RED",
            "v": false,
            "row": 6,
            "col": 4,
            "def": "Having red as its colour."
        },
        {
            "w": "ROD",
            "v": false,
            "row": 3,
            "col": 7,
            "def": "A straight, round stick, shaft, bar, cane, or staff."
        },
        {
            "w": "ERR",
            "v": false,
            "row": 6,
            "col": 0,
            "def": "To make a mistake."
        },
        {
            "w": "DEAR",
            "v": true,
            "row": 5,
            "col": 0,
            "def": "Loved; lovable."
        },
        {
            "w": "READ",
            "v": true,
            "row": 6,
            "col": 2,
            "def": "A reading or an act of reading, especially an actor's part of a play."
        },
        {
            "w": "REAR",
            "v": true,
            "row": 0,
            "col": 7,
            "def": "To raise physically; to lift up; to cause to rise, to elevate."
        },
        {
            "w": "ROAD",
            "v": true,
            "row": 0,
            "col": 9,
            "def": "At the venue of the opposing team or competitor."
        },
        {
            "w": "ROAR",
            "v": true,
            "row": 1,
            "col": 1,
            "def": "To make a loud, deep cry, especially from pain, anger, or other strong emotion."
        },
        {
            "w": "DOER",
            "v": false,
            "row": 2,
            "col": 0,
            "def": "Someone who does, performs, or executes; an active person, an agent."
        },
        {
            "w": "ADORE",
            "v": true,
            "row": 5,
            "col": 6,
            "def": "To worship."
        },
        {
            "w": "ORDER",
            "v": true,
            "row": 3,
            "col": 8,
            "def": "Arrangement, disposition, sequence."
        },
        {
            "w": "ARDOR",
            "v": false,
            "row": 8,
            "col": 2,
            "def": "Great warmth of feeling; fervor; passion."
        },
        {
            "w": "ROARED",
            "v": true,
            "row": 3,
            "col": 4,
            "def": "Simple past tense and past participle of roar."
        }
    ]
}