{
    "id": "27133bce-0d3a-11eb-a781-34363b5fdca4",
    "type": 0,
    "letters": "DEEIRS",
    "mov": 29,
    "shovels": 1,
    "coins": 5,
    "rows": 12,
    "cols": 2,
    "c": 0,
    "b": -1,
    "dws": [
        "EDS",
        "SED",
        "DEI",
        "IDE",
        "DEE",
        "DIS",
        "IDS",
        "SEI",
        "ERS",
        "SER",
        "RES",
        "ESE",
        "REI",
        "ERE",
        "REE",
        "SRI",
        "DESI",
        "IDES",
        "DEES",
        "IRED",
        "EIDE",
        "IDEE",
        "DERE",
        "DREE",
        "ERED",
        "REDE",
        "SEIR",
        "IRES",
        "REIS",
        "ERES",
        "SERE",
        "REES",
        "SIDER",
        "RESID",
        "IDEES",
        "DERES",
        "DEERS",
        "DREES",
        "SEDER",
        "SERED",
        "REDES",
        "EIDER",
        "SIREE",
        "EIDERS",
        "RESIDE",
        "DEER",
        "RIDS",
        "RISE",
        "SEER",
        "SIDE",
        "RED",
        "SEE"
    ],
    "ws": [
        {
            "w": "DIE",
            "v": false,
            "row": 8,
            "col": 2
        },
        {
            "w": "IRE",
            "v": false,
            "row": 7,
            "col": 0
        },
        {
            "w": "RID",
            "v": false,
            "row": 2,
            "col": 7
        },
        {
            "w": "SIR",
            "v": false,
            "row": 6,
            "col": 7
        },
        {
            "w": "DIES",
            "v": true,
            "row": 1,
            "col": 1
        },
        {
            "w": "DIRE",
            "v": false,
            "row": 3,
            "col": 4
        },
        {
            "w": "REDS",
            "v": true,
            "row": 6,
            "col": 2
        },
        {
            "w": "REED",
            "v": true,
            "row": 6,
            "col": 9
        },
        {
            "w": "RIDE",
            "v": true,
            "row": 6,
            "col": 0
        },
        {
            "w": "SEED",
            "v": false,
            "row": 5,
            "col": 4
        },
        {
            "w": "SIRE",
            "v": false,
            "row": 4,
            "col": 1
        },
        {
            "w": "DRIES",
            "v": false,
            "row": 1,
            "col": 1
        },
        {
            "w": "REEDS",
            "v": true,
            "row": 2,
            "col": 7
        },
        {
            "w": "RIDES",
            "v": true,
            "row": 0,
            "col": 9
        },
        {
            "w": "SIRED",
            "v": false,
            "row": 9,
            "col": 5
        },
        {
            "w": "DESIRE",
            "v": true,
            "row": 3,
            "col": 4
        }
    ]
}