{
    "id": 2728,
    "sub_category": "Valley Packx",
    "category": "Peak Group",
    "type": 0,
    "letters": "DEHILS",
    "mov": 26,
    "shovels": 1,
    "coins": 5,
    "rows": 15,
    "cols": 15,
    "c": 0,
    "b": -1,
    "w": 12,
    "h": 11,
    "dws": [
        "HIDES",
        "DIE",
        "SEI",
        "SHIEL",
        "LES",
        "HEID",
        "SED",
        "LEI",
        "HEIL",
        "EDH",
        "LIE",
        "SIDHE",
        "HES",
        "LEIS",
        "HIS",
        "LIS",
        "SILE",
        "EDHS",
        "LID",
        "EISH",
        "DESI",
        "SIDLE",
        "SEL",
        "DEIL",
        "DELS",
        "EHS",
        "DEI",
        "HEIDS",
        "ELD",
        "HIE",
        "IDE",
        "LSD",
        "SHE",
        "DIEL",
        "ISLED",
        "DELIS",
        "IDES",
        "SIDH",
        "SILD",
        "HIELD",
        "IDLES",
        "EILD",
        "ELS",
        "ISH",
        "LED",
        "EILDS",
        "HID",
        "DESHI",
        "DIS",
        "ELHI",
        "SELD",
        "HILD",
        "HIES",
        "EDS",
        "HEILS",
        "IDS",
        "DIES",
        "ELDS",
        "DEILS",
        "DELISH",
        "SEIL",
        "HIED",
        "DEL"
    ],
    "ws": [
        {
            "w": "DISH",
            "v": false,
            "row": 1,
            "col": 0,
            "def": "A vessel such as a plate for holding or serving food, often flat with a depressed region in the middle."
        },
        {
            "w": "HELD",
            "v": true,
            "row": 6,
            "col": 8,
            "def": "Simple past tense and past participle of hold."
        },
        {
            "w": "HIDE",
            "v": false,
            "row": 4,
            "col": 4,
            "def": "To put (something) in a place where it will be harder to discover or out of sight."
        },
        {
            "w": "LIDS",
            "v": false,
            "row": 3,
            "col": 1,
            "def": "Plural form of lid."
        },
        {
            "w": "LIED",
            "v": true,
            "row": 6,
            "col": 1,
            "def": "An art song, sung in German and accompanied on the piano."
        },
        {
            "w": "LIES",
            "v": false,
            "row": 7,
            "col": 6,
            "def": "Plural form of lie."
        },
        {
            "w": "SHED",
            "v": true,
            "row": 0,
            "col": 3,
            "def": "To part or divide."
        },
        {
            "w": "SIDE",
            "v": true,
            "row": 1,
            "col": 7,
            "def": "A bounding straight edge of a two-dimensional shape."
        },
        {
            "w": "SLED",
            "v": true,
            "row": 6,
            "col": 6,
            "def": "A small, light vehicle with runners, used, mostly by young persons, for sliding on snow or ice. (A \"sled\" in this sense is not pulled by an animal as a \"sleigh\" is.)."
        },
        {
            "w": "SLID",
            "v": false,
            "row": 0,
            "col": 3,
            "def": "Simple past tense and past participle of slide."
        },
        {
            "w": "DELI",
            "v": true,
            "row": 2,
            "col": 9,
            "def": "A shop that sells cooked or prepared food ready for serving."
        },
        {
            "w": "IDLE",
            "v": false,
            "row": 8,
            "col": 3,
            "def": "Empty, vacant."
        },
        {
            "w": "ISLE",
            "v": true,
            "row": 1,
            "col": 1,
            "def": "An island."
        },
        {
            "w": "SLIDE",
            "v": false,
            "row": 6,
            "col": 0,
            "def": "To (cause to) move in continuous contact with a surface."
        },
        {
            "w": "SHIED",
            "v": false,
            "row": 2,
            "col": 5,
            "def": "Simple past tense and past participle of shy."
        },
        {
            "w": "SHIELD",
            "v": true,
            "row": 3,
            "col": 4,
            "def": "A broad piece of defensive armor, carried on the arm, formerly in general use in war, for the protection of the body."
        }
    ]
}