{
    "id": 2740,
    "sub_category": "Up Pack",
    "category": "Peak Group",
    "type": 0,
    "letters": "AEELSW",
    "mov": 22,
    "shovels": 1,
    "coins": 5,
    "rows": 15,
    "cols": 15,
    "c": 0,
    "b": -1,
    "w": 10,
    "h": 10,
    "dws": [
        "WEEL",
        "SWEE",
        "AWEE",
        "SAL",
        "EEL",
        "LES",
        "WEE",
        "WEES",
        "AWLS",
        "WAES",
        "SLAE",
        "WEALS",
        "SWALE",
        "SLEE",
        "LAW",
        "EWE",
        "LAWE",
        "SWEAL",
        "EELS",
        "SELE",
        "LEW",
        "WEELS",
        "SEL",
        "ALE",
        "EEW",
        "WELS",
        "WALES",
        "WEAL",
        "LEA",
        "EALE",
        "ALEE",
        "ESE",
        "LASE",
        "SEW",
        "SEWEL",
        "LAS",
        "SAE",
        "AWE",
        "WAS",
        "SAW",
        "LEE",
        "LEES",
        "ELSE",
        "WALE",
        "ELS",
        "LEAS",
        "ALS",
        "ALEW",
        "WASE",
        "AWEEL",
        "AWL",
        "SEEL",
        "ALEWS",
        "EAS",
        "SEA",
        "WAE",
        "EALES",
        "SEE"
    ],
    "ws": [
        {
            "w": "ALES",
            "v": true,
            "row": 0,
            "col": 7,
            "def": "Plural form of ale."
        },
        {
            "w": "AWES",
            "v": false,
            "row": 4,
            "col": 3,
            "def": "Third-person singular simple present indicative form of awe."
        },
        {
            "w": "EASE",
            "v": true,
            "row": 0,
            "col": 0,
            "def": "The state of being comfortable or free from stress."
        },
        {
            "w": "LAWS",
            "v": false,
            "row": 5,
            "col": 0,
            "def": "Plural form of law."
        },
        {
            "w": "SALE",
            "v": true,
            "row": 4,
            "col": 1,
            "def": "An exchange of goods or services for currency or credit."
        },
        {
            "w": "SEAL",
            "v": false,
            "row": 1,
            "col": 4,
            "def": "A pinniped, particularly an earless seal (true seal) or eared seal."
        },
        {
            "w": "EWES",
            "v": false,
            "row": 0,
            "col": 0,
            "def": "Plural form of ewe."
        },
        {
            "w": "SLEW",
            "v": true,
            "row": 4,
            "col": 6,
            "def": "A large amount."
        },
        {
            "w": "SLAW",
            "v": false,
            "row": 2,
            "col": 0,
            "def": "Coleslaw."
        },
        {
            "w": "LEASE",
            "v": true,
            "row": 0,
            "col": 5,
            "def": "To gather."
        },
        {
            "w": "EASEL",
            "v": false,
            "row": 6,
            "col": 3,
            "def": "An upright frame, typically on three legs, for displaying or supporting something, such as an artist's canvas."
        },
        {
            "w": "WEASEL",
            "v": true,
            "row": 2,
            "col": 3,
            "def": "The least weasel, Mustela nivalis."
        }
    ]
}