{
    "id": 2762,
    "sub_category": "Height Pack",
    "category": "Peak Group",
    "type": 0,
    "letters": "DELMOS",
    "mov": 30,
    "shovels": 1,
    "coins": 5,
    "rows": 15,
    "cols": 15,
    "c": 0,
    "b": -1,
    "w": 13,
    "h": 12,
    "dws": [
        "LODS",
        "OLDE",
        "LOMES",
        "EMO",
        "OLDS",
        "LES",
        "SED",
        "SLOE",
        "DOMES",
        "SOD",
        "OSE",
        "MOLS",
        "OMS",
        "DOS",
        "MOS",
        "MOE",
        "OLE",
        "ODS",
        "OLM",
        "DOE",
        "MOD",
        "MED",
        "SEL",
        "DOL",
        "OLMS",
        "DELS",
        "MOES",
        "LODES",
        "MOLES",
        "EMS",
        "SOLED",
        "ELD",
        "DOLES",
        "LOS",
        "LOD",
        "LSD",
        "MEL",
        "DOLS",
        "EMOS",
        "MOL",
        "OES",
        "OLD",
        "OLES",
        "DELO",
        "DOMS",
        "MOSE",
        "MODES",
        "ELS",
        "LED",
        "MELDS",
        "ODES",
        "ODE",
        "DELOS",
        "SELD",
        "DEMOS",
        "MOLDS",
        "MODELS",
        "EDS",
        "MES",
        "DOM",
        "LOME",
        "MELS",
        "ELDS",
        "ELM",
        "SOL",
        "DSO",
        "SOM",
        "DEL",
        "DOES",
        "DOME",
        "ELMS",
        "MEDS"
    ],
    "ws": [
        {
            "w": "DEMO",
            "v": true,
            "row": 0,
            "col": 3,
            "def": "A brief demonstration or visual explanation."
        },
        {
            "w": "DOSE",
            "v": false,
            "row": 7,
            "col": 3,
            "def": "A measured portion of medicine taken at any one time."
        },
        {
            "w": "LOSE",
            "v": false,
            "row": 3,
            "col": 2,
            "def": "To cause (something) to cease to be in one's possession or capability due to unfortunate or unknown circumstances, events or reasons."
        },
        {
            "w": "MODE",
            "v": false,
            "row": 6,
            "col": 6,
            "def": "One of several ancient scales, one of which corresponds to the modern major scale and one to the natural minor scale."
        },
        {
            "w": "MOLD",
            "v": false,
            "row": 5,
            "col": 2,
            "def": "A hollow form or matrix for shaping a fluid or plastic substance."
        },
        {
            "w": "MOLE",
            "v": false,
            "row": 1,
            "col": 0,
            "def": "A pigmented spot on the skin, a naevus, slightly raised, and sometimes hairy."
        },
        {
            "w": "SLED",
            "v": true,
            "row": 1,
            "col": 9,
            "def": "A small, light vehicle with runners, used, mostly by young persons, for sliding on snow or ice. (A \"sled\" in this sense is not pulled by an animal as a \"sleigh\" is.)."
        },
        {
            "w": "SOLD",
            "v": false,
            "row": 4,
            "col": 6,
            "def": "Simple past tense and past participle of sell."
        },
        {
            "w": "SOLE",
            "v": false,
            "row": 0,
            "col": 5,
            "def": "A wooden band or yoke put around the neck of an ox or cow in the stall."
        },
        {
            "w": "SOME",
            "v": true,
            "row": 0,
            "col": 5,
            "def": "A certain number, at least one."
        },
        {
            "w": "LODE",
            "v": true,
            "row": 4,
            "col": 8,
            "def": "A way or path; a road."
        },
        {
            "w": "MELD",
            "v": true,
            "row": 6,
            "col": 6,
            "def": "To combine two similar objects into one."
        },
        {
            "w": "MODS",
            "v": true,
            "row": 1,
            "col": 0,
            "def": "Plural form of mod."
        },
        {
            "w": "DOLE",
            "v": false,
            "row": 9,
            "col": 6,
            "def": "To distribute in small amounts; to share out small portions of a meager resource."
        },
        {
            "w": "MODEL",
            "v": false,
            "row": 2,
            "col": 5,
            "def": "A person who serves as a subject for artwork or fashion, usually in the medium of photography but also for painting or drawing."
        },
        {
            "w": "SELDOM",
            "v": true,
            "row": 3,
            "col": 4,
            "def": "Infrequently, rarely."
        }
    ]
}