{
    "id": 2788,
    "sub_category": "Crest Packx",
    "category": "Peak Group",
    "type": 0,
    "letters": "AGNORS",
    "mov": 26,
    "shovels": 1,
    "coins": 5,
    "rows": 15,
    "cols": 15,
    "c": 0,
    "b": -1,
    "w": 14,
    "h": 11,
    "dws": [
        "ARGONS",
        "GARS",
        "SARGO",
        "RAG",
        "SON",
        "ANS",
        "AGROS",
        "ONS",
        "GOS",
        "NOG",
        "AGON",
        "GNARS",
        "GAR",
        "SNOG",
        "SNAR",
        "GROANS",
        "ORGS",
        "GOAS",
        "OSAR",
        "GOA",
        "GAS",
        "NOGS",
        "ORANG",
        "RANGS",
        "AGS",
        "GNAR",
        "RAN",
        "NAS",
        "GOR",
        "AGRO",
        "ORA",
        "GRANS",
        "GORA",
        "AGONS",
        "GONS",
        "RONG",
        "SAG",
        "SOG",
        "GON",
        "RNA",
        "SORN",
        "ORANGS",
        "NAG",
        "ARS",
        "SAR",
        "SANGO",
        "ROANS",
        "ORGANS",
        "NOS",
        "NOR",
        "GAN",
        "SAN",
        "AGO",
        "ORS",
        "ORG",
        "NAGOR",
        "GORAS",
        "RAS",
        "NAOS",
        "SORA",
        "GRAN",
        "OAR",
        "GANS"
    ],
    "ws": [
        {
            "w": "NAGS",
            "v": true,
            "row": 0,
            "col": 9,
            "def": "Plural form of nag."
        },
        {
            "w": "OARS",
            "v": false,
            "row": 6,
            "col": 4,
            "def": "Plural form of oar."
        },
        {
            "w": "RAGS",
            "v": false,
            "row": 3,
            "col": 1,
            "def": "Plural form of rag."
        },
        {
            "w": "RANG",
            "v": false,
            "row": 2,
            "col": 6,
            "def": "Simple past of ring."
        },
        {
            "w": "SANG",
            "v": false,
            "row": 0,
            "col": 3,
            "def": "Simple past of sing."
        },
        {
            "w": "SOAR",
            "v": true,
            "row": 0,
            "col": 1,
            "def": "To fly aloft with little effort, as a bird."
        },
        {
            "w": "SONG",
            "v": true,
            "row": 6,
            "col": 7,
            "def": "A musical composition with lyrics for voice or voices, performed by singing."
        },
        {
            "w": "SNAG",
            "v": true,
            "row": 0,
            "col": 3,
            "def": "A stump or base of a branch that has been lopped off; a short branch, or a sharp or rough branch; a knot; a protuberance."
        },
        {
            "w": "ROAN",
            "v": false,
            "row": 1,
            "col": 0,
            "def": "Especially of a horse, having a coat of a dark base color with individual white hairs mixed in."
        },
        {
            "w": "SAGO",
            "v": true,
            "row": 1,
            "col": 7,
            "def": "A powdered starch obtained from certain palms used as a food thickener."
        },
        {
            "w": "ARSON",
            "v": true,
            "row": 5,
            "col": 9,
            "def": "The crime of setting a fire with intent to cause damage."
        },
        {
            "w": "GROAN",
            "v": false,
            "row": 7,
            "col": 0,
            "def": "A low, mournful sound uttered in pain or grief."
        },
        {
            "w": "ORGAN",
            "v": false,
            "row": 9,
            "col": 5,
            "def": "A largest part of an organism, composed of tissues that perform similar functions."
        },
        {
            "w": "SONAR",
            "v": false,
            "row": 5,
            "col": 0,
            "def": "Echolocation."
        },
        {
            "w": "ARGON",
            "v": false,
            "row": 4,
            "col": 4,
            "def": "A chemical element (symbol Ar) with an atomic number of 18."
        },
        {
            "w": "SARONG",
            "v": true,
            "row": 3,
            "col": 4,
            "def": "A garment made of a length of printed cloth wrapped about the waist that is commonly worn by men and women in Malaysia, Sri Lanka, India, Indonesia, and the Pacific islands."
        }
    ]
}