{
    "id": "27a8103c-0d44-11eb-a781-34363b5fdca4",
    "type": 0,
    "letters": "ABEERV",
    "mov": 23,
    "shovels": 1,
    "coins": 5,
    "rows": 9,
    "cols": 2,
    "c": 0,
    "b": -1,
    "dws": [
        "REB",
        "ARB",
        "AVE",
        "VAE",
        "VEE",
        "ERE",
        "REE",
        "VAR",
        "RAV",
        "BRAE",
        "BERE",
        "BREE",
        "EAVE",
        "VARE",
        "VERA",
        "EREV",
        "BEVER",
        "BREVE",
        "REAVE",
        "AVER",
        "ERA"
    ],
    "ws": [
        {
            "w": "ARE",
            "v": true,
            "row": 0,
            "col": 7
        },
        {
            "w": "BAR",
            "v": true,
            "row": 6,
            "col": 2
        },
        {
            "w": "BEE",
            "v": false,
            "row": 5,
            "col": 7
        },
        {
            "w": "BRA",
            "v": true,
            "row": 0,
            "col": 5
        },
        {
            "w": "EAR",
            "v": false,
            "row": 2,
            "col": 7
        },
        {
            "w": "EVE",
            "v": false,
            "row": 2,
            "col": 0
        },
        {
            "w": "REV",
            "v": true,
            "row": 6,
            "col": 6
        },
        {
            "w": "BARE",
            "v": false,
            "row": 7,
            "col": 1
        },
        {
            "w": "BEAR",
            "v": false,
            "row": 0,
            "col": 5
        },
        {
            "w": "BEER",
            "v": false,
            "row": 4,
            "col": 2
        },
        {
            "w": "EVER",
            "v": true,
            "row": 2,
            "col": 0
        },
        {
            "w": "RAVE",
            "v": false,
            "row": 8,
            "col": 4
        },
        {
            "w": "VEER",
            "v": false,
            "row": 1,
            "col": 2
        },
        {
            "w": "VERB",
            "v": true,
            "row": 1,
            "col": 2
        },
        {
            "w": "BRAVE",
            "v": true,
            "row": 1,
            "col": 9
        },
        {
            "w": "BEAVER",
            "v": true,
            "row": 3,
            "col": 4
        }
    ]
}