{
    "id": 2821,
    "sub_category": "Freeze Pack",
    "category": "Ice Group",
    "type": 0,
    "letters": "DELOSV",
    "mov": 28,
    "shovels": 1,
    "coins": 5,
    "rows": 15,
    "cols": 15,
    "c": 0,
    "b": -1,
    "w": 13,
    "h": 11,
    "dws": [
        "LODS",
        "OLDE",
        "VOES",
        "VOL",
        "OLDS",
        "LEVS",
        "EVO",
        "LES",
        "DOES",
        "SED",
        "SLOE",
        "EVOS",
        "LOVES",
        "LEVO",
        "OSE",
        "VOLED",
        "DEV",
        "DOS",
        "OLE",
        "VELD",
        "ODS",
        "VOE",
        "VELDS",
        "DOL",
        "SEL",
        "LEV",
        "DELS",
        "LODES",
        "SOLED",
        "ELD",
        "DOLES",
        "LOD",
        "LOS",
        "LSD",
        "DOLS",
        "OVEL",
        "OES",
        "VOLES",
        "OLES",
        "DELO",
        "ELS",
        "DOVES",
        "SOV",
        "ODES",
        "OVELS",
        "DELOS",
        "SELD",
        "DEVS",
        "SEV",
        "EDS",
        "ELDS",
        "VOLS",
        "SOL",
        "DSO",
        "DEL",
        "DOVE",
        "SOLD"
    ],
    "ws": [
        {
            "w": "LED",
            "v": true,
            "row": 3,
            "col": 2,
            "def": "Simple past tense and past participle of lead."
        },
        {
            "w": "OLD",
            "v": true,
            "row": 7,
            "col": 2,
            "def": "Of an object, concept, relationship, etc., having existed for a relatively long period of time."
        },
        {
            "w": "SOD",
            "v": false,
            "row": 5,
            "col": 7,
            "def": "That stratum of the surface of the soil which is filled with the roots of grass, or any portion of that surface; turf; sward."
        },
        {
            "w": "DOE",
            "v": false,
            "row": 8,
            "col": 4,
            "def": "A female deer; also used of similar animals such as reindeer, antelope, goat."
        },
        {
            "w": "ODE",
            "v": false,
            "row": 4,
            "col": 0,
            "def": "A short poetical composition proper to be set to music or sung; a lyric poem; esp., now, a poem characterized by sustained noble sentiment and appropriate dignity of style."
        },
        {
            "w": "DOSE",
            "v": false,
            "row": 7,
            "col": 1,
            "def": "A measured portion of medicine taken at any one time."
        },
        {
            "w": "LOSE",
            "v": false,
            "row": 3,
            "col": 2,
            "def": "To cause (something) to cease to be in one's possession or capability due to unfortunate or unknown circumstances, events or reasons."
        },
        {
            "w": "LOVE",
            "v": false,
            "row": 7,
            "col": 6,
            "def": "An intense feeling of affection and care towards another person."
        },
        {
            "w": "SLED",
            "v": true,
            "row": 6,
            "col": 6,
            "def": "A small, light vehicle with runners, used, mostly by young persons, for sliding on snow or ice. (A \"sled\" in this sense is not pulled by an animal as a \"sleigh\" is.)."
        },
        {
            "w": "SOLE",
            "v": true,
            "row": 3,
            "col": 0,
            "def": "A wooden band or yoke put around the neck of an ox or cow in the stall."
        },
        {
            "w": "LODE",
            "v": false,
            "row": 2,
            "col": 5,
            "def": "A way or path; a road."
        },
        {
            "w": "DOLE",
            "v": false,
            "row": 5,
            "col": 2,
            "def": "To distribute in small amounts; to share out small portions of a meager resource."
        },
        {
            "w": "VOLE",
            "v": true,
            "row": 0,
            "col": 5,
            "def": "Any of a large number of species of small rodents of the family Cricetidae."
        },
        {
            "w": "LOVED",
            "v": false,
            "row": 0,
            "col": 3,
            "def": "Simple past tense and past participle of love."
        },
        {
            "w": "SOLVE",
            "v": true,
            "row": 4,
            "col": 8,
            "def": "To find an answer or solution to a problem or question; to work out."
        },
        {
            "w": "SOLVED",
            "v": true,
            "row": 3,
            "col": 4,
            "def": "Having a solution, having been explained or answered."
        }
    ]
}