{
    "id": 2823,
    "sub_category": "Freeze Pack",
    "category": "Ice Group",
    "type": 0,
    "letters": "BEMNRU",
    "mov": 16,
    "shovels": 1,
    "coins": 5,
    "rows": 15,
    "cols": 15,
    "c": 0,
    "b": -1,
    "w": 7,
    "h": 6,
    "dws": [
        "UNBE",
        "REM",
        "BRUME",
        "NUR",
        "ERN",
        "MEN",
        "MEU",
        "MENU",
        "BUM",
        "RUM",
        "RUB",
        "BUR",
        "RUN",
        "UMBE",
        "NEB",
        "NUB",
        "BREN",
        "REN",
        "NEUM",
        "BUN",
        "RUE",
        "EMU",
        "URE",
        "MURE",
        "UMBRE",
        "BRU",
        "RUMEN",
        "REB",
        "BEN",
        "MUN",
        "URN",
        "RUME",
        "RUBE",
        "ERM",
        "URB",
        "NUMBER",
        "UMBER",
        "BURN",
        "NUMB",
        "BERM",
        "RUNE"
    ],
    "ws": []
}