{
    "id": 2835,
    "sub_category": "Light Pack",
    "category": "Ice Group",
    "type": 0,
    "letters": "ADEMMN",
    "mov": 30,
    "shovels": 1,
    "coins": 5,
    "rows": 15,
    "cols": 15,
    "c": 0,
    "b": -1,
    "w": 12,
    "h": 11,
    "dws": [
        "DAMN",
        "NEMA",
        "EMMA",
        "NAE",
        "MAE",
        "MEM",
        "ANE",
        "DAE",
        "ADMEN",
        "DNA",
        "MED",
        "EAN",
        "MANED",
        "AME",
        "NAM",
        "DAN",
        "MAND",
        "MENAD",
        "NED",
        "MNA",
        "DAMME",
        "DEAN",
        "MANE",
        "END",
        "MAD"
    ],
    "ws": [
        {
            "w": "AND",
            "v": true,
            "row": 0,
            "col": 3,
            "def": "As a coordinating conjunction; expressing two elements to be taken together or in addition to each other."
        },
        {
            "w": "DAM",
            "v": false,
            "row": 8,
            "col": 7,
            "def": "Structure placed across a flowing body of water to stop the flow."
        },
        {
            "w": "DEN",
            "v": false,
            "row": 4,
            "col": 0,
            "def": "The home of certain animals."
        },
        {
            "w": "MAN",
            "v": false,
            "row": 3,
            "col": 4,
            "def": "An adult male human."
        },
        {
            "w": "MEN",
            "v": false,
            "row": 5,
            "col": 7,
            "def": "Plural form of man."
        },
        {
            "w": "MAM",
            "v": true,
            "row": 6,
            "col": 2,
            "def": "Diminutive of mother."
        },
        {
            "w": "AMEN",
            "v": true,
            "row": 2,
            "col": 9,
            "def": "At the end of Judeo-Christian prayers: so be it."
        },
        {
            "w": "MADE",
            "v": false,
            "row": 6,
            "col": 4,
            "def": "A maggot or grub."
        },
        {
            "w": "MEAN",
            "v": true,
            "row": 0,
            "col": 6,
            "def": "To intend."
        },
        {
            "w": "NAME",
            "v": false,
            "row": 1,
            "col": 3,
            "def": "Any nounal word or phrase which indicates a particular person, place, class, or thing."
        },
        {
            "w": "DAME",
            "v": false,
            "row": 7,
            "col": 1,
            "def": "The equivalent title to Sir for a female knight."
        },
        {
            "w": "MEAD",
            "v": false,
            "row": 0,
            "col": 6,
            "def": "An alcoholic drink fermented from honey and water."
        },
        {
            "w": "MEND",
            "v": false,
            "row": 2,
            "col": 0,
            "def": "A place, as in clothing, which has been repaired by mending."
        },
        {
            "w": "NAMED",
            "v": true,
            "row": 0,
            "col": 0,
            "def": "Having a name."
        },
        {
            "w": "AMEND",
            "v": true,
            "row": 4,
            "col": 7,
            "def": "To make better."
        },
        {
            "w": "MADMEN",
            "v": true,
            "row": 3,
            "col": 4,
            "def": "Plural form of madman."
        }
    ]
}