{
    "id": 2852,
    "sub_category": "Melt Pack",
    "category": "Ice Group",
    "type": 0,
    "letters": "EMRSTU",
    "mov": 26,
    "shovels": 1,
    "coins": 5,
    "rows": 15,
    "cols": 15,
    "c": 0,
    "b": -1,
    "w": 12,
    "h": 11,
    "dws": [
        "RET",
        "MET",
        "SUER",
        "REM",
        "STURE",
        "TURM",
        "ERST",
        "TRES",
        "STUMER",
        "MEU",
        "MUS",
        "SER",
        "UTE",
        "UTES",
        "TRUES",
        "STUM",
        "TUM",
        "MUT",
        "SMUR",
        "REMS",
        "RUM",
        "MURES",
        "TURMS",
        "UMS",
        "MUSET",
        "MERUS",
        "ERS",
        "RETS",
        "SUET",
        "EMS",
        "RUT",
        "EST",
        "SUE",
        "EMUS",
        "TEMS",
        "MUTES",
        "URES",
        "UTS",
        "MEUS",
        "TES",
        "TUMS",
        "METS",
        "MUTER",
        "RUE",
        "EMU",
        "URE",
        "MURE",
        "TREMS",
        "SET",
        "TERMS",
        "MUSER",
        "MES",
        "TREM",
        "RUES",
        "SUM",
        "RES",
        "USE",
        "MUTS",
        "RUMES",
        "RUMS",
        "ESTRUM",
        "RUME",
        "ERM"
    ],
    "ws": [
        {
            "w": "MUST",
            "v": false,
            "row": 0,
            "col": 5,
            "def": "To do with certainty; indicates that the speaker is certain that the subject will have executed the predicate."
        },
        {
            "w": "MUTE",
            "v": true,
            "row": 1,
            "col": 9,
            "def": "To silence, to make quiet."
        },
        {
            "w": "REST",
            "v": true,
            "row": 6,
            "col": 9,
            "def": "Relief from work or activity by sleeping; sleep."
        },
        {
            "w": "RUST",
            "v": false,
            "row": 9,
            "col": 6,
            "def": "The deteriorated state of iron or steel as a result of moisture and oxidation."
        },
        {
            "w": "RUTS",
            "v": true,
            "row": 6,
            "col": 2,
            "def": "Plural form of rut."
        },
        {
            "w": "STEM",
            "v": true,
            "row": 0,
            "col": 7,
            "def": "The above-ground stalk (technically axis) of a vascular plant, and certain anatomically similar, below-ground organs such as rhizomes, bulbs, tubers, and corms."
        },
        {
            "w": "SURE",
            "v": true,
            "row": 3,
            "col": 0,
            "def": "Physically secure and certain, non-failing, reliable."
        },
        {
            "w": "TERM",
            "v": false,
            "row": 8,
            "col": 2,
            "def": "Limitation, restriction or regulation."
        },
        {
            "w": "TRUE",
            "v": false,
            "row": 0,
            "col": 0,
            "def": "Conforming to the actual state of reality or fact; factually correct."
        },
        {
            "w": "USER",
            "v": false,
            "row": 5,
            "col": 3,
            "def": "One who uses or makes use of something, a consumer."
        },
        {
            "w": "MUSE",
            "v": false,
            "row": 7,
            "col": 6,
            "def": "A source of inspiration."
        },
        {
            "w": "RUSE",
            "v": true,
            "row": 0,
            "col": 1,
            "def": "A trick."
        },
        {
            "w": "SMUT",
            "v": false,
            "row": 3,
            "col": 6,
            "def": "Soot."
        },
        {
            "w": "SERUM",
            "v": false,
            "row": 3,
            "col": 0,
            "def": "The clear yellowish fluid obtained upon separating whole blood into its solid and liquid components after it has been allowed to clot. Also called blood serum."
        },
        {
            "w": "STRUM",
            "v": true,
            "row": 3,
            "col": 6,
            "def": "To play a guitar or other stringed instrument using various strings simultaneously."
        },
        {
            "w": "MUSTER",
            "v": true,
            "row": 3,
            "col": 4,
            "def": "Gathering."
        }
    ]
}