{
    "id": 2857,
    "sub_category": "Melt Pack",
    "category": "Ice Group",
    "type": 0,
    "letters": "DEFILM",
    "mov": 30,
    "shovels": 1,
    "coins": 5,
    "rows": 15,
    "cols": 15,
    "c": 0,
    "b": -1,
    "w": 13,
    "h": 10,
    "dws": [
        "FID",
        "DIME",
        "DIE",
        "LEI",
        "LIE",
        "LIMED",
        "DELF",
        "FLIM",
        "FEM",
        "DEIF",
        "LIEF",
        "LIFE",
        "MED",
        "DEIL",
        "DEI",
        "MELD",
        "DEFI",
        "ELD",
        "IDE",
        "DIEL",
        "MEL",
        "FLIED",
        "EILD",
        "FIL",
        "EMF",
        "DEF",
        "DIF",
        "FIE",
        "IDEM",
        "FELID",
        "DEL",
        "LIED",
        "FED",
        "MID",
        "MIL"
    ],
    "ws": [
        {
            "w": "DIM",
            "v": false,
            "row": 5,
            "col": 6,
            "def": "Not bright or colorful."
        },
        {
            "w": "ELF",
            "v": false,
            "row": 1,
            "col": 7,
            "def": "A mythical, supernatural being resembling but seen as distinct from humans."
        },
        {
            "w": "ELM",
            "v": false,
            "row": 7,
            "col": 4,
            "def": "A tree of the genus Ulmus of the family Ulmaceae, large deciduous trees with alternate stipulate leaves and small apetalous flowers."
        },
        {
            "w": "LED",
            "v": true,
            "row": 3,
            "col": 6,
            "def": "Simple past tense and past participle of lead."
        },
        {
            "w": "LID",
            "v": false,
            "row": 5,
            "col": 0,
            "def": "The top or cover of a container."
        },
        {
            "w": "FILE",
            "v": false,
            "row": 4,
            "col": 3,
            "def": "A collection of papers collated and archived together."
        },
        {
            "w": "FILM",
            "v": false,
            "row": 2,
            "col": 0,
            "def": "A thin layer of some substance."
        },
        {
            "w": "FLED",
            "v": true,
            "row": 1,
            "col": 9,
            "def": "Simple past tense and past participle of flee."
        },
        {
            "w": "LIME",
            "v": false,
            "row": 3,
            "col": 6,
            "def": "A general term for inorganic materials containing calcium, usually calcium oxide or calcium hydroxide; quicklime."
        },
        {
            "w": "MILD",
            "v": false,
            "row": 8,
            "col": 1,
            "def": "Gentle and not easily provoked:."
        },
        {
            "w": "MILE",
            "v": true,
            "row": 5,
            "col": 8,
            "def": "A Roman unit of measure equal to 1000 (double) steps (mille passus or mille passuum) or 5000 Roman feet (approx. 1480m)."
        },
        {
            "w": "DELI",
            "v": true,
            "row": 5,
            "col": 2,
            "def": "A shop that sells cooked or prepared food ready for serving."
        },
        {
            "w": "IDLE",
            "v": true,
            "row": 0,
            "col": 2,
            "def": "Empty, vacant."
        },
        {
            "w": "FIELD",
            "v": true,
            "row": 2,
            "col": 0,
            "def": "A land area free of woodland, cities, and towns; open country."
        },
        {
            "w": "FILED",
            "v": false,
            "row": 0,
            "col": 1,
            "def": "Simple past tense and past participle of file."
        },
        {
            "w": "FILMED",
            "v": true,
            "row": 3,
            "col": 4,
            "def": "Simple past tense and past participle of film."
        }
    ]
}