{
    "id": "28b8a60a-0d47-11eb-a781-34363b5fdca4",
    "type": 0,
    "letters": "DEILWY",
    "mov": 27,
    "shovels": 1,
    "coins": 5,
    "rows": 11,
    "cols": 2,
    "c": 0,
    "b": -1,
    "dws": [
        "LEW",
        "WEY",
        "WYE",
        "IDE",
        "DEI",
        "YID",
        "LEI",
        "DEL",
        "ELD",
        "DEY",
        "LEY",
        "WEID",
        "WIEL",
        "WEIL",
        "LWEI",
        "WYLE",
        "DIEL",
        "DEIL",
        "DELI",
        "EILD",
        "IDYL",
        "YELD",
        "WILED",
        "WYLED",
        "WIELDY",
        "DEWILY",
        "WIELD",
        "LEWD",
        "LIED",
        "WELD",
        "WIDE",
        "DIE"
    ],
    "ws": [
        {
            "w": "DEW",
            "v": false,
            "row": 3,
            "col": 2
        },
        {
            "w": "DYE",
            "v": false,
            "row": 6,
            "col": 2
        },
        {
            "w": "LED",
            "v": false,
            "row": 8,
            "col": 6
        },
        {
            "w": "LID",
            "v": false,
            "row": 7,
            "col": 4
        },
        {
            "w": "LIE",
            "v": true,
            "row": 2,
            "col": 7
        },
        {
            "w": "LYE",
            "v": true,
            "row": 0,
            "col": 8
        },
        {
            "w": "WED",
            "v": true,
            "row": 6,
            "col": 8
        },
        {
            "w": "YEW",
            "v": false,
            "row": 8,
            "col": 0
        },
        {
            "w": "DEWY",
            "v": true,
            "row": 6,
            "col": 2
        },
        {
            "w": "IDLE",
            "v": false,
            "row": 4,
            "col": 4
        },
        {
            "w": "IDLY",
            "v": true,
            "row": 6,
            "col": 6
        },
        {
            "w": "WILD",
            "v": true,
            "row": 0,
            "col": 2
        },
        {
            "w": "WILE",
            "v": false,
            "row": 2,
            "col": 5
        },
        {
            "w": "WILY",
            "v": false,
            "row": 1,
            "col": 1
        },
        {
            "w": "YIELD",
            "v": false,
            "row": 0,
            "col": 5
        },
        {
            "w": "WIDELY",
            "v": true,
            "row": 3,
            "col": 4
        }
    ]
}