{
    "id": "2ab0da9e-0d43-11eb-a781-34363b5fdca4",
    "type": 0,
    "letters": "EIMPRU",
    "mov": 23,
    "shovels": 1,
    "coins": 5,
    "rows": 9,
    "cols": 2,
    "c": 0,
    "b": -1,
    "dws": [
        "UMP",
        "MEU",
        "PIU",
        "URP",
        "PUR",
        "URE",
        "IMP",
        "MIR",
        "REM",
        "ERM",
        "PIR",
        "PRE",
        "REP",
        "REI",
        "PIUM",
        "MUIR",
        "RIMU",
        "MURE",
        "RUME",
        "PUIR",
        "PURI",
        "PUER",
        "PREM",
        "MERI",
        "RIME",
        "RIEM",
        "REIM",
        "EMIR",
        "PERI",
        "RUMP",
        "RIP"
    ],
    "ws": [
        {
            "w": "EMU",
            "v": false,
            "row": 9,
            "col": 6
        },
        {
            "w": "IRE",
            "v": true,
            "row": 4,
            "col": 9
        },
        {
            "w": "PER",
            "v": false,
            "row": 5,
            "col": 4
        },
        {
            "w": "PIE",
            "v": false,
            "row": 6,
            "col": 7
        },
        {
            "w": "RIM",
            "v": true,
            "row": 0,
            "col": 8
        },
        {
            "w": "RUE",
            "v": false,
            "row": 4,
            "col": 0
        },
        {
            "w": "RUM",
            "v": false,
            "row": 2,
            "col": 6
        },
        {
            "w": "MIRE",
            "v": true,
            "row": 0,
            "col": 6
        },
        {
            "w": "PERM",
            "v": true,
            "row": 6,
            "col": 7
        },
        {
            "w": "PIER",
            "v": true,
            "row": 0,
            "col": 3
        },
        {
            "w": "PRIM",
            "v": false,
            "row": 0,
            "col": 3
        },
        {
            "w": "PURE",
            "v": false,
            "row": 2,
            "col": 0
        },
        {
            "w": "RIPE",
            "v": false,
            "row": 3,
            "col": 3
        },
        {
            "w": "PRIME",
            "v": false,
            "row": 7,
            "col": 3
        },
        {
            "w": "IMPURE",
            "v": true,
            "row": 3,
            "col": 4
        },
        {
            "w": "UMPIRE",
            "v": true,
            "row": 0,
            "col": 0
        }
    ]
}