{
    "id": "2d5e47d6-0d43-11eb-a781-34363b5fdca4",
    "type": 0,
    "letters": "AADEPR",
    "mov": 27,
    "shovels": 1,
    "coins": 5,
    "rows": 11,
    "cols": 2,
    "c": 0,
    "b": -1,
    "dws": [
        "DAP",
        "PRE",
        "REP",
        "PED",
        "DEP",
        "ARD",
        "DAE",
        "PARA",
        "ARPA",
        "PARD",
        "PRAD",
        "DRAP",
        "APER",
        "RAPE",
        "ARED",
        "RADE",
        "EARD",
        "PARAE",
        "AREPA",
        "PADRE",
        "RAPED",
        "AREAD",
        "READ",
        "APE",
        "ARE",
        "PAD",
        "PEA",
        "RAD"
    ],
    "ws": [
        {
            "w": "EAR",
            "v": false,
            "row": 4,
            "col": 7
        },
        {
            "w": "ERA",
            "v": false,
            "row": 1,
            "col": 0
        },
        {
            "w": "PAR",
            "v": false,
            "row": 3,
            "col": 0
        },
        {
            "w": "PER",
            "v": true,
            "row": 2,
            "col": 9
        },
        {
            "w": "RAP",
            "v": true,
            "row": 3,
            "col": 2
        },
        {
            "w": "RED",
            "v": false,
            "row": 8,
            "col": 3
        },
        {
            "w": "APED",
            "v": false,
            "row": 6,
            "col": 6
        },
        {
            "w": "AREA",
            "v": true,
            "row": 0,
            "col": 1
        },
        {
            "w": "DARE",
            "v": true,
            "row": 0,
            "col": 5
        },
        {
            "w": "DEAR",
            "v": true,
            "row": 6,
            "col": 9
        },
        {
            "w": "PARE",
            "v": false,
            "row": 5,
            "col": 2
        },
        {
            "w": "PEAR",
            "v": false,
            "row": 3,
            "col": 4
        },
        {
            "w": "REAP",
            "v": true,
            "row": 3,
            "col": 7
        },
        {
            "w": "DRAPE",
            "v": false,
            "row": 0,
            "col": 5
        },
        {
            "w": "PARED",
            "v": true,
            "row": 3,
            "col": 0
        },
        {
            "w": "PARADE",
            "v": true,
            "row": 3,
            "col": 4
        }
    ]
}