{
    "id": "2dd07c98-0d43-11eb-a781-34363b5fdca4",
    "type": 0,
    "letters": "CEELST",
    "mov": 21,
    "shovels": 1,
    "coins": 5,
    "rows": 8,
    "cols": 2,
    "c": 0,
    "b": -1,
    "dws": [
        "SEL",
        "ELS",
        "LES",
        "ESE",
        "SEC",
        "EST",
        "TES",
        "LEE",
        "CEL",
        "ELT",
        "TEL",
        "CEE",
        "TEC",
        "SELE",
        "SEEL",
        "SLEE",
        "LEES",
        "CELS",
        "ELTS",
        "TELS",
        "CEES",
        "STEE",
        "TECS",
        "LEET",
        "TELE",
        "TEEL",
        "CELT",
        "CETE",
        "STELE",
        "LEETS",
        "TELES",
        "TEELS",
        "CELTS",
        "CETES"
    ],
    "ws": [
        {
            "w": "EEL",
            "v": false,
            "row": 4,
            "col": 7
        },
        {
            "w": "LET",
            "v": true,
            "row": 1,
            "col": 6
        },
        {
            "w": "SEE",
            "v": true,
            "row": 1,
            "col": 2
        },
        {
            "w": "SET",
            "v": true,
            "row": 5,
            "col": 6
        },
        {
            "w": "TEE",
            "v": false,
            "row": 6,
            "col": 0
        },
        {
            "w": "EELS",
            "v": false,
            "row": 5,
            "col": 3
        },
        {
            "w": "ELSE",
            "v": false,
            "row": 8,
            "col": 2
        },
        {
            "w": "LEST",
            "v": false,
            "row": 1,
            "col": 0
        },
        {
            "w": "LETS",
            "v": false,
            "row": 9,
            "col": 6
        },
        {
            "w": "SECT",
            "v": true,
            "row": 6,
            "col": 8
        },
        {
            "w": "TEES",
            "v": false,
            "row": 7,
            "col": 6
        },
        {
            "w": "ELECT",
            "v": false,
            "row": 1,
            "col": 5
        },
        {
            "w": "SLEET",
            "v": true,
            "row": 3,
            "col": 1
        },
        {
            "w": "STEEL",
            "v": true,
            "row": 0,
            "col": 9
        },
        {
            "w": "ELECTS",
            "v": true,
            "row": 3,
            "col": 4
        },
        {
            "w": "SELECT",
            "v": false,
            "row": 3,
            "col": 1
        }
    ]
}