{
    "id": 3155,
    "sub_category": "Far Pack",
    "category": "Rows Group",
    "type": 0,
    "letters": "ADEEMT",
    "mov": 22,
    "shovels": 1,
    "coins": 5,
    "rows": 15,
    "cols": 15,
    "c": 0,
    "b": -1,
    "w": 10,
    "h": 10,
    "dws": [
        "METED",
        "MET",
        "ATE",
        "TEA",
        "MAE",
        "TAM",
        "EME",
        "DAM",
        "DAE",
        "TEE",
        "TAE",
        "TEEM",
        "TEAD",
        "META",
        "TEED",
        "MED",
        "EAT",
        "DATE",
        "MAT",
        "DEE",
        "TAD",
        "AME",
        "METE",
        "MEE",
        "MEATED",
        "TEME",
        "MAD",
        "TAED",
        "ADEEM",
        "TED",
        "ETA",
        "DEME",
        "DEET",
        "MEED",
        "TEADE",
        "EDEMA",
        "TEAMED",
        "MATED",
        "TAMED",
        "MADE",
        "MATE",
        "MEAT",
        "MEET",
        "TAME",
        "TEAM",
        "DAME",
        "MEAD",
        "DEEM"
    ],
    "ws": []
}