{
    "id": 3158,
    "sub_category": "Far Pack",
    "category": "Rows Group",
    "type": 0,
    "letters": "BELSTU",
    "mov": 26,
    "shovels": 1,
    "coins": 5,
    "rows": 15,
    "cols": 15,
    "c": 0,
    "b": -1,
    "w": 12,
    "h": 11,
    "dws": [
        "BLUET",
        "BUTE",
        "LUES",
        "LES",
        "SLUB",
        "BUTES",
        "TUB",
        "SLEB",
        "SLUT",
        "SUB",
        "SLUE",
        "BELTS",
        "BEL",
        "UTE",
        "UTES",
        "BLETS",
        "BUTLES",
        "BUT",
        "ELT",
        "ULES",
        "TULE",
        "SEL",
        "BLET",
        "TEL",
        "BES",
        "LUTES",
        "SUET",
        "EST",
        "SUE",
        "BLEST",
        "ELTS",
        "SUBLET",
        "LUBES",
        "UTS",
        "TES",
        "BLUES",
        "BLUETS",
        "TELS",
        "BUS",
        "ELS",
        "ULE",
        "BUTLE",
        "LEU",
        "BULSE",
        "TULES",
        "SET",
        "BET",
        "LET",
        "TUBES",
        "BLUEST",
        "USE",
        "BELS"
    ],
    "ws": [
        {
            "w": "BELT",
            "v": true,
            "row": 2,
            "col": 7,
            "def": "A band worn around the waist to hold clothing to one's body (usually pants), hold weapons (such as a gun or sword), or serve as a decorative piece of clothing."
        },
        {
            "w": "BEST",
            "v": false,
            "row": 3,
            "col": 2,
            "def": "Superlative form of good: most good."
        },
        {
            "w": "BETS",
            "v": false,
            "row": 8,
            "col": 6,
            "def": "Plural form of bet."
        },
        {
            "w": "BLUE",
            "v": true,
            "row": 2,
            "col": 9,
            "def": "Having a bluish colour shade."
        },
        {
            "w": "BUST",
            "v": false,
            "row": 6,
            "col": 1,
            "def": "A sculptural portrayal of a person's head and shoulders."
        },
        {
            "w": "BUTS",
            "v": true,
            "row": 6,
            "col": 1,
            "def": "Plural form of but."
        },
        {
            "w": "LETS",
            "v": false,
            "row": 1,
            "col": 0,
            "def": "Plural form of let."
        },
        {
            "w": "LUST",
            "v": true,
            "row": 5,
            "col": 8,
            "def": "To very strongly desire."
        },
        {
            "w": "TUBE",
            "v": false,
            "row": 8,
            "col": 1,
            "def": "Anything that is hollow and cylindrical in shape."
        },
        {
            "w": "TUBS",
            "v": true,
            "row": 1,
            "col": 2,
            "def": "Plural form of tub."
        },
        {
            "w": "LEST",
            "v": true,
            "row": 0,
            "col": 5,
            "def": "For fear that; that . . . not; in order that . . . not; in case."
        },
        {
            "w": "LUBE",
            "v": true,
            "row": 1,
            "col": 0,
            "def": "Lubricant."
        },
        {
            "w": "LUTE",
            "v": false,
            "row": 0,
            "col": 5,
            "def": "A fretted stringed instrument, similar to a guitar, having a bowl-shaped body or soundbox."
        },
        {
            "w": "STUB",
            "v": true,
            "row": 5,
            "col": 6,
            "def": "Something blunted, stunted, or cut short, such as stubble or a stump."
        },
        {
            "w": "SUBTLE",
            "v": true,
            "row": 3,
            "col": 4,
            "def": "Hard to grasp; not obvious or easily understood; barely noticeable."
        },
        {
            "w": "BUSTLE",
            "v": false,
            "row": 5,
            "col": 4,
            "def": "An excited activity; a stir."
        }
    ]
}