{
    "id": 3170,
    "sub_category": "Grain Pack",
    "category": "Rows Group",
    "type": 0,
    "letters": "ADEELP",
    "mov": 24,
    "shovels": 1,
    "coins": 5,
    "rows": 15,
    "cols": 15,
    "c": 0,
    "b": -1,
    "w": 11,
    "h": 10,
    "dws": [
        "LEED",
        "EEL",
        "ALP",
        "DEP",
        "APED",
        "LADE",
        "DAE",
        "PEALED",
        "PEA",
        "PEL",
        "PEE",
        "ALE",
        "PAD",
        "DEE",
        "PED",
        "LEA",
        "PELA",
        "EALE",
        "ALEE",
        "ELD",
        "PEED",
        "PADLE",
        "LAD",
        "LEEP",
        "PELE",
        "LAP",
        "LEE",
        "LED",
        "LEDE",
        "DAP",
        "DAL",
        "LEP",
        "PAL",
        "APE",
        "DELE",
        "DEL"
    ],
    "ws": [
        {
            "w": "DEAL",
            "v": true,
            "row": 6,
            "col": 9,
            "def": "A division, a portion, a share."
        },
        {
            "w": "DEEP",
            "v": false,
            "row": 0,
            "col": 5,
            "def": "Having its bottom far down."
        },
        {
            "w": "LEAD",
            "v": false,
            "row": 8,
            "col": 1,
            "def": "A heavy, pliable, inelastic metal element, having a bright, bluish color, but easily tarnished; both malleable and ductile, though with little tenacity. It is easily fusible, forms alloys with other metals, and is an ingredient of solder and type metal. Atomic number 82, symbol Pb (from Latin plumbum)."
        },
        {
            "w": "LEAP",
            "v": true,
            "row": 0,
            "col": 2,
            "def": "To jump from one location to another."
        },
        {
            "w": "PALE",
            "v": false,
            "row": 3,
            "col": 2,
            "def": "Light in color."
        },
        {
            "w": "PEEL",
            "v": false,
            "row": 6,
            "col": 4,
            "def": "To plunder; to pillage, rob."
        },
        {
            "w": "PLEA",
            "v": false,
            "row": 5,
            "col": 1,
            "def": "An appeal, petition, urgent prayer or entreaty."
        },
        {
            "w": "PLED",
            "v": false,
            "row": 1,
            "col": 0,
            "def": "Simple past tense and past participle of plead."
        },
        {
            "w": "DALE",
            "v": true,
            "row": 0,
            "col": 5,
            "def": "A valley in an otherwise hilly area."
        },
        {
            "w": "PEAL",
            "v": true,
            "row": 5,
            "col": 1,
            "def": "A loud sound, or a succession of loud sounds, as of bells, thunder, cannon, shouts, laughter, of a multitude, etc."
        },
        {
            "w": "PALED",
            "v": true,
            "row": 0,
            "col": 8,
            "def": "Simple past tense and past participle of pale."
        },
        {
            "w": "PEDAL",
            "v": false,
            "row": 9,
            "col": 5,
            "def": "A lever operated by one's foot that is used to control a machine or mechanism, such as a bicycle or piano."
        },
        {
            "w": "PLEAD",
            "v": true,
            "row": 5,
            "col": 7,
            "def": "To present an argument, especially in a legal case."
        },
        {
            "w": "LEAPED",
            "v": true,
            "row": 3,
            "col": 4,
            "def": "Simple past tense and past participle of leap."
        }
    ]
}