{
    "id": 318,
    "sub_category": "Coast Pack",
    "category": "Tropic Group",
    "type": 0,
    "letters": "MORSTY",
    "mov": 18,
    "shovels": 1,
    "coins": 5,
    "rows": 15,
    "cols": 15,
    "c": 0,
    "b": -1,
    "w": 8,
    "h": 7,
    "dws": [
        "YOM",
        "ROST",
        "OYS",
        "SOT",
        "ROT",
        "MOY",
        "TROY",
        "OMS",
        "MOS",
        "MOT",
        "TOMS",
        "ORTS",
        "TOM",
        "TYRO",
        "MORTS",
        "TROYS",
        "TOR",
        "MOTS",
        "STY",
        "MOR",
        "TORY",
        "RYOTS",
        "TRY",
        "MORT",
        "MOYS",
        "STROY",
        "SOY",
        "ROM",
        "RYOT",
        "TYROS",
        "ORS",
        "ROMS",
        "MORS",
        "TORS",
        "SOMY",
        "ORT",
        "TOY",
        "SOM"
    ],
    "ws": [
        {
            "w": "MOST",
            "v": false,
            "row": 6,
            "col": 3,
            "def": "Superlative form of much."
        },
        {
            "w": "ROSY",
            "v": false,
            "row": 7,
            "col": 0,
            "def": "Rose-coloured."
        },
        {
            "w": "ROTS",
            "v": true,
            "row": 4,
            "col": 6,
            "def": "Third person singular of rot."
        },
        {
            "w": "SORT",
            "v": false,
            "row": 3,
            "col": 0,
            "def": "A general type."
        },
        {
            "w": "TOYS",
            "v": true,
            "row": 0,
            "col": 7,
            "def": "Plural form of toy."
        },
        {
            "w": "STORM",
            "v": true,
            "row": 1,
            "col": 1,
            "def": "Any disturbed state of the atmosphere, especially as affecting the earth's surface, and strongly implying destructive or unpleasant weather."
        },
        {
            "w": "STORY",
            "v": false,
            "row": 2,
            "col": 3,
            "def": "A sequence of real or fictional causal events; or, an account of such a sequence."
        },
        {
            "w": "STORMY",
            "v": true,
            "row": 2,
            "col": 3,
            "def": "Of or pertaining to storms."
        }
    ]
}