{
    "id": 3237,
    "sub_category": "Rock Packx",
    "category": "Basin Group",
    "type": 0,
    "letters": "DEFGOR",
    "mov": 30,
    "shovels": 1,
    "coins": 5,
    "rows": 15,
    "cols": 15,
    "c": 0,
    "b": -1,
    "w": 12,
    "h": 10,
    "dws": [
        "DERO",
        "REGO",
        "ERGO",
        "REG",
        "FED",
        "GORED",
        "FEOD",
        "GOFER",
        "ORF",
        "FROE",
        "DORE",
        "REO",
        "DEFOG",
        "ERG",
        "FER",
        "DOE",
        "DOR",
        "ORE",
        "GED",
        "DOGE",
        "DREG",
        "GOR",
        "FEG",
        "GOE",
        "ORFE",
        "DOF",
        "GEO",
        "DEF",
        "ORD",
        "ROE",
        "ODE",
        "GOER",
        "ORG",
        "DEFO",
        "GER",
        "ROED",
        "ERF",
        "DEG",
        "RODE",
        "OGRE",
        "GORE",
        "DOG"
    ],
    "ws": [
        {
            "w": "EGO",
            "v": false,
            "row": 2,
            "col": 4,
            "def": "The self, especially with a sense of self-importance."
        },
        {
            "w": "FOE",
            "v": true,
            "row": 0,
            "col": 4,
            "def": "Hostile."
        },
        {
            "w": "FOG",
            "v": true,
            "row": 0,
            "col": 0,
            "def": "A thick cloud that forms near the ground; the obscurity of such a cloud."
        },
        {
            "w": "FOR",
            "v": false,
            "row": 6,
            "col": 6,
            "def": "Because."
        },
        {
            "w": "GOD",
            "v": false,
            "row": 2,
            "col": 0,
            "def": "A deity:."
        },
        {
            "w": "RED",
            "v": false,
            "row": 3,
            "col": 6,
            "def": "Having red as its colour."
        },
        {
            "w": "ROD",
            "v": true,
            "row": 0,
            "col": 2,
            "def": "A straight, round stick, shaft, bar, cane, or staff."
        },
        {
            "w": "FRO",
            "v": false,
            "row": 1,
            "col": 6,
            "def": "From; away; back or backward. In modern English used only in the set phrase to and fro (\"back and forth\")."
        },
        {
            "w": "REF",
            "v": false,
            "row": 0,
            "col": 2,
            "def": "Referee."
        },
        {
            "w": "FORE",
            "v": true,
            "row": 1,
            "col": 6,
            "def": "An exclamation yelled to inform players a ball is moving in their direction."
        },
        {
            "w": "FROG",
            "v": false,
            "row": 6,
            "col": 0,
            "def": "A small tailless amphibian of the order Anura that typically hops."
        },
        {
            "w": "REDO",
            "v": false,
            "row": 8,
            "col": 1,
            "def": "To do again."
        },
        {
            "w": "DOER",
            "v": true,
            "row": 3,
            "col": 8,
            "def": "Someone who does, performs, or executes; an active person, an agent."
        },
        {
            "w": "FORD",
            "v": true,
            "row": 6,
            "col": 6,
            "def": "A location where a stream is shallow and the bottom has good footing, making it possible to cross from one side to the other with no bridge, by walking, riding, or driving through the water; a crossing."
        },
        {
            "w": "FORGE",
            "v": false,
            "row": 4,
            "col": 2,
            "def": "Furnace or hearth where metals are heated prior to hammering them into shape."
        },
        {
            "w": "FORGED",
            "v": true,
            "row": 3,
            "col": 3,
            "def": "Fake (as documents)."
        }
    ]
}