{
    "id": 325,
    "sub_category": "Crest Pack",
    "category": "Mountain Group",
    "type": 0,
    "letters": "BEGILR",
    "mov": 22,
    "shovels": 1,
    "coins": 5,
    "rows": 15,
    "cols": 15,
    "c": 0,
    "b": -1,
    "w": 8,
    "h": 8,
    "dws": [
        "GIE",
        "LIG",
        "GLEI",
        "GIBEL",
        "GIB",
        "REG",
        "LEI",
        "BREI",
        "REI",
        "LIGER",
        "BEL",
        "RIEL",
        "GIBER",
        "ERG",
        "LIRE",
        "LEIR",
        "BEG",
        "LIBER",
        "RIG",
        "BERG",
        "GIBE",
        "BIER",
        "BIRL",
        "LEG",
        "REB",
        "LIB",
        "GER",
        "LIER",
        "BIRLE",
        "IRE"
    ],
    "ws": [
        {
            "w": "BIG",
            "v": false,
            "row": 0,
            "col": 4,
            "def": "Of great size, large."
        },
        {
            "w": "GEL",
            "v": true,
            "row": 0,
            "col": 6,
            "def": "A semi-solid to almost solid colloid of a solid and a liquid, such as jelly, cheese or opal."
        },
        {
            "w": "LIE",
            "v": false,
            "row": 6,
            "col": 5,
            "def": "To be in a horizontal position."
        },
        {
            "w": "RIB",
            "v": false,
            "row": 4,
            "col": 3,
            "def": "Any of a series of long curved bones occurring in 12 pairs in humans and other animals and extending from the spine to or toward the sternum."
        },
        {
            "w": "BRIG",
            "v": true,
            "row": 2,
            "col": 0,
            "def": "A two-masted vessel, square-rigged on both foremast and mainmast."
        },
        {
            "w": "GIRL",
            "v": false,
            "row": 2,
            "col": 3,
            "def": "A young female human; (in contrast to boy), a female child or young adult."
        },
        {
            "w": "RILE",
            "v": false,
            "row": 3,
            "col": 0,
            "def": "To make angry."
        },
        {
            "w": "BILE",
            "v": true,
            "row": 4,
            "col": 5,
            "def": "A bitter brownish-yellow or greenish-yellow secretion produced by the liver, stored in the gall bladder, and discharged into the duodenum where it aids the process of digestion."
        },
        {
            "w": "GLIB",
            "v": false,
            "row": 5,
            "col": 0,
            "def": "Having a ready flow of words but lacking thought or understanding; superficial; shallow."
        },
        {
            "w": "BRIE",
            "v": true,
            "row": 3,
            "col": 7,
            "def": "A variety of soft, mild French cheese made from cow's milk."
        },
        {
            "w": "BILGE",
            "v": false,
            "row": 7,
            "col": 1,
            "def": "The rounded portion of a ship's hull, forming a transition between the bottom and the sides."
        },
        {
            "w": "GERBIL",
            "v": true,
            "row": 2,
            "col": 3,
            "def": "One of several species of small, jumping, murine rodents, of the genus Gerbillus. In their leaping powers they resemble the jerboa. They inhabit Africa, India, and Southern Europe."
        }
    ]
}