{
    "id": 3328,
    "sub_category": "Cliff Packx",
    "category": "View Group",
    "type": 0,
    "letters": "ACDEKL",
    "mov": 26,
    "shovels": 1,
    "coins": 5,
    "rows": 15,
    "cols": 15,
    "c": 0,
    "b": -1,
    "w": 12,
    "h": 11,
    "dws": [
        "KAE",
        "CALK",
        "ALEC",
        "ELK",
        "KAED",
        "DAK",
        "LADE",
        "DACE",
        "DAE",
        "KADE",
        "CEL",
        "LAKED",
        "CALKED",
        "CAL",
        "ALE",
        "CADE",
        "LEA",
        "KED",
        "ELD",
        "DACK",
        "LAD",
        "CLADE",
        "ACE",
        "LED",
        "AKED",
        "LAC",
        "AKE",
        "ECAD",
        "DAL",
        "CAD",
        "LEK",
        "KEA",
        "DEL"
    ],
    "ws": [
        {
            "w": "CAKE",
            "v": false,
            "row": 6,
            "col": 6,
            "def": "A rich, sweet dessert food, typically made of flour, sugar, and eggs and baked in an oven, and often covered in icing."
        },
        {
            "w": "DEAL",
            "v": false,
            "row": 8,
            "col": 4,
            "def": "A division, a portion, a share."
        },
        {
            "w": "DECK",
            "v": true,
            "row": 0,
            "col": 9,
            "def": "Any flat surface that can be walked on: a balcony; a porch; a raised patio; a flat rooftop."
        },
        {
            "w": "LACE",
            "v": true,
            "row": 0,
            "col": 5,
            "def": "A light fabric containing patterns of holes, usually built up from a single thread."
        },
        {
            "w": "LACK",
            "v": false,
            "row": 5,
            "col": 2,
            "def": "A defect or failing; moral or spiritual degeneracy."
        },
        {
            "w": "LAKE",
            "v": false,
            "row": 7,
            "col": 1,
            "def": "A small stream of running water; a channel for water; a drain."
        },
        {
            "w": "LEAD",
            "v": true,
            "row": 5,
            "col": 2,
            "def": "A heavy, pliable, inelastic metal element, having a bright, bluish color, but easily tarnished; both malleable and ductile, though with little tenacity. It is easily fusible, forms alloys with other metals, and is an ingredient of solder and type metal. Atomic number 82, symbol Pb (from Latin plumbum)."
        },
        {
            "w": "LEAK",
            "v": true,
            "row": 0,
            "col": 2,
            "def": "A crack, crevice, fissure, or hole which admits water or other fluid, or lets it escape."
        },
        {
            "w": "CLAD",
            "v": true,
            "row": 6,
            "col": 6,
            "def": "To clothe."
        },
        {
            "w": "KALE",
            "v": false,
            "row": 3,
            "col": 2,
            "def": "Cole."
        },
        {
            "w": "ACED",
            "v": false,
            "row": 1,
            "col": 0,
            "def": "Simple past tense and past participle of ace."
        },
        {
            "w": "DALE",
            "v": true,
            "row": 0,
            "col": 0,
            "def": "A valley in an otherwise hilly area."
        },
        {
            "w": "LACED",
            "v": false,
            "row": 0,
            "col": 5,
            "def": "Tainted with something, especially a drug."
        },
        {
            "w": "CAKED",
            "v": true,
            "row": 0,
            "col": 7,
            "def": "Simple past tense and past participle of cake."
        },
        {
            "w": "DECAL",
            "v": true,
            "row": 5,
            "col": 9,
            "def": "A design or picture produced in order to be transferred to another surface either permanently or temporarily."
        },
        {
            "w": "LACKED",
            "v": true,
            "row": 3,
            "col": 4,
            "def": "Simple past tense and past participle of lack."
        }
    ]
}