{
    "id": 3338,
    "sub_category": "Rapid Pack",
    "category": "View Group",
    "type": 0,
    "letters": "DEEIRT",
    "mov": 26,
    "shovels": 1,
    "coins": 5,
    "rows": 15,
    "cols": 15,
    "c": 0,
    "b": -1,
    "w": 12,
    "h": 12,
    "dws": [
        "RET",
        "RED",
        "RIT",
        "RETIED",
        "DIE",
        "EIDE",
        "DERE",
        "REI",
        "TRIDE",
        "ERE",
        "TREED",
        "RID",
        "TEE",
        "RETE",
        "ERED",
        "TEED",
        "RIDE",
        "TID",
        "REEDIT",
        "DIRE",
        "DEE",
        "DEI",
        "IDE",
        "DREE",
        "DIT",
        "IDEE",
        "TIE",
        "TRIE",
        "EIDER",
        "REE",
        "TED",
        "DEET",
        "IRED",
        "RETIE",
        "REDE",
        "DITE",
        "TEER",
        "IRE"
    ],
    "ws": [
        {
            "w": "DEER",
            "v": false,
            "row": 6,
            "col": 6,
            "def": "A beast, usually a quadruped as opposed to birds, fish, etc."
        },
        {
            "w": "DIET",
            "v": false,
            "row": 3,
            "col": 4,
            "def": "The food and beverage a person or animal consumes."
        },
        {
            "w": "DIRT",
            "v": true,
            "row": 6,
            "col": 6,
            "def": "Soil or earth."
        },
        {
            "w": "EDIT",
            "v": false,
            "row": 1,
            "col": 4,
            "def": "A change to the text of a document."
        },
        {
            "w": "REED",
            "v": false,
            "row": 8,
            "col": 6,
            "def": "Any of various types of tall stiff perennial grass-like plants growing together in groups near water."
        },
        {
            "w": "TIDE",
            "v": true,
            "row": 0,
            "col": 6,
            "def": "The periodic change of the sea level, particularly when caused by the gravitational influence of the sun and the moon."
        },
        {
            "w": "TIED",
            "v": false,
            "row": 0,
            "col": 0,
            "def": "Connected."
        },
        {
            "w": "TIRE",
            "v": true,
            "row": 3,
            "col": 7,
            "def": "To become sleepy or weary."
        },
        {
            "w": "TREE",
            "v": true,
            "row": 5,
            "col": 1,
            "def": "A large plant, not exactly defined, but typically over four meters in height, a single trunk which grows in girth with age and branches (which also grow in circumference with age)."
        },
        {
            "w": "RITE",
            "v": false,
            "row": 2,
            "col": 0,
            "def": "A religious custom."
        },
        {
            "w": "TIER",
            "v": true,
            "row": 2,
            "col": 2,
            "def": "One who ties (knots, etc)."
        },
        {
            "w": "TIRED",
            "v": true,
            "row": 0,
            "col": 0,
            "def": "Simple past tense and past participle of tire."
        },
        {
            "w": "TRIED",
            "v": false,
            "row": 5,
            "col": 1,
            "def": "Simple past tense and past participle of try."
        },
        {
            "w": "DETER",
            "v": false,
            "row": 8,
            "col": 0,
            "def": "To prevent something from happening."
        },
        {
            "w": "DIETER",
            "v": true,
            "row": 3,
            "col": 4,
            "def": "A person who diets, usually in an effort to lose weight."
        },
        {
            "w": "TIERED",
            "v": true,
            "row": 3,
            "col": 9,
            "def": "Simple past tense and past participle of tier."
        }
    ]
}