{
    "id": 3362,
    "sub_category": "Below Packx",
    "category": "Precipice Group",
    "type": 0,
    "letters": "CDEIKN",
    "mov": 22,
    "shovels": 1,
    "coins": 5,
    "rows": 15,
    "cols": 15,
    "c": 0,
    "b": -1,
    "w": 10,
    "h": 10,
    "dws": [
        "DIE",
        "NID",
        "CID",
        "NIDE",
        "NEK",
        "END",
        "DIN",
        "DEN",
        "NIED",
        "DEI",
        "KED",
        "IDE",
        "NIE",
        "KID",
        "DICK",
        "CINE",
        "INK",
        "ICE",
        "NED",
        "EIK",
        "CEDI",
        "ICK",
        "DENI",
        "KIN",
        "KINE",
        "KEN",
        "NICKED",
        "INKED",
        "DECK",
        "DICE",
        "DINE",
        "ICED",
        "KIND",
        "NECK",
        "NICE",
        "NICK",
        "DIKE",
        "DINK"
    ],
    "ws": []
}