{
    "id": 3426,
    "sub_category": "Bluff Pack",
    "category": "Precipice Group",
    "type": 0,
    "letters": "BDEOOT",
    "mov": 16,
    "shovels": 1,
    "coins": 5,
    "rows": 15,
    "cols": 15,
    "c": 0,
    "b": -1,
    "w": 7,
    "h": 7,
    "dws": [
        "BODE",
        "TOE",
        "TOO",
        "TOD",
        "BED",
        "BOO",
        "DOE",
        "BOD",
        "BOTE",
        "OBO",
        "OBE",
        "DOOB",
        "OOT",
        "DOT",
        "DOBE",
        "TED",
        "BOT",
        "TOED",
        "BOET",
        "ODE",
        "DOO",
        "DEB",
        "BET",
        "DOB",
        "BOOTED",
        "BOOED",
        "BOOT",
        "DEBT",
        "OBOE",
        "DOTE"
    ],
    "ws": []
}