{
    "id": "344af5c6-0d43-11eb-a781-34363b5fdca4",
    "type": 0,
    "letters": "EEHIRT",
    "mov": 23,
    "shovels": 1,
    "coins": 5,
    "rows": 9,
    "cols": 2,
    "c": 0,
    "b": -1,
    "dws": [
        "HIE",
        "REI",
        "ETH",
        "HET",
        "RET",
        "REH",
        "ERE",
        "REE",
        "RIT",
        "TRIE",
        "ETHE",
        "HETE",
        "TEHR",
        "TEER",
        "RETE",
        "THIR",
        "ITHER",
        "RETIE",
        "HIREE",
        "ETHER",
        "TREE",
        "HIT"
    ],
    "ws": [
        {
            "w": "HER",
            "v": true,
            "row": 3,
            "col": 6
        },
        {
            "w": "IRE",
            "v": false,
            "row": 4,
            "col": 4
        },
        {
            "w": "TEE",
            "v": false,
            "row": 9,
            "col": 6
        },
        {
            "w": "THE",
            "v": false,
            "row": 6,
            "col": 3
        },
        {
            "w": "TIE",
            "v": true,
            "row": 3,
            "col": 0
        },
        {
            "w": "HEIR",
            "v": false,
            "row": 3,
            "col": 6
        },
        {
            "w": "HERE",
            "v": true,
            "row": 0,
            "col": 7
        },
        {
            "w": "HIRE",
            "v": true,
            "row": 1,
            "col": 2
        },
        {
            "w": "RITE",
            "v": false,
            "row": 5,
            "col": 6
        },
        {
            "w": "THEE",
            "v": false,
            "row": 0,
            "col": 6
        },
        {
            "w": "TIER",
            "v": false,
            "row": 7,
            "col": 6
        },
        {
            "w": "TIRE",
            "v": false,
            "row": 8,
            "col": 2
        },
        {
            "w": "THEIR",
            "v": false,
            "row": 1,
            "col": 1
        },
        {
            "w": "THERE",
            "v": true,
            "row": 5,
            "col": 8
        },
        {
            "w": "THREE",
            "v": false,
            "row": 3,
            "col": 0
        },
        {
            "w": "EITHER",
            "v": true,
            "row": 3,
            "col": 4
        }
    ]
}