{
    "id": 3492,
    "sub_category": "Watch Pack",
    "category": "Starlight Group",
    "type": 0,
    "letters": "EGMORU",
    "mov": 30,
    "shovels": 1,
    "coins": 5,
    "rows": 15,
    "cols": 15,
    "c": 0,
    "b": -1,
    "w": 12,
    "h": 11,
    "dws": [
        "EMO",
        "REGO",
        "GORM",
        "MOUE",
        "GRUME",
        "GRUE",
        "ERGO",
        "REG",
        "ORGUE",
        "OUR",
        "MEU",
        "GUE",
        "OMER",
        "REO",
        "MOE",
        "ERG",
        "MOU",
        "GOR",
        "GOMER",
        "MOG",
        "GUR",
        "GOE",
        "MOR",
        "ROUM",
        "GEO",
        "GRUM",
        "ERUGO",
        "URE",
        "MURE",
        "ROE",
        "ROM",
        "GOER",
        "ORG",
        "MEOU",
        "GER",
        "ROUE",
        "GEUM",
        "RUME",
        "ERM",
        "ROGUE",
        "EGO",
        "ORE",
        "RUE"
    ],
    "ws": [
        {
            "w": "GEM",
            "v": true,
            "row": 0,
            "col": 3,
            "def": "A precious stone, usually of substantial monetary value or prized for its beauty or shine."
        },
        {
            "w": "GUM",
            "v": false,
            "row": 6,
            "col": 4,
            "def": "The flesh round the teeth."
        },
        {
            "w": "MUG",
            "v": false,
            "row": 3,
            "col": 4,
            "def": "Easily fooled, gullible."
        },
        {
            "w": "RUG",
            "v": true,
            "row": 1,
            "col": 6,
            "def": "A partial covering for a floor."
        },
        {
            "w": "RUM",
            "v": true,
            "row": 7,
            "col": 7,
            "def": "A distilled spirit derived from fermented cane sugar and molasses."
        },
        {
            "w": "EMU",
            "v": true,
            "row": 5,
            "col": 6,
            "def": "A large flightless bird native to Australia, Dromaius novaehollandiae."
        },
        {
            "w": "REM",
            "v": false,
            "row": 4,
            "col": 7,
            "def": "Rapid eye movement, a sleep state."
        },
        {
            "w": "MEG",
            "v": false,
            "row": 8,
            "col": 3,
            "def": "Common abbreviation for many/any unit having the SI prefix mega-, such as megahertz."
        },
        {
            "w": "GERM",
            "v": false,
            "row": 2,
            "col": 0,
            "def": "The small mass of cells from which a new organism develops; a seed, bud or spore."
        },
        {
            "w": "MORE",
            "v": true,
            "row": 4,
            "col": 9,
            "def": "Comparative form of many: in greater number. (Used for a discrete quantity.)."
        },
        {
            "w": "URGE",
            "v": false,
            "row": 7,
            "col": 6,
            "def": "A strong desire; an itch to do something."
        },
        {
            "w": "EURO",
            "v": false,
            "row": 4,
            "col": 1,
            "def": "The currency unit of the European Monetary Union."
        },
        {
            "w": "OGRE",
            "v": false,
            "row": 0,
            "col": 2,
            "def": "A type of brutish giant from folk tales that eats human flesh."
        },
        {
            "w": "GORE",
            "v": true,
            "row": 1,
            "col": 8,
            "def": "Dirt, filth."
        },
        {
            "w": "ROUGE",
            "v": true,
            "row": 2,
            "col": 2,
            "def": "Of a reddish pink colour."
        },
        {
            "w": "MORGUE",
            "v": true,
            "row": 3,
            "col": 4,
            "def": "A supercilious or haughty attitude; arrogance."
        }
    ]
}