{
    "id": 3496,
    "sub_category": "Watch Pack",
    "category": "Starlight Group",
    "type": 0,
    "letters": "DEILMP",
    "mov": 30,
    "shovels": 1,
    "coins": 5,
    "rows": 15,
    "cols": 15,
    "c": 0,
    "b": -1,
    "w": 13,
    "h": 13,
    "dws": [
        "MILD",
        "DIE",
        "LEI",
        "DEP",
        "IMPEL",
        "LIE",
        "LIMED",
        "LEPID",
        "IMPLED",
        "PEL",
        "LIME",
        "MED",
        "DEIL",
        "LIPE",
        "PLIE",
        "DEI",
        "PED",
        "IDE",
        "ELD",
        "DIEL",
        "MEL",
        "IMPED",
        "MIL",
        "PLIM",
        "EILD",
        "PIED",
        "DIMP",
        "LEP",
        "IDEM",
        "ELM",
        "PLED",
        "DEL",
        "LIMP",
        "MILE",
        "DIP",
        "MID"
    ],
    "ws": [
        {
            "w": "DIM",
            "v": false,
            "row": 5,
            "col": 2,
            "def": "Not bright or colorful."
        },
        {
            "w": "LED",
            "v": false,
            "row": 9,
            "col": 6,
            "def": "Simple past tense and past participle of lead."
        },
        {
            "w": "LID",
            "v": true,
            "row": 5,
            "col": 6,
            "def": "The top or cover of a container."
        },
        {
            "w": "LIP",
            "v": false,
            "row": 3,
            "col": 4,
            "def": "Either of the two fleshy protrusions around the opening of the mouth."
        },
        {
            "w": "PIE",
            "v": false,
            "row": 4,
            "col": 0,
            "def": "A type of pastry that consists of an outer crust and a filling."
        },
        {
            "w": "IMP",
            "v": false,
            "row": 4,
            "col": 7,
            "def": "To plant or engraft."
        },
        {
            "w": "DIME",
            "v": false,
            "row": 0,
            "col": 5,
            "def": "A coin worth one-tenth of a dollar. The physical coin is smaller than a penny."
        },
        {
            "w": "LIED",
            "v": true,
            "row": 6,
            "col": 8,
            "def": "An art song, sung in German and accompanied on the piano."
        },
        {
            "w": "PILE",
            "v": false,
            "row": 1,
            "col": 2,
            "def": "A dart; an arrow."
        },
        {
            "w": "DELI",
            "v": true,
            "row": 0,
            "col": 5,
            "def": "A shop that sells cooked or prepared food ready for serving."
        },
        {
            "w": "IDLE",
            "v": false,
            "row": 6,
            "col": 6,
            "def": "Empty, vacant."
        },
        {
            "w": "MELD",
            "v": false,
            "row": 7,
            "col": 3,
            "def": "To combine two similar objects into one."
        },
        {
            "w": "PILED",
            "v": true,
            "row": 1,
            "col": 2,
            "def": "Simple past tense and past participle of pile."
        },
        {
            "w": "PLIED",
            "v": true,
            "row": 4,
            "col": 0,
            "def": "Simple past tense and past participle of ply."
        },
        {
            "w": "LIMPED",
            "v": true,
            "row": 3,
            "col": 4,
            "def": "Simple past tense and past participle of limp."
        },
        {
            "w": "DIMPLE",
            "v": true,
            "row": 1,
            "col": 9,
            "def": "A small depression or indentation in a surface."
        }
    ]
}