{
    "id": 3510,
    "sub_category": "Shine Packx",
    "category": "Starlight Group",
    "type": 0,
    "letters": "EFILTU",
    "mov": 30,
    "shovels": 1,
    "coins": 5,
    "rows": 15,
    "cols": 15,
    "c": 0,
    "b": -1,
    "w": 12,
    "h": 12,
    "dws": [
        "FLITE",
        "FEU",
        "LEI",
        "LIEU",
        "EFT",
        "UTE",
        "TUI",
        "LITU",
        "ELT",
        "LIEF",
        "FELT",
        "TULE",
        "TUILE",
        "TEL",
        "FLIT",
        "UTILE",
        "TEF",
        "ETUI",
        "TEIL",
        "ULE",
        "LEU",
        "FIL",
        "FET",
        "FIE",
        "FUEL",
        "LUTE",
        "FLU",
        "LET"
    ],
    "ws": [
        {
            "w": "ELF",
            "v": false,
            "row": 6,
            "col": 0,
            "def": "A mythical, supernatural being resembling but seen as distinct from humans."
        },
        {
            "w": "FIT",
            "v": true,
            "row": 0,
            "col": 3,
            "def": "Suitable, proper."
        },
        {
            "w": "LIE",
            "v": true,
            "row": 0,
            "col": 9,
            "def": "To be in a horizontal position."
        },
        {
            "w": "LIT",
            "v": true,
            "row": 2,
            "col": 0,
            "def": "Little."
        },
        {
            "w": "TIE",
            "v": false,
            "row": 5,
            "col": 4,
            "def": "A necktie (item of clothing consisting of a strip of cloth tied around the neck)."
        },
        {
            "w": "TIL",
            "v": false,
            "row": 4,
            "col": 0,
            "def": "Until, till."
        },
        {
            "w": "FILE",
            "v": true,
            "row": 2,
            "col": 6,
            "def": "A collection of papers collated and archived together."
        },
        {
            "w": "LEFT",
            "v": true,
            "row": 4,
            "col": 2,
            "def": "The opposite of right; toward the west when one is facing north."
        },
        {
            "w": "LIFE",
            "v": false,
            "row": 4,
            "col": 6,
            "def": "The state that follows birth, and precedes death; the state of being alive and living."
        },
        {
            "w": "LIFT",
            "v": false,
            "row": 2,
            "col": 0,
            "def": "Air."
        },
        {
            "w": "TILE",
            "v": false,
            "row": 7,
            "col": 2,
            "def": "A regularly-shaped slab of clay or other material, affixed to cover or decorate a surface, as in a roof-tile, glazed tile, stove tile, etc."
        },
        {
            "w": "LITE",
            "v": false,
            "row": 8,
            "col": 6,
            "def": "Light in composition, notably low in fat, calories etc.:."
        },
        {
            "w": "FLUE",
            "v": false,
            "row": 2,
            "col": 6,
            "def": "A pipe or duct that carries gaseous combustion products away from the point of combustion (such as a furnace)."
        },
        {
            "w": "FLUTE",
            "v": false,
            "row": 0,
            "col": 3,
            "def": "A woodwind instrument consisting of a metal, wood or bamboo tube with a row of circular holes and played by blowing across a hole in the side of one end or through a narrow channel at one end against a sharp edge, while covering none, some or all of the holes with the fingers to vary the note played."
        },
        {
            "w": "FILET",
            "v": true,
            "row": 4,
            "col": 8,
            "def": "A narrow strip of ribbon, material or meat."
        },
        {
            "w": "FUTILE",
            "v": true,
            "row": 3,
            "col": 4,
            "def": "Incapable of producing results; useless; not successful; not worth attempting."
        }
    ]
}