{
    "id": 354,
    "sub_category": "Climb Pack",
    "category": "Mountain Group",
    "type": 0,
    "letters": "EEMRSU",
    "mov": 20,
    "shovels": 1,
    "coins": 5,
    "rows": 15,
    "cols": 15,
    "c": 0,
    "b": -1,
    "w": 9,
    "h": 9,
    "dws": [
        "SUER",
        "REM",
        "MUS",
        "MEU",
        "SER",
        "ERE",
        "EME",
        "REES",
        "MEES",
        "MURES",
        "SMUR",
        "ERES",
        "RUM",
        "REMS",
        "SERE",
        "UMS",
        "MERSE",
        "MERUS",
        "ERS",
        "MESE",
        "EMS",
        "EMEU",
        "SUE",
        "ESE",
        "EMUS",
        "URES",
        "MEUS",
        "MEERS",
        "MEE",
        "EMES",
        "RUE",
        "REE",
        "MERES",
        "EMU",
        "URE",
        "MURE",
        "SEME",
        "MUSER",
        "MES",
        "EMEUS",
        "RUES",
        "RES",
        "SUM",
        "MEER",
        "USE",
        "RUMES",
        "RUMS",
        "RUME",
        "SEE",
        "ERM",
        "SMEE"
    ],
    "ws": [
        {
            "w": "MERE",
            "v": false,
            "row": 3,
            "col": 0,
            "def": "The sea."
        },
        {
            "w": "SEEM",
            "v": true,
            "row": 0,
            "col": 7,
            "def": "To appear; to look outwardly; to be perceived as."
        },
        {
            "w": "SURE",
            "v": true,
            "row": 0,
            "col": 1,
            "def": "Physically secure and certain, non-failing, reliable."
        },
        {
            "w": "USER",
            "v": false,
            "row": 0,
            "col": 0,
            "def": "One who uses or makes use of something, a consumer."
        },
        {
            "w": "MUSE",
            "v": true,
            "row": 3,
            "col": 0,
            "def": "A source of inspiration."
        },
        {
            "w": "SEER",
            "v": false,
            "row": 7,
            "col": 2,
            "def": "Agent noun of see; one who sees something; an eyewitness."
        },
        {
            "w": "RUSE",
            "v": true,
            "row": 1,
            "col": 5,
            "def": "A trick."
        },
        {
            "w": "SERUM",
            "v": false,
            "row": 5,
            "col": 0,
            "def": "The clear yellowish fluid obtained upon separating whole blood into its solid and liquid components after it has been allowed to clot. Also called blood serum."
        },
        {
            "w": "REUSE",
            "v": false,
            "row": 2,
            "col": 3,
            "def": "The act of salvaging or in some manner returning a discarded item into something usable."
        },
        {
            "w": "RESUME",
            "v": true,
            "row": 2,
            "col": 3,
            "def": "A summary of education and employment experience."
        }
    ]
}