{
    "id": 355,
    "sub_category": "Climb Pack",
    "category": "Mountain Group",
    "type": 0,
    "letters": "AARSTT",
    "mov": 18,
    "shovels": 1,
    "coins": 5,
    "rows": 15,
    "cols": 15,
    "c": 0,
    "b": -1,
    "w": 8,
    "h": 6,
    "dws": [
        "TAR",
        "TATS",
        "ASAR",
        "RATAS",
        "ATTARS",
        "TARTS",
        "TARS",
        "TSAR",
        "TAT",
        "ATTAR",
        "TATA",
        "TATARS",
        "TASAR",
        "RATS",
        "AAS",
        "RASTA",
        "ATT",
        "ARTS",
        "TARA",
        "ARS",
        "SAR",
        "ASTART",
        "TRATS",
        "TAS",
        "TARAS",
        "ATS",
        "RAS",
        "TRAT",
        "TATAR",
        "RATA"
    ],
    "ws": [
        {
            "w": "ART",
            "v": false,
            "row": 2,
            "col": 4,
            "def": "Human effort to imitate, supplement, alter, or counteract the work of nature."
        },
        {
            "w": "RAT",
            "v": false,
            "row": 4,
            "col": 0,
            "def": "A medium-sized rodent belonging to the genus Rattus."
        },
        {
            "w": "SAT",
            "v": false,
            "row": 5,
            "col": 4,
            "def": "Simple past tense and past participle of sit."
        },
        {
            "w": "STAR",
            "v": true,
            "row": 0,
            "col": 4,
            "def": "Any small luminous dot appearing in the cloudless portion of the night sky, especially with a fixed location relative to other such dots."
        },
        {
            "w": "TART",
            "v": true,
            "row": 2,
            "col": 0,
            "def": "Sharp to the taste; acid; sour."
        },
        {
            "w": "STAT",
            "v": false,
            "row": 1,
            "col": 1,
            "def": "Immediately, now (usually used in medical situations, to connote extreme urgency)."
        },
        {
            "w": "START",
            "v": true,
            "row": 1,
            "col": 6,
            "def": "The beginning of an activity."
        },
        {
            "w": "STRATA",
            "v": true,
            "row": 0,
            "col": 2,
            "def": "Plural form of stratum."
        }
    ]
}