{
    "id": "359b1510-0d47-11eb-a781-34363b5fdca4",
    "type": 0,
    "letters": "AELMTU",
    "mov": 31,
    "shovels": 1,
    "coins": 5,
    "rows": 13,
    "cols": 2,
    "c": 0,
    "b": -1,
    "dws": [
        "AMU",
        "MAL",
        "LAM",
        "AME",
        "MAE",
        "TAM",
        "ALU",
        "AUE",
        "EAU",
        "UTA",
        "TAU",
        "LEA",
        "ALT",
        "LAT",
        "ETA",
        "TAE",
        "LUM",
        "MEU",
        "MUT",
        "TUM",
        "MEL",
        "ULE",
        "LEU",
        "UTE",
        "ELT",
        "TEL",
        "LUMA",
        "MAUT",
        "ALME",
        "MELA",
        "LEAM",
        "META",
        "LATU",
        "LEAT",
        "TELA",
        "TEAL",
        "TAEL",
        "LUTE",
        "TULE",
        "ULEMA",
        "LUTEA",
        "MULETA",
        "MALT",
        "MATE",
        "MEAL",
        "MEAT",
        "TALE",
        "TEAM",
        "ALE",
        "EMU",
        "MAT",
        "MET"
    ],
    "ws": [
        {
            "w": "ATE",
            "v": false,
            "row": 3,
            "col": 7
        },
        {
            "w": "EAT",
            "v": true,
            "row": 6,
            "col": 2
        },
        {
            "w": "ELM",
            "v": false,
            "row": 5,
            "col": 7
        },
        {
            "w": "LET",
            "v": true,
            "row": 1,
            "col": 2
        },
        {
            "w": "TEA",
            "v": false,
            "row": 3,
            "col": 2
        },
        {
            "w": "ALUM",
            "v": false,
            "row": 0,
            "col": 6
        },
        {
            "w": "LAME",
            "v": true,
            "row": 6,
            "col": 6
        },
        {
            "w": "LATE",
            "v": false,
            "row": 7,
            "col": 1
        },
        {
            "w": "MALE",
            "v": true,
            "row": 2,
            "col": 7
        },
        {
            "w": "MAUL",
            "v": false,
            "row": 4,
            "col": 4
        },
        {
            "w": "MELT",
            "v": true,
            "row": 5,
            "col": 9
        },
        {
            "w": "MULE",
            "v": false,
            "row": 1,
            "col": 0
        },
        {
            "w": "MUTE",
            "v": true,
            "row": 0,
            "col": 9
        },
        {
            "w": "TAME",
            "v": false,
            "row": 8,
            "col": 4
        },
        {
            "w": "METAL",
            "v": true,
            "row": 1,
            "col": 0
        },
        {
            "w": "AMULET",
            "v": true,
            "row": 3,
            "col": 4
        }
    ]
}