{
    "id": 3664,
    "sub_category": "Fit Pack",
    "category": "Majesty Group",
    "type": 0,
    "letters": "AEKORS",
    "mov": 26,
    "shovels": 1,
    "coins": 5,
    "rows": 15,
    "cols": 15,
    "c": 0,
    "b": -1,
    "w": 12,
    "h": 12,
    "dws": [
        "ARE",
        "OKES",
        "KORES",
        "RASE",
        "AERO",
        "OAKER",
        "ARK",
        "KOS",
        "ORE",
        "KAS",
        "SOKE",
        "ARES",
        "SKEO",
        "OES",
        "ARS",
        "EROS",
        "ASK",
        "ROE",
        "KOA",
        "AKE",
        "EAS",
        "SEA",
        "REAK",
        "KAE",
        "KEROS",
        "RESOAK",
        "KORAS",
        "REAKS",
        "OSE",
        "REO",
        "RAKES",
        "KOSE",
        "ERS",
        "ROKS",
        "SERK",
        "SERA",
        "ARKOSE",
        "KERO",
        "ROK",
        "SAR",
        "OKA",
        "KESAR",
        "AKES",
        "SORA",
        "ROKES",
        "REOS",
        "KSAR",
        "SKA",
        "SKER",
        "ARSE",
        "KAES",
        "SAE",
        "EAR",
        "OKE",
        "KORS",
        "OAK",
        "OKAS",
        "RES",
        "ERK",
        "KEA",
        "ESKAR",
        "ROES",
        "ERA",
        "SER",
        "KOAS",
        "OSAR",
        "KORA",
        "SARK",
        "ORA",
        "SAKER",
        "KORE",
        "KEAS",
        "ERKS",
        "KARO",
        "AEROS",
        "ORS",
        "RAS",
        "ROKE",
        "OKRAS",
        "OAR",
        "ASKER",
        "KOR"
    ],
    "ws": [
        {
            "w": "ARKS",
            "v": true,
            "row": 6,
            "col": 8,
            "def": "Plural form of ark."
        },
        {
            "w": "EARS",
            "v": false,
            "row": 3,
            "col": 1,
            "def": "Plural form of ear."
        },
        {
            "w": "ERAS",
            "v": true,
            "row": 0,
            "col": 9,
            "def": "Plural form of era."
        },
        {
            "w": "OAKS",
            "v": true,
            "row": 5,
            "col": 1,
            "def": "Plural form of oak."
        },
        {
            "w": "OARS",
            "v": false,
            "row": 3,
            "col": 6,
            "def": "Plural form of oar."
        },
        {
            "w": "ORES",
            "v": true,
            "row": 3,
            "col": 6,
            "def": "Plural form of ore."
        },
        {
            "w": "ROSE",
            "v": true,
            "row": 0,
            "col": 1,
            "def": "A shrub of the genus Rosa, with red, pink, white or yellow flowers."
        },
        {
            "w": "SAKE",
            "v": false,
            "row": 8,
            "col": 6,
            "def": "Cause, interest or account."
        },
        {
            "w": "SOAK",
            "v": false,
            "row": 6,
            "col": 6,
            "def": "To be saturated with liquid by being immersed in it."
        },
        {
            "w": "SOAR",
            "v": true,
            "row": 0,
            "col": 3,
            "def": "To fly aloft with little effort, as a bird."
        },
        {
            "w": "SORE",
            "v": false,
            "row": 0,
            "col": 6,
            "def": "Causing pain or discomfort; painfully sensitive."
        },
        {
            "w": "SEAR",
            "v": false,
            "row": 8,
            "col": 1,
            "def": "Dry; withered, especially of vegetation."
        },
        {
            "w": "OKRA",
            "v": true,
            "row": 0,
            "col": 7,
            "def": "The annual plant, Abelmoschus esculentus, possibly of Ethiopian origin, grown for its edible pods."
        },
        {
            "w": "RAKE",
            "v": false,
            "row": 5,
            "col": 3,
            "def": "A garden tool with a row of pointed teeth fixed to a long handle, used for collecting grass or debris, or for loosening soil."
        },
        {
            "w": "AROSE",
            "v": false,
            "row": 0,
            "col": 0,
            "def": "Simple past of arise."
        },
        {
            "w": "SOAKER",
            "v": true,
            "row": 3,
            "col": 4,
            "def": "One who, or that which, soaks."
        }
    ]
}