{
    "id": "3664ba70-0d3b-11eb-a781-34363b5fdca4",
    "type": 0,
    "letters": "EILNSV",
    "mov": 31,
    "shovels": 1,
    "coins": 5,
    "rows": 13,
    "cols": 2,
    "c": 0,
    "b": -1,
    "dws": [
        "NIS",
        "INS",
        "SEN",
        "ENS",
        "VIS",
        "SEI",
        "LIS",
        "SEV",
        "SEL",
        "ELS",
        "LES",
        "VIN",
        "NIE",
        "LIN",
        "LEI",
        "LEV",
        "VINS",
        "SIEN",
        "NIES",
        "NILS",
        "LINS",
        "VISE",
        "SILE",
        "SEIL",
        "LEIS",
        "LEVS",
        "NEVI",
        "VLEI",
        "VISNE",
        "ELSIN",
        "LENIS",
        "SLIVE",
        "VLEIS",
        "VLIES",
        "LEVIS",
        "LEVIN",
        "SLIVEN",
        "LIVENS",
        "LEVINS",
        "LIVEN",
        "LIVES",
        "VINES",
        "ISLE",
        "LINE",
        "LIVE",
        "VEIN",
        "VIES",
        "VINE",
        "VIE"
    ],
    "ws": [
        {
            "w": "LIE",
            "v": false,
            "row": 6,
            "col": 7
        },
        {
            "w": "NIL",
            "v": false,
            "row": 5,
            "col": 3
        },
        {
            "w": "SIN",
            "v": false,
            "row": 6,
            "col": 0
        },
        {
            "w": "EVIL",
            "v": false,
            "row": 1,
            "col": 1
        },
        {
            "w": "LENS",
            "v": false,
            "row": 3,
            "col": 6
        },
        {
            "w": "LIEN",
            "v": true,
            "row": 0,
            "col": 8
        },
        {
            "w": "LIES",
            "v": true,
            "row": 3,
            "col": 0
        },
        {
            "w": "SINE",
            "v": true,
            "row": 0,
            "col": 3
        },
        {
            "w": "VEIL",
            "v": true,
            "row": 0,
            "col": 6
        },
        {
            "w": "VILE",
            "v": false,
            "row": 0,
            "col": 6
        },
        {
            "w": "EVILS",
            "v": true,
            "row": 3,
            "col": 7
        },
        {
            "w": "LIENS",
            "v": false,
            "row": 9,
            "col": 5
        },
        {
            "w": "LINES",
            "v": false,
            "row": 3,
            "col": 0
        },
        {
            "w": "VEILS",
            "v": true,
            "row": 5,
            "col": 9
        },
        {
            "w": "VEINS",
            "v": false,
            "row": 7,
            "col": 3
        },
        {
            "w": "SNIVEL",
            "v": true,
            "row": 3,
            "col": 4
        }
    ]
}