{
    "id": "367dd896-0d47-11eb-a781-34363b5fdca4",
    "type": 0,
    "letters": "ADENTT",
    "mov": 21,
    "shovels": 1,
    "coins": 5,
    "rows": 8,
    "cols": 2,
    "c": 0,
    "b": -1,
    "dws": [
        "ATT",
        "TAT",
        "TAE",
        "ETA",
        "NAT",
        "TAD",
        "ANE",
        "EAN",
        "NAE",
        "DAE",
        "DNA",
        "DAN",
        "TET",
        "TED",
        "NED",
        "TATE",
        "TEAT",
        "ETAT",
        "ANTE",
        "TANE",
        "ETNA",
        "TAED",
        "TEAD",
        "DANT",
        "DEAN",
        "NETT",
        "ANTED"
    ],
    "ws": [
        {
            "w": "AND",
            "v": true,
            "row": 0,
            "col": 3
        },
        {
            "w": "ANT",
            "v": true,
            "row": 6,
            "col": 2
        },
        {
            "w": "ATE",
            "v": false,
            "row": 0,
            "col": 3
        },
        {
            "w": "DEN",
            "v": false,
            "row": 4,
            "col": 0
        },
        {
            "w": "EAT",
            "v": false,
            "row": 5,
            "col": 6
        },
        {
            "w": "END",
            "v": true,
            "row": 0,
            "col": 5
        },
        {
            "w": "NET",
            "v": false,
            "row": 7,
            "col": 4
        },
        {
            "w": "TAN",
            "v": false,
            "row": 4,
            "col": 4
        },
        {
            "w": "TEA",
            "v": false,
            "row": 0,
            "col": 7
        },
        {
            "w": "TEN",
            "v": true,
            "row": 0,
            "col": 7
        },
        {
            "w": "DATE",
            "v": false,
            "row": 6,
            "col": 1
        },
        {
            "w": "DENT",
            "v": false,
            "row": 2,
            "col": 5
        },
        {
            "w": "NEAT",
            "v": true,
            "row": 4,
            "col": 6
        },
        {
            "w": "TEND",
            "v": true,
            "row": 3,
            "col": 1
        },
        {
            "w": "TENT",
            "v": true,
            "row": 2,
            "col": 8
        },
        {
            "w": "ATTEND",
            "v": true,
            "row": 3,
            "col": 4
        }
    ]
}