{
    "id": 3688,
    "sub_category": "Bright Packx",
    "category": "Astral Group",
    "type": 0,
    "letters": "AEEKRT",
    "mov": 30,
    "shovels": 1,
    "coins": 5,
    "rows": 15,
    "cols": 15,
    "c": 0,
    "b": -1,
    "w": 12,
    "h": 12,
    "dws": [
        "RET",
        "ARE",
        "KAE",
        "ARET",
        "RAKEE",
        "KAT",
        "ERA",
        "ERE",
        "TEE",
        "TAE",
        "TARE",
        "RETE",
        "ARETE",
        "TAK",
        "EAR",
        "KEET",
        "AKEE",
        "KETA",
        "KART",
        "REE",
        "KET",
        "KETE",
        "ETA",
        "TEREK",
        "REKE",
        "AKE",
        "ERK",
        "TEER",
        "TEEK",
        "REAK",
        "KEA",
        "REATE",
        "REEK",
        "RAKE",
        "ART",
        "EAT"
    ],
    "ws": [
        {
            "w": "ARK",
            "v": true,
            "row": 3,
            "col": 7,
            "def": "A large box with a flat lid."
        },
        {
            "w": "ATE",
            "v": true,
            "row": 7,
            "col": 1,
            "def": "Simple past of eat."
        },
        {
            "w": "RAT",
            "v": false,
            "row": 2,
            "col": 0,
            "def": "A medium-sized rodent belonging to the genus Rattus."
        },
        {
            "w": "TAR",
            "v": false,
            "row": 9,
            "col": 6,
            "def": "A black, oily, sticky, viscous substance, consisting mainly of hydrocarbons derived from organic materials such as wood, peat, or coal."
        },
        {
            "w": "TEA",
            "v": true,
            "row": 0,
            "col": 1,
            "def": "The dried leaves or buds of the tea plant, Camellia sinensis."
        },
        {
            "w": "EEK",
            "v": true,
            "row": 5,
            "col": 6,
            "def": "Representing a scream or shriek (especially in comic strips)."
        },
        {
            "w": "EKE",
            "v": false,
            "row": 5,
            "col": 6,
            "def": "To increase; to add to, augment, lengthen."
        },
        {
            "w": "RATE",
            "v": false,
            "row": 6,
            "col": 3,
            "def": "A wage calculated in relation to a unit of time."
        },
        {
            "w": "TAKE",
            "v": false,
            "row": 3,
            "col": 6,
            "def": "To grasp with the hands."
        },
        {
            "w": "TEAR",
            "v": true,
            "row": 2,
            "col": 2,
            "def": "To rend (a solid material) by holding or restraining in two places and pulling apart, whether intentionally or not; to destroy or separate."
        },
        {
            "w": "TREE",
            "v": false,
            "row": 8,
            "col": 1,
            "def": "A large plant, not exactly defined, but typically over four meters in height, a single trunk which grows in girth with age and branches (which also grow in circumference with age)."
        },
        {
            "w": "TREK",
            "v": false,
            "row": 0,
            "col": 1,
            "def": "A slow or difficult journey."
        },
        {
            "w": "TEAK",
            "v": true,
            "row": 0,
            "col": 8,
            "def": "An extremely durable timber highly valued for shipbuilding and other purposes, yielded by Tectona grandis (and Tectona spp.)."
        },
        {
            "w": "EATER",
            "v": true,
            "row": 5,
            "col": 8,
            "def": "Agent noun of eat; one who eats."
        },
        {
            "w": "TAKER",
            "v": false,
            "row": 4,
            "col": 1,
            "def": "One who takes something."
        },
        {
            "w": "RETAKE",
            "v": true,
            "row": 3,
            "col": 4,
            "def": "To take something again."
        }
    ]
}