{
    "id": 3740,
    "sub_category": "Arise Packx",
    "category": "Astral Group",
    "type": 0,
    "letters": "BEILMR",
    "mov": 26,
    "shovels": 1,
    "coins": 5,
    "rows": 15,
    "cols": 15,
    "c": 0,
    "b": -1,
    "w": 10,
    "h": 10,
    "dws": [
        "MILER",
        "REIM",
        "EMIR",
        "MIR",
        "MIB",
        "LEI",
        "BREI",
        "REI",
        "BEL",
        "RIEL",
        "RIEM",
        "ELM",
        "LIRE",
        "LEIR",
        "RIME",
        "LIBER",
        "MEL",
        "BIER",
        "BIRL",
        "MERL",
        "REB",
        "LIB",
        "LIER",
        "BIRLE",
        "MERI",
        "ERM"
    ],
    "ws": [
        {
            "w": "LIE",
            "v": true,
            "row": 1,
            "col": 2,
            "def": "To be in a horizontal position."
        },
        {
            "w": "RIB",
            "v": false,
            "row": 0,
            "col": 5,
            "def": "Any of a series of long curved bones occurring in 12 pairs in humans and other animals and extending from the spine to or toward the sternum."
        },
        {
            "w": "RIM",
            "v": false,
            "row": 8,
            "col": 4,
            "def": "An edge around something, especially when circular."
        },
        {
            "w": "IRE",
            "v": false,
            "row": 9,
            "col": 0,
            "def": "Iron."
        },
        {
            "w": "MIL",
            "v": false,
            "row": 4,
            "col": 3,
            "def": "An angular mil, a unit of angular measurement equal to 1/6400 of a complete circle. At 1000 metres one mil subtends about one metre (0.98 m). Also 1/6000 and 1/6300 are used in other countries."
        },
        {
            "w": "REM",
            "v": true,
            "row": 0,
            "col": 5,
            "def": "Rapid eye movement, a sleep state."
        },
        {
            "w": "LIMB",
            "v": true,
            "row": 6,
            "col": 8,
            "def": "A major appendage of human or animal, used for locomotion (such as an arm, leg or wing)."
        },
        {
            "w": "LIME",
            "v": false,
            "row": 1,
            "col": 2,
            "def": "A general term for inorganic materials containing calcium, usually calcium oxide or calcium hydroxide; quicklime."
        },
        {
            "w": "MILE",
            "v": false,
            "row": 7,
            "col": 1,
            "def": "A Roman unit of measure equal to 1000 (double) steps (mille passus or mille passuum) or 5000 Roman feet (approx. 1480m)."
        },
        {
            "w": "BRIM",
            "v": true,
            "row": 5,
            "col": 6,
            "def": "The sea; ocean; water; flood."
        },
        {
            "w": "RILE",
            "v": false,
            "row": 6,
            "col": 6,
            "def": "To make angry."
        },
        {
            "w": "BILE",
            "v": true,
            "row": 6,
            "col": 2,
            "def": "A bitter brownish-yellow or greenish-yellow secretion produced by the liver, stored in the gall bladder, and discharged into the duodenum where it aids the process of digestion."
        },
        {
            "w": "BERM",
            "v": false,
            "row": 3,
            "col": 6,
            "def": "A narrow ledge or shelf, as along the top or bottom of a slope."
        },
        {
            "w": "BRIE",
            "v": true,
            "row": 0,
            "col": 7,
            "def": "A variety of soft, mild French cheese made from cow's milk."
        },
        {
            "w": "MIRE",
            "v": true,
            "row": 3,
            "col": 9,
            "def": "Deep mud; moist, spongy earth."
        },
        {
            "w": "LIMBER",
            "v": true,
            "row": 3,
            "col": 4,
            "def": "Flexible, pliant, bendable."
        }
    ]
}