{
    "id": "3770b930-0d47-11eb-a781-34363b5fdca4",
    "type": 0,
    "letters": "ACMOST",
    "mov": 31,
    "shovels": 1,
    "coins": 5,
    "rows": 13,
    "cols": 2,
    "c": 0,
    "b": -1,
    "dws": [
        "MAS",
        "SAM",
        "SMA",
        "MAC",
        "CAM",
        "MOA",
        "OMA",
        "TAM",
        "MOS",
        "SOM",
        "OMS",
        "MOC",
        "COM",
        "MOT",
        "TOM",
        "SAC",
        "ATS",
        "TAS",
        "OCA",
        "TAO",
        "SOC",
        "COS",
        "SOT",
        "TOC",
        "MACS",
        "SCAM",
        "CAMS",
        "MOAS",
        "SOMA",
        "OMAS",
        "TAMS",
        "CAMO",
        "MOAT",
        "MOCS",
        "COMS",
        "MOTS",
        "TOMS",
        "SOCA",
        "COSA",
        "OCAS",
        "SCAT",
        "STOA",
        "OAST",
        "TOSA",
        "TAOS",
        "ATOC",
        "OCTA",
        "SCOT",
        "TOCS",
        "CAMOS",
        "STOMA",
        "ASCOT",
        "ATOCS",
        "COSTA",
        "OCTAS",
        "SATCOM",
        "COMSAT",
        "ATOMS",
        "COATS",
        "ACTS",
        "COMA",
        "COST",
        "COTS",
        "MAST",
        "OATS",
        "MAT",
        "SAT"
    ],
    "ws": [
        {
            "w": "ACT",
            "v": false,
            "row": 5,
            "col": 7
        },
        {
            "w": "CAT",
            "v": true,
            "row": 7,
            "col": 9
        },
        {
            "w": "COT",
            "v": false,
            "row": 8,
            "col": 2
        },
        {
            "w": "OAT",
            "v": true,
            "row": 0,
            "col": 5
        },
        {
            "w": "ATOM",
            "v": false,
            "row": 4,
            "col": 4
        },
        {
            "w": "CAST",
            "v": true,
            "row": 0,
            "col": 9
        },
        {
            "w": "CATS",
            "v": false,
            "row": 6,
            "col": 4
        },
        {
            "w": "COAT",
            "v": true,
            "row": 3,
            "col": 2
        },
        {
            "w": "MATS",
            "v": true,
            "row": 5,
            "col": 0
        },
        {
            "w": "MOST",
            "v": false,
            "row": 0,
            "col": 4
        },
        {
            "w": "TACO",
            "v": true,
            "row": 6,
            "col": 6
        },
        {
            "w": "COAST",
            "v": false,
            "row": 9,
            "col": 5
        },
        {
            "w": "COMAS",
            "v": true,
            "row": 2,
            "col": 7
        },
        {
            "w": "MOATS",
            "v": false,
            "row": 5,
            "col": 0
        },
        {
            "w": "TACOS",
            "v": false,
            "row": 2,
            "col": 5
        },
        {
            "w": "MASCOT",
            "v": true,
            "row": 3,
            "col": 4
        }
    ]
}