{
    "id": 3792,
    "sub_category": "Wall Pack",
    "category": "Stone Group",
    "type": 0,
    "letters": "DEGILR",
    "mov": 24,
    "shovels": 1,
    "coins": 5,
    "rows": 15,
    "cols": 15,
    "c": 0,
    "b": -1,
    "w": 12,
    "h": 9,
    "dws": [
        "GILDER",
        "RED",
        "GIE",
        "LIG",
        "DIE",
        "GLEI",
        "REG",
        "LEI",
        "LIE",
        "REI",
        "DIRL",
        "IDLER",
        "LIGER",
        "RID",
        "GILD",
        "LID",
        "RIEL",
        "DIG",
        "GIED",
        "LIRE",
        "GELID",
        "ERG",
        "DEIL",
        "LEIR",
        "GED",
        "DREG",
        "GRIDE",
        "DEI",
        "RIG",
        "IDE",
        "ELD",
        "DIEL",
        "GIRD",
        "GEL",
        "EILD",
        "GID",
        "LED",
        "LEG",
        "IRED",
        "GELD",
        "GER",
        "REGILD",
        "RIDGEL",
        "GLID",
        "LIER",
        "DEG",
        "IRE",
        "GLED",
        "DEL"
    ],
    "ws": [
        {
            "w": "DIRE",
            "v": false,
            "row": 9,
            "col": 6,
            "def": "Ill-boding; portentous."
        },
        {
            "w": "GIRL",
            "v": true,
            "row": 0,
            "col": 2,
            "def": "A young female human; (in contrast to boy), a female child or young adult."
        },
        {
            "w": "GRID",
            "v": true,
            "row": 6,
            "col": 6,
            "def": "A rectangular array of squares or rectangles of equal size, such as in a crossword puzzle."
        },
        {
            "w": "LIED",
            "v": true,
            "row": 0,
            "col": 9,
            "def": "An art song, sung in German and accompanied on the piano."
        },
        {
            "w": "RIDE",
            "v": false,
            "row": 2,
            "col": 6,
            "def": "To play defense on the defensemen or midfielders, as an attackman."
        },
        {
            "w": "DELI",
            "v": false,
            "row": 8,
            "col": 3,
            "def": "A shop that sells cooked or prepared food ready for serving."
        },
        {
            "w": "IDLE",
            "v": true,
            "row": 6,
            "col": 1,
            "def": "Empty, vacant."
        },
        {
            "w": "RILE",
            "v": true,
            "row": 1,
            "col": 7,
            "def": "To make angry."
        },
        {
            "w": "GLIDE",
            "v": false,
            "row": 1,
            "col": 0,
            "def": "To move softly, smoothly, or effortlessly."
        },
        {
            "w": "RIDGE",
            "v": true,
            "row": 5,
            "col": 9,
            "def": "The back of any animal; especially the upper or projecting part of the back of a quadruped."
        },
        {
            "w": "DIRGE",
            "v": false,
            "row": 4,
            "col": 3,
            "def": "A mournful poem or piece of music composed or performed as a memorial to a dead person."
        },
        {
            "w": "RILED",
            "v": false,
            "row": 6,
            "col": 0,
            "def": "Simple past tense and past participle of rile."
        },
        {
            "w": "GIRDLE",
            "v": true,
            "row": 3,
            "col": 4,
            "def": "That which girds, encircles, or encloses; a circumference."
        },
        {
            "w": "GLIDER",
            "v": true,
            "row": 1,
            "col": 0,
            "def": "Any heavier-than-air aircraft optimised for unpowered flight; a sailplane."
        }
    ]
}