{
    "id": 3796,
    "sub_category": "Chisel Pack",
    "category": "Stone Group",
    "type": 0,
    "letters": "AEHLLT",
    "mov": 30,
    "shovels": 1,
    "coins": 5,
    "rows": 15,
    "cols": 15,
    "c": 0,
    "b": -1,
    "w": 11,
    "h": 11,
    "dws": [
        "TELA",
        "HAET",
        "TAE",
        "ELT",
        "HAE",
        "ELL",
        "TEL",
        "LEA",
        "LEAT",
        "HET",
        "EATH",
        "LATH",
        "LEAL",
        "ETH",
        "ETA",
        "HALE",
        "HAT",
        "THAE",
        "LATE",
        "ETHAL",
        "TAEL",
        "HEAL",
        "LAH",
        "LATHE",
        "HEAT",
        "EAT",
        "THE"
    ],
    "ws": [
        {
            "w": "ALE",
            "v": false,
            "row": 7,
            "col": 4,
            "def": "An intoxicating liquor made from an infusion of malt by fermentation and the addition of a bitter, usually hops."
        },
        {
            "w": "ALL",
            "v": false,
            "row": 3,
            "col": 6,
            "def": "Intensifier."
        },
        {
            "w": "ATE",
            "v": true,
            "row": 5,
            "col": 8,
            "def": "Simple past of eat."
        },
        {
            "w": "LET",
            "v": false,
            "row": 5,
            "col": 0,
            "def": "To allow to, not to prevent (+ infinitive, but usually without to)."
        },
        {
            "w": "TEA",
            "v": false,
            "row": 5,
            "col": 6,
            "def": "The dried leaves or buds of the tea plant, Camellia sinensis."
        },
        {
            "w": "ALT",
            "v": true,
            "row": 3,
            "col": 6,
            "def": "A state of excitement, conveyed by a high pitched voice."
        },
        {
            "w": "LAT",
            "v": false,
            "row": 0,
            "col": 0,
            "def": "A Latvian coin and national monetary unit."
        },
        {
            "w": "HALL",
            "v": true,
            "row": 2,
            "col": 0,
            "def": "A corridor; a hallway."
        },
        {
            "w": "HALT",
            "v": false,
            "row": 2,
            "col": 0,
            "def": "To stop marching."
        },
        {
            "w": "HATE",
            "v": false,
            "row": 0,
            "col": 6,
            "def": "To dislike intensely; to feel strong hostility towards."
        },
        {
            "w": "HELL",
            "v": false,
            "row": 8,
            "col": 1,
            "def": "In various religions, the place where some or all spirits are believed to go after death."
        },
        {
            "w": "TALE",
            "v": true,
            "row": 5,
            "col": 2,
            "def": "Number."
        },
        {
            "w": "TALL",
            "v": true,
            "row": 0,
            "col": 2,
            "def": "Obsequious; obedient."
        },
        {
            "w": "TELL",
            "v": true,
            "row": 0,
            "col": 8,
            "def": "To count, reckon, or enumerate."
        },
        {
            "w": "TEAL",
            "v": false,
            "row": 4,
            "col": 3,
            "def": "Any of various small freshwater ducks of the genus Anas that are brightly coloured and have short necks."
        },
        {
            "w": "LETHAL",
            "v": true,
            "row": 3,
            "col": 4,
            "def": "Deadly; mortal; fatal."
        }
    ]
}