{
    "id": 3818,
    "sub_category": "Tower Pack",
    "category": "Stone Group",
    "type": 0,
    "letters": "ABNRWY",
    "mov": 30,
    "shovels": 1,
    "coins": 5,
    "rows": 15,
    "cols": 15,
    "c": 0,
    "b": -1,
    "w": 12,
    "h": 11,
    "dws": [
        "YAR",
        "BAR",
        "YAW",
        "AWNY",
        "WARB",
        "RYA",
        "ARY",
        "WAB",
        "BARNY",
        "BRAY",
        "BAWR",
        "BAWN",
        "RNA",
        "WYN",
        "BRAW",
        "WANY",
        "NAY",
        "RAWN",
        "ARB",
        "ABY",
        "BRA",
        "WAN",
        "ANY",
        "AWN",
        "WARN",
        "BAN",
        "RAN",
        "WAR"
    ],
    "ws": [
        {
            "w": "BAY",
            "v": false,
            "row": 3,
            "col": 4,
            "def": "A berry."
        },
        {
            "w": "NAB",
            "v": false,
            "row": 5,
            "col": 0,
            "def": "To seize, arrest or take into custody a criminal or fugitive."
        },
        {
            "w": "RAW",
            "v": false,
            "row": 0,
            "col": 5,
            "def": "Of weather: unpleasantly damp or cold."
        },
        {
            "w": "RAY",
            "v": true,
            "row": 6,
            "col": 6,
            "def": "A beam of light or radiation."
        },
        {
            "w": "WAY",
            "v": true,
            "row": 4,
            "col": 7,
            "def": "A road, a direction, a (physical or conceptual) path from one place to another."
        },
        {
            "w": "WRY",
            "v": false,
            "row": 4,
            "col": 7,
            "def": "To cover; clothe; cover up; cloak; hide."
        },
        {
            "w": "NAW",
            "v": true,
            "row": 1,
            "col": 2,
            "def": "Eye dialect spelling of no."
        },
        {
            "w": "BARN",
            "v": true,
            "row": 2,
            "col": 0,
            "def": "A building, often found on a farm, used for storage or keeping animals such as cattle."
        },
        {
            "w": "BRAN",
            "v": false,
            "row": 2,
            "col": 0,
            "def": "The broken coat of the seed of wheat, rye, or other cereal grain, separated from the flour or meal by sifting or bolting; the coarse, chaffy part of ground grain."
        },
        {
            "w": "WARY",
            "v": false,
            "row": 6,
            "col": 4,
            "def": "Cautious of danger; carefully watching and guarding against deception, artifices, and dangers; timorously or suspiciously prudent; circumspect; scrupulous; careful."
        },
        {
            "w": "YARN",
            "v": false,
            "row": 8,
            "col": 6,
            "def": "A twisted strand of fiber used for knitting or weaving."
        },
        {
            "w": "AWRY",
            "v": true,
            "row": 0,
            "col": 6,
            "def": "Obliquely, crookedly; askew."
        },
        {
            "w": "YAWN",
            "v": false,
            "row": 7,
            "col": 1,
            "def": "To open the mouth widely and take a long, rather deep breath, often because one is tired and sometimes accompanied by pandiculation."
        },
        {
            "w": "NARY",
            "v": true,
            "row": 1,
            "col": 9,
            "def": "Not one."
        },
        {
            "w": "BRAWN",
            "v": true,
            "row": 5,
            "col": 2,
            "def": "Strong muscles or lean flesh, especially of the arm, leg or thumb."
        },
        {
            "w": "BRAWNY",
            "v": true,
            "row": 3,
            "col": 4,
            "def": "Characterized by brawn; muscular; strong."
        }
    ]
}