{
    "id": 384,
    "sub_category": "Scale Pack",
    "category": "Mountain Group",
    "type": 0,
    "letters": "ALMORT",
    "mov": 22,
    "shovels": 1,
    "coins": 5,
    "rows": 15,
    "cols": 15,
    "c": 0,
    "b": -1,
    "w": 10,
    "h": 10,
    "dws": [
        "MAR",
        "TAR",
        "LOR",
        "ROT",
        "ARM",
        "RATO",
        "LOMA",
        "ROMA",
        "ROAM",
        "TAM",
        "TARO",
        "MOA",
        "TORA",
        "ROTL",
        "MOT",
        "OLM",
        "TOM",
        "MAT",
        "RAM",
        "TAO",
        "LOTA",
        "ALT",
        "ORA",
        "TOR",
        "OAT",
        "ROTAL",
        "MOL",
        "MOR",
        "MORA",
        "TOLA",
        "ROMAL",
        "TOLAR",
        "LAT",
        "ART",
        "MORT",
        "LAR",
        "ROM",
        "MARL",
        "LOT",
        "MOLA",
        "RAT",
        "LAM",
        "ROTA",
        "AMORT",
        "MAL",
        "OAR",
        "ORT",
        "MORAT",
        "OMA",
        "MORTAL",
        "MORAL",
        "MOLAR",
        "ATOM",
        "ORAL",
        "MART",
        "MALT",
        "MOAT",
        "TRAM",
        "ALTO",
        "LOAM",
        "MOLT"
    ],
    "ws": []
}