{
    "id": 392,
    "sub_category": "Peak Pack",
    "category": "Mountain Group",
    "type": 0,
    "letters": "DILOST",
    "mov": 28,
    "shovels": 1,
    "coins": 5,
    "rows": 15,
    "cols": 15,
    "c": 0,
    "b": -1,
    "w": 15,
    "h": 13,
    "dws": [
        "DOLT",
        "LODS",
        "ISO",
        "OLDS",
        "SOT",
        "TOD",
        "LITS",
        "LIDOS",
        "DOITS",
        "TODS",
        "SOD",
        "OLID",
        "LIT",
        "LIS",
        "TIS",
        "SLOID",
        "OIS",
        "DOS",
        "LID",
        "LOIDS",
        "ODS",
        "LOTI",
        "DOL",
        "TID",
        "TIL",
        "TIDS",
        "LOD",
        "DOST",
        "LSD",
        "LOS",
        "IOS",
        "SOLI",
        "DOLS",
        "OLD",
        "IDOLS",
        "DIT",
        "DOILT",
        "SILD",
        "DOT",
        "LOID",
        "LIDO",
        "SOLDI",
        "DIOLS",
        "DIS",
        "ODIST",
        "TOILS",
        "DOIT",
        "LOT",
        "DOLTS",
        "IDS",
        "OIL",
        "ITS",
        "SIT",
        "TILS",
        "SOL",
        "DITS",
        "DIOL",
        "DSO",
        "LOTS",
        "SOIL"
    ],
    "ws": [
        {
            "w": "DOTS",
            "v": false,
            "row": 8,
            "col": 6,
            "def": "Plural of dot."
        },
        {
            "w": "IDOL",
            "v": false,
            "row": 6,
            "col": 1,
            "def": "A graven image or representation of anything that is revered, or believed to convey spiritual power."
        },
        {
            "w": "LIDS",
            "v": true,
            "row": 1,
            "col": 9,
            "def": "Plural form of lid."
        },
        {
            "w": "LIST",
            "v": false,
            "row": 2,
            "col": 0,
            "def": "A strip of fabric, especially from the edge of a piece of cloth."
        },
        {
            "w": "LOST",
            "v": true,
            "row": 6,
            "col": 9,
            "def": "Simple past tense and past participle of lose."
        },
        {
            "w": "OILS",
            "v": false,
            "row": 5,
            "col": 4,
            "def": "Plural form of oil."
        },
        {
            "w": "SLID",
            "v": false,
            "row": 3,
            "col": 4,
            "def": "Simple past tense and past participle of slide."
        },
        {
            "w": "SLOT",
            "v": false,
            "row": 4,
            "col": 1,
            "def": "A narrow depression, perforation, or aperture; especially, one for the reception of a piece fitting or sliding in it."
        },
        {
            "w": "SOLD",
            "v": false,
            "row": 8,
            "col": 1,
            "def": "Simple past tense and past participle of sell."
        },
        {
            "w": "TOLD",
            "v": true,
            "row": 0,
            "col": 7,
            "def": "Simple past tense and past participle of tell."
        },
        {
            "w": "SILO",
            "v": true,
            "row": 5,
            "col": 7,
            "def": "A vertical building, usually circular, used for the storage of grain."
        },
        {
            "w": "TOIL",
            "v": false,
            "row": 1,
            "col": 6,
            "def": "Labour, work."
        },
        {
            "w": "SILT",
            "v": true,
            "row": 0,
            "col": 0,
            "def": "Mud or fine earth deposited from running or standing water."
        },
        {
            "w": "SLIT",
            "v": false,
            "row": 0,
            "col": 0,
            "def": "A narrow cut or opening; a slot."
        },
        {
            "w": "SOLID",
            "v": true,
            "row": 2,
            "col": 2,
            "def": "In the solid state; not fluid."
        },
        {
            "w": "STOLID",
            "v": true,
            "row": 3,
            "col": 4,
            "def": "Having or revealing little emotion or sensibility."
        }
    ]
}