{
    "id": 3938,
    "sub_category": "Erode Packx",
    "category": "West Group",
    "type": 0,
    "letters": "EGMNTU",
    "mov": 30,
    "shovels": 1,
    "coins": 5,
    "rows": 15,
    "cols": 15,
    "c": 0,
    "b": -1,
    "w": 12,
    "h": 9,
    "dws": [
        "GNU",
        "MENT",
        "MEU",
        "GUE",
        "NEG",
        "TUNG",
        "TEGU",
        "NUG",
        "UTE",
        "MUNT",
        "MUNG",
        "TUM",
        "MUT",
        "UNGET",
        "TEG",
        "TUN",
        "GEN",
        "NEUM",
        "MUNGE",
        "ENG",
        "MUN",
        "MENG",
        "GEUM",
        "GENU",
        "GENT",
        "GEM",
        "MET",
        "NET"
    ],
    "ws": [
        {
            "w": "GET",
            "v": true,
            "row": 0,
            "col": 1,
            "def": "To obtain; to acquire."
        },
        {
            "w": "GUM",
            "v": false,
            "row": 0,
            "col": 1,
            "def": "The flesh round the teeth."
        },
        {
            "w": "GUN",
            "v": true,
            "row": 4,
            "col": 0,
            "def": "A very portable, short firearm, for hand use, which fires bullets or projectiles, such as a handgun, revolver, pistol, or Derringer."
        },
        {
            "w": "GUT",
            "v": true,
            "row": 1,
            "col": 9,
            "def": "The alimentary canal, especially the intestine."
        },
        {
            "w": "MEN",
            "v": false,
            "row": 6,
            "col": 4,
            "def": "Plural form of man."
        },
        {
            "w": "MUG",
            "v": true,
            "row": 5,
            "col": 2,
            "def": "Easily fooled, gullible."
        },
        {
            "w": "NUT",
            "v": true,
            "row": 6,
            "col": 8,
            "def": "A hard-shelled seed."
        },
        {
            "w": "TEN",
            "v": false,
            "row": 3,
            "col": 2,
            "def": "A numerical value equal to 10; the number occurring after nine and before eleven, represented in Roman numerals as X, in Arabic numerals as 10, and in the hexadecimal system (base 16) as A."
        },
        {
            "w": "TUG",
            "v": false,
            "row": 4,
            "col": 6,
            "def": "To pull or drag with great effort."
        },
        {
            "w": "EMU",
            "v": false,
            "row": 7,
            "col": 6,
            "def": "A large flightless bird native to Australia, Dromaius novaehollandiae."
        },
        {
            "w": "MEG",
            "v": false,
            "row": 1,
            "col": 7,
            "def": "Common abbreviation for many/any unit having the SI prefix mega-, such as megahertz."
        },
        {
            "w": "MENU",
            "v": true,
            "row": 1,
            "col": 7,
            "def": "The details of the food to be served at a banquet; a bill of fare."
        },
        {
            "w": "MUTE",
            "v": true,
            "row": 0,
            "col": 3,
            "def": "To silence, to make quiet."
        },
        {
            "w": "TUNE",
            "v": true,
            "row": 4,
            "col": 6,
            "def": "A melody."
        },
        {
            "w": "UNMET",
            "v": false,
            "row": 5,
            "col": 0,
            "def": "Not met; unfulfilled; not achieved; fallen short of."
        },
        {
            "w": "NUTMEG",
            "v": true,
            "row": 3,
            "col": 4,
            "def": "An evergreen tree, Myristica fragrans, cultivated in the East Indies for its spicy seeds."
        }
    ]
}