{
    "id": "39457572-0d45-11eb-a781-34363b5fdca4",
    "type": 0,
    "letters": "ABCDEK",
    "mov": 21,
    "shovels": 1,
    "coins": 5,
    "rows": 8,
    "cols": 2,
    "c": 0,
    "b": -1,
    "dws": [
        "BAC",
        "KAB",
        "KEB",
        "DEB",
        "CAD",
        "AKE",
        "KAE",
        "KEA",
        "DAK",
        "DAE",
        "KED",
        "ABED",
        "BECK",
        "DACK",
        "ACED",
        "CADE",
        "ECAD",
        "AKED",
        "KAED",
        "KADE"
    ],
    "ws": [
        {
            "w": "ACE",
            "v": false,
            "row": 2,
            "col": 0
        },
        {
            "w": "BAD",
            "v": false,
            "row": 8,
            "col": 2
        },
        {
            "w": "BED",
            "v": true,
            "row": 0,
            "col": 5
        },
        {
            "w": "CAB",
            "v": false,
            "row": 3,
            "col": 2
        },
        {
            "w": "DAB",
            "v": true,
            "row": 6,
            "col": 6
        },
        {
            "w": "BACK",
            "v": false,
            "row": 0,
            "col": 5
        },
        {
            "w": "BADE",
            "v": true,
            "row": 6,
            "col": 9
        },
        {
            "w": "BAKE",
            "v": true,
            "row": 1,
            "col": 0
        },
        {
            "w": "BEAD",
            "v": false,
            "row": 8,
            "col": 6
        },
        {
            "w": "BEAK",
            "v": false,
            "row": 3,
            "col": 6
        },
        {
            "w": "CAKE",
            "v": true,
            "row": 1,
            "col": 9
        },
        {
            "w": "DACE",
            "v": false,
            "row": 1,
            "col": 2
        },
        {
            "w": "DECK",
            "v": true,
            "row": 1,
            "col": 2
        },
        {
            "w": "BAKED",
            "v": false,
            "row": 6,
            "col": 2
        },
        {
            "w": "CAKED",
            "v": true,
            "row": 0,
            "col": 7
        },
        {
            "w": "BACKED",
            "v": true,
            "row": 3,
            "col": 4
        }
    ]
}