{
    "id": "39de9aaa-0d44-11eb-a781-34363b5fdca4",
    "type": 0,
    "letters": "GORTUY",
    "mov": 25,
    "shovels": 1,
    "coins": 5,
    "rows": 10,
    "cols": 2,
    "c": 0,
    "b": -1,
    "dws": [
        "YGO",
        "GOY",
        "YUG",
        "TYG",
        "RYU",
        "ORG",
        "GOR",
        "ORT",
        "TOR",
        "GUR",
        "ORGY",
        "GYRO",
        "RYOT",
        "TORY",
        "TROY",
        "TYRO",
        "YURT",
        "GROT",
        "TROG",
        "TROU",
        "TRUG",
        "ROGUY",
        "GOUTY",
        "GUYOT",
        "GROUTY",
        "GOT",
        "OUT",
        "TOY",
        "TUG"
    ],
    "ws": [
        {
            "w": "GUT",
            "v": false,
            "row": 5,
            "col": 4
        },
        {
            "w": "GUY",
            "v": false,
            "row": 3,
            "col": 2
        },
        {
            "w": "OUR",
            "v": true,
            "row": 2,
            "col": 7
        },
        {
            "w": "ROT",
            "v": true,
            "row": 0,
            "col": 9
        },
        {
            "w": "RUG",
            "v": true,
            "row": 6,
            "col": 0
        },
        {
            "w": "RUT",
            "v": false,
            "row": 4,
            "col": 7
        },
        {
            "w": "TOG",
            "v": true,
            "row": 0,
            "col": 6
        },
        {
            "w": "TRY",
            "v": true,
            "row": 5,
            "col": 6
        },
        {
            "w": "YOU",
            "v": false,
            "row": 6,
            "col": 2
        },
        {
            "w": "GORY",
            "v": true,
            "row": 3,
            "col": 2
        },
        {
            "w": "GOUT",
            "v": false,
            "row": 2,
            "col": 6
        },
        {
            "w": "ROUT",
            "v": false,
            "row": 0,
            "col": 3
        },
        {
            "w": "TOUR",
            "v": true,
            "row": 4,
            "col": 9
        },
        {
            "w": "YOUR",
            "v": false,
            "row": 7,
            "col": 6
        },
        {
            "w": "GROUT",
            "v": false,
            "row": 8,
            "col": 0
        },
        {
            "w": "YOGURT",
            "v": true,
            "row": 3,
            "col": 4
        }
    ]
}