{
    "id": "3cd9cd70-0d43-11eb-a781-34363b5fdca4",
    "type": 0,
    "letters": "CEINOV",
    "mov": 23,
    "shovels": 1,
    "coins": 5,
    "rows": 9,
    "cols": 2,
    "c": 0,
    "b": -1,
    "dws": [
        "VIN",
        "NIE",
        "VOE",
        "EVO",
        "ECO",
        "VINO",
        "CONI",
        "CION",
        "ONIE",
        "NEVI",
        "CINE",
        "CIVE",
        "COVIN",
        "OVINE",
        "ENVOI",
        "COVEN",
        "EONIC",
        "COVINE",
        "COIN",
        "VINE"
    ],
    "ws": [
        {
            "w": "CON",
            "v": false,
            "row": 3,
            "col": 6
        },
        {
            "w": "EON",
            "v": true,
            "row": 6,
            "col": 2
        },
        {
            "w": "ICE",
            "v": true,
            "row": 1,
            "col": 2
        },
        {
            "w": "ION",
            "v": false,
            "row": 6,
            "col": 4
        },
        {
            "w": "ONE",
            "v": false,
            "row": 6,
            "col": 0
        },
        {
            "w": "VIE",
            "v": false,
            "row": 3,
            "col": 0
        },
        {
            "w": "CONE",
            "v": false,
            "row": 4,
            "col": 3
        },
        {
            "w": "COVE",
            "v": false,
            "row": 8,
            "col": 6
        },
        {
            "w": "ICON",
            "v": true,
            "row": 3,
            "col": 1
        },
        {
            "w": "NICE",
            "v": true,
            "row": 6,
            "col": 6
        },
        {
            "w": "ONCE",
            "v": false,
            "row": 8,
            "col": 1
        },
        {
            "w": "OVEN",
            "v": true,
            "row": 6,
            "col": 9
        },
        {
            "w": "VEIN",
            "v": true,
            "row": 0,
            "col": 8
        },
        {
            "w": "VICE",
            "v": true,
            "row": 1,
            "col": 6
        },
        {
            "w": "VOICE",
            "v": false,
            "row": 1,
            "col": 0
        },
        {
            "w": "NOVICE",
            "v": true,
            "row": 3,
            "col": 4
        }
    ]
}