{
    "id": "3f9c8648-0d42-11eb-a781-34363b5fdca4",
    "type": 0,
    "letters": "HORSST",
    "mov": 19,
    "shovels": 1,
    "coins": 5,
    "rows": 7,
    "cols": 2,
    "c": 0,
    "b": -1,
    "dws": [
        "SHO",
        "SOH",
        "HOS",
        "OHS",
        "ORS",
        "SOS",
        "RHO",
        "THO",
        "ORT",
        "HORS",
        "RHOS",
        "SOTH",
        "HOTS",
        "TOSH",
        "SOHS",
        "HOSS",
        "ORTS",
        "ROST",
        "TORS",
        "SOTS",
        "THRO",
        "HORST",
        "SOTHS",
        "ROSTS",
        "HORSTS"
    ],
    "ws": [
        {
            "w": "HOT",
            "v": false,
            "row": 5,
            "col": 3
        },
        {
            "w": "ROT",
            "v": true,
            "row": 7,
            "col": 1
        },
        {
            "w": "SOT",
            "v": false,
            "row": 7,
            "col": 7
        },
        {
            "w": "TOR",
            "v": true,
            "row": 7,
            "col": 9
        },
        {
            "w": "HOST",
            "v": true,
            "row": 0,
            "col": 9
        },
        {
            "w": "ROTS",
            "v": true,
            "row": 0,
            "col": 6
        },
        {
            "w": "SHOT",
            "v": false,
            "row": 3,
            "col": 6
        },
        {
            "w": "SORT",
            "v": true,
            "row": 0,
            "col": 3
        },
        {
            "w": "TOSS",
            "v": true,
            "row": 1,
            "col": 0
        },
        {
            "w": "HOSTS",
            "v": true,
            "row": 3,
            "col": 7
        },
        {
            "w": "SHORT",
            "v": false,
            "row": 0,
            "col": 3
        },
        {
            "w": "SHOTS",
            "v": false,
            "row": 3,
            "col": 0
        },
        {
            "w": "SORTS",
            "v": false,
            "row": 8,
            "col": 0
        },
        {
            "w": "SHORTS",
            "v": true,
            "row": 3,
            "col": 4
        }
    ]
}