{
    "id": 4028,
    "sub_category": "Gust Pack",
    "category": "Wind Group",
    "type": 0,
    "letters": "ADEELS",
    "mov": 28,
    "shovels": 1,
    "coins": 5,
    "rows": 15,
    "cols": 15,
    "c": 0,
    "b": -1,
    "w": 13,
    "h": 11,
    "dws": [
        "LEED",
        "SAL",
        "LES",
        "SED",
        "DAS",
        "SLAE",
        "DEES",
        "LADE",
        "LADS",
        "DAE",
        "SLEE",
        "DAES",
        "SLADE",
        "EELS",
        "SELE",
        "SEL",
        "ALE",
        "DELS",
        "LASED",
        "DEE",
        "LEA",
        "EALE",
        "ALEE",
        "LADES",
        "ESE",
        "ELD",
        "LASE",
        "LSD",
        "LAS",
        "SADE",
        "SAE",
        "LEES",
        "LEE",
        "DEALS",
        "LEADS",
        "ELS",
        "DELES",
        "LEAS",
        "LED",
        "ALS",
        "AEDES",
        "DALES",
        "LEDES",
        "DALS",
        "SELD",
        "LEDE",
        "SEEL",
        "ALES",
        "EDS",
        "EAS",
        "DAL",
        "SEA",
        "ELDS",
        "DELE",
        "EALES",
        "SEE",
        "DEL",
        "LEASE",
        "SAD"
    ],
    "ws": [
        {
            "w": "ADS",
            "v": false,
            "row": 6,
            "col": 0,
            "def": "Plural form of ad."
        },
        {
            "w": "LAD",
            "v": false,
            "row": 6,
            "col": 7,
            "def": "A boy or young man."
        },
        {
            "w": "EEL",
            "v": false,
            "row": 4,
            "col": 4,
            "def": "Any fish of the order Anguilliformes which are elongated and resemble snakes. There are freshwater and marine species."
        },
        {
            "w": "DEAL",
            "v": false,
            "row": 3,
            "col": 1,
            "def": "A division, a portion, a share."
        },
        {
            "w": "EASE",
            "v": false,
            "row": 7,
            "col": 4,
            "def": "The state of being comfortable or free from stress."
        },
        {
            "w": "ELSE",
            "v": false,
            "row": 3,
            "col": 6,
            "def": "Other; in addition to previously mentioned items."
        },
        {
            "w": "LEAD",
            "v": false,
            "row": 8,
            "col": 1,
            "def": "A heavy, pliable, inelastic metal element, having a bright, bluish color, but easily tarnished; both malleable and ductile, though with little tenacity. It is easily fusible, forms alloys with other metals, and is an ingredient of solder and type metal. Atomic number 82, symbol Pb (from Latin plumbum)."
        },
        {
            "w": "SALE",
            "v": true,
            "row": 0,
            "col": 2,
            "def": "An exchange of goods or services for currency or credit."
        },
        {
            "w": "SEAL",
            "v": true,
            "row": 4,
            "col": 0,
            "def": "A pinniped, particularly an earless seal (true seal) or eared seal."
        },
        {
            "w": "SEED",
            "v": true,
            "row": 6,
            "col": 2,
            "def": "A fertilized grain, initially encased in a fruit, which may grow into a mature plant."
        },
        {
            "w": "SLED",
            "v": true,
            "row": 5,
            "col": 7,
            "def": "A small, light vehicle with runners, used, mostly by young persons, for sliding on snow or ice. (A \"sled\" in this sense is not pulled by an animal as a \"sleigh\" is.)."
        },
        {
            "w": "DALE",
            "v": true,
            "row": 6,
            "col": 9,
            "def": "A valley in an otherwise hilly area."
        },
        {
            "w": "EASED",
            "v": true,
            "row": 0,
            "col": 9,
            "def": "Past participle of ease."
        },
        {
            "w": "EASEL",
            "v": true,
            "row": 0,
            "col": 6,
            "def": "An upright frame, typically on three legs, for displaying or supporting something, such as an artist's canvas."
        },
        {
            "w": "LEASED",
            "v": true,
            "row": 3,
            "col": 4,
            "def": "Simple past tense and past participle of lease."
        },
        {
            "w": "SEALED",
            "v": false,
            "row": 0,
            "col": 2,
            "def": "Simple past tense and past participle of seal."
        }
    ]
}