{
    "id": 4074,
    "sub_category": "Whisk Pack",
    "category": "Wind Group",
    "type": 0,
    "letters": "ADEEMN",
    "mov": 24,
    "shovels": 1,
    "coins": 5,
    "rows": 15,
    "cols": 15,
    "c": 0,
    "b": -1,
    "w": 12,
    "h": 10,
    "dws": [
        "DAMN",
        "NEMA",
        "NAE",
        "MAE",
        "END",
        "MEN",
        "EME",
        "MEANE",
        "DAM",
        "ANE",
        "DAE",
        "ADMEN",
        "DNA",
        "DEN",
        "MED",
        "ENE",
        "NEEM",
        "EAN",
        "AMENDE",
        "MANED",
        "DEE",
        "AME",
        "NAM",
        "DAN",
        "MEE",
        "MENE",
        "NEE",
        "MAD",
        "ADEEM",
        "MAND",
        "DEME",
        "MENAD",
        "NED",
        "MEED",
        "EMEND",
        "MNA",
        "MAN",
        "AMENE",
        "AND",
        "DEEN",
        "DENE",
        "EDEMA",
        "ENEMA",
        "EEN",
        "MEANED"
    ],
    "ws": [
        {
            "w": "AMEN",
            "v": false,
            "row": 5,
            "col": 6,
            "def": "At the end of Judeo-Christian prayers: so be it."
        },
        {
            "w": "DEAN",
            "v": false,
            "row": 6,
            "col": 3,
            "def": "A senior official in a college or university, who may be in charge of a division or faculty (for example, the dean of science) or have some other advisory or disciplinary function (for example, the dean of students)."
        },
        {
            "w": "MADE",
            "v": false,
            "row": 4,
            "col": 1,
            "def": "A maggot or grub."
        },
        {
            "w": "MANE",
            "v": true,
            "row": 0,
            "col": 7,
            "def": "Longer hair growth on back of neck of an animal, especially a horse or lion."
        },
        {
            "w": "MEAN",
            "v": true,
            "row": 3,
            "col": 6,
            "def": "To intend."
        },
        {
            "w": "NAME",
            "v": false,
            "row": 1,
            "col": 6,
            "def": "Any nounal word or phrase which indicates a particular person, place, class, or thing."
        },
        {
            "w": "NEED",
            "v": false,
            "row": 2,
            "col": 0,
            "def": "A requirement for something."
        },
        {
            "w": "DAME",
            "v": false,
            "row": 3,
            "col": 4,
            "def": "The equivalent title to Sir for a female knight."
        },
        {
            "w": "MEAD",
            "v": true,
            "row": 6,
            "col": 1,
            "def": "An alcoholic drink fermented from honey and water."
        },
        {
            "w": "DEEM",
            "v": true,
            "row": 1,
            "col": 1,
            "def": "To judge; pass judgement on; sentence; doom."
        },
        {
            "w": "MEND",
            "v": true,
            "row": 0,
            "col": 9,
            "def": "A place, as in clothing, which has been repaired by mending."
        },
        {
            "w": "NAMED",
            "v": true,
            "row": 5,
            "col": 9,
            "def": "Having a name."
        },
        {
            "w": "AMEND",
            "v": false,
            "row": 8,
            "col": 1,
            "def": "To make better."
        },
        {
            "w": "DEMEAN",
            "v": true,
            "row": 3,
            "col": 4,
            "def": "To debase; to lower; to degrade."
        }
    ]
}