{
    "id": 4112,
    "sub_category": "Brim Pack",
    "category": "Shore Group",
    "type": 0,
    "letters": "ADEISV",
    "mov": 30,
    "shovels": 1,
    "coins": 5,
    "rows": 15,
    "cols": 15,
    "c": 0,
    "b": -1,
    "w": 14,
    "h": 11,
    "dws": [
        "DEVIS",
        "VIES",
        "DIE",
        "SEI",
        "DIVAS",
        "DAVIES",
        "DIVS",
        "DEVA",
        "SED",
        "SAV",
        "SAI",
        "DAS",
        "VIAS",
        "SADI",
        "VAES",
        "DEV",
        "VIDE",
        "DAE",
        "AIS",
        "DEVI",
        "AVE",
        "DAES",
        "DAIS",
        "DESI",
        "VAS",
        "IDEAS",
        "VIDS",
        "VISAED",
        "VISED",
        "DEI",
        "DIVES",
        "AVISE",
        "AIDES",
        "IDE",
        "VADE",
        "DIVA",
        "SADE",
        "AVES",
        "SAE",
        "IDES",
        "VID",
        "VADES",
        "DIV",
        "VIS",
        "DIS",
        "DISA",
        "VAE",
        "DEVS",
        "SIDA",
        "SEV",
        "EDS",
        "EAS",
        "DEVAS",
        "IDS",
        "DIES",
        "VIAE",
        "AIDS",
        "AIDE",
        "SAVE",
        "VASE",
        "SEA"
    ],
    "ws": [
        {
            "w": "ADS",
            "v": true,
            "row": 1,
            "col": 3,
            "def": "Plural form of ad."
        },
        {
            "w": "AID",
            "v": false,
            "row": 0,
            "col": 4,
            "def": "Help; assistance; succor, relief."
        },
        {
            "w": "SAD",
            "v": false,
            "row": 9,
            "col": 5,
            "def": "Sated, having had one's fill; satisfied, weary."
        },
        {
            "w": "VIA",
            "v": false,
            "row": 6,
            "col": 0,
            "def": "A main road or highway, especially in ancient Rome. (Mainly used in set phrases, below.)."
        },
        {
            "w": "VIE",
            "v": false,
            "row": 5,
            "col": 7,
            "def": "To rival; to struggle for superiority; to contend; to compete eagerly so as to gain something."
        },
        {
            "w": "DIVE",
            "v": true,
            "row": 0,
            "col": 6,
            "def": "To swim under water."
        },
        {
            "w": "IDEA",
            "v": false,
            "row": 1,
            "col": 6,
            "def": "A musical theme or melodic subject."
        },
        {
            "w": "SAID",
            "v": false,
            "row": 7,
            "col": 4,
            "def": "Simple past tense and past participle of say."
        },
        {
            "w": "SIDE",
            "v": true,
            "row": 1,
            "col": 1,
            "def": "A bounding straight edge of a two-dimensional shape."
        },
        {
            "w": "VISA",
            "v": true,
            "row": 6,
            "col": 6,
            "def": "A permit to enter and leave a country, normally issued by the authorities of the country to be visited."
        },
        {
            "w": "AVID",
            "v": true,
            "row": 6,
            "col": 2,
            "def": "Enthusiastic; passionate; longing eagerly; eager; greedy."
        },
        {
            "w": "VIED",
            "v": false,
            "row": 2,
            "col": 0,
            "def": "Simple past tense and past participle of vie."
        },
        {
            "w": "VISE",
            "v": false,
            "row": 8,
            "col": 1,
            "def": "An instrument consisting of two jaws, closing by a screw, lever, cam, or the like, for holding work, as in filing."
        },
        {
            "w": "ASIDE",
            "v": true,
            "row": 1,
            "col": 9,
            "def": "To or on one side so as to be out of the way."
        },
        {
            "w": "SAVED",
            "v": false,
            "row": 3,
            "col": 3,
            "def": "Simple past tense and past participle of save."
        },
        {
            "w": "ADVISE",
            "v": true,
            "row": 3,
            "col": 4,
            "def": "To look at, watch; to see."
        }
    ]
}