{
    "id": 4140,
    "sub_category": "Tide Pack",
    "category": "Shore Group",
    "type": 0,
    "letters": "AEEHRS",
    "mov": 30,
    "shovels": 1,
    "coins": 5,
    "rows": 15,
    "cols": 15,
    "c": 0,
    "b": -1,
    "w": 14,
    "h": 11,
    "dws": [
        "REHS",
        "SHA",
        "RASE",
        "HES",
        "ERE",
        "SER",
        "REES",
        "HEARS",
        "ERES",
        "HAE",
        "SERE",
        "SHEA",
        "ERS",
        "ARSE",
        "HAES",
        "EHS",
        "ESE",
        "SERA",
        "ARES",
        "SAE",
        "ARS",
        "SAR",
        "ERAS",
        "AHS",
        "RESH",
        "SHERE",
        "HERS",
        "EASER",
        "REE",
        "RAH",
        "HERES",
        "HERSE",
        "EARS",
        "REH",
        "RAS",
        "HARES",
        "SAREE",
        "EAS",
        "HAERES",
        "RHEA",
        "RES",
        "RHEAS",
        "RAHS",
        "SEE",
        "SHEER",
        "HARE",
        "SEER",
        "ASH"
    ],
    "ws": [
        {
            "w": "ARE",
            "v": false,
            "row": 8,
            "col": 2,
            "def": "Second-person singular simple present tense of be."
        },
        {
            "w": "EAR",
            "v": true,
            "row": 6,
            "col": 6,
            "def": "The organ of hearing, consisting of the pinna, auditory canal, eardrum, malleus, incus, stapes and cochlea."
        },
        {
            "w": "ERA",
            "v": true,
            "row": 0,
            "col": 3,
            "def": "A time period of indeterminate length, generally more than one year."
        },
        {
            "w": "HAS",
            "v": false,
            "row": 3,
            "col": 4,
            "def": "Third-person singular simple present indicative form of have."
        },
        {
            "w": "HER",
            "v": false,
            "row": 3,
            "col": 0,
            "def": "Belonging to her."
        },
        {
            "w": "SEA",
            "v": false,
            "row": 5,
            "col": 2,
            "def": "A large body of salty water. (Major seas are known as oceans.)."
        },
        {
            "w": "SHE",
            "v": true,
            "row": 5,
            "col": 8,
            "def": "A female person or animal."
        },
        {
            "w": "EASE",
            "v": false,
            "row": 0,
            "col": 3,
            "def": "The state of being comfortable or free from stress."
        },
        {
            "w": "HEAR",
            "v": true,
            "row": 1,
            "col": 9,
            "def": "To sympathize with; to share the feeling or opinion of."
        },
        {
            "w": "HERE",
            "v": true,
            "row": 0,
            "col": 1,
            "def": "This place; this location."
        },
        {
            "w": "RASH",
            "v": false,
            "row": 1,
            "col": 6,
            "def": "Hasty, not careful or considered."
        },
        {
            "w": "SEAR",
            "v": false,
            "row": 1,
            "col": 0,
            "def": "Dry; withered, especially of vegetation."
        },
        {
            "w": "SHARE",
            "v": false,
            "row": 7,
            "col": 4,
            "def": "A portion of something, especially a portion given or allotted to someone."
        },
        {
            "w": "SHEAR",
            "v": true,
            "row": 5,
            "col": 2,
            "def": "To cut, originally with a sword or other bladed weapon, now usually with shears, or as if using shears."
        },
        {
            "w": "ERASE",
            "v": true,
            "row": 0,
            "col": 6,
            "def": "To remove markings or information."
        },
        {
            "w": "HEARSE",
            "v": true,
            "row": 3,
            "col": 4,
            "def": "A hind in the second year of its age."
        }
    ]
}