{
    "id": 4152,
    "sub_category": "Sea Packx",
    "category": "Shore Group",
    "type": 0,
    "letters": "AEEKRW",
    "mov": 30,
    "shovels": 1,
    "coins": 5,
    "rows": 15,
    "cols": 15,
    "c": 0,
    "b": -1,
    "w": 14,
    "h": 10,
    "dws": [
        "KAE",
        "AREW",
        "AWEE",
        "RAKEE",
        "KREWE",
        "ERE",
        "AWK",
        "WAKER",
        "WEER",
        "WARE",
        "KAW",
        "EWER",
        "EEW",
        "WEKA",
        "REW",
        "REWAKE",
        "AKEE",
        "REE",
        "REKE",
        "EWK",
        "AKE",
        "WAE",
        "ERK",
        "REAK",
        "WARK",
        "KEA",
        "REEK",
        "ARE",
        "RAW",
        "EKE"
    ],
    "ws": [
        {
            "w": "ARK",
            "v": true,
            "row": 2,
            "col": 6,
            "def": "A large box with a flat lid."
        },
        {
            "w": "AWE",
            "v": false,
            "row": 7,
            "col": 2,
            "def": "A feeling of fear and reverence."
        },
        {
            "w": "EAR",
            "v": false,
            "row": 2,
            "col": 5,
            "def": "The organ of hearing, consisting of the pinna, auditory canal, eardrum, malleus, incus, stapes and cochlea."
        },
        {
            "w": "ERA",
            "v": true,
            "row": 5,
            "col": 2,
            "def": "A time period of indeterminate length, generally more than one year."
        },
        {
            "w": "WAR",
            "v": false,
            "row": 6,
            "col": 0,
            "def": "Organized, large-scale, armed conflict between countries or between national, ethnic, or other sizeable groups, usually involving the engagement of military forces."
        },
        {
            "w": "EEK",
            "v": false,
            "row": 2,
            "col": 1,
            "def": "Representing a scream or shriek (especially in comic strips)."
        },
        {
            "w": "EWE",
            "v": true,
            "row": 0,
            "col": 5,
            "def": "A female sheep, as opposed to a ram."
        },
        {
            "w": "WEE",
            "v": true,
            "row": 6,
            "col": 0,
            "def": "Small, little."
        },
        {
            "w": "WAKE",
            "v": true,
            "row": 6,
            "col": 6,
            "def": "(often followed by up) To stop sleeping."
        },
        {
            "w": "WEAK",
            "v": false,
            "row": 4,
            "col": 3,
            "def": "Lacking in force (usually strength) or ability."
        },
        {
            "w": "WEAR",
            "v": false,
            "row": 6,
            "col": 6,
            "def": "To guard; watch; keep watch, especially from entry or invasion."
        },
        {
            "w": "WEEK",
            "v": true,
            "row": 0,
            "col": 2,
            "def": "Any period of seven consecutive days."
        },
        {
            "w": "WERE",
            "v": false,
            "row": 0,
            "col": 2,
            "def": "Second-person singular simple past tense indicative of be."
        },
        {
            "w": "RAKE",
            "v": false,
            "row": 8,
            "col": 4,
            "def": "A garden tool with a row of pointed teeth fixed to a long handle, used for collecting grass or debris, or for loosening soil."
        },
        {
            "w": "WREAK",
            "v": true,
            "row": 5,
            "col": 9,
            "def": "To cause, inflict or let out, especially if causing harm or injury."
        },
        {
            "w": "WEAKER",
            "v": true,
            "row": 3,
            "col": 4,
            "def": "Comparative form of weak: more weak."
        }
    ]
}