{
    "id": 4160,
    "sub_category": "Sea Packx",
    "category": "Shore Group",
    "type": 0,
    "letters": "AOPRRT",
    "mov": 30,
    "shovels": 1,
    "coins": 5,
    "rows": 15,
    "cols": 15,
    "c": 0,
    "b": -1,
    "w": 12,
    "h": 11,
    "dws": [
        "TAP",
        "PRAT",
        "ATOP",
        "RAP",
        "POT",
        "RATO",
        "PROA",
        "TARO",
        "TORA",
        "POA",
        "PRAO",
        "TORR",
        "APO",
        "PARR",
        "RORT",
        "PORTA",
        "TAO",
        "ORRA",
        "ORA",
        "TOR",
        "APORT",
        "TROP",
        "OPA",
        "ORT",
        "ROTA",
        "ART",
        "PRO",
        "TOP",
        "OAT"
    ],
    "ws": [
        {
            "w": "OAR",
            "v": true,
            "row": 7,
            "col": 2,
            "def": "An implement used to propel a boat or a ship in the water, having a flat blade at one end, being rowed from the other end and being normally fastened to the vessel."
        },
        {
            "w": "PAR",
            "v": true,
            "row": 0,
            "col": 5,
            "def": "By; with."
        },
        {
            "w": "PAT",
            "v": false,
            "row": 3,
            "col": 6,
            "def": "The sound of a light slap or tap with a soft flat object, especially of a footstep."
        },
        {
            "w": "RAT",
            "v": false,
            "row": 6,
            "col": 4,
            "def": "A medium-sized rodent belonging to the genus Rattus."
        },
        {
            "w": "ROT",
            "v": false,
            "row": 8,
            "col": 6,
            "def": "To suffer decomposition due to biological action, especially by fungi or bacteria."
        },
        {
            "w": "TAR",
            "v": false,
            "row": 5,
            "col": 2,
            "def": "A black, oily, sticky, viscous substance, consisting mainly of hydrocarbons derived from organic materials such as wood, peat, or coal."
        },
        {
            "w": "APT",
            "v": false,
            "row": 8,
            "col": 2,
            "def": "Suitable; appropriate; fit or fitted; suited."
        },
        {
            "w": "OPT",
            "v": true,
            "row": 1,
            "col": 8,
            "def": "To choose; to select."
        },
        {
            "w": "PART",
            "v": true,
            "row": 5,
            "col": 8,
            "def": "A fraction of a whole; a portion."
        },
        {
            "w": "PORT",
            "v": true,
            "row": 3,
            "col": 6,
            "def": "A place on the coast at which ships can shelter, or dock to load and unload cargo or passengers."
        },
        {
            "w": "ROAR",
            "v": true,
            "row": 0,
            "col": 2,
            "def": "To make a loud, deep cry, especially from pain, anger, or other strong emotion."
        },
        {
            "w": "TARP",
            "v": false,
            "row": 0,
            "col": 0,
            "def": "Short form of tarpaulin."
        },
        {
            "w": "TRAP",
            "v": false,
            "row": 3,
            "col": 1,
            "def": "A machine or other device designed to catch (and sometimes kill) animals, either by holding them in a container, or by catching hold of part of the body."
        },
        {
            "w": "RAPT",
            "v": false,
            "row": 5,
            "col": 6,
            "def": "Snatched, taken away; abducted."
        },
        {
            "w": "PARROT",
            "v": true,
            "row": 3,
            "col": 4,
            "def": "A kind of bird, many species of which are colourful and able to mimic human speech."
        },
        {
            "w": "RAPTOR",
            "v": false,
            "row": 1,
            "col": 4,
            "def": "A bird of prey."
        }
    ]
}