{
    "id": 4166,
    "sub_category": "Gully Pack",
    "category": "Ravine Group",
    "type": 0,
    "letters": "AFLNTU",
    "mov": 26,
    "shovels": 1,
    "coins": 5,
    "rows": 15,
    "cols": 15,
    "c": 0,
    "b": -1,
    "w": 10,
    "h": 10,
    "dws": [
        "UTA",
        "ALF",
        "FLU",
        "LAUF",
        "AUF",
        "LUN",
        "FAUT",
        "FAUN",
        "ULNA",
        "NAT",
        "LUNT",
        "TUFA",
        "TUN",
        "LUNA",
        "LANT",
        "LATU",
        "TUAN",
        "ALU",
        "ULAN"
    ],
    "ws": [
        {
            "w": "ANT",
            "v": true,
            "row": 2,
            "col": 6,
            "def": "Any of various insects in the family Formicidae in the order Hymenoptera, typically living in large colonies composed almost entirely of flightless females."
        },
        {
            "w": "FAN",
            "v": false,
            "row": 3,
            "col": 4,
            "def": "A hand-held device consisting of concertinaed material, or slats of material, gathered together at one end, that may be opened out into the shape of a sector of a circle and waved back and forth in order to move air towards oneself and cool oneself."
        },
        {
            "w": "FAT",
            "v": true,
            "row": 7,
            "col": 2,
            "def": "A large tub or vessel for water, wine, or other liquids; a cistern."
        },
        {
            "w": "FUN",
            "v": false,
            "row": 7,
            "col": 2,
            "def": "Enjoyable, amusing."
        },
        {
            "w": "NUT",
            "v": true,
            "row": 2,
            "col": 8,
            "def": "A hard-shelled seed."
        },
        {
            "w": "TAN",
            "v": false,
            "row": 8,
            "col": 4,
            "def": "A symbol of the trigonometric function tangent."
        },
        {
            "w": "AFT",
            "v": true,
            "row": 0,
            "col": 9,
            "def": "The stern portion of a vessel."
        },
        {
            "w": "TAU",
            "v": true,
            "row": 0,
            "col": 7,
            "def": "The name of the letter T/\u03c4 in the Greek, Hebrew and ancient Semitic alphabets, being the nineteenth letter of the Classical and Modern Greek, the twentieth letter of Old and Ancient Greek."
        },
        {
            "w": "ALT",
            "v": false,
            "row": 9,
            "col": 6,
            "def": "A state of excitement, conveyed by a high pitched voice."
        },
        {
            "w": "LAT",
            "v": false,
            "row": 9,
            "col": 0,
            "def": "A Latvian coin and national monetary unit."
        },
        {
            "w": "AUNT",
            "v": false,
            "row": 2,
            "col": 6,
            "def": "A sister or sister-in-law of someone's parent."
        },
        {
            "w": "FLAT",
            "v": true,
            "row": 6,
            "col": 8,
            "def": "Having no variations in altitude."
        },
        {
            "w": "TUNA",
            "v": true,
            "row": 6,
            "col": 6,
            "def": "Any of several species of fish, of the genus Thunnus, in the family Scombridae."
        },
        {
            "w": "FLAN",
            "v": false,
            "row": 5,
            "col": 2,
            "def": "Baked tart with sweet or savoury filling in an open-topped pastry case (the only meaning in UK)."
        },
        {
            "w": "FAULT",
            "v": false,
            "row": 0,
            "col": 3,
            "def": "A defect; something that detracts from perfection."
        },
        {
            "w": "FLAUNT",
            "v": true,
            "row": 3,
            "col": 4,
            "def": "To wave or flutter smartly in the wind."
        }
    ]
}