{
    "id": 4172,
    "sub_category": "Gully Pack",
    "category": "Ravine Group",
    "type": 0,
    "letters": "DELMOY",
    "mov": 28,
    "shovels": 1,
    "coins": 5,
    "rows": 15,
    "cols": 15,
    "c": 0,
    "b": -1,
    "w": 11,
    "h": 11,
    "dws": [
        "OLDE",
        "EMO",
        "YOM",
        "YOD",
        "YOLD",
        "YLEM",
        "MOY",
        "DEY",
        "EMYD",
        "ODYLE",
        "MOYLE",
        "LYME",
        "LYM",
        "ODYL",
        "MOE",
        "OLE",
        "OLM",
        "MOYL",
        "OYE",
        "YODLE",
        "MOD",
        "MED",
        "OLDY",
        "DOL",
        "DEMY",
        "YODEL",
        "ELD",
        "YELM",
        "ELMY",
        "LOD",
        "MEL",
        "MOL",
        "DELO",
        "LOY",
        "YODE",
        "YELD",
        "MOLY",
        "DOMY",
        "DOY",
        "DOM",
        "LOME",
        "DEL",
        "LEY",
        "MOLE",
        "DOE"
    ],
    "ws": [
        {
            "w": "DYE",
            "v": true,
            "row": 3,
            "col": 6,
            "def": "A colourant, especially one that has an affinity to the substrate to which it is applied."
        },
        {
            "w": "ELM",
            "v": true,
            "row": 6,
            "col": 9,
            "def": "A tree of the genus Ulmus of the family Ulmaceae, large deciduous trees with alternate stipulate leaves and small apetalous flowers."
        },
        {
            "w": "LED",
            "v": true,
            "row": 6,
            "col": 7,
            "def": "Simple past tense and past participle of lead."
        },
        {
            "w": "OLD",
            "v": false,
            "row": 6,
            "col": 0,
            "def": "Of an object, concept, relationship, etc., having existed for a relatively long period of time."
        },
        {
            "w": "ODE",
            "v": true,
            "row": 0,
            "col": 3,
            "def": "A short poetical composition proper to be set to music or sung; a lyric poem; esp., now, a poem characterized by sustained noble sentiment and appropriate dignity of style."
        },
        {
            "w": "LYE",
            "v": false,
            "row": 6,
            "col": 7,
            "def": "A strong caustic alkaline solution of potassium or sodium salts, obtained by leaching wood ashes. It is much used in making soap as well as its use in biodiesel."
        },
        {
            "w": "DEMO",
            "v": true,
            "row": 0,
            "col": 5,
            "def": "A brief demonstration or visual explanation."
        },
        {
            "w": "DOME",
            "v": false,
            "row": 7,
            "col": 4,
            "def": "A common structural element of architecture that resembles the hollow upper half of a sphere, a cupola."
        },
        {
            "w": "MODE",
            "v": false,
            "row": 4,
            "col": 1,
            "def": "One of several ancient scales, one of which corresponds to the modern major scale and one to the natural minor scale."
        },
        {
            "w": "MOLD",
            "v": true,
            "row": 0,
            "col": 0,
            "def": "A hollow form or matrix for shaping a fluid or plastic substance."
        },
        {
            "w": "LODE",
            "v": false,
            "row": 2,
            "col": 0,
            "def": "A way or path; a road."
        },
        {
            "w": "MELD",
            "v": true,
            "row": 4,
            "col": 1,
            "def": "To combine two similar objects into one."
        },
        {
            "w": "DOLE",
            "v": true,
            "row": 1,
            "col": 8,
            "def": "To distribute in small amounts; to share out small portions of a meager resource."
        },
        {
            "w": "MODEL",
            "v": false,
            "row": 3,
            "col": 4,
            "def": "A person who serves as a subject for artwork or fashion, usually in the medium of photography but also for painting or drawing."
        },
        {
            "w": "MOLDY",
            "v": false,
            "row": 0,
            "col": 2,
            "def": "Covered with mold."
        },
        {
            "w": "MELODY",
            "v": true,
            "row": 3,
            "col": 4,
            "def": "Tune; sequence of notes that makes up a musical phrase."
        }
    ]
}