{
    "id": 4178,
    "sub_category": "Chasm Pack",
    "category": "Ravine Group",
    "type": 0,
    "letters": "BDEILL",
    "mov": 26,
    "shovels": 1,
    "coins": 5,
    "rows": 15,
    "cols": 15,
    "c": 0,
    "b": -1,
    "w": 12,
    "h": 9,
    "dws": [
        "BEL",
        "ELD",
        "IDE",
        "DEB",
        "DIE",
        "DIEL",
        "LIB",
        "DELL",
        "BIELD",
        "DIB",
        "DIEB",
        "LEI",
        "DEIL",
        "ELL",
        "LIE",
        "EILD",
        "DEI",
        "DEL"
    ],
    "ws": [
        {
            "w": "BED",
            "v": false,
            "row": 9,
            "col": 0,
            "def": "A piece of furniture, usually flat and soft, to sleep on."
        },
        {
            "w": "BID",
            "v": true,
            "row": 2,
            "col": 0,
            "def": "To issue a command; to tell."
        },
        {
            "w": "ILL",
            "v": false,
            "row": 3,
            "col": 0,
            "def": "Extremely bad (bad enough to make one ill). Generally used indirectly with to be."
        },
        {
            "w": "LED",
            "v": true,
            "row": 7,
            "col": 2,
            "def": "Simple past tense and past participle of lead."
        },
        {
            "w": "LID",
            "v": true,
            "row": 3,
            "col": 2,
            "def": "The top or cover of a container."
        },
        {
            "w": "BELL",
            "v": true,
            "row": 0,
            "col": 6,
            "def": "A percussive instrument made of metal or other hard material, typically but not always in the shape of an inverted cup with a flared rim, which resonates when struck."
        },
        {
            "w": "BILL",
            "v": false,
            "row": 3,
            "col": 4,
            "def": "Any of various bladed or pointed hand weapons, originally designating an Anglo-Saxon sword, and later a weapon of infantry, especially in the 14th and 15th centuries, commonly consisting of a broad, heavy, double-edged, hook-shaped blade, with a short pike at the back and another at the top, attached to the end of a long staff."
        },
        {
            "w": "DILL",
            "v": false,
            "row": 5,
            "col": 2,
            "def": "Anethum graveolens (the sole species of the genus Anethum), is a herb, the seeds of which are moderately warming, pungent, and aromatic, and were formerly used as a soothing medicine for children; also known as dillseed."
        },
        {
            "w": "LIED",
            "v": false,
            "row": 7,
            "col": 2,
            "def": "An art song, sung in German and accompanied on the piano."
        },
        {
            "w": "DELI",
            "v": false,
            "row": 6,
            "col": 6,
            "def": "A shop that sells cooked or prepared food ready for serving."
        },
        {
            "w": "IDLE",
            "v": true,
            "row": 6,
            "col": 9,
            "def": "Empty, vacant."
        },
        {
            "w": "BILE",
            "v": false,
            "row": 1,
            "col": 3,
            "def": "A bitter brownish-yellow or greenish-yellow secretion produced by the liver, stored in the gall bladder, and discharged into the duodenum where it aids the process of digestion."
        },
        {
            "w": "BLED",
            "v": false,
            "row": 0,
            "col": 6,
            "def": "Simple past tense and past participle of bleed."
        },
        {
            "w": "BIDE",
            "v": false,
            "row": 9,
            "col": 6,
            "def": "(chiefly dialectal) To bear; to endure; to tolerate."
        },
        {
            "w": "LIBEL",
            "v": true,
            "row": 3,
            "col": 7,
            "def": "A written (notably as handbill) or pictorial statement which unjustly seeks to damage someone's reputation."
        },
        {
            "w": "BILLED",
            "v": true,
            "row": 3,
            "col": 4,
            "def": "Simple past tense and past participle of bill."
        }
    ]
}