{
    "id": 4202,
    "sub_category": "Flume Pack",
    "category": "Ravine Group",
    "type": 0,
    "letters": "EIINRT",
    "mov": 26,
    "shovels": 1,
    "coins": 5,
    "rows": 15,
    "cols": 15,
    "c": 0,
    "b": -1,
    "w": 10,
    "h": 9,
    "dws": [
        "RET",
        "RIT",
        "NITRE",
        "INTI",
        "NIE",
        "RIN",
        "TRINE",
        "NITER",
        "REN",
        "NITE",
        "TRIN",
        "ERN",
        "REI",
        "TRIE",
        "TEIN",
        "RINE"
    ],
    "ws": [
        {
            "w": "NET",
            "v": true,
            "row": 6,
            "col": 7,
            "def": "A mesh of string, cord or rope."
        },
        {
            "w": "TEN",
            "v": true,
            "row": 6,
            "col": 9,
            "def": "A numerical value equal to 10; the number occurring after nine and before eleven, represented in Roman numerals as X, in Arabic numerals as 10, and in the hexadecimal system (base 16) as A."
        },
        {
            "w": "TIE",
            "v": false,
            "row": 2,
            "col": 7,
            "def": "A necktie (item of clothing consisting of a strip of cloth tied around the neck)."
        },
        {
            "w": "TIN",
            "v": true,
            "row": 7,
            "col": 1,
            "def": "A malleable, ductile, metallic element, resistant to corrosion, with atomic number 50 and symbol Sn."
        },
        {
            "w": "NIT",
            "v": false,
            "row": 6,
            "col": 7,
            "def": "The egg of a louse."
        },
        {
            "w": "IRE",
            "v": true,
            "row": 0,
            "col": 3,
            "def": "Iron."
        },
        {
            "w": "RENT",
            "v": false,
            "row": 8,
            "col": 4,
            "def": "A payment made by a tenant at intervals in order to occupy a property."
        },
        {
            "w": "TIRE",
            "v": true,
            "row": 2,
            "col": 2,
            "def": "To become sleepy or weary."
        },
        {
            "w": "REIN",
            "v": false,
            "row": 5,
            "col": 1,
            "def": "A strap or rope attached to the bridle or bit, used to control a horse, animal or young child."
        },
        {
            "w": "RITE",
            "v": false,
            "row": 2,
            "col": 0,
            "def": "A religious custom."
        },
        {
            "w": "TIER",
            "v": true,
            "row": 1,
            "col": 8,
            "def": "One who ties (knots, etc)."
        },
        {
            "w": "TERN",
            "v": true,
            "row": 0,
            "col": 0,
            "def": "Any of various sea birds of the family Sternidae that are similar to gulls but are smaller, more elegant and have a forked tail."
        },
        {
            "w": "TINE",
            "v": false,
            "row": 7,
            "col": 1,
            "def": "A spike or point on an implement or tool, especially a prong of a fork or a tooth of a comb."
        },
        {
            "w": "INERT",
            "v": false,
            "row": 0,
            "col": 3,
            "def": "Unable to move or act; inanimate."
        },
        {
            "w": "INTER",
            "v": false,
            "row": 4,
            "col": 4,
            "def": "To bury in a grave."
        },
        {
            "w": "TINIER",
            "v": true,
            "row": 3,
            "col": 4,
            "def": "Comparative form of tiny: more tiny."
        }
    ]
}