{
    "id": 4226,
    "sub_category": "Depth Packx",
    "category": "Ravine Group",
    "type": 0,
    "letters": "DEISTV",
    "mov": 28,
    "shovels": 1,
    "coins": 5,
    "rows": 15,
    "cols": 15,
    "c": 0,
    "b": -1,
    "w": 11,
    "h": 10,
    "dws": [
        "VITE",
        "DEVIS",
        "VIES",
        "DIE",
        "SEI",
        "DIVS",
        "STIED",
        "SED",
        "EDITS",
        "DITES",
        "DEV",
        "VIDE",
        "TIES",
        "DEIST",
        "DEVI",
        "VIDS",
        "DESI",
        "TID",
        "STED",
        "VISED",
        "DEI",
        "VET",
        "TEDS",
        "DIVES",
        "EST",
        "VETS",
        "IDE",
        "TIDS",
        "DIETS",
        "DIT",
        "TES",
        "IDES",
        "VID",
        "STIE",
        "TED",
        "DIV",
        "DIS",
        "STIVE",
        "DEVS",
        "SEV",
        "EDS",
        "DITE",
        "IDS",
        "DIES",
        "TIDES",
        "DITS",
        "VIS",
        "TIED",
        "VEST"
    ],
    "ws": [
        {
            "w": "ITS",
            "v": true,
            "row": 0,
            "col": 1,
            "def": "The one (or ones) belonging to it."
        },
        {
            "w": "SET",
            "v": true,
            "row": 0,
            "col": 3,
            "def": "To put (something) down, to rest."
        },
        {
            "w": "SIT",
            "v": false,
            "row": 6,
            "col": 0,
            "def": "To be in a position in which the upper body is upright and the legs (especially the upper legs) are supported by some object."
        },
        {
            "w": "TIE",
            "v": false,
            "row": 1,
            "col": 1,
            "def": "A necktie (item of clothing consisting of a strip of cloth tied around the neck)."
        },
        {
            "w": "TIS",
            "v": false,
            "row": 4,
            "col": 3,
            "def": "Plural of til."
        },
        {
            "w": "VIE",
            "v": true,
            "row": 0,
            "col": 8,
            "def": "To rival; to struggle for superiority; to contend; to compete eagerly so as to gain something."
        },
        {
            "w": "DIET",
            "v": false,
            "row": 8,
            "col": 1,
            "def": "The food and beverage a person or animal consumes."
        },
        {
            "w": "DIVE",
            "v": true,
            "row": 2,
            "col": 9,
            "def": "To swim under water."
        },
        {
            "w": "EDIT",
            "v": true,
            "row": 0,
            "col": 6,
            "def": "A change to the text of a document."
        },
        {
            "w": "SIDE",
            "v": false,
            "row": 7,
            "col": 4,
            "def": "A bounding straight edge of a two-dimensional shape."
        },
        {
            "w": "SITE",
            "v": false,
            "row": 0,
            "col": 3,
            "def": "Sorrow, grief."
        },
        {
            "w": "TIDE",
            "v": true,
            "row": 4,
            "col": 7,
            "def": "The periodic change of the sea level, particularly when caused by the gravitational influence of the sun and the moon."
        },
        {
            "w": "VIED",
            "v": true,
            "row": 5,
            "col": 1,
            "def": "Simple past tense and past participle of vie."
        },
        {
            "w": "VISE",
            "v": false,
            "row": 5,
            "col": 6,
            "def": "An instrument consisting of two jaws, closing by a screw, lever, cam, or the like, for holding work, as in filing."
        },
        {
            "w": "SITED",
            "v": false,
            "row": 2,
            "col": 5,
            "def": "Simple past tense and past participle of site."
        },
        {
            "w": "DIVEST",
            "v": true,
            "row": 3,
            "col": 4,
            "def": "To undress, disrobe."
        }
    ]
}