{
    "id": 4288,
    "sub_category": "Shrub Pack",
    "category": "Botanical Group",
    "type": 0,
    "letters": "ALMNOR",
    "mov": 30,
    "shovels": 1,
    "coins": 5,
    "rows": 15,
    "cols": 15,
    "c": 0,
    "b": -1,
    "w": 13,
    "h": 12,
    "dws": [
        "NOMA",
        "LOR",
        "LORN",
        "LOMA",
        "ROMA",
        "MOA",
        "LARN",
        "MONA",
        "OLM",
        "MONAL",
        "ORA",
        "MORN",
        "RNA",
        "NORMA",
        "NAM",
        "MOL",
        "MOR",
        "MORA",
        "ROMAL",
        "MON",
        "MANO",
        "LORAN",
        "LAR",
        "ROM",
        "MARL",
        "MNA",
        "MOLA",
        "MAL",
        "NOM",
        "OMA",
        "ROAM",
        "ROAN",
        "OAR",
        "RAM"
    ],
    "ws": [
        {
            "w": "ARM",
            "v": false,
            "row": 3,
            "col": 7,
            "def": "The portion of the upper human appendage, from the shoulder to the wrist and sometimes including the hand."
        },
        {
            "w": "MAN",
            "v": false,
            "row": 5,
            "col": 0,
            "def": "An adult male human."
        },
        {
            "w": "MAR",
            "v": false,
            "row": 2,
            "col": 5,
            "def": "To spoil, to damage."
        },
        {
            "w": "NOR",
            "v": true,
            "row": 6,
            "col": 6,
            "def": "Used to introduce a further negative statement."
        },
        {
            "w": "RAN",
            "v": true,
            "row": 6,
            "col": 8,
            "def": "Simple past of run."
        },
        {
            "w": "LAM",
            "v": true,
            "row": 0,
            "col": 5,
            "def": "Used in the expression on the lam to mean that a person is fleeing law enforcement, possibly in hiding."
        },
        {
            "w": "LOAN",
            "v": false,
            "row": 2,
            "col": 0,
            "def": "A sum of money or other valuables or consideration that an individual, group or other legal entity borrows from another individual, group or legal entity (the latter often being a financial institution) with the condition that it be returned or repaid at a later date (sometimes with interest)."
        },
        {
            "w": "ORAL",
            "v": true,
            "row": 1,
            "col": 7,
            "def": "A physical examination of the mouth."
        },
        {
            "w": "NORM",
            "v": true,
            "row": 5,
            "col": 2,
            "def": "That which is regarded as normal or typical."
        },
        {
            "w": "MOAN",
            "v": true,
            "row": 0,
            "col": 2,
            "def": "A low, mournful cry of pain, sorrow or pleasure."
        },
        {
            "w": "LOAM",
            "v": true,
            "row": 2,
            "col": 0,
            "def": "A kind of soil; an earthy mixture of clay and sand, with organic matter to which its fertility is chiefly due."
        },
        {
            "w": "MORAL",
            "v": false,
            "row": 4,
            "col": 3,
            "def": "Of or relating to principles of right and wrong in behaviour, especially for teaching right behaviour."
        },
        {
            "w": "ROMAN",
            "v": true,
            "row": 1,
            "col": 9,
            "def": "Upright, as opposed to italic."
        },
        {
            "w": "MANOR",
            "v": false,
            "row": 6,
            "col": 4,
            "def": "A landed estate."
        },
        {
            "w": "MOLAR",
            "v": false,
            "row": 8,
            "col": 2,
            "def": "A back tooth having a broad surface used for grinding one's food."
        },
        {
            "w": "NORMAL",
            "v": true,
            "row": 3,
            "col": 4,
            "def": "According to norms or rules."
        }
    ]
}