{
    "id": "42e8843a-0d3a-11eb-a781-34363b5fdca4",
    "type": 0,
    "letters": "ABHIT",
    "mov": 13,
    "shovels": 1,
    "coins": 5,
    "rows": 4,
    "cols": 2,
    "c": 0,
    "b": -1,
    "dws": [
        "BAH",
        "AHI",
        "AIT",
        "ITA",
        "TAI",
        "BAHT",
        "BHAT",
        "TABI",
        "BAITH"
    ],
    "ws": [
        {
            "w": "BAT",
            "v": false,
            "row": 6,
            "col": 1
        },
        {
            "w": "BIT",
            "v": false,
            "row": 4,
            "col": 3
        },
        {
            "w": "HAT",
            "v": false,
            "row": 0,
            "col": 2
        },
        {
            "w": "HIT",
            "v": true,
            "row": 0,
            "col": 2
        },
        {
            "w": "TAB",
            "v": true,
            "row": 4,
            "col": 5
        },
        {
            "w": "BAIT",
            "v": true,
            "row": 2,
            "col": 0
        },
        {
            "w": "BATH",
            "v": false,
            "row": 2,
            "col": 0
        },
        {
            "w": "HABIT",
            "v": true,
            "row": 2,
            "col": 3
        }
    ]
}