{
    "id": 4324,
    "sub_category": "Glacial Pack",
    "category": "Arctic Group",
    "type": 0,
    "letters": "CDELRU",
    "mov": 30,
    "shovels": 1,
    "coins": 5,
    "rows": 15,
    "cols": 15,
    "c": 0,
    "b": -1,
    "w": 16,
    "h": 14,
    "dws": [
        "REC",
        "CRU",
        "CURDLE",
        "RUC",
        "URD",
        "DURE",
        "ECRU",
        "CRUE",
        "DUCE",
        "CRED",
        "LEUD",
        "RUED",
        "CEL",
        "ECU",
        "CURE",
        "DUEL",
        "ELD",
        "LUCRE",
        "DULE",
        "ULE",
        "RUE",
        "CUD",
        "LEU",
        "URE",
        "DULCE",
        "LUR",
        "RUD",
        "LUDE",
        "LUD",
        "RUDE",
        "URDE",
        "LUCE",
        "DEL",
        "LURED",
        "ULCER",
        "CLUE",
        "CRUD"
    ],
    "ws": [
        {
            "w": "CUE",
            "v": false,
            "row": 3,
            "col": 4,
            "def": "An action or event that is a signal for somebody to do something."
        },
        {
            "w": "DUE",
            "v": false,
            "row": 8,
            "col": 4,
            "def": "Owed or owing."
        },
        {
            "w": "LED",
            "v": true,
            "row": 6,
            "col": 9,
            "def": "Simple past tense and past participle of lead."
        },
        {
            "w": "RED",
            "v": false,
            "row": 3,
            "col": 0,
            "def": "Having red as its colour."
        },
        {
            "w": "CUR",
            "v": false,
            "row": 5,
            "col": 2,
            "def": "A mongrel or inferior dog."
        },
        {
            "w": "CURL",
            "v": false,
            "row": 6,
            "col": 6,
            "def": "A piece or lock of curling hair; a ringlet."
        },
        {
            "w": "LURE",
            "v": true,
            "row": 0,
            "col": 6,
            "def": "Something that tempts or attracts, especially one with a promise of reward or pleasure."
        },
        {
            "w": "RULE",
            "v": false,
            "row": 2,
            "col": 6,
            "def": "A regulation, law, guideline."
        },
        {
            "w": "CURD",
            "v": true,
            "row": 0,
            "col": 2,
            "def": "The part of milk that coagulates when it sours or is treated with enzymes; used to make cottage cheese."
        },
        {
            "w": "CUED",
            "v": true,
            "row": 6,
            "col": 6,
            "def": "Simple past tense and past participle of cue."
        },
        {
            "w": "CRUDE",
            "v": false,
            "row": 7,
            "col": 0,
            "def": "Being in a natural state."
        },
        {
            "w": "CURED",
            "v": true,
            "row": 1,
            "col": 0,
            "def": "Simple past tense and past participle of cure."
        },
        {
            "w": "RULED",
            "v": true,
            "row": 0,
            "col": 8,
            "def": "Having printed lines."
        },
        {
            "w": "CLUED",
            "v": true,
            "row": 5,
            "col": 2,
            "def": "Simple past tense and past participle of clue."
        },
        {
            "w": "CRUEL",
            "v": false,
            "row": 0,
            "col": 2,
            "def": "Not nice; mean; heartless."
        },
        {
            "w": "CURLED",
            "v": true,
            "row": 3,
            "col": 4,
            "def": "Simple past tense and past participle of curl."
        }
    ]
}