{
    "id": 4474,
    "sub_category": "Moon Pack",
    "category": "Galaxy Group",
    "type": 0,
    "letters": "DEMORR",
    "mov": 22,
    "shovels": 1,
    "coins": 5,
    "rows": 15,
    "cols": 15,
    "c": 0,
    "b": -1,
    "w": 9,
    "h": 9,
    "dws": [
        "DROME",
        "RED",
        "EMO",
        "DERO",
        "DORR",
        "RORE",
        "DERRO",
        "DORE",
        "OMER",
        "MOE",
        "REO",
        "DOE",
        "MOD",
        "MED",
        "DOR",
        "ORE",
        "ROD",
        "MOR",
        "ORMER",
        "ORD",
        "ODE",
        "ROM",
        "ROE",
        "DERM",
        "MODER",
        "ROED",
        "DOM",
        "ERM",
        "DORMER",
        "ORDER",
        "DEMO",
        "DOME",
        "DORM",
        "MODE",
        "MORE",
        "RODE",
        "REDO",
        "DOER",
        "ERR",
        "REM"
    ],
    "ws": []
}