{
    "id": 4476,
    "sub_category": "Moon Pack",
    "category": "Galaxy Group",
    "type": 0,
    "letters": "CDEIMN",
    "mov": 30,
    "shovels": 1,
    "coins": 5,
    "rows": 15,
    "cols": 15,
    "c": 0,
    "b": -1,
    "w": 13,
    "h": 12,
    "dws": [
        "DIME",
        "DIE",
        "NID",
        "CID",
        "NIDE",
        "MIEN",
        "MEIN",
        "MED",
        "NIM",
        "NIED",
        "MIC",
        "DEI",
        "EMIC",
        "IDE",
        "NIE",
        "CINE",
        "NED",
        "DEMIC",
        "CEDI",
        "DENI",
        "IDEM",
        "ICED",
        "MEND",
        "DEN",
        "MEN"
    ],
    "ws": [
        {
            "w": "DIM",
            "v": true,
            "row": 6,
            "col": 8,
            "def": "Not bright or colorful."
        },
        {
            "w": "END",
            "v": false,
            "row": 5,
            "col": 3,
            "def": "The final point of something in space or time."
        },
        {
            "w": "ICE",
            "v": false,
            "row": 7,
            "col": 2,
            "def": "Water in frozen (solid) form."
        },
        {
            "w": "MID",
            "v": false,
            "row": 6,
            "col": 6,
            "def": "With."
        },
        {
            "w": "DIN",
            "v": false,
            "row": 6,
            "col": 0,
            "def": "A loud noise; a cacophony or loud commotion."
        },
        {
            "w": "DICE",
            "v": false,
            "row": 1,
            "col": 6,
            "def": "Plural form of die."
        },
        {
            "w": "DINE",
            "v": true,
            "row": 1,
            "col": 6,
            "def": "To eat; to eat dinner or supper."
        },
        {
            "w": "MICE",
            "v": false,
            "row": 0,
            "col": 2,
            "def": "Plural form of mouse."
        },
        {
            "w": "MIND",
            "v": false,
            "row": 3,
            "col": 4,
            "def": "The ability for rational thought."
        },
        {
            "w": "MINE",
            "v": false,
            "row": 2,
            "col": 0,
            "def": "Non-premodifying possessive case of I. My; belonging to me; that which belongs to me."
        },
        {
            "w": "NICE",
            "v": true,
            "row": 6,
            "col": 2,
            "def": "Nicely."
        },
        {
            "w": "MEDIC",
            "v": true,
            "row": 0,
            "col": 9,
            "def": "Of or pertaining to medicines; medical."
        },
        {
            "w": "DENIM",
            "v": false,
            "row": 8,
            "col": 4,
            "def": "A textile often made of cotton with a distinct diagonal pattern."
        },
        {
            "w": "MINCE",
            "v": true,
            "row": 0,
            "col": 2,
            "def": "Finely chopped meat."
        },
        {
            "w": "MINED",
            "v": true,
            "row": 2,
            "col": 0,
            "def": "Simple past tense and past participle of mine."
        },
        {
            "w": "MINCED",
            "v": true,
            "row": 3,
            "col": 4,
            "def": "Simple past tense and past participle of mince."
        }
    ]
}