{
    "id": 4492,
    "sub_category": "Crag Pack",
    "category": "Tower Group",
    "type": 0,
    "letters": "DENPRU",
    "mov": 30,
    "shovels": 1,
    "coins": 5,
    "rows": 15,
    "cols": 15,
    "c": 0,
    "b": -1,
    "w": 14,
    "h": 11,
    "dws": [
        "NUR",
        "URD",
        "DURE",
        "DEP",
        "END",
        "ERN",
        "DURN",
        "DUPER",
        "PERDU",
        "URPED",
        "RUED",
        "UPEND",
        "PEND",
        "DEN",
        "DERN",
        "DRUPE",
        "UNRED",
        "NEP",
        "PED",
        "RUND",
        "DUE",
        "RUNED",
        "REN",
        "NUDER",
        "URP",
        "RUE",
        "UNDE",
        "URE",
        "PERN",
        "NURD",
        "NED",
        "PURED",
        "RUD",
        "PUD",
        "DUP",
        "PUR",
        "PRE",
        "URDE",
        "PUER",
        "PRUNE",
        "PURE",
        "DUPE",
        "PUN"
    ],
    "ws": [
        {
            "w": "PEN",
            "v": true,
            "row": 0,
            "col": 4,
            "def": "An enclosed area used to contain domesticated animals, especially sheep or cattle."
        },
        {
            "w": "PER",
            "v": true,
            "row": 7,
            "col": 1,
            "def": "For each."
        },
        {
            "w": "RED",
            "v": true,
            "row": 3,
            "col": 1,
            "def": "Having red as its colour."
        },
        {
            "w": "RUN",
            "v": false,
            "row": 4,
            "col": 6,
            "def": "Act or instance of running, of moving rapidly using the feet."
        },
        {
            "w": "URN",
            "v": false,
            "row": 5,
            "col": 3,
            "def": "A vase with a footed base."
        },
        {
            "w": "REP",
            "v": false,
            "row": 3,
            "col": 1,
            "def": "Short form of reputation."
        },
        {
            "w": "DUN",
            "v": false,
            "row": 2,
            "col": 6,
            "def": "A brownish grey colour."
        },
        {
            "w": "DUNE",
            "v": false,
            "row": 7,
            "col": 5,
            "def": "A ridge or hill of sand piled up by the wind."
        },
        {
            "w": "RUDE",
            "v": false,
            "row": 1,
            "col": 1,
            "def": "Bad mannered."
        },
        {
            "w": "NERD",
            "v": false,
            "row": 8,
            "col": 0,
            "def": "A person who is intellectual but generally introverted."
        },
        {
            "w": "NUDE",
            "v": true,
            "row": 5,
            "col": 5,
            "def": "Without clothing or other covering of the skin."
        },
        {
            "w": "REND",
            "v": true,
            "row": 6,
            "col": 8,
            "def": "To separate into parts with force or sudden violence; to tear asunder; to split; to burst."
        },
        {
            "w": "RUNE",
            "v": true,
            "row": 0,
            "col": 2,
            "def": "A letter, or character, belonging to the written language of various ancient Germanic peoples, especially the Scandinavians and the Anglo-Saxons."
        },
        {
            "w": "UNDER",
            "v": true,
            "row": 0,
            "col": 6,
            "def": "In a lower level than."
        },
        {
            "w": "PRUDE",
            "v": false,
            "row": 0,
            "col": 4,
            "def": "Undefined"
        },
        {
            "w": "PRUNED",
            "v": true,
            "row": 3,
            "col": 3,
            "def": "Simple past tense and past participle of prune."
        }
    ]
}