{
    "id": 4547,
    "sub_category": "Top Pack",
    "category": "Tower Group",
    "type": 0,
    "letters": "CDEMOY",
    "mov": 18,
    "shovels": 1,
    "coins": 5,
    "rows": 15,
    "cols": 15,
    "c": 0,
    "b": -1,
    "w": 8,
    "h": 7,
    "dws": [
        "CYME",
        "EMO",
        "YOD",
        "YOM",
        "MOY",
        "DEY",
        "EMYD",
        "ECO",
        "MYC",
        "COM",
        "MOE",
        "OYE",
        "DOE",
        "MOD",
        "MED",
        "DEMY",
        "DYE",
        "MOC",
        "DECO",
        "DOC",
        "COYED",
        "COD",
        "YODE",
        "DOMY",
        "DOY",
        "ODE",
        "ECOD",
        "COY",
        "DOM"
    ],
    "ws": [
        {
            "w": "CODE",
            "v": false,
            "row": 3,
            "col": 2,
            "def": "A short symbol, often with little relation to the item it represents."
        },
        {
            "w": "COME",
            "v": false,
            "row": 1,
            "col": 4,
            "def": "To move from further away to nearer to."
        },
        {
            "w": "DEMO",
            "v": true,
            "row": 0,
            "col": 7,
            "def": "A brief demonstration or visual explanation."
        },
        {
            "w": "DOME",
            "v": true,
            "row": 0,
            "col": 5,
            "def": "A common structural element of architecture that resembles the hollow upper half of a sphere, a cupola."
        },
        {
            "w": "MODE",
            "v": false,
            "row": 5,
            "col": 0,
            "def": "One of several ancient scales, one of which corresponds to the modern major scale and one to the natural minor scale."
        },
        {
            "w": "COED",
            "v": true,
            "row": 4,
            "col": 1,
            "def": "Alternative spelling of co-ed."
        },
        {
            "w": "DECOY",
            "v": false,
            "row": 6,
            "col": 3,
            "def": "A person or object meant to lure something to danger."
        },
        {
            "w": "COMEDY",
            "v": true,
            "row": 2,
            "col": 3,
            "def": "Archaic Greece. a choric song of celebration or revel."
        }
    ]
}