{
    "id": 456,
    "sub_category": "White Pack",
    "category": "Winter Group",
    "type": 0,
    "letters": "AGIRST",
    "mov": 30,
    "shovels": 1,
    "coins": 5,
    "rows": 15,
    "cols": 15,
    "c": 0,
    "b": -1,
    "w": 13,
    "h": 10,
    "dws": [
        "AIT",
        "RAG",
        "GRIS",
        "RAIT",
        "ASTIR",
        "RIA",
        "AIS",
        "TIARS",
        "GRITS",
        "TAIG",
        "GATS",
        "STRIG",
        "ARS",
        "SATI",
        "SITAR",
        "SRI",
        "AIRTS",
        "RAGI",
        "GRIST",
        "ITAS",
        "GITS",
        "AITS",
        "AGIST",
        "TIAR",
        "GAR",
        "GIRT",
        "AIRS",
        "TSAR",
        "AGS",
        "SAIR",
        "GAST",
        "RIAS",
        "SAG",
        "ARTS",
        "SAR",
        "TRAGI",
        "ATS",
        "ARTI",
        "STAIG",
        "GAT",
        "GAITS",
        "TRIGS",
        "GARI",
        "TRIG",
        "RAIS",
        "TARS",
        "GAIRS",
        "GRAT",
        "STRIA",
        "ITA",
        "SAT",
        "SARI",
        "TAS",
        "TARSI",
        "SIG",
        "RIGS",
        "GAIR",
        "GARIS",
        "RAGS",
        "RAGIS",
        "RITS",
        "RAI",
        "RIT",
        "GARS",
        "RAITS",
        "TIGS",
        "SAI",
        "TAI",
        "AIRT",
        "RATS",
        "ARTIS",
        "TAGS",
        "ARIS",
        "TAIS",
        "GIRTS",
        "RAS",
        "TIG",
        "GART",
        "GIS",
        "TAIGS",
        "GAIT",
        "GRIT",
        "STAG",
        "GIT"
    ],
    "ws": [
        {
            "w": "AIR",
            "v": false,
            "row": 7,
            "col": 0,
            "def": "The atmospheric substance above the surface of the earth which animals breathe, formerly considered to be a single substance, one of the four basic elements of ancient philosophy and one of the five basic elements of Eastern traditions."
        },
        {
            "w": "ART",
            "v": true,
            "row": 7,
            "col": 0,
            "def": "Human effort to imitate, supplement, alter, or counteract the work of nature."
        },
        {
            "w": "GAS",
            "v": false,
            "row": 3,
            "col": 4,
            "def": "Matter in a state intermediate between liquid and plasma that can be contained only if it is fully surrounded by a solid (or held together by gravitational pull); it can condense into a liquid, or can (rarely) become a solid directly."
        },
        {
            "w": "ITS",
            "v": true,
            "row": 1,
            "col": 6,
            "def": "The one (or ones) belonging to it."
        },
        {
            "w": "RAT",
            "v": false,
            "row": 5,
            "col": 0,
            "def": "A medium-sized rodent belonging to the genus Rattus."
        },
        {
            "w": "RIG",
            "v": true,
            "row": 0,
            "col": 2,
            "def": "The rigging of a sailing ship or other such craft."
        },
        {
            "w": "SIR",
            "v": false,
            "row": 4,
            "col": 2,
            "def": "A man of a higher rank or position."
        },
        {
            "w": "SIT",
            "v": false,
            "row": 8,
            "col": 4,
            "def": "To be in a position in which the upper body is upright and the legs (especially the upper legs) are supported by some object."
        },
        {
            "w": "TAG",
            "v": false,
            "row": 6,
            "col": 4,
            "def": "A small label."
        },
        {
            "w": "TAR",
            "v": false,
            "row": 9,
            "col": 0,
            "def": "A black, oily, sticky, viscous substance, consisting mainly of hydrocarbons derived from organic materials such as wood, peat, or coal."
        },
        {
            "w": "TIS",
            "v": true,
            "row": 1,
            "col": 8,
            "def": "Plural of til."
        },
        {
            "w": "STAR",
            "v": true,
            "row": 4,
            "col": 2,
            "def": "Any small luminous dot appearing in the cloudless portion of the night sky, especially with a fixed location relative to other such dots."
        },
        {
            "w": "STIR",
            "v": false,
            "row": 1,
            "col": 0,
            "def": "To change the place of in any manner; to move."
        },
        {
            "w": "GIST",
            "v": false,
            "row": 1,
            "col": 5,
            "def": "The most essential part; the main idea or substance (of a longer or more complicated matter)."
        },
        {
            "w": "STAIR",
            "v": true,
            "row": 1,
            "col": 0,
            "def": "A single step in a staircase."
        },
        {
            "w": "GRATIS",
            "v": true,
            "row": 3,
            "col": 4,
            "def": "Free, without charge."
        }
    ]
}