{
    "id": 460,
    "sub_category": "White Pack",
    "category": "Winter Group",
    "type": 0,
    "letters": "DEILPS",
    "mov": 30,
    "shovels": 1,
    "coins": 5,
    "rows": 15,
    "cols": 15,
    "c": 0,
    "b": -1,
    "w": 12,
    "h": 12,
    "dws": [
        "PISE",
        "PLIES",
        "PEDS",
        "SLED",
        "DIE",
        "SEI",
        "DEPS",
        "SIDE",
        "LES",
        "SPIE",
        "SIPE",
        "SIPED",
        "SED",
        "LEPS",
        "SLIPE",
        "LEI",
        "PSI",
        "LIED",
        "LIE",
        "PIS",
        "PES",
        "DEP",
        "LEIS",
        "LEPID",
        "SLIPED",
        "LISPED",
        "LIS",
        "SILE",
        "PEL",
        "DESI",
        "SIDLE",
        "SEL",
        "DEIL",
        "LIPE",
        "PILES",
        "DELS",
        "LIDS",
        "SPELD",
        "SPIEL",
        "PLIE",
        "SPILED",
        "DEI",
        "PED",
        "ELD",
        "IDE",
        "LIES",
        "LSD",
        "ISLED",
        "DIEL",
        "DELIS",
        "IDES",
        "SILD",
        "IDLES",
        "SPILE",
        "EILD",
        "ELS",
        "PIES",
        "PIED",
        "EILDS",
        "DIS",
        "LIPS",
        "SELD",
        "EDS",
        "PELS",
        "LEP",
        "IDS",
        "DIES",
        "ELDS",
        "DEILS",
        "DIPS",
        "DISPLE",
        "SPIDE",
        "SEIL",
        "SPEIL",
        "DEL",
        "SLIDE",
        "PLIED",
        "ISLE",
        "DIP"
    ],
    "ws": [
        {
            "w": "LED",
            "v": false,
            "row": 7,
            "col": 7,
            "def": "Simple past tense and past participle of lead."
        },
        {
            "w": "LID",
            "v": true,
            "row": 3,
            "col": 7,
            "def": "The top or cover of a container."
        },
        {
            "w": "LIP",
            "v": true,
            "row": 7,
            "col": 7,
            "def": "Either of the two fleshy protrusions around the opening of the mouth."
        },
        {
            "w": "PIE",
            "v": true,
            "row": 0,
            "col": 5,
            "def": "A type of pastry that consists of an outer crust and a filling."
        },
        {
            "w": "SIP",
            "v": false,
            "row": 9,
            "col": 5,
            "def": "A small mouthful of drink."
        },
        {
            "w": "PILE",
            "v": false,
            "row": 7,
            "col": 1,
            "def": "A dart; an arrow."
        },
        {
            "w": "SLID",
            "v": false,
            "row": 3,
            "col": 1,
            "def": "Simple past tense and past participle of slide."
        },
        {
            "w": "SLIP",
            "v": false,
            "row": 3,
            "col": 6,
            "def": "Mud, slime."
        },
        {
            "w": "DELI",
            "v": true,
            "row": 0,
            "col": 8,
            "def": "A shop that sells cooked or prepared food ready for serving."
        },
        {
            "w": "IDLE",
            "v": false,
            "row": 1,
            "col": 5,
            "def": "Empty, vacant."
        },
        {
            "w": "LISP",
            "v": true,
            "row": 1,
            "col": 1,
            "def": "The habit or an act of lisping."
        },
        {
            "w": "SPED",
            "v": false,
            "row": 5,
            "col": 4,
            "def": "Simple past tense and past participle of speed."
        },
        {
            "w": "PLED",
            "v": false,
            "row": 1,
            "col": 0,
            "def": "Simple past tense and past participle of plead."
        },
        {
            "w": "PILED",
            "v": true,
            "row": 3,
            "col": 9,
            "def": "Simple past tense and past participle of pile."
        },
        {
            "w": "SPIED",
            "v": true,
            "row": 5,
            "col": 2,
            "def": "Simple past tense and past participle of spy."
        },
        {
            "w": "DISPEL",
            "v": true,
            "row": 3,
            "col": 4,
            "def": "To drive away by scattering, or to cause to vanish; to clear away; to banish; to dissipate."
        }
    ]
}