{
    "id": 4639,
    "sub_category": "Bare Packx",
    "category": "Placid Group",
    "type": 0,
    "letters": "AEENRR",
    "mov": 18,
    "shovels": 1,
    "coins": 5,
    "rows": 15,
    "cols": 15,
    "c": 0,
    "b": -1,
    "w": 8,
    "h": 7,
    "dws": [
        "ARE",
        "RERAN",
        "NAE",
        "ERA",
        "ERN",
        "ERE",
        "NARRE",
        "ARERE",
        "ANE",
        "REEARN",
        "ENE",
        "EAN",
        "RANEE",
        "ARENE",
        "RNA",
        "EAR",
        "REN",
        "NEE",
        "REE",
        "REEN",
        "REAN",
        "ERNE",
        "NARE",
        "EEN"
    ],
    "ws": [
        {
            "w": "RAN",
            "v": false,
            "row": 0,
            "col": 5,
            "def": "Simple past of run."
        },
        {
            "w": "ERR",
            "v": false,
            "row": 4,
            "col": 2,
            "def": "To make a mistake."
        },
        {
            "w": "EARN",
            "v": true,
            "row": 4,
            "col": 0,
            "def": "To gain (success, reward, recognition) through applied effort or work."
        },
        {
            "w": "NEAR",
            "v": true,
            "row": 0,
            "col": 7,
            "def": "Physically close."
        },
        {
            "w": "RARE",
            "v": true,
            "row": 0,
            "col": 5,
            "def": "Cooked very lightly, so the meat is still red (in the case of steak or beef in the general sense)."
        },
        {
            "w": "REAR",
            "v": false,
            "row": 2,
            "col": 2,
            "def": "To raise physically; to lift up; to cause to rise, to elevate."
        },
        {
            "w": "EARNER",
            "v": true,
            "row": 2,
            "col": 3,
            "def": "One who earns money."
        },
        {
            "w": "NEARER",
            "v": false,
            "row": 7,
            "col": 0,
            "def": "Less distant from. comparative form of near: more near."
        }
    ]
}