{
    "id": 464,
    "sub_category": "White Pack",
    "category": "Winter Group",
    "type": 0,
    "letters": "DENPRU",
    "mov": 30,
    "shovels": 1,
    "coins": 5,
    "rows": 15,
    "cols": 15,
    "c": 0,
    "b": -1,
    "w": 13,
    "h": 13,
    "dws": [
        "RED",
        "NUR",
        "URD",
        "DURE",
        "DEP",
        "ERN",
        "DURN",
        "DUPER",
        "PERDU",
        "URPED",
        "RUED",
        "UPEND",
        "PEND",
        "DERN",
        "DRUPE",
        "UNRED",
        "NEP",
        "PED",
        "RUND",
        "RUNED",
        "REN",
        "NUDER",
        "PER",
        "URP",
        "RUE",
        "UNDE",
        "URE",
        "PERN",
        "NURD",
        "NED",
        "PURED",
        "RUD",
        "PUD",
        "REP",
        "DUP",
        "PUR",
        "PRE",
        "URDE",
        "PUER",
        "UNDER",
        "REND",
        "PEN",
        "URN"
    ],
    "ws": [
        {
            "w": "DEN",
            "v": true,
            "row": 7,
            "col": 6,
            "def": "The home of certain animals."
        },
        {
            "w": "DUE",
            "v": false,
            "row": 8,
            "col": 4,
            "def": "Owed or owing."
        },
        {
            "w": "END",
            "v": false,
            "row": 4,
            "col": 6,
            "def": "The final point of something in space or time."
        },
        {
            "w": "RUN",
            "v": true,
            "row": 2,
            "col": 7,
            "def": "Act or instance of running, of moving rapidly using the feet."
        },
        {
            "w": "PUN",
            "v": false,
            "row": 5,
            "col": 3,
            "def": "To beat; strike with force; ram; pound, as in a mortar; reduce to powder."
        },
        {
            "w": "DUN",
            "v": true,
            "row": 6,
            "col": 2,
            "def": "A brownish grey colour."
        },
        {
            "w": "DUNE",
            "v": false,
            "row": 7,
            "col": 1,
            "def": "A ridge or hill of sand piled up by the wind."
        },
        {
            "w": "PURE",
            "v": false,
            "row": 1,
            "col": 0,
            "def": "Free of flaws or imperfections; unsullied."
        },
        {
            "w": "RUDE",
            "v": true,
            "row": 1,
            "col": 2,
            "def": "Bad mannered."
        },
        {
            "w": "DUPE",
            "v": false,
            "row": 3,
            "col": 2,
            "def": "To swindle, deceive, or trick."
        },
        {
            "w": "NERD",
            "v": false,
            "row": 2,
            "col": 5,
            "def": "A person who is intellectual but generally introverted."
        },
        {
            "w": "NUDE",
            "v": false,
            "row": 9,
            "col": 6,
            "def": "Without clothing or other covering of the skin."
        },
        {
            "w": "RUNE",
            "v": true,
            "row": 0,
            "col": 5,
            "def": "A letter, or character, belonging to the written language of various ancient Germanic peoples, especially the Scandinavians and the Anglo-Saxons."
        },
        {
            "w": "PRUNE",
            "v": true,
            "row": 5,
            "col": 9,
            "def": "A plum."
        },
        {
            "w": "PRUDE",
            "v": false,
            "row": 0,
            "col": 4,
            "def": "Undefined"
        },
        {
            "w": "PRUNED",
            "v": true,
            "row": 3,
            "col": 4,
            "def": "Simple past tense and past participle of prune."
        }
    ]
}