{
    "id": 4650,
    "sub_category": "Bud Pack",
    "category": "Thrive Group",
    "type": 0,
    "letters": "AEIRRS",
    "mov": 22,
    "shovels": 1,
    "coins": 5,
    "rows": 15,
    "cols": 15,
    "c": 0,
    "b": -1,
    "w": 11,
    "h": 8,
    "dws": [
        "RAI",
        "ARE",
        "SEI",
        "RASE",
        "ERA",
        "REAR",
        "REIS",
        "SAI",
        "RAIS",
        "REI",
        "SER",
        "RIA",
        "AIS",
        "SEIR",
        "RARES",
        "AESIR",
        "AIRER",
        "SAIR",
        "ERS",
        "ARSE",
        "RARE",
        "ARRIS",
        "SIRRA",
        "SERA",
        "RIAS",
        "ERR",
        "AIR",
        "RASER",
        "ARES",
        "SIR",
        "SAE",
        "EAR",
        "ARS",
        "SAR",
        "ARIS",
        "SARI",
        "SERAI",
        "REARS",
        "SIERRA",
        "AIRERS",
        "SRI",
        "RAS",
        "EAS",
        "SEA",
        "RES",
        "IRE",
        "SERR",
        "RAISER",
        "ARISE",
        "RAISE",
        "RISER",
        "AIRS",
        "EARS",
        "ERAS",
        "RISE",
        "SEAR",
        "SIRE",
        "ERRS",
        "IRES"
    ],
    "ws": []
}