{
    "id": 4719,
    "sub_category": "Verde Pack",
    "category": "Thrive Group",
    "type": 0,
    "letters": "EFLOUW",
    "mov": 18,
    "shovels": 1,
    "coins": 5,
    "rows": 15,
    "cols": 15,
    "c": 0,
    "b": -1,
    "w": 8,
    "h": 6,
    "dws": [
        "FOULE",
        "WOF",
        "FLU",
        "FEU",
        "LOU",
        "LOW",
        "UFO",
        "OLE",
        "FLOE",
        "LEW",
        "ELF",
        "OWE",
        "OWL",
        "WOFUL",
        "ULE",
        "FOE",
        "LEU",
        "WOE",
        "FOU",
        "LOWE",
        "FEW"
    ],
    "ws": [
        {
            "w": "FLEW",
            "v": true,
            "row": 3,
            "col": 0,
            "def": "Simple past of fly."
        },
        {
            "w": "FLOW",
            "v": false,
            "row": 6,
            "col": 2,
            "def": "The movement of a fluid."
        },
        {
            "w": "FOUL",
            "v": true,
            "row": 1,
            "col": 6,
            "def": "Covered with, or containing, extraneous matter which is injurious, noxious, offensive, or obstructive; filthy; dirty; not clean; polluted; nasty; defiled; as, a foul cloth; foul hands; a foul chimney; foul air; a ship's bottom is foul when overgrown with barnacles; a gun becomes foul from repeated firing; a well is foul with polluted water."
        },
        {
            "w": "FUEL",
            "v": false,
            "row": 4,
            "col": 3,
            "def": "Substance consumed to provide energy through combustion, or through chemical or nuclear reaction."
        },
        {
            "w": "WOLF",
            "v": false,
            "row": 1,
            "col": 3,
            "def": "A large wild canid of certain subspecies of Canis lupus."
        },
        {
            "w": "FOWL",
            "v": true,
            "row": 0,
            "col": 1,
            "def": "A bird."
        },
        {
            "w": "FLUE",
            "v": false,
            "row": 3,
            "col": 0,
            "def": "A pipe or duct that carries gaseous combustion products away from the point of combustion (such as a furnace)."
        },
        {
            "w": "WOEFUL",
            "v": true,
            "row": 1,
            "col": 3,
            "def": "Full of woe; sorrowful; distressed with grief or calamity."
        }
    ]
}