{
    "id": 472,
    "sub_category": "Frost Pack",
    "category": "Winter Group",
    "type": 0,
    "letters": "AEGLRV",
    "mov": 30,
    "shovels": 1,
    "coins": 5,
    "rows": 15,
    "cols": 15,
    "c": 0,
    "b": -1,
    "w": 14,
    "h": 13,
    "dws": [
        "ARE",
        "VALE",
        "AREG",
        "RAG",
        "AVER",
        "VERA",
        "REG",
        "GAR",
        "LARE",
        "ARGLE",
        "RAVE",
        "LAV",
        "AVEL",
        "GARE",
        "GRAV",
        "RAV",
        "ERG",
        "AVE",
        "VELAR",
        "GEAL",
        "LEV",
        "RALE",
        "LEA",
        "AGER",
        "GAL",
        "VELA",
        "REV",
        "LAER",
        "VEG",
        "EAR",
        "GAVE",
        "EGAL",
        "VAG",
        "LEAR",
        "ARLE",
        "LEVA",
        "VARE",
        "LAR",
        "VEGA",
        "VAR",
        "GER",
        "VAE",
        "LAVE",
        "LAVER",
        "GAE",
        "GLARE",
        "EARL",
        "GEAR",
        "GALE"
    ],
    "ws": [
        {
            "w": "AGE",
            "v": false,
            "row": 6,
            "col": 6,
            "def": "The whole duration of a being, whether animal, vegetable, or other kind; lifetime."
        },
        {
            "w": "ALE",
            "v": true,
            "row": 6,
            "col": 1,
            "def": "An intoxicating liquor made from an infusion of malt by fermentation and the addition of a bitter, usually hops."
        },
        {
            "w": "ERA",
            "v": true,
            "row": 0,
            "col": 2,
            "def": "A time period of indeterminate length, generally more than one year."
        },
        {
            "w": "GEL",
            "v": true,
            "row": 0,
            "col": 5,
            "def": "A semi-solid to almost solid colloid of a solid and a liquid, such as jelly, cheese or opal."
        },
        {
            "w": "LAG",
            "v": false,
            "row": 6,
            "col": 0,
            "def": "Late."
        },
        {
            "w": "LEG",
            "v": true,
            "row": 4,
            "col": 2,
            "def": "The lower limb of a human being or animal that extends from the groin to the ankle."
        },
        {
            "w": "RAGE",
            "v": false,
            "row": 3,
            "col": 6,
            "def": "Violent uncontrolled anger."
        },
        {
            "w": "REAL",
            "v": true,
            "row": 5,
            "col": 8,
            "def": "A commodity; see reality."
        },
        {
            "w": "VEAL",
            "v": false,
            "row": 7,
            "col": 3,
            "def": "The flesh of a calf used for food."
        },
        {
            "w": "GRAVE",
            "v": false,
            "row": 1,
            "col": 1,
            "def": "An excavation in the earth as a place of burial; also, any place of interment; a tomb; a sepulcher."
        },
        {
            "w": "LAGER",
            "v": true,
            "row": 0,
            "col": 9,
            "def": "A type of beer, brewed using a bottom-fermenting yeast."
        },
        {
            "w": "LARGE",
            "v": false,
            "row": 4,
            "col": 2,
            "def": "Of considerable or relatively great size or extent."
        },
        {
            "w": "REGAL",
            "v": true,
            "row": 3,
            "col": 6,
            "def": "Of or having to do with royalty."
        },
        {
            "w": "GAVEL",
            "v": false,
            "row": 0,
            "col": 5,
            "def": "Rent."
        },
        {
            "w": "RAVEL",
            "v": true,
            "row": 2,
            "col": 0,
            "def": "A snarl, complication."
        },
        {
            "w": "GRAVEL",
            "v": true,
            "row": 3,
            "col": 4,
            "def": "Small fragments of rock, used for laying on the beds of roads and railroads, and as ballast."
        }
    ]
}