{
    "id": 4752,
    "sub_category": "Swept Pack",
    "category": "Parched Group",
    "type": 0,
    "letters": "AEFGLN",
    "mov": 30,
    "shovels": 1,
    "coins": 5,
    "rows": 15,
    "cols": 15,
    "c": 0,
    "b": -1,
    "w": 12,
    "h": 11,
    "dws": [
        "LANG",
        "GANE",
        "GENA",
        "ALF",
        "NAE",
        "GAEN",
        "FANE",
        "NEAL",
        "NEG",
        "FAE",
        "ANE",
        "FEAL",
        "GEAN",
        "GEAL",
        "EAN",
        "ALE",
        "FANGLE",
        "FEG",
        "LEA",
        "FAG",
        "GENAL",
        "ALEF",
        "AGEN",
        "GEN",
        "LENG",
        "GANEF",
        "ELAN",
        "EGAL",
        "AGE",
        "GAN",
        "GLEN",
        "ENG",
        "NEF",
        "GAE",
        "FLEG",
        "GLEAN",
        "LEAN",
        "FAN",
        "FEN"
    ],
    "ws": [
        {
            "w": "ELF",
            "v": true,
            "row": 5,
            "col": 1,
            "def": "A mythical, supernatural being resembling but seen as distinct from humans."
        },
        {
            "w": "GAL",
            "v": false,
            "row": 9,
            "col": 5,
            "def": "A gallon."
        },
        {
            "w": "GEL",
            "v": false,
            "row": 7,
            "col": 3,
            "def": "A semi-solid to almost solid colloid of a solid and a liquid, such as jelly, cheese or opal."
        },
        {
            "w": "LAG",
            "v": false,
            "row": 3,
            "col": 6,
            "def": "Late."
        },
        {
            "w": "LEG",
            "v": false,
            "row": 2,
            "col": 4,
            "def": "The lower limb of a human being or animal that extends from the groin to the ankle."
        },
        {
            "w": "NAG",
            "v": false,
            "row": 1,
            "col": 0,
            "def": "A small horse; a pony."
        },
        {
            "w": "FANG",
            "v": false,
            "row": 6,
            "col": 5,
            "def": "To catch, capture; seize; grip; clutch; lay hold of."
        },
        {
            "w": "FLAG",
            "v": true,
            "row": 6,
            "col": 5,
            "def": "A piece of cloth, often decorated with an emblem, used as a visual signal or symbol."
        },
        {
            "w": "FLEA",
            "v": false,
            "row": 0,
            "col": 3,
            "def": "A small, wingless, parasitic insect of the order Siphonaptera, renowned for its bloodsucking habits and jumping abilities."
        },
        {
            "w": "LANE",
            "v": false,
            "row": 4,
            "col": 3,
            "def": "A narrow passageway between fences, walls, hedges or trees."
        },
        {
            "w": "LEAF",
            "v": false,
            "row": 3,
            "col": 0,
            "def": "The usually green and flat organ that represents the most prominent feature of most vegetative plants."
        },
        {
            "w": "GALE",
            "v": true,
            "row": 0,
            "col": 1,
            "def": "To sing; charm; enchant."
        },
        {
            "w": "FLAN",
            "v": false,
            "row": 6,
            "col": 0,
            "def": "Baked tart with sweet or savoury filling in an open-topped pastry case (the only meaning in UK)."
        },
        {
            "w": "ANGEL",
            "v": true,
            "row": 5,
            "col": 7,
            "def": "A divine and supernatural messenger from a deity, or other divine entity."
        },
        {
            "w": "ANGLE",
            "v": true,
            "row": 0,
            "col": 6,
            "def": "A figure formed by two rays which start from a common point (a plane angle) or by three planes that intersect (a solid angle)."
        },
        {
            "w": "FLANGE",
            "v": true,
            "row": 3,
            "col": 3,
            "def": "An external or internal rib or rim, used either to add strength or to hold something in place."
        }
    ]
}