{
    "id": 4796,
    "sub_category": "Warm Pack",
    "category": "Parched Group",
    "type": 0,
    "letters": "DEHILS",
    "mov": 28,
    "shovels": 1,
    "coins": 5,
    "rows": 15,
    "cols": 15,
    "c": 0,
    "b": -1,
    "w": 12,
    "h": 10,
    "dws": [
        "HIDES",
        "DIE",
        "SEI",
        "SHIEL",
        "LES",
        "HEID",
        "SED",
        "LEI",
        "HEIL",
        "EDH",
        "SIDHE",
        "HES",
        "LEIS",
        "LIS",
        "SILE",
        "EDHS",
        "EISH",
        "DESI",
        "SIDLE",
        "SEL",
        "DEIL",
        "DELS",
        "LIDS",
        "EHS",
        "DEI",
        "HEIDS",
        "ELD",
        "IDE",
        "LIES",
        "LSD",
        "ISLED",
        "DIEL",
        "DELIS",
        "HIE",
        "IDES",
        "SIDH",
        "SILD",
        "HIELD",
        "IDLES",
        "EILD",
        "ELS",
        "ISH",
        "EILDS",
        "HID",
        "DESHI",
        "DIS",
        "ELHI",
        "SELD",
        "HIDE",
        "HILD",
        "HIES",
        "EDS",
        "HEILS",
        "IDS",
        "DIES",
        "ELDS",
        "DEILS",
        "DELISH",
        "SEIL",
        "HIED",
        "DEL",
        "HELD",
        "SIDE"
    ],
    "ws": [
        {
            "w": "HIS",
            "v": true,
            "row": 7,
            "col": 7,
            "def": "Belonging to him."
        },
        {
            "w": "LED",
            "v": false,
            "row": 6,
            "col": 3,
            "def": "Simple past tense and past participle of lead."
        },
        {
            "w": "LID",
            "v": false,
            "row": 5,
            "col": 0,
            "def": "The top or cover of a container."
        },
        {
            "w": "LIE",
            "v": true,
            "row": 0,
            "col": 3,
            "def": "To be in a horizontal position."
        },
        {
            "w": "SHE",
            "v": false,
            "row": 9,
            "col": 7,
            "def": "A female person or animal."
        },
        {
            "w": "DISH",
            "v": true,
            "row": 0,
            "col": 5,
            "def": "A vessel such as a plate for holding or serving food, often flat with a depressed region in the middle."
        },
        {
            "w": "LIED",
            "v": true,
            "row": 2,
            "col": 2,
            "def": "An art song, sung in German and accompanied on the piano."
        },
        {
            "w": "SHED",
            "v": true,
            "row": 1,
            "col": 7,
            "def": "To part or divide."
        },
        {
            "w": "SLED",
            "v": false,
            "row": 0,
            "col": 2,
            "def": "A small, light vehicle with runners, used, mostly by young persons, for sliding on snow or ice. (A \"sled\" in this sense is not pulled by an animal as a \"sleigh\" is.)."
        },
        {
            "w": "SLID",
            "v": true,
            "row": 0,
            "col": 0,
            "def": "Simple past tense and past participle of slide."
        },
        {
            "w": "DELI",
            "v": false,
            "row": 8,
            "col": 4,
            "def": "A shop that sells cooked or prepared food ready for serving."
        },
        {
            "w": "IDLE",
            "v": true,
            "row": 5,
            "col": 1,
            "def": "Empty, vacant."
        },
        {
            "w": "ISLE",
            "v": false,
            "row": 2,
            "col": 0,
            "def": "An island."
        },
        {
            "w": "SLIDE",
            "v": true,
            "row": 5,
            "col": 9,
            "def": "To (cause to) move in continuous contact with a surface."
        },
        {
            "w": "SHIED",
            "v": false,
            "row": 3,
            "col": 4,
            "def": "Simple past tense and past participle of shy."
        },
        {
            "w": "SHIELD",
            "v": true,
            "row": 3,
            "col": 4,
            "def": "A broad piece of defensive armor, carried on the arm, formerly in general use in war, for the protection of the body."
        }
    ]
}