{
    "id": 4804,
    "sub_category": "Icicle Pack",
    "category": "Frigid Group",
    "type": 0,
    "letters": "ACDENS",
    "mov": 26,
    "shovels": 1,
    "coins": 5,
    "rows": 15,
    "cols": 15,
    "c": 0,
    "b": -1,
    "w": 12,
    "h": 11,
    "dws": [
        "SANED",
        "SCAD",
        "ACNES",
        "DECAN",
        "ANS",
        "SED",
        "NEDS",
        "NAE",
        "DANCES",
        "CANED",
        "CASED",
        "END",
        "DAS",
        "SENA",
        "DACE",
        "DECANS",
        "ANE",
        "DAE",
        "NADS",
        "DAES",
        "DNA",
        "ADS",
        "DEN",
        "SEN",
        "EANS",
        "EAN",
        "CADE",
        "SNEAD",
        "NAS",
        "CAN",
        "ANDS",
        "CADS",
        "DEANS",
        "SAD",
        "SADE",
        "SAE",
        "DAN",
        "SEAN",
        "ANCE",
        "CANES",
        "ACE",
        "ECADS",
        "ACNED",
        "CENS",
        "SNED",
        "SAC",
        "ENS",
        "NAES",
        "NED",
        "SAN",
        "SEC",
        "DACES",
        "CADES",
        "ECAD",
        "EDS",
        "EAS",
        "SEA",
        "SCENA",
        "AND",
        "ANES",
        "CAD",
        "DANS",
        "SCEND",
        "AESC"
    ],
    "ws": [
        {
            "w": "ACES",
            "v": false,
            "row": 4,
            "col": 1,
            "def": "Plural form of ace."
        },
        {
            "w": "ACNE",
            "v": false,
            "row": 3,
            "col": 4,
            "def": "A skin condition, usually of the face, that is common in adolescents. It is characterised by red pimples, and is caused by the inflammation of sebaceous glands through bacterial infection."
        },
        {
            "w": "CANE",
            "v": true,
            "row": 0,
            "col": 7,
            "def": "The slender, flexible main stem of a plant such as bamboo, including many species in the Grass family Gramineae."
        },
        {
            "w": "CANS",
            "v": false,
            "row": 1,
            "col": 6,
            "def": "Plural form of can."
        },
        {
            "w": "CASE",
            "v": true,
            "row": 0,
            "col": 0,
            "def": "An actual event, situation, or fact."
        },
        {
            "w": "DEAN",
            "v": true,
            "row": 6,
            "col": 1,
            "def": "A senior official in a college or university, who may be in charge of a division or faculty (for example, the dean of science) or have some other advisory or disciplinary function (for example, the dean of students)."
        },
        {
            "w": "DENS",
            "v": true,
            "row": 6,
            "col": 6,
            "def": "Plural form of den."
        },
        {
            "w": "ENDS",
            "v": false,
            "row": 7,
            "col": 6,
            "def": "Plural form of end."
        },
        {
            "w": "SAND",
            "v": false,
            "row": 9,
            "col": 6,
            "def": "Rock that is ground more finely than gravel, but is not as fine as silt (more formally, see grain sizes chart), forming beaches and deserts and also used in construction."
        },
        {
            "w": "SANE",
            "v": true,
            "row": 1,
            "col": 9,
            "def": "Being in a healthy condition; not deranged; acting rationally; -- regarding the mind."
        },
        {
            "w": "SCAN",
            "v": false,
            "row": 2,
            "col": 0,
            "def": "To examine sequentially, part by part."
        },
        {
            "w": "SEND",
            "v": false,
            "row": 6,
            "col": 3,
            "def": "To make something (such as an object or message) go from one place to another."
        },
        {
            "w": "ACED",
            "v": false,
            "row": 8,
            "col": 1,
            "def": "Simple past tense and past participle of ace."
        },
        {
            "w": "DANCE",
            "v": true,
            "row": 1,
            "col": 2,
            "def": "A sequence of rhythmic steps or movements usually performed to music, for pleasure or as a form of social interaction."
        },
        {
            "w": "SEDAN",
            "v": true,
            "row": 5,
            "col": 8,
            "def": "An enclosed windowed chair suitable for a single occupant, carried by at least two porters, in equal numbers in front and behind, using wooden rails that passed through metal brackets on the sides of the chair."
        },
        {
            "w": "ASCEND",
            "v": true,
            "row": 3,
            "col": 4,
            "def": "To move upward, to fly, to soar."
        }
    ]
}