{
    "id": 49,
    "sub_category": "Fog Pack",
    "category": "Forest Group",
    "type": 0,
    "letters": "ABDEK",
    "mov": 16,
    "shovels": 1,
    "coins": 5,
    "rows": 15,
    "cols": 15,
    "c": 0,
    "b": -1,
    "w": 7,
    "h": 7,
    "dws": [
        "KED",
        "KAE",
        "DAE",
        "ABED",
        "AKED",
        "DEB",
        "KAB",
        "DAB",
        "KADE",
        "AKE",
        "KAED",
        "BADE",
        "KEB",
        "DAK",
        "KEA",
        "BAKED",
        "BAKE",
        "BEAK",
        "BEAD",
        "BAD",
        "BED"
    ],
    "ws": []
}