{
    "id": 4956,
    "sub_category": "Bloom Packx",
    "category": "Flourish Group",
    "type": 0,
    "letters": "ACEKRY",
    "mov": 30,
    "shovels": 1,
    "coins": 5,
    "rows": 15,
    "cols": 15,
    "c": 0,
    "b": -1,
    "w": 11,
    "h": 11,
    "dws": [
        "REC",
        "ARE",
        "YAR",
        "KAE",
        "CARK",
        "EYRA",
        "ACER",
        "YER",
        "RYKE",
        "YARK",
        "RYA",
        "ARY",
        "YARE",
        "CRAKE",
        "KAY",
        "AYRE",
        "CAKY",
        "RECK",
        "YACK",
        "CRAY",
        "KYE",
        "KYAR",
        "AERY",
        "YERK",
        "EAR",
        "CAY",
        "YACKER",
        "CAKEY",
        "AYE",
        "YAE",
        "YEA",
        "KRAY",
        "ACKER",
        "AKE",
        "ERK",
        "REAK",
        "KEA",
        "RACE",
        "RACK",
        "ARK",
        "KEY"
    ],
    "ws": [
        {
            "w": "ACE",
            "v": false,
            "row": 6,
            "col": 0,
            "def": "A single point or spot on a playing card or die."
        },
        {
            "w": "ARC",
            "v": false,
            "row": 1,
            "col": 6,
            "def": "A directed edge."
        },
        {
            "w": "CAR",
            "v": false,
            "row": 4,
            "col": 2,
            "def": "A wheeled vehicle, drawn by a horse or other animal."
        },
        {
            "w": "CRY",
            "v": true,
            "row": 1,
            "col": 8,
            "def": "To shed tears; to weep."
        },
        {
            "w": "ERA",
            "v": true,
            "row": 4,
            "col": 0,
            "def": "A time period of indeterminate length, generally more than one year."
        },
        {
            "w": "RAY",
            "v": true,
            "row": 0,
            "col": 6,
            "def": "A beam of light or radiation."
        },
        {
            "w": "RYE",
            "v": false,
            "row": 3,
            "col": 7,
            "def": "Caraway (from the mistaken assumption that the whole seeds, often used to season rye bread, are the rye itself)."
        },
        {
            "w": "YAK",
            "v": false,
            "row": 8,
            "col": 0,
            "def": "An ox-like mammal native to the Himalayas and Tibet with dark, long and silky hair a horse like tail and a full, bushy mane."
        },
        {
            "w": "CAKE",
            "v": true,
            "row": 5,
            "col": 9,
            "def": "A rich, sweet dessert food, typically made of flour, sugar, and eggs and baked in an oven, and often covered in icing."
        },
        {
            "w": "CARE",
            "v": false,
            "row": 8,
            "col": 6,
            "def": "Grief, sorrow."
        },
        {
            "w": "YEAR",
            "v": false,
            "row": 0,
            "col": 3,
            "def": "The time it takes the Earth to complete one revolution of the Sun (between 365.24 and 365.26 days depending on the point of reference)."
        },
        {
            "w": "ACRE",
            "v": false,
            "row": 6,
            "col": 4,
            "def": "A field."
        },
        {
            "w": "RACY",
            "v": true,
            "row": 6,
            "col": 6,
            "def": "Having a strong flavor indicating origin; of distinct characteristic taste; tasting of the soil; hence, fresh; rich."
        },
        {
            "w": "RAKE",
            "v": true,
            "row": 3,
            "col": 7,
            "def": "A garden tool with a row of pointed teeth fixed to a long handle, used for collecting grass or debris, or for loosening soil."
        },
        {
            "w": "CREAK",
            "v": true,
            "row": 4,
            "col": 2,
            "def": "The sound produced by anything that creaks; a creaking."
        },
        {
            "w": "CREAKY",
            "v": true,
            "row": 3,
            "col": 4,
            "def": "Tending to creak."
        }
    ]
}