{
    "id": 4967,
    "sub_category": "Star Packx",
    "category": "Aurora Group",
    "type": 0,
    "letters": "BDEMNU",
    "mov": 24,
    "shovels": 1,
    "coins": 5,
    "rows": 15,
    "cols": 15,
    "c": 0,
    "b": -1,
    "w": 9,
    "h": 9,
    "dws": [
        "UNBED",
        "UNBE",
        "DUN",
        "END",
        "MEU",
        "BUND",
        "DUM",
        "DEN",
        "MED",
        "NUDE",
        "DUE",
        "UMBE",
        "NEB",
        "NEUM",
        "DUMB",
        "UNDE",
        "DUNE",
        "NED",
        "BEN",
        "DEB",
        "BEMUD",
        "MUN",
        "BEDU"
    ],
    "ws": [
        {
            "w": "BED",
            "v": true,
            "row": 4,
            "col": 5,
            "def": "A piece of furniture, usually flat and soft, to sleep on."
        },
        {
            "w": "BUD",
            "v": false,
            "row": 6,
            "col": 3,
            "def": "A newly formed leaf or flower that has not yet unfolded."
        },
        {
            "w": "BUN",
            "v": false,
            "row": 4,
            "col": 5,
            "def": "A small bread roll, often sweetened or spiced."
        },
        {
            "w": "MEN",
            "v": true,
            "row": 0,
            "col": 7,
            "def": "Plural form of man."
        },
        {
            "w": "MUD",
            "v": false,
            "row": 0,
            "col": 3,
            "def": "A mixture of water and soil or fine grained sediment."
        },
        {
            "w": "DUB",
            "v": true,
            "row": 0,
            "col": 5,
            "def": "To confer knighthood; the conclusion of the ceremony was marked by a tap on the shoulder with the sword."
        },
        {
            "w": "EMU",
            "v": true,
            "row": 2,
            "col": 6,
            "def": "A large flightless bird native to Australia, Dromaius novaehollandiae."
        },
        {
            "w": "NUB",
            "v": true,
            "row": 4,
            "col": 7,
            "def": "The innermost section of a chrysalis in a silk cocoon."
        },
        {
            "w": "BUM",
            "v": false,
            "row": 5,
            "col": 1,
            "def": "The buttocks."
        },
        {
            "w": "BEND",
            "v": false,
            "row": 2,
            "col": 5,
            "def": "To cause (something) to change its shape into a curve, by physical force, chemical action, or any other means."
        },
        {
            "w": "MENU",
            "v": false,
            "row": 3,
            "col": 1,
            "def": "The details of the food to be served at a banquet; a bill of fare."
        },
        {
            "w": "NUMB",
            "v": true,
            "row": 6,
            "col": 0,
            "def": "Without the power of sensation and motion or feeling; insensible."
        },
        {
            "w": "MEND",
            "v": false,
            "row": 8,
            "col": 0,
            "def": "A place, as in clothing, which has been repaired by mending."
        },
        {
            "w": "NUMBED",
            "v": true,
            "row": 3,
            "col": 3,
            "def": "Simple past tense and past participle of numb."
        }
    ]
}