{
    "id": 4986,
    "sub_category": "Way Pack",
    "category": "Aurora Group",
    "type": 0,
    "letters": "CDEKSU",
    "mov": 24,
    "shovels": 1,
    "coins": 5,
    "rows": 15,
    "cols": 15,
    "c": 0,
    "b": -1,
    "w": 10,
    "h": 10,
    "dws": [
        "CUKE",
        "DUES",
        "SED",
        "CUKES",
        "EUKS",
        "DUCE",
        "SUK",
        "DUCKS",
        "CUES",
        "UDS",
        "ECU",
        "ECUS",
        "CUSK",
        "DEUS",
        "DECKS",
        "DUCES",
        "KED",
        "EUK",
        "DUE",
        "UKE",
        "SKED",
        "CUDS",
        "CUD",
        "SEC",
        "DUKES",
        "UKES",
        "EDS",
        "SUD",
        "KUES",
        "KUE",
        "KEDS"
    ],
    "ws": [
        {
            "w": "CUE",
            "v": true,
            "row": 5,
            "col": 7,
            "def": "An action or event that is a signal for somebody to do something."
        },
        {
            "w": "SUE",
            "v": true,
            "row": 7,
            "col": 5,
            "def": "To follow."
        },
        {
            "w": "USE",
            "v": false,
            "row": 4,
            "col": 3,
            "def": "The act of using."
        },
        {
            "w": "DECK",
            "v": true,
            "row": 6,
            "col": 0,
            "def": "Any flat surface that can be walked on: a balcony; a porch; a raised patio; a flat rooftop."
        },
        {
            "w": "DESK",
            "v": false,
            "row": 6,
            "col": 0,
            "def": "A table, frame, or case, usually with sloping top, but often with flat top, for the use writers and readers. It often has a drawer or repository underneath."
        },
        {
            "w": "DUCK",
            "v": false,
            "row": 5,
            "col": 5,
            "def": "An aquatic bird of the family Anatidae, having a flat bill and webbed feet."
        },
        {
            "w": "DUKE",
            "v": true,
            "row": 3,
            "col": 1,
            "def": "The male ruler of a duchy (compare duchess)."
        },
        {
            "w": "DUSK",
            "v": true,
            "row": 0,
            "col": 8,
            "def": "A period of time occurring at the end of the day during which the sun sets."
        },
        {
            "w": "USED",
            "v": true,
            "row": 2,
            "col": 5,
            "def": "Simple past tense and past participle of use."
        },
        {
            "w": "SUCK",
            "v": false,
            "row": 3,
            "col": 5,
            "def": "A weak, self-pitying person; a person who won't go along, especially out of spite; a crybaby or sore loser."
        },
        {
            "w": "SUED",
            "v": false,
            "row": 7,
            "col": 5,
            "def": "Simple past tense and past participle of sue."
        },
        {
            "w": "CUED",
            "v": false,
            "row": 8,
            "col": 0,
            "def": "Simple past tense and past participle of cue."
        },
        {
            "w": "SCUD",
            "v": false,
            "row": 0,
            "col": 5,
            "def": "To race along swiftly (especially used of clouds)."
        },
        {
            "w": "SUCKED",
            "v": true,
            "row": 3,
            "col": 3,
            "def": "Simple past tense and past participle of suck."
        }
    ]
}