{
    "id": 4987,
    "sub_category": "Way Pack",
    "category": "Aurora Group",
    "type": 0,
    "letters": "DDEGIR",
    "mov": 22,
    "shovels": 1,
    "coins": 5,
    "rows": 15,
    "cols": 15,
    "c": 0,
    "b": -1,
    "w": 9,
    "h": 9,
    "dws": [
        "GIE",
        "REDD",
        "DIE",
        "REDID",
        "REG",
        "GIRDED",
        "REI",
        "GIED",
        "ERG",
        "DREG",
        "GED",
        "GRIDE",
        "DEI",
        "RIG",
        "IDE",
        "GIRD",
        "GID",
        "DEID",
        "IRED",
        "GER",
        "GRIDED",
        "DEG",
        "IRE"
    ],
    "ws": [
        {
            "w": "DID",
            "v": false,
            "row": 1,
            "col": 0,
            "def": "A Roman numeral representing nine hundred and ninety-nine (999)."
        },
        {
            "w": "DIG",
            "v": false,
            "row": 0,
            "col": 3,
            "def": "To move hard-packed earth out of the way, especially downward to make a hole with a shovel. Or to drill, or the like, through rocks, roads, or the like. More generally, to make any similar hole by moving material out of the way."
        },
        {
            "w": "RED",
            "v": false,
            "row": 5,
            "col": 5,
            "def": "Having red as its colour."
        },
        {
            "w": "RID",
            "v": false,
            "row": 1,
            "col": 5,
            "def": "Released from an obligation, problem, etc. (usually followed by \"of\")."
        },
        {
            "w": "DIED",
            "v": true,
            "row": 0,
            "col": 1,
            "def": "Simple past tense and past participle of die."
        },
        {
            "w": "DIRE",
            "v": true,
            "row": 4,
            "col": 0,
            "def": "Ill-boding; portentous."
        },
        {
            "w": "GRID",
            "v": true,
            "row": 0,
            "col": 5,
            "def": "A rectangular array of squares or rectangles of equal size, such as in a crossword puzzle."
        },
        {
            "w": "RIDE",
            "v": false,
            "row": 6,
            "col": 0,
            "def": "To play defense on the defensemen or midfielders, as an attackman."
        },
        {
            "w": "DRIED",
            "v": false,
            "row": 3,
            "col": 1,
            "def": "Without water or moisture."
        },
        {
            "w": "RIDGE",
            "v": true,
            "row": 3,
            "col": 7,
            "def": "The back of any animal; especially the upper or projecting part of the back of a quadruped."
        },
        {
            "w": "DIRGE",
            "v": false,
            "row": 7,
            "col": 3,
            "def": "A mournful poem or piece of music composed or performed as a memorial to a dead person."
        },
        {
            "w": "RIDGED",
            "v": true,
            "row": 2,
            "col": 3,
            "def": "Simple past tense and past participle of ridge."
        }
    ]
}