{
    "id": "4d1360d8-0d3a-11eb-a781-34363b5fdca4",
    "type": 0,
    "letters": "ABEELN",
    "mov": 21,
    "shovels": 1,
    "coins": 5,
    "rows": 8,
    "cols": 2,
    "c": 0,
    "b": -1,
    "dws": [
        "EAN",
        "NAE",
        "ANE",
        "NEB",
        "BEN",
        "ENE",
        "EEN",
        "NEE",
        "BEL",
        "NAB",
        "ALB",
        "BAL",
        "LAB",
        "NABE",
        "NEAL",
        "BENE",
        "ALBE",
        "BAEL",
        "BEAL",
        "BLAE",
        "EALE",
        "ALEE",
        "BLEE",
        "ANELE",
        "NEBEL",
        "LEBEN",
        "ABELE"
    ],
    "ws": [
        {
            "w": "ALE",
            "v": true,
            "row": 4,
            "col": 7
        },
        {
            "w": "BAN",
            "v": false,
            "row": 9,
            "col": 6
        },
        {
            "w": "BEE",
            "v": true,
            "row": 1,
            "col": 0
        },
        {
            "w": "EEL",
            "v": false,
            "row": 6,
            "col": 6
        },
        {
            "w": "LEA",
            "v": true,
            "row": 0,
            "col": 6
        },
        {
            "w": "LEE",
            "v": true,
            "row": 2,
            "col": 5
        },
        {
            "w": "ABLE",
            "v": false,
            "row": 5,
            "col": 1
        },
        {
            "w": "BALE",
            "v": false,
            "row": 0,
            "col": 4
        },
        {
            "w": "BANE",
            "v": false,
            "row": 1,
            "col": 0
        },
        {
            "w": "BEAN",
            "v": false,
            "row": 7,
            "col": 2
        },
        {
            "w": "BEEN",
            "v": true,
            "row": 1,
            "col": 8
        },
        {
            "w": "ELAN",
            "v": false,
            "row": 4,
            "col": 5
        },
        {
            "w": "LANE",
            "v": false,
            "row": 2,
            "col": 5
        },
        {
            "w": "LEAN",
            "v": true,
            "row": 6,
            "col": 8
        },
        {
            "w": "BALEEN",
            "v": true,
            "row": 3,
            "col": 3
        },
        {
            "w": "ENABLE",
            "v": false,
            "row": 3,
            "col": 0
        }
    ]
}