{
    "id": "4fbc9444-0d3a-11eb-a781-34363b5fdca4",
    "type": 0,
    "letters": "CEEIRS",
    "mov": 17,
    "shovels": 1,
    "coins": 5,
    "rows": 6,
    "cols": 2,
    "c": 0,
    "b": -1,
    "dws": [
        "REC",
        "CEE",
        "CIS",
        "SIC",
        "REI",
        "ERS",
        "RES",
        "SER",
        "ERE",
        "REE",
        "SEI",
        "ESE",
        "SRI",
        "CIRE",
        "ERIC",
        "ICER",
        "RECS",
        "CERE",
        "CREE",
        "SICE",
        "CEES",
        "CRIS",
        "REIS",
        "IRES",
        "SIRE",
        "SEIR",
        "ERES",
        "REES",
        "SERE",
        "CIRES",
        "ERICS",
        "RICES",
        "ICERS",
        "SERIC",
        "CERES",
        "CREES",
        "SIREE"
    ],
    "ws": [
        {
            "w": "ICE",
            "v": false,
            "row": 7,
            "col": 1
        },
        {
            "w": "IRE",
            "v": true,
            "row": 5,
            "col": 5
        },
        {
            "w": "SEC",
            "v": true,
            "row": 1,
            "col": 6
        },
        {
            "w": "SEE",
            "v": true,
            "row": 4,
            "col": 0
        },
        {
            "w": "SIR",
            "v": true,
            "row": 0,
            "col": 4
        },
        {
            "w": "ICES",
            "v": true,
            "row": 4,
            "col": 7
        },
        {
            "w": "RICE",
            "v": true,
            "row": 1,
            "col": 1
        },
        {
            "w": "RISE",
            "v": false,
            "row": 0,
            "col": 2
        },
        {
            "w": "SEER",
            "v": false,
            "row": 4,
            "col": 0
        },
        {
            "w": "CRIES",
            "v": false,
            "row": 2,
            "col": 3
        },
        {
            "w": "SCREE",
            "v": false,
            "row": 6,
            "col": 3
        },
        {
            "w": "CERISE",
            "v": true,
            "row": 2,
            "col": 3
        }
    ]
}