{
    "id": 5012,
    "sub_category": "Vast Packx",
    "category": "Aurora Group",
    "type": 0,
    "letters": "EGILNO",
    "mov": 30,
    "shovels": 1,
    "coins": 5,
    "rows": 15,
    "cols": 15,
    "c": 0,
    "b": -1,
    "w": 13,
    "h": 12,
    "dws": [
        "GIE",
        "LIG",
        "GLEI",
        "EON",
        "NOG",
        "LEI",
        "ELOIN",
        "NEG",
        "INGLE",
        "ION",
        "OLE",
        "LENO",
        "GOEL",
        "NOLE",
        "LING",
        "INGO",
        "ONIE",
        "NOIL",
        "LINO",
        "LIGNE",
        "LOGE",
        "NIE",
        "GOE",
        "GON",
        "GEN",
        "GIEN",
        "LENG",
        "LIN",
        "GEL",
        "GEO",
        "ENOL",
        "LEG",
        "ENG",
        "GOLE",
        "LONGIE",
        "ELOIGN",
        "GIO",
        "LONGE",
        "OLEIN",
        "ING",
        "LOGIE",
        "LOIN",
        "LIEN",
        "EGO",
        "LIE"
    ],
    "ws": [
        {
            "w": "GIN",
            "v": false,
            "row": 0,
            "col": 7,
            "def": "A colourless non-aged alcoholic liquor made by distilling fermented grains such as barley, corn, oats or rye with juniper berries; the base for many cocktails."
        },
        {
            "w": "LOG",
            "v": true,
            "row": 6,
            "col": 2,
            "def": "Logarithm."
        },
        {
            "w": "OIL",
            "v": false,
            "row": 6,
            "col": 0,
            "def": "Liquid fat."
        },
        {
            "w": "ONE",
            "v": false,
            "row": 4,
            "col": 2,
            "def": "A numerical value equal to 1; the first number in the set of natural numbers (especially in number theory); the cardinality of the smallest nonempty set. Ordinal: first."
        },
        {
            "w": "NIL",
            "v": false,
            "row": 2,
            "col": 7,
            "def": "Nothing; zero."
        },
        {
            "w": "GONE",
            "v": true,
            "row": 0,
            "col": 7,
            "def": "Past participle of go."
        },
        {
            "w": "LINE",
            "v": false,
            "row": 3,
            "col": 4,
            "def": "A path through two or more points (compare 'segment'); a continuous mark, including as made by a pen; any path, curved or straight."
        },
        {
            "w": "LION",
            "v": false,
            "row": 0,
            "col": 2,
            "def": "A big cat, Panthera leo, native to Africa, India and formerly to much of Europe. The term may apply to the species as a whole, to individuals, or to male individuals. It also applies to related species like mountain lions."
        },
        {
            "w": "LONE",
            "v": true,
            "row": 2,
            "col": 9,
            "def": "Solitary; having no companion."
        },
        {
            "w": "LONG",
            "v": false,
            "row": 2,
            "col": 0,
            "def": "Having much distance from one terminating point on an object or an area to another terminating point (usually applies to horizontal dimensions; see Usage Notes below)."
        },
        {
            "w": "GLEN",
            "v": false,
            "row": 5,
            "col": 4,
            "def": "A secluded and narrow valley; a dale; a depression between hills."
        },
        {
            "w": "NOEL",
            "v": true,
            "row": 3,
            "col": 6,
            "def": "Christmas."
        },
        {
            "w": "OGLE",
            "v": true,
            "row": 6,
            "col": 0,
            "def": ", (intransitive) To stare at (someone or something), especially impertinently, amorously, or covetously."
        },
        {
            "w": "LINGO",
            "v": true,
            "row": 0,
            "col": 2,
            "def": "Language, especially language peculiar to a particular group or region; jargon or a dialect."
        },
        {
            "w": "LOGIN",
            "v": false,
            "row": 8,
            "col": 0,
            "def": "A combination of a user's identification and password used to enter a computer, program, network, etc."
        },
        {
            "w": "LEGION",
            "v": true,
            "row": 3,
            "col": 4,
            "def": "Numerous; vast; very great in number; multitudinous."
        }
    ]
}