{
    "id": 5016,
    "sub_category": "Vast Packx",
    "category": "Aurora Group",
    "type": 0,
    "letters": "CDERSU",
    "mov": 28,
    "shovels": 1,
    "coins": 5,
    "rows": 15,
    "cols": 15,
    "c": 0,
    "b": -1,
    "w": 14,
    "h": 13,
    "dws": [
        "REC",
        "CRU",
        "CUR",
        "CRUES",
        "SUER",
        "CRUSE",
        "SURD",
        "DUES",
        "CURDS",
        "RUC",
        "URD",
        "DURE",
        "SED",
        "ECRU",
        "CRUE",
        "URDS",
        "DRUSE",
        "DUCE",
        "DURES",
        "CRED",
        "RUDES",
        "SER",
        "USED",
        "CRUDS",
        "CRUDES",
        "RUED",
        "UDS",
        "ECRUS",
        "ECU",
        "ECUS",
        "DEUS",
        "ERS",
        "CRUS",
        "DUCES",
        "SUCRE",
        "DUE",
        "RUCS",
        "CREDS",
        "URES",
        "SCUR",
        "CURES",
        "CUDS",
        "CUD",
        "URE",
        "RECS",
        "SEC",
        "RUD",
        "EDS",
        "SUED",
        "REDS",
        "RUES",
        "RES",
        "SUD",
        "RUDS",
        "CURS",
        "URDE",
        "CUES",
        "CRUDE",
        "SCUD"
    ],
    "ws": [
        {
            "w": "CUE",
            "v": false,
            "row": 3,
            "col": 4,
            "def": "An action or event that is a signal for somebody to do something."
        },
        {
            "w": "RED",
            "v": false,
            "row": 9,
            "col": 5,
            "def": "Having red as its colour."
        },
        {
            "w": "SUE",
            "v": false,
            "row": 4,
            "col": 0,
            "def": "To follow."
        },
        {
            "w": "USE",
            "v": true,
            "row": 7,
            "col": 2,
            "def": "The act of using."
        },
        {
            "w": "RUE",
            "v": false,
            "row": 9,
            "col": 0,
            "def": "Repentance, regret."
        },
        {
            "w": "CURE",
            "v": false,
            "row": 0,
            "col": 2,
            "def": "A method, device or medication that restores good health."
        },
        {
            "w": "RUDE",
            "v": false,
            "row": 7,
            "col": 1,
            "def": "Bad mannered."
        },
        {
            "w": "SURE",
            "v": false,
            "row": 6,
            "col": 4,
            "def": "Physically secure and certain, non-failing, reliable."
        },
        {
            "w": "USER",
            "v": true,
            "row": 4,
            "col": 1,
            "def": "One who uses or makes use of something, a consumer."
        },
        {
            "w": "CRUD",
            "v": false,
            "row": 1,
            "col": 6,
            "def": "Dirt, filth or refuse."
        },
        {
            "w": "CURD",
            "v": false,
            "row": 2,
            "col": 0,
            "def": "The part of milk that coagulates when it sours or is treated with enzymes; used to make cottage cheese."
        },
        {
            "w": "RUSE",
            "v": true,
            "row": 6,
            "col": 6,
            "def": "A trick."
        },
        {
            "w": "CUED",
            "v": true,
            "row": 1,
            "col": 6,
            "def": "Simple past tense and past participle of cue."
        },
        {
            "w": "CURED",
            "v": true,
            "row": 0,
            "col": 8,
            "def": "Simple past tense and past participle of cure."
        },
        {
            "w": "CURSE",
            "v": true,
            "row": 0,
            "col": 2,
            "def": "A supernatural detriment or hindrance; a bane."
        },
        {
            "w": "CURSED",
            "v": true,
            "row": 3,
            "col": 4,
            "def": "Something that has some sort of divine harm, malady, or other curse."
        }
    ]
}