{
    "id": 5028,
    "sub_category": "Space Packx",
    "category": "Aurora Group",
    "type": 0,
    "letters": "DDENOW",
    "mov": 30,
    "shovels": 1,
    "coins": 5,
    "rows": 15,
    "cols": 15,
    "c": 0,
    "b": -1,
    "w": 12,
    "h": 10,
    "dws": [
        "NED",
        "NOWED",
        "WEND",
        "EON",
        "WEN",
        "WONE",
        "DOWD",
        "EDDO",
        "WOE",
        "DOWED",
        "END",
        "OWE",
        "DOEN",
        "ENOW",
        "NOW",
        "DOD",
        "ENDOW",
        "DONE",
        "DOWN",
        "DON"
    ],
    "ws": [
        {
            "w": "DEN",
            "v": true,
            "row": 4,
            "col": 0,
            "def": "The home of certain animals."
        },
        {
            "w": "DEW",
            "v": false,
            "row": 0,
            "col": 5,
            "def": "Moisture in the air that settles on plants, etc in the morning, resulting in drops."
        },
        {
            "w": "NEW",
            "v": false,
            "row": 2,
            "col": 7,
            "def": "Recently made, or created."
        },
        {
            "w": "NOD",
            "v": false,
            "row": 4,
            "col": 7,
            "def": "To incline the head up and down, as to indicate agreement."
        },
        {
            "w": "ODD",
            "v": false,
            "row": 8,
            "col": 7,
            "def": "Single; sole; singular; not having a mate."
        },
        {
            "w": "ONE",
            "v": true,
            "row": 2,
            "col": 2,
            "def": "A numerical value equal to 1; the first number in the set of natural numbers (especially in number theory); the cardinality of the smallest nonempty set. Ordinal: first."
        },
        {
            "w": "OWN",
            "v": false,
            "row": 6,
            "col": 6,
            "def": "To have rightful possession of (property, goods or capital); \"To possess by right; to have the right of property in; to have the legal right or rightful title to.\" (Ref 1)."
        },
        {
            "w": "WON",
            "v": true,
            "row": 0,
            "col": 7,
            "def": "Simple past tense and past participle of win."
        },
        {
            "w": "DOE",
            "v": false,
            "row": 4,
            "col": 0,
            "def": "A female deer; also used of similar animals such as reindeer, antelope, goat."
        },
        {
            "w": "DOW",
            "v": true,
            "row": 5,
            "col": 6,
            "def": "To be worth."
        },
        {
            "w": "ODE",
            "v": false,
            "row": 8,
            "col": 3,
            "def": "A short poetical composition proper to be set to music or sung; a lyric poem; esp., now, a poem characterized by sustained noble sentiment and appropriate dignity of style."
        },
        {
            "w": "WED",
            "v": true,
            "row": 2,
            "col": 9,
            "def": "To perform the marriage ceremony for; to join in matrimony."
        },
        {
            "w": "NODE",
            "v": false,
            "row": 3,
            "col": 2,
            "def": "A knot, knob, protuberance or swelling."
        },
        {
            "w": "OWED",
            "v": false,
            "row": 5,
            "col": 3,
            "def": "Simple past tense and past participle of owe."
        },
        {
            "w": "OWNED",
            "v": true,
            "row": 4,
            "col": 8,
            "def": "Simple past tense and past participle of own."
        },
        {
            "w": "DOWNED",
            "v": true,
            "row": 3,
            "col": 4,
            "def": "Simple past tense and past participle of down."
        }
    ]
}