{
    "id": 5036,
    "sub_category": "Space Packx",
    "category": "Aurora Group",
    "type": 0,
    "letters": "DEEFHT",
    "mov": 22,
    "shovels": 1,
    "coins": 5,
    "rows": 15,
    "cols": 15,
    "c": 0,
    "b": -1,
    "w": 9,
    "h": 9,
    "dws": [
        "DEF",
        "ETH",
        "EFT",
        "ETHE",
        "DEET",
        "FETED",
        "HET",
        "FET",
        "HETE",
        "TEF",
        "TEED",
        "FEH",
        "EDH",
        "EHED",
        "DEE",
        "TED"
    ],
    "ws": [
        {
            "w": "FED",
            "v": true,
            "row": 0,
            "col": 6,
            "def": "A federal government officer or official, especially FBI and DEA agents."
        },
        {
            "w": "FEE",
            "v": true,
            "row": 5,
            "col": 1,
            "def": "Cattle; livestock, especially considered as the basis of wealth."
        },
        {
            "w": "TEE",
            "v": false,
            "row": 7,
            "col": 5,
            "def": "The name of the Latin script letter T/t."
        },
        {
            "w": "THE",
            "v": false,
            "row": 5,
            "col": 3,
            "def": "With a comparative or more and a verb phrase, establishes a parallel with one or more other such comparatives."
        },
        {
            "w": "FEED",
            "v": false,
            "row": 7,
            "col": 0,
            "def": "To give (someone or something) food to eat, nurture."
        },
        {
            "w": "FEET",
            "v": true,
            "row": 4,
            "col": 5,
            "def": "Plural form of foot."
        },
        {
            "w": "HEED",
            "v": false,
            "row": 2,
            "col": 3,
            "def": "Careful attention."
        },
        {
            "w": "THEE",
            "v": false,
            "row": 3,
            "col": 0,
            "def": "Objective case of thou."
        },
        {
            "w": "DEFT",
            "v": true,
            "row": 0,
            "col": 0,
            "def": "Quick and neat in action; skillful."
        },
        {
            "w": "HEFT",
            "v": false,
            "row": 0,
            "col": 4,
            "def": "Weight."
        },
        {
            "w": "FETE",
            "v": true,
            "row": 4,
            "col": 7,
            "def": "A festival open to the public, the proceeds from which are often given to charity."
        },
        {
            "w": "HEFTED",
            "v": true,
            "row": 2,
            "col": 3,
            "def": "Simple past tense and past participle of heft."
        }
    ]
}