{
    "id": 5170,
    "sub_category": "Lush Packx",
    "category": "Foliage Group",
    "type": 0,
    "letters": "ADEHTW",
    "mov": 30,
    "shovels": 1,
    "coins": 5,
    "rows": 15,
    "cols": 15,
    "c": 0,
    "b": -1,
    "w": 13,
    "h": 11,
    "dws": [
        "TEW",
        "DAWT",
        "HAET",
        "AHED",
        "HAWED",
        "TAW",
        "EDH",
        "WHET",
        "TWAE",
        "DAE",
        "TAE",
        "HEAD",
        "TEAD",
        "DAW",
        "WAT",
        "EWT",
        "HAE",
        "HAW",
        "EAT",
        "WHAE",
        "DAH",
        "THAW",
        "WHA",
        "WADT",
        "HET",
        "DEW",
        "DEAW",
        "EATH",
        "TWA",
        "HAD",
        "TAED",
        "THEW",
        "TED",
        "WAH",
        "ETH",
        "ETA",
        "WATE",
        "WETA",
        "HADE",
        "TAWED",
        "THAE",
        "WAE",
        "HAED",
        "DATE",
        "WADE",
        "HAT",
        "WET"
    ],
    "ws": [
        {
            "w": "ATE",
            "v": true,
            "row": 5,
            "col": 0,
            "def": "Simple past of eat."
        },
        {
            "w": "AWE",
            "v": false,
            "row": 2,
            "col": 7,
            "def": "A feeling of fear and reverence."
        },
        {
            "w": "TAD",
            "v": false,
            "row": 9,
            "col": 0,
            "def": "A small amount; a little bit."
        },
        {
            "w": "TEA",
            "v": false,
            "row": 6,
            "col": 0,
            "def": "The dried leaves or buds of the tea plant, Camellia sinensis."
        },
        {
            "w": "WAD",
            "v": true,
            "row": 4,
            "col": 6,
            "def": "An amorphous, compact mass."
        },
        {
            "w": "HEW",
            "v": false,
            "row": 0,
            "col": 7,
            "def": "To chop away at; to whittle down; to mow down."
        },
        {
            "w": "THE",
            "v": false,
            "row": 7,
            "col": 2,
            "def": "With a comparative or more and a verb phrase, establishes a parallel with one or more other such comparatives."
        },
        {
            "w": "WED",
            "v": false,
            "row": 6,
            "col": 4,
            "def": "To perform the marriage ceremony for; to join in matrimony."
        },
        {
            "w": "HATE",
            "v": true,
            "row": 0,
            "col": 2,
            "def": "To dislike intensely; to feel strong hostility towards."
        },
        {
            "w": "HEAT",
            "v": false,
            "row": 1,
            "col": 0,
            "def": "Thermal energy."
        },
        {
            "w": "WHAT",
            "v": false,
            "row": 4,
            "col": 6,
            "def": "Which thing, event, circumstance, etc.: used interrogatively in asking for the specification of an identity, quantity, quality, etc."
        },
        {
            "w": "AWED",
            "v": true,
            "row": 4,
            "col": 8,
            "def": "Simple past tense and past participle of awe."
        },
        {
            "w": "DEATH",
            "v": false,
            "row": 3,
            "col": 1,
            "def": "The cessation of life and all associated processes; the end of an organism's existence as an entity independent from its environment and its return to an inert, nonliving state."
        },
        {
            "w": "HATED",
            "v": true,
            "row": 5,
            "col": 2,
            "def": "Of something disliked; odious."
        },
        {
            "w": "WHEAT",
            "v": true,
            "row": 0,
            "col": 9,
            "def": "Any of several cereal grains, of the genus Triticum, that yields flour as used in bakery."
        },
        {
            "w": "THAWED",
            "v": true,
            "row": 3,
            "col": 4,
            "def": "Simple past tense and past participle of thaw."
        }
    ]
}