{
    "id": 5173,
    "sub_category": "Lush Packx",
    "category": "Foliage Group",
    "type": 0,
    "letters": "BEMPRU",
    "mov": 24,
    "shovels": 1,
    "coins": 5,
    "rows": 15,
    "cols": 15,
    "c": 0,
    "b": -1,
    "w": 11,
    "h": 9,
    "dws": [
        "BRUME",
        "MEU",
        "BUM",
        "UMP",
        "PUBE",
        "PURE",
        "BUR",
        "UMBE",
        "URP",
        "EMU",
        "URE",
        "MURE",
        "UMBRE",
        "BRU",
        "REB",
        "PREM",
        "PUR",
        "PUER",
        "PRE",
        "RUME",
        "RUBE",
        "ERM",
        "URB"
    ],
    "ws": [
        {
            "w": "PER",
            "v": false,
            "row": 6,
            "col": 0,
            "def": "For each."
        },
        {
            "w": "PUB",
            "v": false,
            "row": 0,
            "col": 0,
            "def": "A public house, where beverages, primarily alcoholic, may be bought and drunk. Many pubs also provide food and/or entertainment."
        },
        {
            "w": "RUB",
            "v": true,
            "row": 6,
            "col": 2,
            "def": "An act of rubbing."
        },
        {
            "w": "RUM",
            "v": true,
            "row": 3,
            "col": 9,
            "def": "A distilled spirit derived from fermented cane sugar and molasses."
        },
        {
            "w": "REP",
            "v": false,
            "row": 3,
            "col": 0,
            "def": "Short form of reputation."
        },
        {
            "w": "RUE",
            "v": false,
            "row": 4,
            "col": 3,
            "def": "Repentance, regret."
        },
        {
            "w": "REM",
            "v": false,
            "row": 5,
            "col": 7,
            "def": "Rapid eye movement, a sleep state."
        },
        {
            "w": "BUMP",
            "v": true,
            "row": 0,
            "col": 2,
            "def": "A light blow or jolting collision."
        },
        {
            "w": "BURP",
            "v": false,
            "row": 8,
            "col": 2,
            "def": "A belch."
        },
        {
            "w": "RUMP",
            "v": true,
            "row": 3,
            "col": 0,
            "def": "The hindquarters of an animal."
        },
        {
            "w": "BERM",
            "v": true,
            "row": 3,
            "col": 7,
            "def": "A narrow ledge or shelf, as along the top or bottom of a slope."
        },
        {
            "w": "PERM",
            "v": false,
            "row": 6,
            "col": 4,
            "def": "A permanent."
        },
        {
            "w": "UMBER",
            "v": false,
            "row": 1,
            "col": 2,
            "def": "A brown clay, somewhat darker than ochre, which contains iron and manganese oxides."
        },
        {
            "w": "BUMPER",
            "v": true,
            "row": 3,
            "col": 4,
            "def": "A drinking vessel filled to the brim."
        }
    ]
}