{
    "id": "51749328-0d48-11eb-a781-34363b5fdca4",
    "type": 0,
    "letters": "AEHLTW",
    "mov": 33,
    "shovels": 1,
    "coins": 5,
    "rows": 14,
    "cols": 2,
    "c": 0,
    "b": -1,
    "dws": [
        "WAE",
        "LEW",
        "EWT",
        "TEW",
        "WAT",
        "TAW",
        "TWA",
        "WAH",
        "WHA",
        "HAW",
        "LEA",
        "ETA",
        "TAE",
        "HAE",
        "ELT",
        "TEL",
        "ETH",
        "HET",
        "ALT",
        "LAT",
        "LAH",
        "WEAL",
        "WALE",
        "ALEW",
        "LAWE",
        "WETA",
        "WATE",
        "TWAE",
        "WHAE",
        "THEW",
        "TWAL",
        "LEAT",
        "TAEL",
        "TELA",
        "TEAL",
        "EATH",
        "THAE",
        "HAET",
        "WHEAL",
        "ETHAL",
        "WHEAT",
        "HALE",
        "HALT",
        "HATE",
        "THAW",
        "WELT",
        "ALE",
        "ATE",
        "EAT",
        "LET",
        "TEA",
        "WET"
    ],
    "ws": [
        {
            "w": "AWE",
            "v": false,
            "row": 1,
            "col": 5
        },
        {
            "w": "AWL",
            "v": false,
            "row": 2,
            "col": 7
        },
        {
            "w": "HAT",
            "v": true,
            "row": 0,
            "col": 5
        },
        {
            "w": "HEW",
            "v": false,
            "row": 3,
            "col": 2
        },
        {
            "w": "LAW",
            "v": true,
            "row": 5,
            "col": 8
        },
        {
            "w": "THE",
            "v": false,
            "row": 4,
            "col": 0
        },
        {
            "w": "HEAL",
            "v": true,
            "row": 0,
            "col": 7
        },
        {
            "w": "HEAT",
            "v": true,
            "row": 1,
            "col": 0
        },
        {
            "w": "LATE",
            "v": true,
            "row": 2,
            "col": 9
        },
        {
            "w": "LATH",
            "v": false,
            "row": 0,
            "col": 2
        },
        {
            "w": "TALE",
            "v": false,
            "row": 5,
            "col": 6
        },
        {
            "w": "WHAT",
            "v": true,
            "row": 6,
            "col": 1
        },
        {
            "w": "WHET",
            "v": false,
            "row": 8,
            "col": 3
        },
        {
            "w": "LATHE",
            "v": true,
            "row": 0,
            "col": 2
        },
        {
            "w": "WHALE",
            "v": false,
            "row": 6,
            "col": 1
        },
        {
            "w": "WEALTH",
            "v": true,
            "row": 3,
            "col": 4
        }
    ]
}