{
    "id": 5180,
    "sub_category": "Lush Packx",
    "category": "Foliage Group",
    "type": 0,
    "letters": "AGHNTU",
    "mov": 30,
    "shovels": 1,
    "coins": 5,
    "rows": 15,
    "cols": 15,
    "c": 0,
    "b": -1,
    "w": 14,
    "h": 11,
    "dws": [
        "GNU",
        "HANT",
        "UTA",
        "TUNG",
        "NUG",
        "HUN",
        "NAH",
        "TANH",
        "HAG",
        "NAT",
        "UNHAT",
        "GUAN",
        "THANG",
        "AUGH",
        "GAUN",
        "TAU",
        "HAN",
        "GHAT",
        "GAU",
        "GHAUT",
        "TUN",
        "GANT",
        "UGH",
        "GUN",
        "TUAN",
        "GATH",
        "HAUT",
        "AUGHT",
        "GAN",
        "GAT",
        "HAT",
        "GUT",
        "NTH",
        "THAN",
        "TUNA",
        "ANT",
        "NAG"
    ],
    "ws": [
        {
            "w": "HUG",
            "v": true,
            "row": 7,
            "col": 2,
            "def": "An affectionate close embrace."
        },
        {
            "w": "HUT",
            "v": true,
            "row": 0,
            "col": 3,
            "def": "A small wooden shed."
        },
        {
            "w": "NUT",
            "v": false,
            "row": 6,
            "col": 7,
            "def": "A hard-shelled seed."
        },
        {
            "w": "TAG",
            "v": false,
            "row": 4,
            "col": 7,
            "def": "A small label."
        },
        {
            "w": "TAN",
            "v": false,
            "row": 4,
            "col": 3,
            "def": "A symbol of the trigonometric function tangent."
        },
        {
            "w": "TUG",
            "v": true,
            "row": 2,
            "col": 9,
            "def": "To pull or drag with great effort."
        },
        {
            "w": "AUNT",
            "v": false,
            "row": 2,
            "col": 6,
            "def": "A sister or sister-in-law of someone's parent."
        },
        {
            "w": "HANG",
            "v": false,
            "row": 0,
            "col": 3,
            "def": "To be or remain suspended."
        },
        {
            "w": "HUNG",
            "v": false,
            "row": 7,
            "col": 4,
            "def": "Simple past tense and past participle of hang."
        },
        {
            "w": "HUNT",
            "v": false,
            "row": 2,
            "col": 0,
            "def": "To chase down prey and (usually) kill it."
        },
        {
            "w": "TANG",
            "v": true,
            "row": 4,
            "col": 7,
            "def": "Tongue."
        },
        {
            "w": "THUG",
            "v": true,
            "row": 6,
            "col": 9,
            "def": "To commit acts of thuggery, to live the life of a thug, or to dress and act in a manner reminiscent of someone who does."
        },
        {
            "w": "GNAT",
            "v": true,
            "row": 0,
            "col": 6,
            "def": "Any small insect of the order Diptera, specifically within the suborder Nematocera."
        },
        {
            "w": "HAUNT",
            "v": false,
            "row": 8,
            "col": 0,
            "def": "To inhabit, or visit frequently (most often used in reference to ghosts)."
        },
        {
            "w": "GAUNT",
            "v": true,
            "row": 0,
            "col": 1,
            "def": "Lean, angular, and bony."
        },
        {
            "w": "NAUGHT",
            "v": true,
            "row": 3,
            "col": 4,
            "def": "(now rare or archaic in US, Canada) Zero."
        }
    ]
}