{
    "id": "51f8c760-0d43-11eb-a781-34363b5fdca4",
    "type": 0,
    "letters": "CDEORR",
    "mov": 25,
    "shovels": 1,
    "coins": 5,
    "rows": 10,
    "cols": 2,
    "c": 0,
    "b": -1,
    "dws": [
        "REC",
        "REO",
        "ROC",
        "COR",
        "ORC",
        "ORD",
        "DOR",
        "ECO",
        "DOC",
        "CERO",
        "CRED",
        "RORE",
        "ROED",
        "DERO",
        "DORE",
        "DORR",
        "ECOD",
        "COED",
        "CRORE",
        "CORER",
        "CORED",
        "DERRO",
        "CORDER",
        "CODER",
        "CODE",
        "COD",
        "RED"
    ],
    "ws": [
        {
            "w": "DOE",
            "v": false,
            "row": 7,
            "col": 6
        },
        {
            "w": "ERR",
            "v": false,
            "row": 9,
            "col": 0
        },
        {
            "w": "ODE",
            "v": true,
            "row": 1,
            "col": 7
        },
        {
            "w": "ORE",
            "v": false,
            "row": 6,
            "col": 4
        },
        {
            "w": "ROD",
            "v": false,
            "row": 5,
            "col": 0
        },
        {
            "w": "ROE",
            "v": false,
            "row": 4,
            "col": 2
        },
        {
            "w": "CORD",
            "v": true,
            "row": 2,
            "col": 2
        },
        {
            "w": "CORE",
            "v": true,
            "row": 4,
            "col": 8
        },
        {
            "w": "DECO",
            "v": true,
            "row": 0,
            "col": 5
        },
        {
            "w": "DOER",
            "v": false,
            "row": 7,
            "col": 1
        },
        {
            "w": "REDO",
            "v": true,
            "row": 5,
            "col": 6
        },
        {
            "w": "RODE",
            "v": false,
            "row": 3,
            "col": 4
        },
        {
            "w": "CREDO",
            "v": false,
            "row": 0,
            "col": 2
        },
        {
            "w": "DECOR",
            "v": true,
            "row": 1,
            "col": 0
        },
        {
            "w": "ORDER",
            "v": true,
            "row": 5,
            "col": 1
        },
        {
            "w": "RECORD",
            "v": true,
            "row": 3,
            "col": 4
        }
    ]
}