{
    "id": 5208,
    "sub_category": "Marsh Packx",
    "category": "Wildwood Group",
    "type": 0,
    "letters": "AEEGNT",
    "mov": 30,
    "shovels": 1,
    "coins": 5,
    "rows": 15,
    "cols": 15,
    "c": 0,
    "b": -1,
    "w": 13,
    "h": 10,
    "dws": [
        "GANE",
        "GENA",
        "ATE",
        "TENGE",
        "NAE",
        "GAEN",
        "NEG",
        "GEE",
        "ETEN",
        "TAG",
        "ANE",
        "TAE",
        "GEAN",
        "NAT",
        "ENE",
        "TENE",
        "EAN",
        "GEAT",
        "TEG",
        "AGEN",
        "ENATE",
        "GANT",
        "GEN",
        "NAG",
        "NEE",
        "ETNA",
        "AGENE",
        "ETA",
        "GAN",
        "GAT",
        "AGEE",
        "ENG",
        "GETA",
        "TANE",
        "GENET",
        "NETE",
        "GAE",
        "EEN",
        "EATEN",
        "TANG",
        "AGE",
        "TEA"
    ],
    "ws": [
        {
            "w": "ANT",
            "v": false,
            "row": 6,
            "col": 7,
            "def": "Any of various insects in the family Formicidae in the order Hymenoptera, typically living in large colonies composed almost entirely of flightless females."
        },
        {
            "w": "EAT",
            "v": false,
            "row": 6,
            "col": 0,
            "def": "To consume (something solid or semi-solid, usually food) by putting it into the mouth and swallowing it."
        },
        {
            "w": "GET",
            "v": false,
            "row": 3,
            "col": 0,
            "def": "To obtain; to acquire."
        },
        {
            "w": "NET",
            "v": false,
            "row": 4,
            "col": 3,
            "def": "A mesh of string, cord or rope."
        },
        {
            "w": "TAN",
            "v": true,
            "row": 0,
            "col": 5,
            "def": "A symbol of the trigonometric function tangent."
        },
        {
            "w": "TEE",
            "v": true,
            "row": 6,
            "col": 2,
            "def": "The name of the Latin script letter T/t."
        },
        {
            "w": "TEN",
            "v": true,
            "row": 6,
            "col": 9,
            "def": "A numerical value equal to 10; the number occurring after nine and before eleven, represented in Roman numerals as X, in Arabic numerals as 10, and in the hexadecimal system (base 16) as A."
        },
        {
            "w": "GATE",
            "v": true,
            "row": 3,
            "col": 0,
            "def": "A doorlike structure outside a house."
        },
        {
            "w": "GENE",
            "v": false,
            "row": 8,
            "col": 1,
            "def": "A unit of heredity; a segment of DNA or RNA that is transmitted from one generation to the next, and that carries genetic information such as the sequence of amino acids for a protein."
        },
        {
            "w": "NEAT",
            "v": true,
            "row": 0,
            "col": 7,
            "def": "A bull or cow."
        },
        {
            "w": "TEEN",
            "v": false,
            "row": 7,
            "col": 4,
            "def": "A teenager, a person between 13 and 19 years old."
        },
        {
            "w": "GENT",
            "v": false,
            "row": 0,
            "col": 2,
            "def": "A gentleman."
        },
        {
            "w": "ANTE",
            "v": true,
            "row": 6,
            "col": 7,
            "def": "A price or cost, as in up the ante."
        },
        {
            "w": "GNAT",
            "v": true,
            "row": 0,
            "col": 2,
            "def": "Any small insect of the order Diptera, specifically within the suborder Nematocera."
        },
        {
            "w": "AGENT",
            "v": false,
            "row": 1,
            "col": 5,
            "def": "One who exerts power, or has the power to act; an actor."
        },
        {
            "w": "NEGATE",
            "v": true,
            "row": 3,
            "col": 4,
            "def": "To deny the existence, evidence, or truth of; to contradict."
        }
    ]
}