{
    "id": 5214,
    "sub_category": "Marsh Packx",
    "category": "Wildwood Group",
    "type": 0,
    "letters": "ACDESU",
    "mov": 28,
    "shovels": 1,
    "coins": 5,
    "rows": 15,
    "cols": 15,
    "c": 0,
    "b": -1,
    "w": 13,
    "h": 11,
    "dws": [
        "SCAD",
        "DUES",
        "SED",
        "DUCE",
        "CASED",
        "DAS",
        "ACES",
        "DACE",
        "DAE",
        "UDS",
        "DAES",
        "EAU",
        "ECU",
        "ECUS",
        "EAUS",
        "DEUS",
        "CADE",
        "SCAUD",
        "DUCES",
        "CADS",
        "SAUCED",
        "SADE",
        "SAE",
        "CUDS",
        "ACE",
        "SAU",
        "ECADS",
        "CUD",
        "SEC",
        "DACES",
        "CADES",
        "ECAD",
        "EDS",
        "EAS",
        "AUE",
        "SUD",
        "AESC",
        "CUES",
        "SCUD",
        "CUE"
    ],
    "ws": [
        {
            "w": "ADS",
            "v": false,
            "row": 1,
            "col": 2,
            "def": "Plural form of ad."
        },
        {
            "w": "DUE",
            "v": false,
            "row": 9,
            "col": 0,
            "def": "Owed or owing."
        },
        {
            "w": "SAD",
            "v": true,
            "row": 7,
            "col": 0,
            "def": "Sated, having had one's fill; satisfied, weary."
        },
        {
            "w": "SEA",
            "v": false,
            "row": 6,
            "col": 7,
            "def": "A large body of salty water. (Major seas are known as oceans.)."
        },
        {
            "w": "SUE",
            "v": false,
            "row": 4,
            "col": 0,
            "def": "To follow."
        },
        {
            "w": "USE",
            "v": true,
            "row": 7,
            "col": 2,
            "def": "The act of using."
        },
        {
            "w": "CAD",
            "v": false,
            "row": 9,
            "col": 7,
            "def": "A person who stands at the door of an omnibus to open and shut it, and to receive fares; an idle hanger-on about innyards."
        },
        {
            "w": "SAC",
            "v": false,
            "row": 3,
            "col": 2,
            "def": "A bag or pouch inside a plant or animal that typically contains a fluid."
        },
        {
            "w": "CASE",
            "v": false,
            "row": 2,
            "col": 6,
            "def": "An actual event, situation, or fact."
        },
        {
            "w": "USED",
            "v": false,
            "row": 7,
            "col": 2,
            "def": "Simple past tense and past participle of use."
        },
        {
            "w": "SUED",
            "v": false,
            "row": 5,
            "col": 3,
            "def": "Simple past tense and past participle of sue."
        },
        {
            "w": "ACED",
            "v": true,
            "row": 6,
            "col": 9,
            "def": "Simple past tense and past participle of ace."
        },
        {
            "w": "CUED",
            "v": true,
            "row": 2,
            "col": 6,
            "def": "Simple past tense and past participle of cue."
        },
        {
            "w": "CAUSE",
            "v": true,
            "row": 0,
            "col": 2,
            "def": "The source or reason of an event or action."
        },
        {
            "w": "SAUCE",
            "v": true,
            "row": 2,
            "col": 8,
            "def": "A liquid (often thickened) condiment or accompaniment to food."
        },
        {
            "w": "CAUSED",
            "v": true,
            "row": 3,
            "col": 4,
            "def": "Simple past tense and past participle of cause."
        }
    ]
}