{
    "id": 5234,
    "sub_category": "Solice Pack",
    "category": "Wildwood Group",
    "type": 0,
    "letters": "EGILPT",
    "mov": 30,
    "shovels": 1,
    "coins": 5,
    "rows": 15,
    "cols": 15,
    "c": 0,
    "b": -1,
    "w": 11,
    "h": 11,
    "dws": [
        "GIE",
        "LIG",
        "GLEI",
        "LEI",
        "LEPT",
        "LIE",
        "GEIT",
        "ELT",
        "PEL",
        "GIP",
        "GLIT",
        "LIPE",
        "TEL",
        "PLIE",
        "TEG",
        "GILET",
        "GEL",
        "TEIL",
        "GITE",
        "GELT",
        "LEG",
        "TIG",
        "LEP",
        "PIET",
        "TIGE",
        "GET",
        "LIP",
        "TIE",
        "GIT"
    ],
    "ws": [
        {
            "w": "LET",
            "v": false,
            "row": 6,
            "col": 4,
            "def": "To allow to, not to prevent (+ infinitive, but usually without to)."
        },
        {
            "w": "LIT",
            "v": false,
            "row": 8,
            "col": 2,
            "def": "Little."
        },
        {
            "w": "PET",
            "v": true,
            "row": 0,
            "col": 7,
            "def": "An animal kept as a companion."
        },
        {
            "w": "PIE",
            "v": false,
            "row": 0,
            "col": 7,
            "def": "A type of pastry that consists of an outer crust and a filling."
        },
        {
            "w": "PIG",
            "v": false,
            "row": 5,
            "col": 2,
            "def": "Any of several mammals of the genus Sus, having cloven hooves, bristles and a nose adapted for digging; especially the domesticated farm animal Sus scrofa."
        },
        {
            "w": "PIT",
            "v": false,
            "row": 3,
            "col": 0,
            "def": "A hole in the ground."
        },
        {
            "w": "TIP",
            "v": true,
            "row": 3,
            "col": 2,
            "def": "A particular arena or sphere of interest; a front."
        },
        {
            "w": "PEG",
            "v": false,
            "row": 3,
            "col": 4,
            "def": "A cylindrical wooden, metal etc. object used to fasten or as a bearing between objects."
        },
        {
            "w": "TIL",
            "v": false,
            "row": 2,
            "col": 7,
            "def": "Until, till."
        },
        {
            "w": "PILE",
            "v": true,
            "row": 0,
            "col": 5,
            "def": "A dart; an arrow."
        },
        {
            "w": "TILE",
            "v": false,
            "row": 1,
            "col": 4,
            "def": "A regularly-shaped slab of clay or other material, affixed to cover or decorate a surface, as in a roof-tile, glazed tile, stove tile, etc."
        },
        {
            "w": "PELT",
            "v": true,
            "row": 3,
            "col": 0,
            "def": "The skin of a beast with the hair on; a raw or undressed hide; a skin preserved with the hairy or woolly covering on it."
        },
        {
            "w": "GILT",
            "v": true,
            "row": 3,
            "col": 6,
            "def": "Gold or other metal in a thin layer; gilding."
        },
        {
            "w": "LITE",
            "v": false,
            "row": 5,
            "col": 6,
            "def": "Light in composition, notably low in fat, calories etc.:."
        },
        {
            "w": "LEGIT",
            "v": true,
            "row": 4,
            "col": 9,
            "def": "Legitimate; legal; allowed by the rules."
        },
        {
            "w": "PIGLET",
            "v": true,
            "row": 3,
            "col": 4,
            "def": "A young pig; pigling."
        }
    ]
}