{
    "id": 5281,
    "sub_category": "Tower Packx",
    "category": "Bare Group",
    "type": 0,
    "letters": "EPRTTU",
    "mov": 22,
    "shovels": 1,
    "coins": 5,
    "rows": 15,
    "cols": 15,
    "c": 0,
    "b": -1,
    "w": 10,
    "h": 8,
    "dws": [
        "URE",
        "RET",
        "UTE",
        "TET",
        "TUT",
        "TUP",
        "TRET",
        "PUR",
        "URP",
        "PRE",
        "RUE",
        "PUER"
    ],
    "ws": [
        {
            "w": "PER",
            "v": false,
            "row": 4,
            "col": 5,
            "def": "For each."
        },
        {
            "w": "PET",
            "v": false,
            "row": 0,
            "col": 5,
            "def": "An animal kept as a companion."
        },
        {
            "w": "PUT",
            "v": true,
            "row": 0,
            "col": 5,
            "def": "To place something somewhere."
        },
        {
            "w": "RUT",
            "v": false,
            "row": 1,
            "col": 0,
            "def": "Sexual desire or oestrus of cattle, and various other mammals."
        },
        {
            "w": "REP",
            "v": false,
            "row": 6,
            "col": 5,
            "def": "Short form of reputation."
        },
        {
            "w": "PURE",
            "v": true,
            "row": 4,
            "col": 5,
            "def": "Free of flaws or imperfections; unsullied."
        },
        {
            "w": "PUTT",
            "v": false,
            "row": 2,
            "col": 3,
            "def": "The act of tapping a golf ball lightly on a putting green."
        },
        {
            "w": "TRUE",
            "v": false,
            "row": 7,
            "col": 2,
            "def": "Conforming to the actual state of reality or fact; factually correct."
        },
        {
            "w": "PERT",
            "v": false,
            "row": 4,
            "col": 0,
            "def": "To behave with pertness."
        },
        {
            "w": "ERUPT",
            "v": true,
            "row": 3,
            "col": 7,
            "def": "To violently eject."
        },
        {
            "w": "UTTER",
            "v": true,
            "row": 1,
            "col": 1,
            "def": "To say."
        },
        {
            "w": "PUTTER",
            "v": true,
            "row": 2,
            "col": 3,
            "def": "To be active, but not excessively busy, at a task or a series of tasks."
        }
    ]
}