{
    "id": "52a20536-0d44-11eb-a781-34363b5fdca4",
    "type": 0,
    "letters": "AELRYY",
    "mov": 21,
    "shovels": 1,
    "coins": 5,
    "rows": 8,
    "cols": 2,
    "c": 0,
    "b": -1,
    "dws": [
        "YEA",
        "YAE",
        "AYE",
        "YER",
        "LEY",
        "YAR",
        "ARY",
        "RYA",
        "YAY",
        "LEA",
        "LAR",
        "YARE",
        "EYRA",
        "AERY",
        "AYRE",
        "YALE",
        "LYRE",
        "EYRY",
        "ARYL",
        "RYAL",
        "LYRA",
        "ARLE",
        "RALE",
        "LARE",
        "LAER",
        "LEAR",
        "RAYLE",
        "LEARY",
        "YARELY"
    ],
    "ws": [
        {
            "w": "ALE",
            "v": false,
            "row": 1,
            "col": 7
        },
        {
            "w": "ARE",
            "v": true,
            "row": 2,
            "col": 2
        },
        {
            "w": "EAR",
            "v": false,
            "row": 3,
            "col": 0
        },
        {
            "w": "ERA",
            "v": false,
            "row": 4,
            "col": 2
        },
        {
            "w": "LAY",
            "v": false,
            "row": 3,
            "col": 7
        },
        {
            "w": "LYE",
            "v": false,
            "row": 0,
            "col": 5
        },
        {
            "w": "RAY",
            "v": true,
            "row": 6,
            "col": 1
        },
        {
            "w": "RYE",
            "v": true,
            "row": 1,
            "col": 0
        },
        {
            "w": "EARL",
            "v": true,
            "row": 0,
            "col": 7
        },
        {
            "w": "REAL",
            "v": true,
            "row": 5,
            "col": 7
        },
        {
            "w": "RELY",
            "v": true,
            "row": 0,
            "col": 9
        },
        {
            "w": "YEAR",
            "v": false,
            "row": 2,
            "col": 4
        },
        {
            "w": "EARLY",
            "v": false,
            "row": 7,
            "col": 0
        },
        {
            "w": "LAYER",
            "v": false,
            "row": 6,
            "col": 4
        },
        {
            "w": "RELAY",
            "v": false,
            "row": 8,
            "col": 5
        },
        {
            "w": "YEARLY",
            "v": true,
            "row": 2,
            "col": 4
        }
    ]
}