{
    "id": 5398,
    "sub_category": "Squall Pack",
    "category": "High+seas Group",
    "type": 0,
    "letters": "AGHILT",
    "mov": 30,
    "shovels": 1,
    "coins": 5,
    "rows": 15,
    "cols": 15,
    "c": 0,
    "b": -1,
    "w": 13,
    "h": 11,
    "dws": [
        "LIG",
        "AIT",
        "LAIGH",
        "GHI",
        "LATHI",
        "ALIT",
        "GLIA",
        "TAI",
        "ITA",
        "TALI",
        "THIG",
        "GLIT",
        "GHAT",
        "THALI",
        "TAIG",
        "GILA",
        "LAITH",
        "AHI",
        "HILA",
        "LATH",
        "GATH",
        "GAT",
        "TIG",
        "LITH",
        "LATI",
        "AIGHT",
        "LAH",
        "HALT",
        "LAG",
        "TAG",
        "TIL"
    ],
    "ws": [
        {
            "w": "GAL",
            "v": true,
            "row": 1,
            "col": 0,
            "def": "A gallon."
        },
        {
            "w": "HAT",
            "v": true,
            "row": 1,
            "col": 8,
            "def": "A covering for the head, often in the approximate form of a cone or a cylinder closed at its top end, and sometimes having a brim and other decoration."
        },
        {
            "w": "HIT",
            "v": false,
            "row": 8,
            "col": 1,
            "def": "To administer a blow to."
        },
        {
            "w": "LIT",
            "v": true,
            "row": 0,
            "col": 2,
            "def": "Little."
        },
        {
            "w": "HAG",
            "v": true,
            "row": 4,
            "col": 1,
            "def": "A witch, sorceress, or enchantress; also, a wizard."
        },
        {
            "w": "GIT",
            "v": true,
            "row": 0,
            "col": 4,
            "def": "A contemptible person."
        },
        {
            "w": "AIL",
            "v": true,
            "row": 3,
            "col": 7,
            "def": "Painful; troublesome."
        },
        {
            "w": "ALT",
            "v": false,
            "row": 2,
            "col": 0,
            "def": "A state of excitement, conveyed by a high pitched voice."
        },
        {
            "w": "LAT",
            "v": false,
            "row": 3,
            "col": 6,
            "def": "A Latvian coin and national monetary unit."
        },
        {
            "w": "HAIL",
            "v": false,
            "row": 7,
            "col": 3,
            "def": "Balls or pieces of ice falling as precipitation, often in connection with a thunderstorm."
        },
        {
            "w": "TAIL",
            "v": true,
            "row": 0,
            "col": 6,
            "def": "The caudal appendage of an animal that is attached to its posterior and near the anus."
        },
        {
            "w": "GAIT",
            "v": true,
            "row": 5,
            "col": 5,
            "def": "Manner of walking or stepping; bearing or carriage while moving."
        },
        {
            "w": "GILT",
            "v": false,
            "row": 5,
            "col": 5,
            "def": "Gold or other metal in a thin layer; gilding."
        },
        {
            "w": "HILT",
            "v": false,
            "row": 4,
            "col": 1,
            "def": "The handle of a sword, consisting of grip, guard, and pommel, designed to facilitate use of the blade and afford protection to the hand."
        },
        {
            "w": "LIGHT",
            "v": false,
            "row": 0,
            "col": 2,
            "def": "The natural medium emanating from the sun and other very hot sources (now recognised as electromagnetic radiation with a wavelength of 400-750 nm), within which vision is possible."
        },
        {
            "w": "ALIGHT",
            "v": true,
            "row": 3,
            "col": 3,
            "def": "To make light or less heavy; lighten; alleviate."
        }
    ]
}