{
    "id": 5401,
    "sub_category": "Squall Pack",
    "category": "High+seas Group",
    "type": 0,
    "letters": "AEFNTT",
    "mov": 26,
    "shovels": 1,
    "coins": 5,
    "rows": 15,
    "cols": 15,
    "c": 0,
    "b": -1,
    "w": 10,
    "h": 10,
    "dws": [
        "FANE",
        "NAE",
        "FENT",
        "FAE",
        "TAT",
        "EFT",
        "TET",
        "ANE",
        "TAE",
        "NAT",
        "EAN",
        "FETT",
        "ATT",
        "TATE",
        "TEF",
        "NETT",
        "ETNA",
        "ETA",
        "TEAT",
        "FET",
        "NEF",
        "TANE",
        "ETAT",
        "NET",
        "TEN"
    ],
    "ws": [
        {
            "w": "ANT",
            "v": false,
            "row": 2,
            "col": 6,
            "def": "Any of various insects in the family Formicidae in the order Hymenoptera, typically living in large colonies composed almost entirely of flightless females."
        },
        {
            "w": "ATE",
            "v": false,
            "row": 5,
            "col": 2,
            "def": "Simple past of eat."
        },
        {
            "w": "EAT",
            "v": true,
            "row": 6,
            "col": 5,
            "def": "To consume (something solid or semi-solid, usually food) by putting it into the mouth and swallowing it."
        },
        {
            "w": "FAN",
            "v": false,
            "row": 5,
            "col": 6,
            "def": "A hand-held device consisting of concertinaed material, or slats of material, gathered together at one end, that may be opened out into the shape of a sector of a circle and waved back and forth in order to move air towards oneself and cool oneself."
        },
        {
            "w": "FAT",
            "v": true,
            "row": 1,
            "col": 6,
            "def": "A large tub or vessel for water, wine, or other liquids; a cistern."
        },
        {
            "w": "TAN",
            "v": true,
            "row": 0,
            "col": 2,
            "def": "A symbol of the trigonometric function tangent."
        },
        {
            "w": "TEA",
            "v": false,
            "row": 0,
            "col": 2,
            "def": "The dried leaves or buds of the tea plant, Camellia sinensis."
        },
        {
            "w": "AFT",
            "v": true,
            "row": 0,
            "col": 8,
            "def": "The stern portion of a vessel."
        },
        {
            "w": "FEN",
            "v": false,
            "row": 2,
            "col": 0,
            "def": "A type of wetland fed by ground water and runoff, containing peat below the waterline."
        },
        {
            "w": "FATE",
            "v": true,
            "row": 2,
            "col": 0,
            "def": "The cause, force, principle, or divine will that predetermines events."
        },
        {
            "w": "NEAT",
            "v": true,
            "row": 5,
            "col": 8,
            "def": "A bull or cow."
        },
        {
            "w": "TENT",
            "v": false,
            "row": 8,
            "col": 5,
            "def": "A pavilion or portable lodge consisting of skins, canvas, or some strong cloth, stretched and sustained by poles, used for sheltering persons from the weather."
        },
        {
            "w": "FEAT",
            "v": false,
            "row": 3,
            "col": 3,
            "def": "A relatively rare or difficult accomplishment."
        },
        {
            "w": "FETA",
            "v": false,
            "row": 7,
            "col": 2,
            "def": "A variety of curd cheese made from sheep's or goat's milk and originating from Greece."
        },
        {
            "w": "ANTE",
            "v": true,
            "row": 0,
            "col": 4,
            "def": "A price or cost, as in up the ante."
        },
        {
            "w": "FATTEN",
            "v": true,
            "row": 3,
            "col": 3,
            "def": "To become fatter."
        }
    ]
}