{
    "id": 5404,
    "sub_category": "Squall Pack",
    "category": "High+seas Group",
    "type": 0,
    "letters": "ACEIMN",
    "mov": 30,
    "shovels": 1,
    "coins": 5,
    "rows": 15,
    "cols": 15,
    "c": 0,
    "b": -1,
    "w": 14,
    "h": 11,
    "dws": [
        "AMICE",
        "NEMA",
        "CAMI",
        "NICE",
        "MICA",
        "NAE",
        "MINAE",
        "MAE",
        "MAC",
        "ANE",
        "ACNE",
        "AMIN",
        "MIEN",
        "MEIN",
        "EINA",
        "MINA",
        "EAN",
        "AMI",
        "NIM",
        "MIC",
        "AMINE",
        "ANI",
        "CAIN",
        "AINE",
        "EMIC",
        "MICE",
        "AME",
        "NIE",
        "ICEMAN",
        "NAM",
        "ANCE",
        "AIN",
        "MANI",
        "CINE",
        "ICE",
        "AMIE",
        "MNA",
        "ANIME",
        "AMNIC",
        "MANE",
        "MEAN",
        "MACE",
        "CAM"
    ],
    "ws": [
        {
            "w": "ACE",
            "v": true,
            "row": 3,
            "col": 7,
            "def": "A single point or spot on a playing card or die."
        },
        {
            "w": "AIM",
            "v": false,
            "row": 0,
            "col": 0,
            "def": "The pointing of a weapon, as a gun, a dart, or an arrow, or object, in the line of direction with the object intended to be struck; the line of fire; the direction of anything, as a spear, a blow, a discourse, a remark, towards a particular point or object, with a view to strike or affect it."
        },
        {
            "w": "CAN",
            "v": true,
            "row": 5,
            "col": 2,
            "def": "To know how to; to be able to."
        },
        {
            "w": "MAN",
            "v": false,
            "row": 0,
            "col": 7,
            "def": "An adult male human."
        },
        {
            "w": "MEN",
            "v": true,
            "row": 6,
            "col": 8,
            "def": "Plural form of man."
        },
        {
            "w": "AMEN",
            "v": true,
            "row": 0,
            "col": 8,
            "def": "At the end of Judeo-Christian prayers: so be it."
        },
        {
            "w": "CAME",
            "v": false,
            "row": 6,
            "col": 1,
            "def": "Simple past of come."
        },
        {
            "w": "CANE",
            "v": false,
            "row": 3,
            "col": 6,
            "def": "The slender, flexible main stem of a plant such as bamboo, including many species in the Grass family Gramineae."
        },
        {
            "w": "MAIN",
            "v": true,
            "row": 0,
            "col": 2,
            "def": "Great in size or degree; vast; strong; powerful; important."
        },
        {
            "w": "MINE",
            "v": true,
            "row": 5,
            "col": 6,
            "def": "Non-premodifying possessive case of I. My; belonging to me; that which belongs to me."
        },
        {
            "w": "NAME",
            "v": false,
            "row": 5,
            "col": 4,
            "def": "Any nounal word or phrase which indicates a particular person, place, class, or thing."
        },
        {
            "w": "ACME",
            "v": false,
            "row": 1,
            "col": 2,
            "def": "The top or highest point; pinnacle; culmination."
        },
        {
            "w": "MANIC",
            "v": false,
            "row": 3,
            "col": 0,
            "def": "Manic-depressive."
        },
        {
            "w": "MINCE",
            "v": false,
            "row": 7,
            "col": 4,
            "def": "Finely chopped meat."
        },
        {
            "w": "CINEMA",
            "v": true,
            "row": 3,
            "col": 4,
            "def": "A film."
        },
        {
            "w": "ANEMIC",
            "v": true,
            "row": 0,
            "col": 0,
            "def": "Of or pertaining to anemia."
        }
    ]
}