{
    "id": 5405,
    "sub_category": "Squall Pack",
    "category": "High+seas Group",
    "type": 0,
    "letters": "EILPSV",
    "mov": 22,
    "shovels": 1,
    "coins": 5,
    "rows": 15,
    "cols": 15,
    "c": 0,
    "b": -1,
    "w": 9,
    "h": 9,
    "dws": [
        "PISE",
        "PLIES",
        "VIES",
        "SEI",
        "LEPS",
        "SIPE",
        "LES",
        "VLEI",
        "SPIE",
        "LEVS",
        "SLIPE",
        "LEI",
        "PSI",
        "PES",
        "LIE",
        "PIS",
        "LEIS",
        "LIS",
        "SILE",
        "VLIES",
        "LEVIS",
        "EVILS",
        "PEL",
        "SEL",
        "LEV",
        "LIPE",
        "SIP",
        "PILES",
        "SPIEL",
        "PLIE",
        "SPEIL",
        "LIES",
        "SPILE",
        "VEILS",
        "ELS",
        "PIES",
        "SLIVE",
        "LIPS",
        "VLEIS",
        "SPIV",
        "SEV",
        "PELS",
        "LEP",
        "LIVES",
        "VIE",
        "SEIL",
        "VIS",
        "PELVIS",
        "EVIL",
        "LIVE",
        "PILE",
        "SLIP",
        "VILE",
        "ISLE",
        "LISP",
        "VEIL",
        "VISE",
        "LIP",
        "PIE"
    ],
    "ws": []
}