{
    "id": 5436,
    "sub_category": "Brisk Pack",
    "category": "High+seas Group",
    "type": 0,
    "letters": "AILMNR",
    "mov": 30,
    "shovels": 1,
    "coins": 5,
    "rows": 15,
    "cols": 15,
    "c": 0,
    "b": -1,
    "w": 13,
    "h": 10,
    "dws": [
        "RAI",
        "ARMIL",
        "NIRL",
        "AIRN",
        "ANIL",
        "INARM",
        "MIR",
        "RANI",
        "MINAR",
        "LIMN",
        "LARN",
        "RIA",
        "AMIN",
        "RIN",
        "MINA",
        "RAMIN",
        "AMI",
        "NIM",
        "RAM",
        "ANI",
        "ARIL",
        "MALI",
        "RNA",
        "NAM",
        "RIMA",
        "LIRA",
        "AIN",
        "LIN",
        "LIMA",
        "MANI",
        "RIAL",
        "AMIR",
        "LAR",
        "MARL",
        "RAMI",
        "MNA",
        "LARI",
        "MAIR",
        "MAL",
        "LIMAN",
        "RAIL",
        "MAN",
        "MAR",
        "RIM"
    ],
    "ws": [
        {
            "w": "AIM",
            "v": false,
            "row": 2,
            "col": 0,
            "def": "The pointing of a weapon, as a gun, a dart, or an arrow, or object, in the line of direction with the object intended to be struck; the line of fire; the direction of anything, as a spear, a blow, a discourse, a remark, towards a particular point or object, with a view to strike or affect it."
        },
        {
            "w": "AIR",
            "v": false,
            "row": 4,
            "col": 4,
            "def": "The atmospheric substance above the surface of the earth which animals breathe, formerly considered to be a single substance, one of the four basic elements of ancient philosophy and one of the five basic elements of Eastern traditions."
        },
        {
            "w": "ARM",
            "v": false,
            "row": 3,
            "col": 7,
            "def": "The portion of the upper human appendage, from the shoulder to the wrist and sometimes including the hand."
        },
        {
            "w": "RAN",
            "v": true,
            "row": 4,
            "col": 6,
            "def": "Simple past of run."
        },
        {
            "w": "MIL",
            "v": false,
            "row": 1,
            "col": 7,
            "def": "An angular mil, a unit of angular measurement equal to 1/6400 of a complete circle. At 1000 metres one mil subtends about one metre (0.98 m). Also 1/6000 and 1/6300 are used in other countries."
        },
        {
            "w": "NIL",
            "v": false,
            "row": 4,
            "col": 0,
            "def": "Nothing; zero."
        },
        {
            "w": "AIL",
            "v": true,
            "row": 6,
            "col": 7,
            "def": "Painful; troublesome."
        },
        {
            "w": "LAM",
            "v": true,
            "row": 0,
            "col": 2,
            "def": "Used in the expression on the lam to mean that a person is fleeing law enforcement, possibly in hiding."
        },
        {
            "w": "LIAR",
            "v": true,
            "row": 0,
            "col": 8,
            "def": "One who tells lies."
        },
        {
            "w": "MAIL",
            "v": true,
            "row": 3,
            "col": 9,
            "def": "To send (a letter or parcel) through the mail."
        },
        {
            "w": "MAIN",
            "v": true,
            "row": 1,
            "col": 0,
            "def": "Great in size or degree; vast; strong; powerful; important."
        },
        {
            "w": "NAIL",
            "v": false,
            "row": 6,
            "col": 6,
            "def": "To drive a nail."
        },
        {
            "w": "RAIN",
            "v": false,
            "row": 7,
            "col": 2,
            "def": "Condensed water falling from a cloud."
        },
        {
            "w": "LAIN",
            "v": false,
            "row": 0,
            "col": 2,
            "def": "Past participle of lie (oriented in a horizontal position, situated)."
        },
        {
            "w": "LAIR",
            "v": true,
            "row": 4,
            "col": 2,
            "def": "A place inhabited by a wild animal, often a cave or a hole in the ground."
        },
        {
            "w": "MARLIN",
            "v": true,
            "row": 3,
            "col": 4,
            "def": "A game fish having a pointed spearlike upper jaw belonging to either of the genera Tetrapturus or Makaira."
        }
    ]
}