{
    "id": 5460,
    "sub_category": "Lane Pack",
    "category": "Meadow Group",
    "type": 0,
    "letters": "EIMNTY",
    "mov": 30,
    "shovels": 1,
    "coins": 5,
    "rows": 15,
    "cols": 15,
    "c": 0,
    "b": -1,
    "w": 13,
    "h": 10,
    "dws": [
        "NYE",
        "MENT",
        "MINY",
        "MEINT",
        "MIEN",
        "MEIN",
        "NITE",
        "NIM",
        "MEINY",
        "TINE",
        "NIE",
        "TIYN",
        "MITY",
        "TYE",
        "YITE",
        "MEYNT",
        "TYNE",
        "TYIN",
        "TEIN",
        "MINTY",
        "MINE",
        "MITE",
        "TEN"
    ],
    "ws": [
        {
            "w": "MEN",
            "v": false,
            "row": 4,
            "col": 2,
            "def": "Plural form of man."
        },
        {
            "w": "MET",
            "v": false,
            "row": 2,
            "col": 0,
            "def": "Simple past tense and past participle of meet."
        },
        {
            "w": "NET",
            "v": true,
            "row": 7,
            "col": 2,
            "def": "A mesh of string, cord or rope."
        },
        {
            "w": "TIE",
            "v": true,
            "row": 0,
            "col": 1,
            "def": "A necktie (item of clothing consisting of a strip of cloth tied around the neck)."
        },
        {
            "w": "TIN",
            "v": false,
            "row": 0,
            "col": 1,
            "def": "A malleable, ductile, metallic element, resistant to corrosion, with atomic number 50 and symbol Sn."
        },
        {
            "w": "YET",
            "v": false,
            "row": 9,
            "col": 6,
            "def": "To melt; found; cast, as metal."
        },
        {
            "w": "NIT",
            "v": false,
            "row": 7,
            "col": 2,
            "def": "The egg of a louse."
        },
        {
            "w": "YIN",
            "v": true,
            "row": 2,
            "col": 6,
            "def": "The essential female principle in some Eastern religions and philosophies."
        },
        {
            "w": "YEN",
            "v": false,
            "row": 8,
            "col": 4,
            "def": "The unit of Japanese currency, equal to 100 sen."
        },
        {
            "w": "ITEM",
            "v": false,
            "row": 7,
            "col": 6,
            "def": "A distinct physical object."
        },
        {
            "w": "MINT",
            "v": true,
            "row": 2,
            "col": 0,
            "def": "To try, attempt; take aim."
        },
        {
            "w": "TIME",
            "v": true,
            "row": 2,
            "col": 2,
            "def": "Reminder by the umpire for the players to continue playing after their pause."
        },
        {
            "w": "TINY",
            "v": true,
            "row": 6,
            "col": 6,
            "def": "Very small."
        },
        {
            "w": "EMIT",
            "v": false,
            "row": 3,
            "col": 4,
            "def": "To send out or give off."
        },
        {
            "w": "YETI",
            "v": false,
            "row": 9,
            "col": 0,
            "def": "An unidentified humanoid animal said to live in the Himalayas."
        },
        {
            "w": "ENMITY",
            "v": true,
            "row": 3,
            "col": 4,
            "def": "The quality of being an enemy; hostile or unfriendly disposition."
        }
    ]
}