{
    "id": 5494,
    "sub_category": "Gale Packx",
    "category": "Meadow Group",
    "type": 0,
    "letters": "ADEORR",
    "mov": 30,
    "shovels": 1,
    "coins": 5,
    "rows": 15,
    "cols": 15,
    "c": 0,
    "b": -1,
    "w": 13,
    "h": 11,
    "dws": [
        "DARE",
        "RADE",
        "DERO",
        "DREAR",
        "DORR",
        "ODA",
        "ARD",
        "AERO",
        "EARD",
        "DAE",
        "RORE",
        "DERRO",
        "DORE",
        "REO",
        "DOE",
        "ORAD",
        "DOR",
        "ADORER",
        "OREAD",
        "ORRA",
        "ORA",
        "OARED",
        "EAR",
        "ADO",
        "ODEA",
        "DARER",
        "ORD",
        "ROE",
        "ODE",
        "ARED",
        "RARED",
        "ROED",
        "OAR",
        "DEAR",
        "REAR",
        "ROAR",
        "RED"
    ],
    "ws": [
        {
            "w": "ARE",
            "v": true,
            "row": 5,
            "col": 1,
            "def": "Second-person singular simple present tense of be."
        },
        {
            "w": "ERA",
            "v": false,
            "row": 7,
            "col": 4,
            "def": "A time period of indeterminate length, generally more than one year."
        },
        {
            "w": "ORE",
            "v": true,
            "row": 7,
            "col": 9,
            "def": "Rock that contains utilitarian materials; primarily a rock containing metals or gems which (at the time of the rock's evaluation and proposal for extraction) are able to be separated from its neighboring minerals and processed at a cost that does not exceed those materials' present-day economic values."
        },
        {
            "w": "ROD",
            "v": false,
            "row": 8,
            "col": 2,
            "def": "A straight, round stick, shaft, bar, cane, or staff."
        },
        {
            "w": "RAD",
            "v": false,
            "row": 2,
            "col": 7,
            "def": "Excellent, short for radical."
        },
        {
            "w": "ERR",
            "v": true,
            "row": 0,
            "col": 7,
            "def": "To make a mistake."
        },
        {
            "w": "RARE",
            "v": false,
            "row": 5,
            "col": 6,
            "def": "Cooked very lightly, so the meat is still red (in the case of steak or beef in the general sense)."
        },
        {
            "w": "READ",
            "v": true,
            "row": 1,
            "col": 0,
            "def": "A reading or an act of reading, especially an actor's part of a play."
        },
        {
            "w": "ROAD",
            "v": true,
            "row": 5,
            "col": 6,
            "def": "At the venue of the opposing team or competitor."
        },
        {
            "w": "RODE",
            "v": false,
            "row": 1,
            "col": 2,
            "def": "The line from the vessel to its anchor. Also warp."
        },
        {
            "w": "REDO",
            "v": true,
            "row": 1,
            "col": 2,
            "def": "To do again."
        },
        {
            "w": "DOER",
            "v": false,
            "row": 8,
            "col": 6,
            "def": "Someone who does, performs, or executes; an active person, an agent."
        },
        {
            "w": "ADORE",
            "v": true,
            "row": 1,
            "col": 9,
            "def": "To worship."
        },
        {
            "w": "ORDER",
            "v": false,
            "row": 6,
            "col": 0,
            "def": "Arrangement, disposition, sequence."
        },
        {
            "w": "ARDOR",
            "v": false,
            "row": 3,
            "col": 0,
            "def": "Great warmth of feeling; fervor; passion."
        },
        {
            "w": "ROARED",
            "v": true,
            "row": 3,
            "col": 4,
            "def": "Simple past tense and past participle of roar."
        }
    ]
}