{
    "id": 55,
    "sub_category": "Fog Pack",
    "category": "Forest Group",
    "type": 0,
    "letters": "AGHPR",
    "mov": 16,
    "shovels": 1,
    "coins": 5,
    "rows": 15,
    "cols": 15,
    "c": 0,
    "b": -1,
    "w": 7,
    "h": 6,
    "dws": [
        "ARGH",
        "RAG",
        "PAH",
        "GAR",
        "HAP",
        "RAH"
    ],
    "ws": [
        {
            "w": "GAP",
            "v": false,
            "row": 2,
            "col": 2,
            "def": "An opening in anything made by breaking or parting."
        },
        {
            "w": "PAR",
            "v": false,
            "row": 3,
            "col": 0,
            "def": "By; with."
        },
        {
            "w": "RAP",
            "v": true,
            "row": 0,
            "col": 4,
            "def": "A sharp blow with something hard."
        },
        {
            "w": "HAG",
            "v": false,
            "row": 0,
            "col": 0,
            "def": "A witch, sorceress, or enchantress; also, a wizard."
        },
        {
            "w": "HARP",
            "v": true,
            "row": 0,
            "col": 0,
            "def": "A musical instrument consisting of an upright frame strung with strings that are stroked or plucked with the fingers."
        },
        {
            "w": "GRAPH",
            "v": true,
            "row": 2,
            "col": 2,
            "def": "A diagram displaying data; in particular one showing the relationship between two or more quantities, measurements or indicative numbers that may or may not have a specific mathematical formula relating them to each other."
        }
    ]
}