{
    "id": 5507,
    "sub_category": "Gold Pack",
    "category": "Meadow Group",
    "type": 0,
    "letters": "EFNRYZ",
    "mov": 16,
    "shovels": 1,
    "coins": 5,
    "rows": 15,
    "cols": 15,
    "c": 0,
    "b": -1,
    "w": 6,
    "h": 5,
    "dws": [
        "YEZ",
        "FERNY",
        "YER",
        "RYE",
        "RENY",
        "FER",
        "NEF",
        "NYE",
        "ERF",
        "REN",
        "ERN",
        "FEY",
        "RYFE",
        "FEZ",
        "REZ",
        "FRENZY",
        "FERN",
        "FRY",
        "REF",
        "FEN",
        "YEN"
    ],
    "ws": []
}