{
    "id": 5511,
    "sub_category": "Gold Pack",
    "category": "Meadow Group",
    "type": 0,
    "letters": "BEFFTU",
    "mov": 16,
    "shovels": 1,
    "coins": 5,
    "rows": 15,
    "cols": 15,
    "c": 0,
    "b": -1,
    "w": 6,
    "h": 6,
    "dws": [
        "EFT",
        "UTE",
        "EFF",
        "BUTE",
        "TUFF",
        "FUB",
        "FET",
        "TEF",
        "FEU",
        "TEFF",
        "BUFFE",
        "BUFFET",
        "TUBE",
        "BUFF",
        "BET",
        "BUT",
        "TUB"
    ],
    "ws": []
}