{
    "id": 5519,
    "sub_category": "Gold Pack",
    "category": "Meadow Group",
    "type": 0,
    "letters": "DDEKNU",
    "mov": 22,
    "shovels": 1,
    "coins": 5,
    "rows": 15,
    "cols": 15,
    "c": 0,
    "b": -1,
    "w": 9,
    "h": 8,
    "dws": [
        "KED",
        "EUK",
        "NED",
        "NEUK",
        "UKE",
        "DUED",
        "NEK",
        "DUKED",
        "UNKED",
        "KUNE",
        "KUE",
        "NUKED",
        "UNDE",
        "KEN"
    ],
    "ws": [
        {
            "w": "DEN",
            "v": false,
            "row": 0,
            "col": 1,
            "def": "The home of certain animals."
        },
        {
            "w": "DUD",
            "v": false,
            "row": 0,
            "col": 5,
            "def": "A device or machine that is useless because it does not work properly or has failed to work, such as a bomb, or explosive projectile."
        },
        {
            "w": "DUE",
            "v": true,
            "row": 0,
            "col": 1,
            "def": "Owed or owing."
        },
        {
            "w": "END",
            "v": false,
            "row": 2,
            "col": 1,
            "def": "The final point of something in space or time."
        },
        {
            "w": "DUN",
            "v": false,
            "row": 2,
            "col": 5,
            "def": "A brownish grey colour."
        },
        {
            "w": "DUDE",
            "v": false,
            "row": 7,
            "col": 3,
            "def": "A man."
        },
        {
            "w": "DUKE",
            "v": true,
            "row": 2,
            "col": 5,
            "def": "The male ruler of a duchy (compare duchess)."
        },
        {
            "w": "DUNE",
            "v": true,
            "row": 0,
            "col": 7,
            "def": "A ridge or hill of sand piled up by the wind."
        },
        {
            "w": "NUKE",
            "v": false,
            "row": 4,
            "col": 3,
            "def": "Nuclear weapon."
        },
        {
            "w": "DUNK",
            "v": true,
            "row": 4,
            "col": 0,
            "def": "To submerge briefly in a liquid."
        },
        {
            "w": "NUDE",
            "v": false,
            "row": 6,
            "col": 0,
            "def": "Without clothing or other covering of the skin."
        },
        {
            "w": "DUNKED",
            "v": true,
            "row": 2,
            "col": 3,
            "def": "Simple past tense and past participle of dunk."
        }
    ]
}