{
    "id": 5526,
    "sub_category": "Still Packx",
    "category": "Tarn Group",
    "type": 0,
    "letters": "IKNSTY",
    "mov": 26,
    "shovels": 1,
    "coins": 5,
    "rows": 15,
    "cols": 15,
    "c": 0,
    "b": -1,
    "w": 11,
    "h": 9,
    "dws": [
        "YINS",
        "SIN",
        "NIT",
        "KITS",
        "KIT",
        "KNITS",
        "KINS",
        "NITS",
        "TIK",
        "NIS",
        "KIS",
        "INKS",
        "NYS",
        "SIK",
        "TINKS",
        "SKINT",
        "STY",
        "TIYN",
        "TIYNS",
        "SNIT",
        "SYN",
        "TIN",
        "TINK",
        "SNY",
        "KIST",
        "INS",
        "TINS",
        "TYIN",
        "TSK"
    ],
    "ws": [
        {
            "w": "INK",
            "v": true,
            "row": 7,
            "col": 2,
            "def": "To apply a tattoo to (someone)."
        },
        {
            "w": "ITS",
            "v": false,
            "row": 1,
            "col": 0,
            "def": "The one (or ones) belonging to it."
        },
        {
            "w": "KIN",
            "v": true,
            "row": 6,
            "col": 6,
            "def": "Race; family; breed; kind."
        },
        {
            "w": "SIT",
            "v": false,
            "row": 3,
            "col": 4,
            "def": "To be in a position in which the upper body is upright and the legs (especially the upper legs) are supported by some object."
        },
        {
            "w": "SKI",
            "v": false,
            "row": 9,
            "col": 1,
            "def": "One of a pair of long flat runners designed for gliding over snow."
        },
        {
            "w": "SKY",
            "v": true,
            "row": 5,
            "col": 9,
            "def": "A cloud."
        },
        {
            "w": "TIS",
            "v": false,
            "row": 5,
            "col": 7,
            "def": "Plural of til."
        },
        {
            "w": "YIN",
            "v": false,
            "row": 8,
            "col": 4,
            "def": "The essential female principle in some Eastern religions and philosophies."
        },
        {
            "w": "SINK",
            "v": false,
            "row": 7,
            "col": 1,
            "def": "To descend or submerge (or to cause to do so) into a liquid or similar substance."
        },
        {
            "w": "SKIN",
            "v": false,
            "row": 0,
            "col": 6,
            "def": "The outer protective layer of the body of any animal, including of a human."
        },
        {
            "w": "TINY",
            "v": true,
            "row": 0,
            "col": 0,
            "def": "Very small."
        },
        {
            "w": "KNIT",
            "v": false,
            "row": 5,
            "col": 2,
            "def": "And (intransitive) To turn thread or yarn into a piece of fabric by forming loops that are pulled through each other. This can be done by hand with needles or by machine."
        },
        {
            "w": "INKY",
            "v": false,
            "row": 7,
            "col": 6,
            "def": "Of the colour of ink, especially black ink; dark."
        },
        {
            "w": "SKIT",
            "v": true,
            "row": 0,
            "col": 6,
            "def": "A short comic performance."
        },
        {
            "w": "STINK",
            "v": true,
            "row": 1,
            "col": 2,
            "def": "To have a strong bad smell."
        },
        {
            "w": "STINKY",
            "v": true,
            "row": 3,
            "col": 4,
            "def": "Having a strong, unpleasant smell; stinking."
        }
    ]
}