{
    "id": 5550,
    "sub_category": "Rock Packx",
    "category": "Tarn Group",
    "type": 0,
    "letters": "CDEHIM",
    "mov": 26,
    "shovels": 1,
    "coins": 5,
    "rows": 15,
    "cols": 15,
    "c": 0,
    "b": -1,
    "w": 11,
    "h": 10,
    "dws": [
        "DIE",
        "CHEM",
        "HEID",
        "CID",
        "CHID",
        "EDH",
        "ICH",
        "HIC",
        "MICH",
        "CHE",
        "MECH",
        "MED",
        "MIC",
        "DEI",
        "MICHED",
        "EMIC",
        "IDE",
        "HIE",
        "MICHE",
        "MEH",
        "DICH",
        "HEMIC",
        "DEMIC",
        "CEDI",
        "ECH",
        "IDEM",
        "HIED"
    ],
    "ws": [
        {
            "w": "DIM",
            "v": false,
            "row": 7,
            "col": 0,
            "def": "Not bright or colorful."
        },
        {
            "w": "HEM",
            "v": false,
            "row": 5,
            "col": 2,
            "def": "Used to fill in the gap of a pause with a vocalized sound."
        },
        {
            "w": "HID",
            "v": false,
            "row": 1,
            "col": 6,
            "def": "Simple past of hide."
        },
        {
            "w": "HIM",
            "v": true,
            "row": 5,
            "col": 2,
            "def": "A masculine pronoun; he as a grammatical object."
        },
        {
            "w": "ICE",
            "v": false,
            "row": 3,
            "col": 0,
            "def": "Water in frozen (solid) form."
        },
        {
            "w": "MID",
            "v": false,
            "row": 6,
            "col": 7,
            "def": "With."
        },
        {
            "w": "CHI",
            "v": false,
            "row": 2,
            "col": 4,
            "def": "The twenty-second letter of the Classical and Modern Greek alphabets, and the twenty-third letter of Old and Ancient alphabets."
        },
        {
            "w": "DICE",
            "v": false,
            "row": 7,
            "col": 4,
            "def": "Plural form of die."
        },
        {
            "w": "DIME",
            "v": true,
            "row": 4,
            "col": 7,
            "def": "A coin worth one-tenth of a dollar. The physical coin is smaller than a penny."
        },
        {
            "w": "HIDE",
            "v": true,
            "row": 4,
            "col": 9,
            "def": "To put (something) in a place where it will be harder to discover or out of sight."
        },
        {
            "w": "ICED",
            "v": false,
            "row": 4,
            "col": 4,
            "def": "With ice added."
        },
        {
            "w": "MICE",
            "v": true,
            "row": 0,
            "col": 2,
            "def": "Plural form of mouse."
        },
        {
            "w": "MEDIC",
            "v": false,
            "row": 0,
            "col": 2,
            "def": "Of or pertaining to medicines; medical."
        },
        {
            "w": "CHIME",
            "v": true,
            "row": 1,
            "col": 0,
            "def": "A musical instrument producing a sound when struck, similar to a bell (e.g. a tubular metal bar) or actually a bell. Often used in the plural to refer to the set: the chimes."
        },
        {
            "w": "CHIDE",
            "v": true,
            "row": 0,
            "col": 6,
            "def": "To loudly admonish in blame; to angrily reproach."
        },
        {
            "w": "CHIMED",
            "v": true,
            "row": 2,
            "col": 4,
            "def": "Simple past tense and past participle of chime."
        }
    ]
}