{
    "id": 5596,
    "sub_category": "Peace Packx",
    "category": "Tarn Group",
    "type": 0,
    "letters": "ADEKLW",
    "mov": 30,
    "shovels": 1,
    "coins": 5,
    "rows": 15,
    "cols": 15,
    "c": 0,
    "b": -1,
    "w": 13,
    "h": 11,
    "dws": [
        "KAE",
        "AWDL",
        "LAWK",
        "KAED",
        "LAWED",
        "AWK",
        "DAK",
        "WELK",
        "LADE",
        "DAE",
        "LAW",
        "LAWE",
        "DAW",
        "KADE",
        "DAWK",
        "DWALE",
        "LEW",
        "KAW",
        "LAKED",
        "WEALD",
        "WALD",
        "WEAL",
        "LEA",
        "WEKA",
        "KED",
        "ELD",
        "LAD",
        "AWED",
        "DEAW",
        "LEAD",
        "WALE",
        "KEWL",
        "ALEW",
        "AKED",
        "KWELA",
        "AWL",
        "EWK",
        "AKE",
        "DAL",
        "WAE",
        "LEK",
        "KEA",
        "WALED",
        "DEL",
        "WEAK",
        "AWE",
        "LED",
        "WED"
    ],
    "ws": [
        {
            "w": "ALE",
            "v": true,
            "row": 7,
            "col": 7,
            "def": "An intoxicating liquor made from an infusion of malt by fermentation and the addition of a bitter, usually hops."
        },
        {
            "w": "DEW",
            "v": true,
            "row": 7,
            "col": 0,
            "def": "Moisture in the air that settles on plants, etc in the morning, resulting in drops."
        },
        {
            "w": "ELK",
            "v": true,
            "row": 0,
            "col": 3,
            "def": "The largest member of the deer family (Alces alces); a moose."
        },
        {
            "w": "WAD",
            "v": false,
            "row": 9,
            "col": 0,
            "def": "An amorphous, compact mass."
        },
        {
            "w": "DEAL",
            "v": false,
            "row": 8,
            "col": 4,
            "def": "A division, a portion, a share."
        },
        {
            "w": "LAKE",
            "v": false,
            "row": 3,
            "col": 6,
            "def": "A small stream of running water; a channel for water; a drain."
        },
        {
            "w": "LEAK",
            "v": false,
            "row": 1,
            "col": 3,
            "def": "A crack, crevice, fissure, or hole which admits water or other fluid, or lets it escape."
        },
        {
            "w": "WADE",
            "v": false,
            "row": 0,
            "col": 0,
            "def": "To walk through water or something that impedes progress."
        },
        {
            "w": "WAKE",
            "v": true,
            "row": 2,
            "col": 0,
            "def": "(often followed by up) To stop sleeping."
        },
        {
            "w": "WALK",
            "v": false,
            "row": 2,
            "col": 0,
            "def": "To move on the feet by alternately setting each foot (or pair or group of feet, in the case of animals with four or more feet) forward, with at least one foot on the ground at all times. Compare run."
        },
        {
            "w": "WELD",
            "v": true,
            "row": 6,
            "col": 2,
            "def": "A herb (Reseda luteola) related to mignonette, growing in Europe, and to some extent in America, used to make a yellow dye; dyer's broom; dyer's rocket; dyer's weed; wild woad."
        },
        {
            "w": "KALE",
            "v": true,
            "row": 1,
            "col": 6,
            "def": "Cole."
        },
        {
            "w": "LEWD",
            "v": true,
            "row": 2,
            "col": 9,
            "def": "Lascivious, sexually promiscuous, rude."
        },
        {
            "w": "DALE",
            "v": false,
            "row": 4,
            "col": 3,
            "def": "A valley in an otherwise hilly area."
        },
        {
            "w": "WAKED",
            "v": false,
            "row": 6,
            "col": 2,
            "def": "Simple past tense and past participle of wake."
        },
        {
            "w": "WALKED",
            "v": true,
            "row": 3,
            "col": 4,
            "def": "Simple past tense and past participle of walk."
        }
    ]
}