{
    "id": 560,
    "sub_category": "Seed Pack",
    "category": "Flora Group",
    "type": 0,
    "letters": "DEGILR",
    "mov": 30,
    "shovels": 1,
    "coins": 5,
    "rows": 15,
    "cols": 15,
    "c": 0,
    "b": -1,
    "w": 14,
    "h": 11,
    "dws": [
        "GILDER",
        "RED",
        "GIE",
        "LIG",
        "DIE",
        "GLEI",
        "REG",
        "LEI",
        "REI",
        "DIRL",
        "IDLER",
        "LIGER",
        "RILED",
        "GILD",
        "RIEL",
        "DIRGE",
        "GIED",
        "ERG",
        "LIRE",
        "GELID",
        "DEIL",
        "LEIR",
        "GED",
        "DREG",
        "GRIDE",
        "DEI",
        "ELD",
        "IDE",
        "DIEL",
        "GIRD",
        "EILD",
        "GID",
        "IRED",
        "GELD",
        "GER",
        "REGILD",
        "RIDGEL",
        "GLID",
        "LIER",
        "DEG",
        "IRE",
        "GLED",
        "DEL",
        "GLIDE",
        "DELI",
        "DIG",
        "LED"
    ],
    "ws": [
        {
            "w": "GEL",
            "v": false,
            "row": 9,
            "col": 6,
            "def": "A semi-solid to almost solid colloid of a solid and a liquid, such as jelly, cheese or opal."
        },
        {
            "w": "LEG",
            "v": true,
            "row": 0,
            "col": 8,
            "def": "The lower limb of a human being or animal that extends from the groin to the ankle."
        },
        {
            "w": "LID",
            "v": false,
            "row": 4,
            "col": 6,
            "def": "The top or cover of a container."
        },
        {
            "w": "LIE",
            "v": true,
            "row": 7,
            "col": 7,
            "def": "To be in a horizontal position."
        },
        {
            "w": "RID",
            "v": false,
            "row": 6,
            "col": 1,
            "def": "Released from an obligation, problem, etc. (usually followed by \"of\")."
        },
        {
            "w": "RIG",
            "v": false,
            "row": 2,
            "col": 6,
            "def": "The rigging of a sailing ship or other such craft."
        },
        {
            "w": "DIRE",
            "v": true,
            "row": 4,
            "col": 8,
            "def": "Ill-boding; portentous."
        },
        {
            "w": "GIRL",
            "v": false,
            "row": 0,
            "col": 5,
            "def": "A young female human; (in contrast to boy), a female child or young adult."
        },
        {
            "w": "GRID",
            "v": false,
            "row": 1,
            "col": 1,
            "def": "A rectangular array of squares or rectangles of equal size, such as in a crossword puzzle."
        },
        {
            "w": "LIED",
            "v": false,
            "row": 8,
            "col": 1,
            "def": "An art song, sung in German and accompanied on the piano."
        },
        {
            "w": "RIDE",
            "v": false,
            "row": 5,
            "col": 3,
            "def": "To play defense on the defensemen or midfielders, as an attackman."
        },
        {
            "w": "IDLE",
            "v": false,
            "row": 7,
            "col": 5,
            "def": "Empty, vacant."
        },
        {
            "w": "RILE",
            "v": true,
            "row": 2,
            "col": 6,
            "def": "To make angry."
        },
        {
            "w": "RIDGE",
            "v": false,
            "row": 3,
            "col": 0,
            "def": "The back of any animal; especially the upper or projecting part of the back of a quadruped."
        },
        {
            "w": "GIRDLE",
            "v": true,
            "row": 3,
            "col": 3,
            "def": "That which girds, encircles, or encloses; a circumference."
        },
        {
            "w": "GLIDER",
            "v": true,
            "row": 1,
            "col": 1,
            "def": "Any heavier-than-air aircraft optimised for unpowered flight; a sailplane."
        }
    ]
}