{
    "id": 5614,
    "sub_category": "Rise Packx",
    "category": "Summit Group",
    "type": 0,
    "letters": "BCDERU",
    "mov": 30,
    "shovels": 1,
    "coins": 5,
    "rows": 15,
    "cols": 15,
    "c": 0,
    "b": -1,
    "w": 14,
    "h": 10,
    "dws": [
        "REC",
        "CRU",
        "RED",
        "CUR",
        "RUC",
        "CUBER",
        "URD",
        "DURE",
        "ECRU",
        "CRUE",
        "DUCE",
        "CRED",
        "BURD",
        "RUED",
        "ECU",
        "BUR",
        "DEBUR",
        "REDUB",
        "CUD",
        "URE",
        "BRU",
        "REB",
        "DEB",
        "RUD",
        "CUED",
        "URDE",
        "RUBE",
        "BEDU",
        "URB",
        "CURB",
        "CURD",
        "BED",
        "CUB"
    ],
    "ws": [
        {
            "w": "BUD",
            "v": true,
            "row": 7,
            "col": 8,
            "def": "A newly formed leaf or flower that has not yet unfolded."
        },
        {
            "w": "CUE",
            "v": true,
            "row": 1,
            "col": 2,
            "def": "An action or event that is a signal for somebody to do something."
        },
        {
            "w": "DUE",
            "v": false,
            "row": 8,
            "col": 4,
            "def": "Owed or owing."
        },
        {
            "w": "RUB",
            "v": false,
            "row": 7,
            "col": 6,
            "def": "An act of rubbing."
        },
        {
            "w": "DUB",
            "v": false,
            "row": 9,
            "col": 1,
            "def": "To confer knighthood; the conclusion of the ceremony was marked by a tap on the shoulder with the sword."
        },
        {
            "w": "RUE",
            "v": false,
            "row": 3,
            "col": 0,
            "def": "Repentance, regret."
        },
        {
            "w": "BRED",
            "v": true,
            "row": 6,
            "col": 6,
            "def": "Simple past tense and past participle of breed."
        },
        {
            "w": "CUBE",
            "v": true,
            "row": 0,
            "col": 8,
            "def": "A regular polyhedron having six identical square faces."
        },
        {
            "w": "CURE",
            "v": false,
            "row": 5,
            "col": 2,
            "def": "A method, device or medication that restores good health."
        },
        {
            "w": "RUDE",
            "v": false,
            "row": 7,
            "col": 1,
            "def": "Bad mannered."
        },
        {
            "w": "CRUD",
            "v": true,
            "row": 6,
            "col": 1,
            "def": "Dirt, filth or refuse."
        },
        {
            "w": "DRUB",
            "v": true,
            "row": 1,
            "col": 6,
            "def": "To beat (someone or something) with a stick."
        },
        {
            "w": "CRUDE",
            "v": false,
            "row": 3,
            "col": 4,
            "def": "Being in a natural state."
        },
        {
            "w": "CUBED",
            "v": false,
            "row": 1,
            "col": 2,
            "def": "Simple past tense and past participle of cube."
        },
        {
            "w": "CURED",
            "v": true,
            "row": 1,
            "col": 0,
            "def": "Simple past tense and past participle of cure."
        },
        {
            "w": "CURBED",
            "v": true,
            "row": 3,
            "col": 4,
            "def": "Restrained."
        }
    ]
}