{
    "id": 5617,
    "sub_category": "Aloft Pack",
    "category": "Summit Group",
    "type": 0,
    "letters": "ABBDEN",
    "mov": 26,
    "shovels": 1,
    "coins": 5,
    "rows": 15,
    "cols": 15,
    "c": 0,
    "b": -1,
    "w": 11,
    "h": 9,
    "dws": [
        "ABED",
        "ANE",
        "NED",
        "DAE",
        "BEN",
        "ABB",
        "NABE",
        "DEB",
        "NEB",
        "DNA",
        "BEND",
        "DAN",
        "ABEND",
        "NAE",
        "BED",
        "EAN",
        "ABBE",
        "BANED"
    ],
    "ws": [
        {
            "w": "AND",
            "v": true,
            "row": 2,
            "col": 9,
            "def": "As a coordinating conjunction; expressing two elements to be taken together or in addition to each other."
        },
        {
            "w": "BAD",
            "v": true,
            "row": 1,
            "col": 5,
            "def": "Not good; unfavorable; negative."
        },
        {
            "w": "BAN",
            "v": false,
            "row": 2,
            "col": 1,
            "def": "To summon; call out."
        },
        {
            "w": "DEN",
            "v": false,
            "row": 3,
            "col": 7,
            "def": "The home of certain animals."
        },
        {
            "w": "END",
            "v": false,
            "row": 3,
            "col": 3,
            "def": "The final point of something in space or time."
        },
        {
            "w": "NAB",
            "v": false,
            "row": 0,
            "col": 1,
            "def": "To seize, arrest or take into custody a criminal or fugitive."
        },
        {
            "w": "DAB",
            "v": true,
            "row": 5,
            "col": 6,
            "def": "To press lightly in a repetitive motion with a soft object without rubbing."
        },
        {
            "w": "EBB",
            "v": false,
            "row": 6,
            "col": 0,
            "def": "The receding movement of the tide."
        },
        {
            "w": "BABE",
            "v": true,
            "row": 6,
            "col": 2,
            "def": "A baby or infant; a very young human or animal."
        },
        {
            "w": "BAND",
            "v": true,
            "row": 0,
            "col": 7,
            "def": "A strip of material wrapped around things to hold them together."
        },
        {
            "w": "BEAN",
            "v": false,
            "row": 1,
            "col": 5,
            "def": "The large edible seed of plants of several genera of Fabaceae."
        },
        {
            "w": "DEAN",
            "v": true,
            "row": 5,
            "col": 0,
            "def": "A senior official in a college or university, who may be in charge of a division or faculty (for example, the dean of science) or have some other advisory or disciplinary function (for example, the dean of students)."
        },
        {
            "w": "BEAD",
            "v": false,
            "row": 6,
            "col": 4,
            "def": "A small round object."
        },
        {
            "w": "BANE",
            "v": true,
            "row": 0,
            "col": 3,
            "def": "A cause of misery or death; an affliction or curse."
        },
        {
            "w": "BADE",
            "v": false,
            "row": 8,
            "col": 2,
            "def": "Simple past of bid."
        },
        {
            "w": "NABBED",
            "v": true,
            "row": 3,
            "col": 4,
            "def": "Third-person singular simple present indicative form of nab."
        }
    ]
}