{
    "id": 5675,
    "sub_category": "Reach Pack",
    "category": "Summit Group",
    "type": 0,
    "letters": "CGHILT",
    "mov": 20,
    "shovels": 1,
    "coins": 5,
    "rows": 15,
    "cols": 15,
    "c": 0,
    "b": -1,
    "w": 9,
    "h": 7,
    "dws": [
        "CHI",
        "CIG",
        "CIT",
        "LIG",
        "GITCH",
        "CHIT",
        "CLIT",
        "LICHT",
        "THIG",
        "TIG",
        "GLIT",
        "LITH",
        "LICH",
        "GHI",
        "ICH",
        "TICH",
        "HIC"
    ],
    "ws": [
        {
            "w": "HIT",
            "v": false,
            "row": 7,
            "col": 3,
            "def": "To administer a blow to."
        },
        {
            "w": "LIT",
            "v": false,
            "row": 6,
            "col": 5,
            "def": "Little."
        },
        {
            "w": "GIT",
            "v": false,
            "row": 5,
            "col": 1,
            "def": "A contemptible person."
        },
        {
            "w": "TIC",
            "v": false,
            "row": 0,
            "col": 0,
            "def": "A local and habitual convulsive motion of certain muscles."
        },
        {
            "w": "TIL",
            "v": false,
            "row": 2,
            "col": 5,
            "def": "Until, till."
        },
        {
            "w": "ITCH",
            "v": true,
            "row": 0,
            "col": 1,
            "def": "A sensation felt on an area of the skin that causes a person or animal to want to scratch."
        },
        {
            "w": "GILT",
            "v": true,
            "row": 4,
            "col": 5,
            "def": "Gold or other metal in a thin layer; gilding."
        },
        {
            "w": "HILT",
            "v": false,
            "row": 3,
            "col": 1,
            "def": "The handle of a sword, consisting of grip, guard, and pommel, designed to facilitate use of the blade and afford protection to the hand."
        },
        {
            "w": "LIGHT",
            "v": true,
            "row": 2,
            "col": 7,
            "def": "The natural medium emanating from the sun and other very hot sources (now recognised as electromagnetic radiation with a wavelength of 400-750 nm), within which vision is possible."
        },
        {
            "w": "GLITCH",
            "v": true,
            "row": 2,
            "col": 3,
            "def": "A problem affecting function; a bug; an imperfection; a quirk."
        }
    ]
}