{
    "id": 5749,
    "sub_category": "Vista Pack",
    "category": "Bluff Group",
    "type": 0,
    "letters": "EGNRTU",
    "mov": 30,
    "shovels": 1,
    "coins": 5,
    "rows": 15,
    "cols": 15,
    "c": 0,
    "b": -1,
    "w": 14,
    "h": 12,
    "dws": [
        "GNU",
        "RET",
        "TUG",
        "NUR",
        "GRUE",
        "REG",
        "ERN",
        "GUE",
        "NEG",
        "TUNG",
        "TEGU",
        "NUG",
        "UTE",
        "ERG",
        "UNGET",
        "TERN",
        "GERT",
        "TEG",
        "GREN",
        "TUN",
        "GUR",
        "GEN",
        "REN",
        "RUE",
        "URE",
        "GURNET",
        "GURN",
        "GER",
        "ENG",
        "GUT",
        "NET",
        "GUNTER",
        "GENU",
        "TRUG",
        "GRUNT",
        "RENT",
        "RUNG",
        "TRUE"
    ],
    "ws": [
        {
            "w": "GET",
            "v": false,
            "row": 1,
            "col": 6,
            "def": "To obtain; to acquire."
        },
        {
            "w": "GUN",
            "v": true,
            "row": 1,
            "col": 6,
            "def": "A very portable, short firearm, for hand use, which fires bullets or projectiles, such as a handgun, revolver, pistol, or Derringer."
        },
        {
            "w": "NUT",
            "v": false,
            "row": 7,
            "col": 7,
            "def": "A hard-shelled seed."
        },
        {
            "w": "RUG",
            "v": false,
            "row": 5,
            "col": 2,
            "def": "A partial covering for a floor."
        },
        {
            "w": "RUN",
            "v": true,
            "row": 5,
            "col": 2,
            "def": "Act or instance of running, of moving rapidly using the feet."
        },
        {
            "w": "RUT",
            "v": false,
            "row": 9,
            "col": 7,
            "def": "Sexual desire or oestrus of cattle, and various other mammals."
        },
        {
            "w": "TEN",
            "v": true,
            "row": 1,
            "col": 8,
            "def": "A numerical value equal to 10; the number occurring after nine and before eleven, represented in Roman numerals as X, in Arabic numerals as 10, and in the hexadecimal system (base 16) as A."
        },
        {
            "w": "URN",
            "v": false,
            "row": 7,
            "col": 0,
            "def": "A vase with a footed base."
        },
        {
            "w": "TUNE",
            "v": false,
            "row": 8,
            "col": 4,
            "def": "A melody."
        },
        {
            "w": "TURN",
            "v": false,
            "row": 3,
            "col": 3,
            "def": "Of a body, person, etc, to move around an axis through itself."
        },
        {
            "w": "URGE",
            "v": false,
            "row": 0,
            "col": 2,
            "def": "A strong desire; an itch to do something."
        },
        {
            "w": "GENT",
            "v": true,
            "row": 4,
            "col": 9,
            "def": "A gentleman."
        },
        {
            "w": "RUNT",
            "v": true,
            "row": 0,
            "col": 3,
            "def": "The smallest animal of a litter."
        },
        {
            "w": "RUNE",
            "v": true,
            "row": 6,
            "col": 0,
            "def": "A letter, or character, belonging to the written language of various ancient Germanic peoples, especially the Scandinavians and the Anglo-Saxons."
        },
        {
            "w": "TUNER",
            "v": true,
            "row": 5,
            "col": 7,
            "def": "A person who tunes a piano."
        },
        {
            "w": "URGENT",
            "v": true,
            "row": 3,
            "col": 4,
            "def": "Requiring immediate attention."
        }
    ]
}