{
    "id": 578,
    "sub_category": "Bark Pack",
    "category": "Autumn Group",
    "type": 0,
    "letters": "FORSTY",
    "mov": 26,
    "shovels": 1,
    "coins": 5,
    "rows": 15,
    "cols": 15,
    "c": 0,
    "b": -1,
    "w": 11,
    "h": 10,
    "dws": [
        "ROST",
        "OYS",
        "SOT",
        "FOY",
        "TROY",
        "FORTS",
        "ORF",
        "ORTS",
        "ORFS",
        "SOFTY",
        "TOYS",
        "TYRO",
        "TROYS",
        "TOR",
        "FOYS",
        "STY",
        "ROTS",
        "TORY",
        "RYOTS",
        "FROS",
        "STROY",
        "RYOT",
        "TYROS",
        "ORS",
        "TORS",
        "ORT"
    ],
    "ws": [
        {
            "w": "FOR",
            "v": true,
            "row": 1,
            "col": 5,
            "def": "Because."
        },
        {
            "w": "FRY",
            "v": true,
            "row": 5,
            "col": 6,
            "def": "To cook (something) in hot fat."
        },
        {
            "w": "ROT",
            "v": false,
            "row": 1,
            "col": 7,
            "def": "To suffer decomposition due to biological action, especially by fungi or bacteria."
        },
        {
            "w": "SOY",
            "v": true,
            "row": 4,
            "col": 9,
            "def": "A Chinese and Japanese liquid sauce for fish, made by subjecting boiled beans to long fermentation and then long digestion in salt and water. US preference is the term soy sauce."
        },
        {
            "w": "TOY",
            "v": false,
            "row": 8,
            "col": 2,
            "def": "An inferior graffiti artist."
        },
        {
            "w": "TRY",
            "v": false,
            "row": 7,
            "col": 4,
            "def": "To attempt. Followed by infinitive."
        },
        {
            "w": "FRO",
            "v": false,
            "row": 5,
            "col": 2,
            "def": "From; away; back or backward. In modern English used only in the set phrase to and fro (\"back and forth\")."
        },
        {
            "w": "OFT",
            "v": false,
            "row": 6,
            "col": 0,
            "def": "Often; frequently; not rarely; many times."
        },
        {
            "w": "FORT",
            "v": true,
            "row": 0,
            "col": 8,
            "def": "A fortified defensive structure stationed with troops."
        },
        {
            "w": "ROSY",
            "v": false,
            "row": 6,
            "col": 6,
            "def": "Rose-coloured."
        },
        {
            "w": "SOFT",
            "v": true,
            "row": 3,
            "col": 2,
            "def": "Giving way under pressure."
        },
        {
            "w": "SORT",
            "v": true,
            "row": 6,
            "col": 8,
            "def": "A general type."
        },
        {
            "w": "FORTY",
            "v": false,
            "row": 9,
            "col": 5,
            "def": "The cardinal number occurring after thirty-nine and before forty-one."
        },
        {
            "w": "FROST",
            "v": false,
            "row": 3,
            "col": 4,
            "def": "A cover of minute ice crystals on objects that are exposed to the air. Some of these are tree branches, plant stems, leaves, wires, poles, vehicles, rooftops, or aircraft skin. Frost is the same process by which dew is formed except that the temperature of the frosted object is below freezing. Frost can be light or heavy."
        },
        {
            "w": "STORY",
            "v": true,
            "row": 4,
            "col": 0,
            "def": "A sequence of real or fictional causal events; or, an account of such a sequence."
        },
        {
            "w": "FROSTY",
            "v": true,
            "row": 3,
            "col": 4,
            "def": "Cold, chilly."
        }
    ]
}