{
    "id": "57c112c2-0d45-11eb-a781-34363b5fdca4",
    "type": 0,
    "letters": "AEFSST",
    "mov": 29,
    "shovels": 1,
    "coins": 5,
    "rows": 12,
    "cols": 2,
    "c": 0,
    "b": -1,
    "dws": [
        "FAS",
        "SAE",
        "EAS",
        "ASS",
        "ATS",
        "TAS",
        "FES",
        "EFS",
        "ESS",
        "EST",
        "TES",
        "FAE",
        "ETA",
        "TAE",
        "FET",
        "EFT",
        "TEF",
        "SAFT",
        "SATE",
        "SETA",
        "ATES",
        "ETAS",
        "TAES",
        "TASE",
        "TASS",
        "FESS",
        "FETS",
        "EFTS",
        "TEFS",
        "ESTS",
        "FETA",
        "SAFES",
        "FATES",
        "FESTA",
        "FEAST",
        "FEATS",
        "FETAS",
        "SATES",
        "EASTS",
        "TASES",
        "TASSE",
        "FESTS",
        "FESTAS",
        "FEASTS",
        "EAST",
        "FAST",
        "FEAT",
        "FEST",
        "SEAT",
        "ATE",
        "EAT",
        "FAT"
    ],
    "ws": [
        {
            "w": "AFT",
            "v": false,
            "row": 1,
            "col": 7
        },
        {
            "w": "SAT",
            "v": false,
            "row": 0,
            "col": 3
        },
        {
            "w": "SEA",
            "v": true,
            "row": 6,
            "col": 0
        },
        {
            "w": "SET",
            "v": true,
            "row": 0,
            "col": 3
        },
        {
            "w": "TEA",
            "v": false,
            "row": 7,
            "col": 4
        },
        {
            "w": "EATS",
            "v": false,
            "row": 5,
            "col": 4
        },
        {
            "w": "FATE",
            "v": true,
            "row": 5,
            "col": 2
        },
        {
            "w": "FATS",
            "v": true,
            "row": 5,
            "col": 9
        },
        {
            "w": "SAFE",
            "v": true,
            "row": 0,
            "col": 7
        },
        {
            "w": "SEAS",
            "v": false,
            "row": 8,
            "col": 6
        },
        {
            "w": "SETS",
            "v": false,
            "row": 2,
            "col": 1
        },
        {
            "w": "TEAS",
            "v": true,
            "row": 5,
            "col": 6
        },
        {
            "w": "ASSET",
            "v": false,
            "row": 3,
            "col": 4
        },
        {
            "w": "FASTS",
            "v": true,
            "row": 0,
            "col": 1
        },
        {
            "w": "SEATS",
            "v": false,
            "row": 6,
            "col": 0
        },
        {
            "w": "SAFEST",
            "v": true,
            "row": 2,
            "col": 4
        }
    ]
}