{
    "id": 5805,
    "sub_category": "Bank Packx",
    "category": "Strand Group",
    "type": 0,
    "letters": "AALPRY",
    "mov": 22,
    "shovels": 1,
    "coins": 5,
    "rows": 15,
    "cols": 15,
    "c": 0,
    "b": -1,
    "w": 8,
    "h": 8,
    "dws": [
        "YAR",
        "ALP",
        "RYA",
        "ALAR",
        "PAAL",
        "ARY",
        "YAAR",
        "PYA",
        "YAP",
        "PRY",
        "ARPA",
        "RAYA",
        "PLAYA",
        "AAL",
        "ALARY",
        "ARYL",
        "PYRAL",
        "PALY",
        "ALA",
        "PALAY",
        "ALAP",
        "LAR",
        "LYRA",
        "RYAL",
        "APAY",
        "ALAY"
    ],
    "ws": [
        {
            "w": "LAP",
            "v": false,
            "row": 2,
            "col": 0,
            "def": "The loose part of a coat; the lower part of a garment that plays loosely; a skirt; an apron."
        },
        {
            "w": "LAY",
            "v": false,
            "row": 5,
            "col": 2,
            "def": "To place down in a position of rest, or in a horizontal position."
        },
        {
            "w": "PAL",
            "v": true,
            "row": 0,
            "col": 0,
            "def": "A friend, buddy, mate, cobber, someone to hang around with."
        },
        {
            "w": "PAR",
            "v": false,
            "row": 4,
            "col": 0,
            "def": "By; with."
        },
        {
            "w": "PAY",
            "v": false,
            "row": 1,
            "col": 4,
            "def": "To give money or other compensation to in exchange for goods or services."
        },
        {
            "w": "RAP",
            "v": false,
            "row": 3,
            "col": 4,
            "def": "A sharp blow with something hard."
        },
        {
            "w": "RAY",
            "v": true,
            "row": 3,
            "col": 4,
            "def": "A beam of light or radiation."
        },
        {
            "w": "PLY",
            "v": true,
            "row": 3,
            "col": 6,
            "def": "A layer of material. (two-ply toilet paper)."
        },
        {
            "w": "PLAY",
            "v": true,
            "row": 4,
            "col": 0,
            "def": "To act in a manner such that one has fun; to engage in activities expressly for the purpose of recreation."
        },
        {
            "w": "PRAY",
            "v": false,
            "row": 0,
            "col": 0,
            "def": "To petition or solicit help from a supernatural or higher being."
        },
        {
            "w": "PARA",
            "v": true,
            "row": 0,
            "col": 5,
            "def": "Formerly, a subunit of currency in several countries in the Ottoman/Turkish and Yugoslav regions."
        },
        {
            "w": "PARLAY",
            "v": true,
            "row": 2,
            "col": 2,
            "def": "To carry forward the stake and winnings from a bet onto a subsequent wager."
        }
    ]
}