{
    "id": 5816,
    "sub_category": "Tide Packx",
    "category": "Strand Group",
    "type": 0,
    "letters": "CDEERU",
    "mov": 28,
    "shovels": 1,
    "coins": 5,
    "rows": 15,
    "cols": 15,
    "c": 0,
    "b": -1,
    "w": 12,
    "h": 12,
    "dws": [
        "REC",
        "CRU",
        "CERED",
        "RUC",
        "URD",
        "DURE",
        "ECRU",
        "CRUE",
        "DERE",
        "DUCE",
        "CERE",
        "CRED",
        "ERE",
        "CEDER",
        "RUED",
        "EDUCE",
        "ERED",
        "CEE",
        "ECU",
        "DEE",
        "CREE",
        "DREE",
        "CUD",
        "REE",
        "URE",
        "RUD",
        "REDE",
        "URDE",
        "CREED",
        "CEDE"
    ],
    "ws": [
        {
            "w": "CUE",
            "v": true,
            "row": 6,
            "col": 6,
            "def": "An action or event that is a signal for somebody to do something."
        },
        {
            "w": "DUE",
            "v": false,
            "row": 4,
            "col": 2,
            "def": "Owed or owing."
        },
        {
            "w": "RED",
            "v": true,
            "row": 0,
            "col": 3,
            "def": "Having red as its colour."
        },
        {
            "w": "RUE",
            "v": false,
            "row": 3,
            "col": 4,
            "def": "Repentance, regret."
        },
        {
            "w": "CUR",
            "v": true,
            "row": 7,
            "col": 2,
            "def": "A mongrel or inferior dog."
        },
        {
            "w": "CURE",
            "v": false,
            "row": 8,
            "col": 1,
            "def": "A method, device or medication that restores good health."
        },
        {
            "w": "DEER",
            "v": true,
            "row": 1,
            "col": 6,
            "def": "A beast, usually a quadruped as opposed to birds, fish, etc."
        },
        {
            "w": "REED",
            "v": false,
            "row": 4,
            "col": 6,
            "def": "Any of various types of tall stiff perennial grass-like plants growing together in groups near water."
        },
        {
            "w": "RUDE",
            "v": true,
            "row": 2,
            "col": 2,
            "def": "Bad mannered."
        },
        {
            "w": "CRUD",
            "v": false,
            "row": 7,
            "col": 4,
            "def": "Dirt, filth or refuse."
        },
        {
            "w": "CURD",
            "v": false,
            "row": 2,
            "col": 0,
            "def": "The part of milk that coagulates when it sours or is treated with enzymes; used to make cottage cheese."
        },
        {
            "w": "CUED",
            "v": true,
            "row": 2,
            "col": 0,
            "def": "Simple past tense and past participle of cue."
        },
        {
            "w": "CRUDE",
            "v": true,
            "row": 0,
            "col": 8,
            "def": "Being in a natural state."
        },
        {
            "w": "CURED",
            "v": false,
            "row": 0,
            "col": 1,
            "def": "Simple past tense and past participle of cure."
        },
        {
            "w": "DEUCE",
            "v": true,
            "row": 4,
            "col": 9,
            "def": "A card with two spots, one of four in a standard deck of playing cards."
        },
        {
            "w": "REDUCE",
            "v": true,
            "row": 3,
            "col": 4,
            "def": "To bring down the size, quantity, quality, value or intensity of something; to diminish, to lower, to impair."
        }
    ]
}