{
    "id": 5824,
    "sub_category": "Tide Packx",
    "category": "Strand Group",
    "type": 0,
    "letters": "DEIKPS",
    "mov": 26,
    "shovels": 1,
    "coins": 5,
    "rows": 15,
    "cols": 15,
    "c": 0,
    "b": -1,
    "w": 13,
    "h": 10,
    "dws": [
        "PISE",
        "PEDS",
        "KEPI",
        "DIE",
        "SEI",
        "DEPS",
        "KEP",
        "SPIE",
        "SIPE",
        "DIKES",
        "SIPED",
        "SED",
        "DEP",
        "PSI",
        "PES",
        "PIS",
        "EIKS",
        "KIP",
        "SKEP",
        "PIKES",
        "DESI",
        "SKIED",
        "KIS",
        "DEI",
        "SIK",
        "PED",
        "KED",
        "PIKED",
        "KIPES",
        "KIDS",
        "IDE",
        "SPEK",
        "IDES",
        "SKED",
        "KEPIS",
        "PIES",
        "SPIK",
        "PIED",
        "DIS",
        "KEPS",
        "SIKE",
        "EIK",
        "KIPE",
        "SEIK",
        "EDS",
        "IDS",
        "DIES",
        "KIPS",
        "DIPS",
        "SPIDE",
        "KEDS"
    ],
    "ws": [
        {
            "w": "DIP",
            "v": false,
            "row": 5,
            "col": 3,
            "def": "A lower section of a road or geological feature."
        },
        {
            "w": "KID",
            "v": true,
            "row": 0,
            "col": 9,
            "def": "A young goat."
        },
        {
            "w": "PIE",
            "v": false,
            "row": 9,
            "col": 0,
            "def": "A type of pastry that consists of an outer crust and a filling."
        },
        {
            "w": "SIP",
            "v": true,
            "row": 1,
            "col": 7,
            "def": "A small mouthful of drink."
        },
        {
            "w": "SKI",
            "v": false,
            "row": 1,
            "col": 7,
            "def": "One of a pair of long flat runners designed for gliding over snow."
        },
        {
            "w": "DESK",
            "v": true,
            "row": 0,
            "col": 5,
            "def": "A table, frame, or case, usually with sloping top, but often with flat top, for the use writers and readers. It often has a drawer or repository underneath."
        },
        {
            "w": "DISK",
            "v": false,
            "row": 8,
            "col": 4,
            "def": "A thin, flat, circular plate or similar object."
        },
        {
            "w": "SIDE",
            "v": true,
            "row": 2,
            "col": 0,
            "def": "A bounding straight edge of a two-dimensional shape."
        },
        {
            "w": "SKIP",
            "v": false,
            "row": 3,
            "col": 4,
            "def": "To move by hopping on alternate feet."
        },
        {
            "w": "SPED",
            "v": false,
            "row": 0,
            "col": 2,
            "def": "Simple past tense and past participle of speed."
        },
        {
            "w": "SKID",
            "v": false,
            "row": 2,
            "col": 0,
            "def": "An out-of-control sliding motion as would result from applying the brakes too hard in a car."
        },
        {
            "w": "DIKE",
            "v": true,
            "row": 6,
            "col": 7,
            "def": "The northern English form of ditch."
        },
        {
            "w": "PIKE",
            "v": true,
            "row": 6,
            "col": 2,
            "def": "A very long thrusting spear used two-handed by infantry both for attacks on enemy foot soldiers and as a counter-measure against cavalry assaults. The pike is not intended to be thrown."
        },
        {
            "w": "SPIKE",
            "v": false,
            "row": 7,
            "col": 0,
            "def": "A sort of very large nail; also, a piece of pointed iron set with points upward or outward."
        },
        {
            "w": "SPIED",
            "v": true,
            "row": 0,
            "col": 2,
            "def": "Simple past tense and past participle of spy."
        },
        {
            "w": "SPIKED",
            "v": true,
            "row": 3,
            "col": 4,
            "def": "Containing alcohol or drugs, often without the informing those who partake."
        }
    ]
}