{
    "id": 5851,
    "sub_category": "Grove Packx",
    "category": "Cloud Group",
    "type": 0,
    "letters": "AHNOWY",
    "mov": 26,
    "shovels": 1,
    "coins": 5,
    "rows": 15,
    "cols": 15,
    "c": 0,
    "b": -1,
    "w": 10,
    "h": 8,
    "dws": [
        "AWNY",
        "HOY",
        "AWN",
        "NAH",
        "HON",
        "HOYA",
        "HAW",
        "NOY",
        "HAN",
        "ANOW",
        "NOWY",
        "WHA",
        "YAH",
        "NOH",
        "WYN",
        "NOWAY",
        "NOAH",
        "NYAH",
        "WANY",
        "WAH",
        "YOW",
        "WAN",
        "HWAN",
        "ONY",
        "HOA",
        "YAW",
        "HAO"
    ],
    "ws": [
        {
            "w": "ANY",
            "v": true,
            "row": 4,
            "col": 0,
            "def": "To even the slightest extent, at all."
        },
        {
            "w": "HAY",
            "v": false,
            "row": 2,
            "col": 6,
            "def": "Grass cut and dried for use as animal fodder."
        },
        {
            "w": "HOW",
            "v": false,
            "row": 1,
            "col": 4,
            "def": "To what degree."
        },
        {
            "w": "NOW",
            "v": false,
            "row": 6,
            "col": 6,
            "def": "Present; current."
        },
        {
            "w": "OWN",
            "v": false,
            "row": 8,
            "col": 6,
            "def": "To have rightful possession of (property, goods or capital); \"To possess by right; to have the right of property in; to have the legal right or rightful title to.\" (Ref 1)."
        },
        {
            "w": "WAY",
            "v": false,
            "row": 7,
            "col": 3,
            "def": "A road, a direction, a (physical or conceptual) path from one place to another."
        },
        {
            "w": "WHO",
            "v": true,
            "row": 4,
            "col": 7,
            "def": "What person or people; which person or people (used in a direct or indirect question)."
        },
        {
            "w": "WHY",
            "v": true,
            "row": 0,
            "col": 4,
            "def": "For what cause, reason, or purpose."
        },
        {
            "w": "WON",
            "v": true,
            "row": 6,
            "col": 8,
            "def": "Simple past tense and past participle of win."
        },
        {
            "w": "NAW",
            "v": false,
            "row": 0,
            "col": 2,
            "def": "Eye dialect spelling of no."
        },
        {
            "w": "NAY",
            "v": false,
            "row": 2,
            "col": 2,
            "def": "No."
        },
        {
            "w": "YON",
            "v": true,
            "row": 2,
            "col": 8,
            "def": "Distant, but within sight."
        },
        {
            "w": "WHOA",
            "v": true,
            "row": 1,
            "col": 6,
            "def": "Stop (especially when commanding a horse or imitative thereof); calm down; slow down."
        },
        {
            "w": "YAWN",
            "v": false,
            "row": 4,
            "col": 5,
            "def": "To open the mouth widely and take a long, rather deep breath, often because one is tired and sometimes accompanied by pandiculation."
        },
        {
            "w": "AHOY",
            "v": false,
            "row": 4,
            "col": 0,
            "def": "Used to hail a ship, a boat or a person, or to attract attention."
        },
        {
            "w": "ANYHOW",
            "v": true,
            "row": 2,
            "col": 3,
            "def": "In any way or manner whatever."
        }
    ]
}