{
    "id": 5852,
    "sub_category": "Grove Packx",
    "category": "Cloud Group",
    "type": 0,
    "letters": "DEILTU",
    "mov": 30,
    "shovels": 1,
    "coins": 5,
    "rows": 15,
    "cols": 15,
    "c": 0,
    "b": -1,
    "w": 14,
    "h": 11,
    "dws": [
        "DIE",
        "LEI",
        "LIEU",
        "LITU",
        "UTE",
        "TUI",
        "LEUD",
        "ELT",
        "TULE",
        "DEIL",
        "TID",
        "TUILE",
        "TEL",
        "DEI",
        "LUTED",
        "DUEL",
        "ELD",
        "IDE",
        "UTILE",
        "DIEL",
        "DIT",
        "ETUI",
        "TILDE",
        "DUIT",
        "TIE",
        "DULE",
        "TEIL",
        "EILD",
        "ULE",
        "LEU",
        "TED",
        "DELT",
        "DUI",
        "LUDE",
        "DITE",
        "LUD",
        "TELD",
        "DEL",
        "TIDE",
        "LITE",
        "LED",
        "LID"
    ],
    "ws": [
        {
            "w": "DUE",
            "v": false,
            "row": 8,
            "col": 0,
            "def": "Owed or owing."
        },
        {
            "w": "LET",
            "v": false,
            "row": 7,
            "col": 2,
            "def": "To allow to, not to prevent (+ infinitive, but usually without to)."
        },
        {
            "w": "LIE",
            "v": true,
            "row": 7,
            "col": 6,
            "def": "To be in a horizontal position."
        },
        {
            "w": "LIT",
            "v": false,
            "row": 5,
            "col": 4,
            "def": "Little."
        },
        {
            "w": "TIL",
            "v": true,
            "row": 2,
            "col": 8,
            "def": "Until, till."
        },
        {
            "w": "DIET",
            "v": false,
            "row": 0,
            "col": 6,
            "def": "The food and beverage a person or animal consumes."
        },
        {
            "w": "EDIT",
            "v": false,
            "row": 8,
            "col": 4,
            "def": "A change to the text of a document."
        },
        {
            "w": "LIED",
            "v": false,
            "row": 3,
            "col": 1,
            "def": "An art song, sung in German and accompanied on the piano."
        },
        {
            "w": "TIED",
            "v": true,
            "row": 5,
            "col": 0,
            "def": "Connected."
        },
        {
            "w": "TILE",
            "v": true,
            "row": 0,
            "col": 3,
            "def": "A regularly-shaped slab of clay or other material, affixed to cover or decorate a surface, as in a roof-tile, glazed tile, stove tile, etc."
        },
        {
            "w": "DELI",
            "v": true,
            "row": 0,
            "col": 6,
            "def": "A shop that sells cooked or prepared food ready for serving."
        },
        {
            "w": "IDLE",
            "v": false,
            "row": 1,
            "col": 3,
            "def": "Empty, vacant."
        },
        {
            "w": "DUET",
            "v": false,
            "row": 0,
            "col": 0,
            "def": "A musical composition in two parts, each performed by a single voice (singer, instrument or univoce ensemble)."
        },
        {
            "w": "LUTE",
            "v": false,
            "row": 2,
            "col": 6,
            "def": "A fretted stringed instrument, similar to a guitar, having a bowl-shaped body or soundbox."
        },
        {
            "w": "TILED",
            "v": true,
            "row": 5,
            "col": 2,
            "def": "Simple past tense and past participle of tile."
        },
        {
            "w": "DILUTE",
            "v": true,
            "row": 3,
            "col": 4,
            "def": "To make thinner by adding solvent to a solution; especially by adding water."
        }
    ]
}