{
    "id": "587d588a-0d48-11eb-a781-34363b5fdca4",
    "type": 0,
    "letters": "DEGLNO",
    "mov": 35,
    "shovels": 1,
    "coins": 5,
    "rows": 15,
    "cols": 2,
    "c": 0,
    "b": -1,
    "dws": [
        "GOE",
        "GEO",
        "GON",
        "NOG",
        "GED",
        "DEG",
        "GEN",
        "ENG",
        "NEG",
        "LOD",
        "DOL",
        "OLE",
        "DEL",
        "ELD",
        "NED",
        "GOLE",
        "GOEL",
        "LOGE",
        "DOGE",
        "DONG",
        "GLED",
        "GELD",
        "GLEN",
        "LENG",
        "OLDE",
        "DOLE",
        "DELO",
        "LENO",
        "ENOL",
        "NOEL",
        "NOLE",
        "DOEN",
        "GLODE",
        "LONGE",
        "LODEN",
        "DONGLE",
        "LONGED",
        "LODGE",
        "OLDEN",
        "DONE",
        "GOLD",
        "LONE",
        "OGLE",
        "DOG",
        "END",
        "LED",
        "LOG",
        "NOD",
        "ODE",
        "OLD"
    ],
    "ws": [
        {
            "w": "DEN",
            "v": false,
            "row": 3,
            "col": 0
        },
        {
            "w": "DOE",
            "v": true,
            "row": 3,
            "col": 0
        },
        {
            "w": "DON",
            "v": false,
            "row": 6,
            "col": 6
        },
        {
            "w": "EGO",
            "v": false,
            "row": 5,
            "col": 0
        },
        {
            "w": "EON",
            "v": true,
            "row": 1,
            "col": 8
        },
        {
            "w": "GEL",
            "v": false,
            "row": 8,
            "col": 6
        },
        {
            "w": "GOD",
            "v": true,
            "row": 0,
            "col": 5
        },
        {
            "w": "LEG",
            "v": false,
            "row": 0,
            "col": 3
        },
        {
            "w": "ONE",
            "v": true,
            "row": 6,
            "col": 7
        },
        {
            "w": "GONE",
            "v": true,
            "row": 5,
            "col": 1
        },
        {
            "w": "LEND",
            "v": true,
            "row": 3,
            "col": 6
        },
        {
            "w": "LODE",
            "v": false,
            "row": 4,
            "col": 3
        },
        {
            "w": "LONG",
            "v": false,
            "row": 3,
            "col": 6
        },
        {
            "w": "NODE",
            "v": false,
            "row": 7,
            "col": 1
        },
        {
            "w": "OGLED",
            "v": false,
            "row": 1,
            "col": 5
        },
        {
            "w": "GOLDEN",
            "v": true,
            "row": 3,
            "col": 4
        }
    ]
}