{
    "id": "59344c28-0d40-11eb-a781-34363b5fdca4",
    "type": 0,
    "letters": "AOPRRT",
    "mov": 25,
    "shovels": 1,
    "coins": 5,
    "rows": 10,
    "cols": 2,
    "c": 0,
    "b": -1,
    "dws": [
        "POA",
        "APO",
        "OPA",
        "APT",
        "OPT",
        "ORA",
        "TAO",
        "ORT",
        "TOR",
        "PARR",
        "PRAO",
        "PROA",
        "PRAT",
        "TARP",
        "TROP",
        "ORRA",
        "RATO",
        "ROTA",
        "TORA",
        "TARO",
        "RORT",
        "TORR",
        "PORTA",
        "APORT",
        "RAPTOR",
        "OAR",
        "PAR",
        "POT",
        "TAR"
    ],
    "ws": [
        {
            "w": "ART",
            "v": false,
            "row": 4,
            "col": 6
        },
        {
            "w": "OAT",
            "v": false,
            "row": 6,
            "col": 6
        },
        {
            "w": "PAT",
            "v": true,
            "row": 0,
            "col": 6
        },
        {
            "w": "PRO",
            "v": false,
            "row": 6,
            "col": 2
        },
        {
            "w": "RAP",
            "v": false,
            "row": 0,
            "col": 4
        },
        {
            "w": "RAT",
            "v": false,
            "row": 4,
            "col": 0
        },
        {
            "w": "ROT",
            "v": false,
            "row": 5,
            "col": 4
        },
        {
            "w": "TAP",
            "v": false,
            "row": 7,
            "col": 4
        },
        {
            "w": "TOP",
            "v": true,
            "row": 6,
            "col": 8
        },
        {
            "w": "ATOP",
            "v": true,
            "row": 4,
            "col": 6
        },
        {
            "w": "PART",
            "v": true,
            "row": 1,
            "col": 2
        },
        {
            "w": "PORT",
            "v": true,
            "row": 2,
            "col": 0
        },
        {
            "w": "RAPT",
            "v": true,
            "row": 1,
            "col": 8
        },
        {
            "w": "ROAR",
            "v": false,
            "row": 3,
            "col": 2
        },
        {
            "w": "TRAP",
            "v": false,
            "row": 2,
            "col": 6
        },
        {
            "w": "PARROT",
            "v": true,
            "row": 2,
            "col": 4
        }
    ]
}