{
    "id": 5994,
    "sub_category": "Sails Pack",
    "category": "Sublime Group",
    "type": 0,
    "letters": "DELMPU",
    "mov": 24,
    "shovels": 1,
    "coins": 5,
    "rows": 15,
    "cols": 15,
    "c": 0,
    "b": -1,
    "w": 11,
    "h": 10,
    "dws": [
        "PUL",
        "PLU",
        "DEP",
        "MEU",
        "DUPLE",
        "LEUD",
        "LUM",
        "MULED",
        "PEL",
        "PULE",
        "DUM",
        "MED",
        "UMP",
        "PED",
        "DUE",
        "ELD",
        "PULED",
        "MEL",
        "DULE",
        "DUMPLE",
        "ULE",
        "LED",
        "LEU",
        "PLUE",
        "LUDE",
        "PUD",
        "LEP",
        "LUD",
        "UMPED",
        "DUP",
        "DEL"
    ],
    "ws": [
        {
            "w": "ELM",
            "v": false,
            "row": 0,
            "col": 1,
            "def": "A tree of the genus Ulmus of the family Ulmaceae, large deciduous trees with alternate stipulate leaves and small apetalous flowers."
        },
        {
            "w": "MUD",
            "v": true,
            "row": 3,
            "col": 5,
            "def": "A mixture of water and soil or fine grained sediment."
        },
        {
            "w": "EMU",
            "v": true,
            "row": 7,
            "col": 0,
            "def": "A large flightless bird native to Australia, Dromaius novaehollandiae."
        },
        {
            "w": "DUEL",
            "v": false,
            "row": 7,
            "col": 5,
            "def": "Arranged, regular combat between two private persons, often over a matter of honor."
        },
        {
            "w": "DUMP",
            "v": true,
            "row": 2,
            "col": 0,
            "def": "A place where waste or garbage is left; a ground or place for dumping ashes, refuse, etc."
        },
        {
            "w": "LUMP",
            "v": true,
            "row": 0,
            "col": 2,
            "def": "Something that protrudes, sticks out, or sticks together; a cluster or blob; a mound, hill, or group."
        },
        {
            "w": "MULE",
            "v": true,
            "row": 0,
            "col": 6,
            "def": "A generally sterile male or female hybrid offspring of a male donkey and a female horse."
        },
        {
            "w": "PLUM",
            "v": false,
            "row": 5,
            "col": 0,
            "def": "The edible, fleshy stone fruit of Prunus domestica, often of a dark red or purple colour."
        },
        {
            "w": "DUPE",
            "v": false,
            "row": 5,
            "col": 5,
            "def": "To swindle, deceive, or trick."
        },
        {
            "w": "MELD",
            "v": false,
            "row": 8,
            "col": 0,
            "def": "To combine two similar objects into one."
        },
        {
            "w": "PLED",
            "v": true,
            "row": 5,
            "col": 7,
            "def": "Simple past tense and past participle of plead."
        },
        {
            "w": "PLUME",
            "v": false,
            "row": 1,
            "col": 4,
            "def": "A feather of a bird, especially a large or showy one."
        },
        {
            "w": "LUMPED",
            "v": true,
            "row": 3,
            "col": 3,
            "def": "Simple past tense and past participle of lump."
        },
        {
            "w": "PLUMED",
            "v": false,
            "row": 3,
            "col": 2,
            "def": "Having or decorated with a plume or plumes."
        }
    ]
}