{
    "id": "59f3377e-0d44-11eb-a781-34363b5fdca4",
    "type": 0,
    "letters": "ABCMOT",
    "mov": 21,
    "shovels": 1,
    "coins": 5,
    "rows": 8,
    "cols": 2,
    "c": 0,
    "b": -1,
    "dws": [
        "COM",
        "MOC",
        "COB",
        "OCA",
        "TOC",
        "CAM",
        "MAC",
        "BAC",
        "OMA",
        "MOA",
        "MOT",
        "TOM",
        "OBA",
        "BOA",
        "ABO",
        "BOT",
        "TAO",
        "BAM",
        "TAM",
        "CAMO",
        "OCTA",
        "ATOC",
        "TACO",
        "BOMA",
        "AMBO",
        "MOAT",
        "BOTA",
        "TOMBAC"
    ],
    "ws": [
        {
            "w": "ACT",
            "v": true,
            "row": 7,
            "col": 1
        },
        {
            "w": "BAT",
            "v": false,
            "row": 4,
            "col": 0
        },
        {
            "w": "CAB",
            "v": true,
            "row": 2,
            "col": 7
        },
        {
            "w": "CAT",
            "v": false,
            "row": 1,
            "col": 0
        },
        {
            "w": "COT",
            "v": false,
            "row": 2,
            "col": 7
        },
        {
            "w": "MAT",
            "v": false,
            "row": 5,
            "col": 4
        },
        {
            "w": "MOB",
            "v": false,
            "row": 6,
            "col": 2
        },
        {
            "w": "OAT",
            "v": true,
            "row": 0,
            "col": 9
        },
        {
            "w": "TAB",
            "v": true,
            "row": 7,
            "col": 8
        },
        {
            "w": "ATOM",
            "v": true,
            "row": 3,
            "col": 2
        },
        {
            "w": "BOAT",
            "v": false,
            "row": 8,
            "col": 6
        },
        {
            "w": "COAT",
            "v": false,
            "row": 8,
            "col": 1
        },
        {
            "w": "COMA",
            "v": false,
            "row": 3,
            "col": 4
        },
        {
            "w": "COMB",
            "v": true,
            "row": 1,
            "col": 0
        },
        {
            "w": "TOMB",
            "v": true,
            "row": 5,
            "col": 6
        },
        {
            "w": "COMBAT",
            "v": true,
            "row": 3,
            "col": 4
        }
    ]
}