{
    "id": "5a7b5e14-0d40-11eb-a781-34363b5fdca4",
    "type": 0,
    "letters": "ADFIRY",
    "mov": 27,
    "shovels": 1,
    "coins": 5,
    "rows": 11,
    "cols": 2,
    "c": 0,
    "b": -1,
    "dws": [
        "YAD",
        "YIRD",
        "YAIRD",
        "FAY",
        "FRA",
        "DARI",
        "ADRY",
        "DIYA",
        "RIAD",
        "YAR",
        "ARY",
        "ARF",
        "YID",
        "FIAR",
        "ARD",
        "RAI",
        "RIF",
        "RIA",
        "RYA",
        "AIRY",
        "FRAY",
        "RAID",
        "YARD",
        "AIR",
        "RID"
    ],
    "ws": [
        {
            "w": "AID",
            "v": false,
            "row": 8,
            "col": 7
        },
        {
            "w": "DAY",
            "v": true,
            "row": 7,
            "col": 7
        },
        {
            "w": "DRY",
            "v": false,
            "row": 9,
            "col": 5
        },
        {
            "w": "FAD",
            "v": true,
            "row": 6,
            "col": 0
        },
        {
            "w": "FAR",
            "v": true,
            "row": 7,
            "col": 2
        },
        {
            "w": "FIR",
            "v": true,
            "row": 0,
            "col": 0
        },
        {
            "w": "FRY",
            "v": false,
            "row": 0,
            "col": 0
        },
        {
            "w": "RAD",
            "v": false,
            "row": 2,
            "col": 0
        },
        {
            "w": "RAY",
            "v": false,
            "row": 1,
            "col": 6
        },
        {
            "w": "ARID",
            "v": false,
            "row": 7,
            "col": 4
        },
        {
            "w": "DRAY",
            "v": true,
            "row": 2,
            "col": 2
        },
        {
            "w": "FAIR",
            "v": false,
            "row": 4,
            "col": 1
        },
        {
            "w": "DAIRY",
            "v": true,
            "row": 0,
            "col": 7
        },
        {
            "w": "DIARY",
            "v": false,
            "row": 8,
            "col": 0
        },
        {
            "w": "FAIRY",
            "v": false,
            "row": 3,
            "col": 4
        },
        {
            "w": "FRIDAY",
            "v": true,
            "row": 3,
            "col": 4
        }
    ]
}