{
    "id": "5a7e09f6-0d46-11eb-a781-34363b5fdca4",
    "type": 0,
    "letters": "CDEFOR",
    "mov": 31,
    "shovels": 1,
    "coins": 5,
    "rows": 13,
    "cols": 2,
    "c": 0,
    "b": -1,
    "dws": [
        "ORF",
        "DOF",
        "FER",
        "REF",
        "ERF",
        "DEF",
        "ORC",
        "ROC",
        "COR",
        "REO",
        "ORD",
        "DOR",
        "ECO",
        "DOC",
        "REC",
        "CORF",
        "FROE",
        "ORFE",
        "FEOD",
        "DEFO",
        "CERO",
        "ROED",
        "DERO",
        "DORE",
        "ECOD",
        "CRED",
        "CORED",
        "FORCE",
        "CODE",
        "CORD",
        "REDO",
        "DOE",
        "FOE",
        "FRO",
        "ODE",
        "RED",
        "ROE"
    ],
    "ws": [
        {
            "w": "COD",
            "v": false,
            "row": 2,
            "col": 0
        },
        {
            "w": "FED",
            "v": true,
            "row": 0,
            "col": 4
        },
        {
            "w": "FOR",
            "v": false,
            "row": 0,
            "col": 0
        },
        {
            "w": "ORE",
            "v": false,
            "row": 1,
            "col": 2
        },
        {
            "w": "ROD",
            "v": true,
            "row": 0,
            "col": 2
        },
        {
            "w": "COED",
            "v": true,
            "row": 3,
            "col": 8
        },
        {
            "w": "CORE",
            "v": false,
            "row": 9,
            "col": 4
        },
        {
            "w": "DECO",
            "v": false,
            "row": 2,
            "col": 4
        },
        {
            "w": "DOER",
            "v": false,
            "row": 7,
            "col": 1
        },
        {
            "w": "FORD",
            "v": false,
            "row": 6,
            "col": 5
        },
        {
            "w": "FORE",
            "v": false,
            "row": 0,
            "col": 4
        },
        {
            "w": "RODE",
            "v": true,
            "row": 6,
            "col": 7
        },
        {
            "w": "CODER",
            "v": true,
            "row": 2,
            "col": 0
        },
        {
            "w": "CREDO",
            "v": true,
            "row": 2,
            "col": 6
        },
        {
            "w": "DECOR",
            "v": false,
            "row": 4,
            "col": 0
        },
        {
            "w": "FORCED",
            "v": true,
            "row": 3,
            "col": 3
        }
    ]
}