{
    "id": "5c10c070-0d40-11eb-a781-34363b5fdca4",
    "type": 0,
    "letters": "ELMORS",
    "mov": 25,
    "shovels": 1,
    "coins": 5,
    "rows": 10,
    "cols": 2,
    "c": 0,
    "b": -1,
    "dws": [
        "MOR",
        "ROM",
        "MOS",
        "OMS",
        "SOM",
        "MOE",
        "EMO",
        "MOL",
        "OLM",
        "REM",
        "ERM",
        "MES",
        "EMS",
        "MEL",
        "ORS",
        "REO",
        "LOR",
        "OSE",
        "OES",
        "SOL",
        "LOS",
        "OLE",
        "RES",
        "SER",
        "ERS",
        "SEL",
        "ELS",
        "LES",
        "MORS",
        "ROMS",
        "OMER",
        "MOSE",
        "MOES",
        "EMOS",
        "MOLS",
        "OLMS",
        "LOME",
        "REMS",
        "MERL",
        "MELS",
        "REOS",
        "EROS",
        "ORLE",
        "EORL",
        "OLES",
        "SLOE",
        "MORSE",
        "OMERS",
        "SMORE",
        "MOREL",
        "LOMES",
        "MERLS",
        "ORLES",
        "SOREL",
        "SOLER",
        "EORLS",
        "LORES",
        "MORELS",
        "MORES",
        "ROLES",
        "LOSE",
        "MORE"
    ],
    "ws": [
        {
            "w": "ELM",
            "v": false,
            "row": 8,
            "col": 0
        },
        {
            "w": "ORE",
            "v": false,
            "row": 7,
            "col": 2
        },
        {
            "w": "ROE",
            "v": false,
            "row": 0,
            "col": 0
        },
        {
            "w": "ELMS",
            "v": true,
            "row": 0,
            "col": 2
        },
        {
            "w": "LORE",
            "v": false,
            "row": 8,
            "col": 4
        },
        {
            "w": "MOLE",
            "v": true,
            "row": 4,
            "col": 8
        },
        {
            "w": "ORES",
            "v": false,
            "row": 2,
            "col": 6
        },
        {
            "w": "ROES",
            "v": true,
            "row": 0,
            "col": 0
        },
        {
            "w": "ROLE",
            "v": true,
            "row": 1,
            "col": 6
        },
        {
            "w": "ROSE",
            "v": false,
            "row": 4,
            "col": 3
        },
        {
            "w": "SOLE",
            "v": false,
            "row": 6,
            "col": 6
        },
        {
            "w": "SOME",
            "v": true,
            "row": 6,
            "col": 2
        },
        {
            "w": "SORE",
            "v": true,
            "row": 6,
            "col": 6
        },
        {
            "w": "LOSER",
            "v": false,
            "row": 1,
            "col": 2
        },
        {
            "w": "MOLES",
            "v": true,
            "row": 5,
            "col": 0
        },
        {
            "w": "MORSEL",
            "v": true,
            "row": 3,
            "col": 4
        }
    ]
}