{
    "id": "60007756-0d46-11eb-a781-34363b5fdca4",
    "type": 0,
    "letters": "ABCENO",
    "mov": 23,
    "shovels": 1,
    "coins": 5,
    "rows": 9,
    "cols": 2,
    "c": 0,
    "b": -1,
    "dws": [
        "OBE",
        "BEN",
        "NEB",
        "BAC",
        "BOA",
        "ABO",
        "OBA",
        "NAB",
        "COB",
        "BON",
        "NOB",
        "EAN",
        "ANE",
        "NAE",
        "ECO",
        "OCA",
        "NABE",
        "EBON",
        "BANC",
        "BONA",
        "ANCE",
        "EOAN",
        "AEON",
        "BEANO",
        "BONCE",
        "BANCO",
        "OCEAN",
        "ACNE"
    ],
    "ws": [
        {
            "w": "ACE",
            "v": true,
            "row": 5,
            "col": 1
        },
        {
            "w": "BAN",
            "v": false,
            "row": 5,
            "col": 0
        },
        {
            "w": "CAB",
            "v": false,
            "row": 3,
            "col": 2
        },
        {
            "w": "CAN",
            "v": true,
            "row": 0,
            "col": 7
        },
        {
            "w": "CON",
            "v": false,
            "row": 0,
            "col": 7
        },
        {
            "w": "EON",
            "v": false,
            "row": 2,
            "col": 5
        },
        {
            "w": "ONE",
            "v": true,
            "row": 0,
            "col": 5
        },
        {
            "w": "BANE",
            "v": true,
            "row": 2,
            "col": 9
        },
        {
            "w": "BEAN",
            "v": false,
            "row": 1,
            "col": 2
        },
        {
            "w": "BONE",
            "v": true,
            "row": 4,
            "col": 6
        },
        {
            "w": "CANE",
            "v": false,
            "row": 9,
            "col": 5
        },
        {
            "w": "CONE",
            "v": false,
            "row": 7,
            "col": 3
        },
        {
            "w": "ONCE",
            "v": false,
            "row": 5,
            "col": 6
        },
        {
            "w": "BACON",
            "v": true,
            "row": 1,
            "col": 2
        },
        {
            "w": "CANOE",
            "v": true,
            "row": 5,
            "col": 8
        },
        {
            "w": "BEACON",
            "v": true,
            "row": 3,
            "col": 4
        }
    ]
}