{
    "id": "611fe21c-0d40-11eb-a781-34363b5fdca4",
    "type": 0,
    "letters": "EINNRT",
    "mov": 23,
    "shovels": 1,
    "coins": 5,
    "rows": 9,
    "cols": 2,
    "c": 0,
    "b": -1,
    "dws": [
        "NIE",
        "RIN",
        "RIT",
        "REI",
        "ERN",
        "REN",
        "RET",
        "NITE",
        "TEIN",
        "TRIN",
        "RINE",
        "TRIE",
        "TERN",
        "NITER",
        "NITRE",
        "TRINE",
        "NINER",
        "RENIN",
        "TINNER",
        "RITE",
        "TIER"
    ],
    "ws": [
        {
            "w": "INN",
            "v": true,
            "row": 7,
            "col": 2
        },
        {
            "w": "IRE",
            "v": true,
            "row": 0,
            "col": 5
        },
        {
            "w": "NET",
            "v": true,
            "row": 7,
            "col": 0
        },
        {
            "w": "NIT",
            "v": false,
            "row": 2,
            "col": 7
        },
        {
            "w": "TEN",
            "v": false,
            "row": 9,
            "col": 0
        },
        {
            "w": "TIE",
            "v": false,
            "row": 7,
            "col": 6
        },
        {
            "w": "TIN",
            "v": false,
            "row": 4,
            "col": 2
        },
        {
            "w": "NINE",
            "v": false,
            "row": 8,
            "col": 2
        },
        {
            "w": "REIN",
            "v": false,
            "row": 6,
            "col": 3
        },
        {
            "w": "RENT",
            "v": true,
            "row": 4,
            "col": 6
        },
        {
            "w": "TINE",
            "v": true,
            "row": 0,
            "col": 7
        },
        {
            "w": "TIRE",
            "v": true,
            "row": 4,
            "col": 8
        },
        {
            "w": "INERT",
            "v": true,
            "row": 0,
            "col": 2
        },
        {
            "w": "INNER",
            "v": false,
            "row": 1,
            "col": 1
        },
        {
            "w": "INTER",
            "v": false,
            "row": 0,
            "col": 5
        },
        {
            "w": "INTERN",
            "v": true,
            "row": 3,
            "col": 4
        }
    ]
}