{
    "id": 648,
    "sub_category": "Vine Pack",
    "category": "Jungle Group",
    "type": 0,
    "letters": "CELOST",
    "mov": 26,
    "shovels": 1,
    "coins": 5,
    "rows": 15,
    "cols": 15,
    "c": 0,
    "b": -1,
    "w": 11,
    "h": 11,
    "dws": [
        "COS",
        "TOE",
        "SOT",
        "CLOTS",
        "CELS",
        "SCOT",
        "LES",
        "SLOE",
        "ECO",
        "LOTES",
        "CELT",
        "ESTOC",
        "SECO",
        "OSE",
        "TOC",
        "TOCS",
        "COSE",
        "COLS",
        "ELT",
        "OLE",
        "ESCOT",
        "CEL",
        "TOLES",
        "COLES",
        "TOLE",
        "SEL",
        "COSET",
        "COLTS",
        "TEL",
        "TEC",
        "CLOTE",
        "TOSE",
        "TECS",
        "COL",
        "TELCO",
        "TELCOS",
        "COLE",
        "SOCLE",
        "EST",
        "ELTS",
        "LOS",
        "TELOS",
        "CELTS",
        "OES",
        "TES",
        "OLES",
        "TELS",
        "ELS",
        "SOC",
        "COT",
        "SET",
        "SEC",
        "LET",
        "LOT",
        "LOTE",
        "COTE",
        "COTES",
        "SOL",
        "ECOS"
    ],
    "ws": [
        {
            "w": "COST",
            "v": true,
            "row": 2,
            "col": 9,
            "def": "Manner; way; means; available course; contrivance."
        },
        {
            "w": "LETS",
            "v": false,
            "row": 4,
            "col": 6,
            "def": "Plural form of let."
        },
        {
            "w": "LOSE",
            "v": true,
            "row": 6,
            "col": 2,
            "def": "To cause (something) to cease to be in one's possession or capability due to unfortunate or unknown circumstances, events or reasons."
        },
        {
            "w": "LOST",
            "v": false,
            "row": 1,
            "col": 5,
            "def": "Simple past tense and past participle of lose."
        },
        {
            "w": "LOTS",
            "v": false,
            "row": 9,
            "col": 5,
            "def": "Plural form of lot."
        },
        {
            "w": "SLOT",
            "v": true,
            "row": 0,
            "col": 5,
            "def": "A narrow depression, perforation, or aperture; especially, one for the reception of a piece fitting or sliding in it."
        },
        {
            "w": "SOLE",
            "v": true,
            "row": 1,
            "col": 7,
            "def": "A wooden band or yoke put around the neck of an ox or cow in the stall."
        },
        {
            "w": "TOES",
            "v": false,
            "row": 9,
            "col": 0,
            "def": "Plural form of toe."
        },
        {
            "w": "COTS",
            "v": true,
            "row": 0,
            "col": 2,
            "def": "Plural form of cot."
        },
        {
            "w": "LEST",
            "v": true,
            "row": 6,
            "col": 7,
            "def": "For fear that; that . . . not; in order that . . . not; in case."
        },
        {
            "w": "SECT",
            "v": false,
            "row": 3,
            "col": 2,
            "def": "An offshoot of a larger religion; a group sharing particular (often unorthodox) political and/or religious beliefs."
        },
        {
            "w": "CLOT",
            "v": false,
            "row": 1,
            "col": 0,
            "def": "A solidified mass of blood."
        },
        {
            "w": "COLT",
            "v": true,
            "row": 1,
            "col": 0,
            "def": "A young male horse."
        },
        {
            "w": "CLOSE",
            "v": false,
            "row": 7,
            "col": 0,
            "def": "To obstruct (an opening)."
        },
        {
            "w": "STOLE",
            "v": false,
            "row": 6,
            "col": 4,
            "def": "Simple past of steal."
        },
        {
            "w": "CLOSET",
            "v": true,
            "row": 3,
            "col": 4,
            "def": "A piece of furniture or a cabinet in which clothes or household supplies may be stored."
        }
    ]
}