{
    "id": 688,
    "sub_category": "Wild Pack",
    "category": "Jungle Group",
    "type": 0,
    "letters": "AEEKRW",
    "mov": 28,
    "shovels": 1,
    "coins": 5,
    "rows": 15,
    "cols": 15,
    "c": 0,
    "b": -1,
    "w": 12,
    "h": 10,
    "dws": [
        "KAE",
        "AREW",
        "AWEE",
        "RAKEE",
        "WEE",
        "KREWE",
        "ERE",
        "AWK",
        "WAKER",
        "EWE",
        "WEER",
        "WARE",
        "KAW",
        "EWER",
        "EEW",
        "WEKA",
        "REW",
        "REWAKE",
        "AKEE",
        "REE",
        "REKE",
        "EWK",
        "AKE",
        "WAE",
        "ERK",
        "REAK",
        "WARK",
        "KEA",
        "RAKE",
        "EAR"
    ],
    "ws": [
        {
            "w": "ARE",
            "v": false,
            "row": 7,
            "col": 0,
            "def": "Second-person singular simple present tense of be."
        },
        {
            "w": "ARK",
            "v": true,
            "row": 0,
            "col": 8,
            "def": "A large box with a flat lid."
        },
        {
            "w": "AWE",
            "v": true,
            "row": 5,
            "col": 2,
            "def": "A feeling of fear and reverence."
        },
        {
            "w": "ERA",
            "v": false,
            "row": 8,
            "col": 3,
            "def": "A time period of indeterminate length, generally more than one year."
        },
        {
            "w": "RAW",
            "v": true,
            "row": 0,
            "col": 0,
            "def": "Of weather: unpleasantly damp or cold."
        },
        {
            "w": "WAR",
            "v": true,
            "row": 6,
            "col": 0,
            "def": "Organized, large-scale, armed conflict between countries or between national, ethnic, or other sizeable groups, usually involving the engagement of military forces."
        },
        {
            "w": "EEK",
            "v": true,
            "row": 0,
            "col": 3,
            "def": "Representing a scream or shriek (especially in comic strips)."
        },
        {
            "w": "EKE",
            "v": false,
            "row": 1,
            "col": 3,
            "def": "To increase; to add to, augment, lengthen."
        },
        {
            "w": "WAKE",
            "v": false,
            "row": 6,
            "col": 2,
            "def": "(often followed by up) To stop sleeping."
        },
        {
            "w": "WEAK",
            "v": false,
            "row": 2,
            "col": 0,
            "def": "Lacking in force (usually strength) or ability."
        },
        {
            "w": "WEAR",
            "v": false,
            "row": 3,
            "col": 4,
            "def": "To guard; watch; keep watch, especially from entry or invasion."
        },
        {
            "w": "WEEK",
            "v": false,
            "row": 5,
            "col": 6,
            "def": "Any period of seven consecutive days."
        },
        {
            "w": "WERE",
            "v": true,
            "row": 0,
            "col": 5,
            "def": "Second-person singular simple past tense indicative of be."
        },
        {
            "w": "REEK",
            "v": true,
            "row": 3,
            "col": 7,
            "def": "A strong unpleasant smell."
        },
        {
            "w": "WREAK",
            "v": false,
            "row": 0,
            "col": 5,
            "def": "To cause, inflict or let out, especially if causing harm or injury."
        },
        {
            "w": "WEAKER",
            "v": true,
            "row": 3,
            "col": 4,
            "def": "Comparative form of weak: more weak."
        }
    ]
}