{
    "id": "68eeeace-0d40-11eb-a781-34363b5fdca4",
    "type": 0,
    "letters": "DEEGLP",
    "mov": 17,
    "shovels": 1,
    "coins": 5,
    "rows": 6,
    "cols": 2,
    "c": 0,
    "b": -1,
    "dws": [
        "PEL",
        "LEP",
        "PED",
        "DEP",
        "PEE",
        "ELD",
        "DEL",
        "DEG",
        "GED",
        "DEE",
        "GEE",
        "PLED",
        "PELE",
        "LEEP",
        "PEED",
        "GEEP",
        "GELD",
        "GLED",
        "LEDE",
        "LEED",
        "DELE",
        "GEED",
        "GLEDE",
        "GLEED"
    ],
    "ws": [
        {
            "w": "EEL",
            "v": false,
            "row": 2,
            "col": 5
        },
        {
            "w": "GEL",
            "v": true,
            "row": 0,
            "col": 7
        },
        {
            "w": "LED",
            "v": false,
            "row": 0,
            "col": 0
        },
        {
            "w": "LEE",
            "v": false,
            "row": 7,
            "col": 1
        },
        {
            "w": "LEG",
            "v": false,
            "row": 3,
            "col": 3
        },
        {
            "w": "PEG",
            "v": true,
            "row": 1,
            "col": 5
        },
        {
            "w": "DEEP",
            "v": false,
            "row": 2,
            "col": 0
        },
        {
            "w": "EDGE",
            "v": false,
            "row": 4,
            "col": 0
        },
        {
            "w": "GLEE",
            "v": false,
            "row": 6,
            "col": 3
        },
        {
            "w": "PEEL",
            "v": true,
            "row": 4,
            "col": 6
        },
        {
            "w": "LEDGE",
            "v": true,
            "row": 0,
            "col": 0
        },
        {
            "w": "PLEDGE",
            "v": true,
            "row": 2,
            "col": 3
        }
    ]
}