{
    "id": 69,
    "sub_category": "Life Pack",
    "category": "Forest Group",
    "type": 0,
    "letters": "HNOSW",
    "mov": 18,
    "shovels": 1,
    "coins": 5,
    "rows": 15,
    "cols": 15,
    "c": 0,
    "b": -1,
    "w": 7,
    "h": 6,
    "dws": [
        "SOW",
        "NOSH",
        "WOS",
        "OHS",
        "SOH",
        "HOWS",
        "OWNS",
        "SON",
        "WONS",
        "HON",
        "NOH",
        "ONS",
        "HOS",
        "HONS",
        "SOWN",
        "NOWS",
        "NOS",
        "SHO"
    ],
    "ws": [
        {
            "w": "HOW",
            "v": false,
            "row": 2,
            "col": 2,
            "def": "To what degree."
        },
        {
            "w": "NOW",
            "v": true,
            "row": 0,
            "col": 4,
            "def": "Present; current."
        },
        {
            "w": "OWN",
            "v": false,
            "row": 5,
            "col": 0,
            "def": "To have rightful possession of (property, goods or capital); \"To possess by right; to have the right of property in; to have the legal right or rightful title to.\" (Ref 1)."
        },
        {
            "w": "WHO",
            "v": false,
            "row": 3,
            "col": 0,
            "def": "What person or people; which person or people (used in a direct or indirect question)."
        },
        {
            "w": "WON",
            "v": false,
            "row": 4,
            "col": 2,
            "def": "Simple past tense and past participle of win."
        },
        {
            "w": "SHOW",
            "v": true,
            "row": 0,
            "col": 0,
            "def": "To display, to have somebody see (something)."
        },
        {
            "w": "SNOW",
            "v": false,
            "row": 0,
            "col": 3,
            "def": "The frozen, crystalline state of water that falls as precipitation."
        },
        {
            "w": "SHOWN",
            "v": true,
            "row": 1,
            "col": 2,
            "def": "Past participle of show."
        }
    ]
}