{
    "id": "6abb8f24-0d45-11eb-a781-34363b5fdca4",
    "type": 0,
    "letters": "ADRTWY",
    "mov": 31,
    "shovels": 1,
    "coins": 5,
    "rows": 13,
    "cols": 2,
    "c": 0,
    "b": -1,
    "dws": [
        "TAW",
        "TWA",
        "WAT",
        "TAY",
        "DAW",
        "ARD",
        "YAD",
        "ARY",
        "RYA",
        "YAR",
        "WADT",
        "DAWT",
        "TWAY",
        "TRAD",
        "DRAT",
        "ARTY",
        "WADY",
        "ADRY",
        "TARDY",
        "WARTY",
        "AWRY",
        "WARY",
        "DAY",
        "DRY",
        "RAT",
        "RAW",
        "RAY",
        "WAR",
        "YAW"
    ],
    "ws": [
        {
            "w": "ART",
            "v": true,
            "row": 7,
            "col": 6
        },
        {
            "w": "RAD",
            "v": false,
            "row": 4,
            "col": 0
        },
        {
            "w": "TAD",
            "v": false,
            "row": 0,
            "col": 1
        },
        {
            "w": "TAR",
            "v": true,
            "row": 0,
            "col": 1
        },
        {
            "w": "TRY",
            "v": false,
            "row": 3,
            "col": 4
        },
        {
            "w": "WAD",
            "v": false,
            "row": 5,
            "col": 4
        },
        {
            "w": "WAY",
            "v": false,
            "row": 4,
            "col": 7
        },
        {
            "w": "WRY",
            "v": true,
            "row": 1,
            "col": 6
        },
        {
            "w": "DART",
            "v": true,
            "row": 2,
            "col": 0
        },
        {
            "w": "DRAW",
            "v": false,
            "row": 2,
            "col": 0
        },
        {
            "w": "DRAY",
            "v": true,
            "row": 4,
            "col": 2
        },
        {
            "w": "TRAY",
            "v": true,
            "row": 1,
            "col": 9
        },
        {
            "w": "WARD",
            "v": false,
            "row": 6,
            "col": 1
        },
        {
            "w": "WART",
            "v": false,
            "row": 1,
            "col": 6
        },
        {
            "w": "YARD",
            "v": false,
            "row": 8,
            "col": 4
        },
        {
            "w": "TAWDRY",
            "v": true,
            "row": 3,
            "col": 4
        }
    ]
}