{
    "id": "6bb4b706-0d46-11eb-a781-34363b5fdca4",
    "type": 0,
    "letters": "BEMPRU",
    "mov": 17,
    "shovels": 1,
    "coins": 5,
    "rows": 6,
    "cols": 2,
    "c": 0,
    "b": -1,
    "dws": [
        "BUM",
        "BUR",
        "BRU",
        "URB",
        "REB",
        "UMP",
        "MEU",
        "URP",
        "PUR",
        "URE",
        "ERM",
        "REM",
        "PRE",
        "REP",
        "UMBE",
        "PUBE",
        "RUBE",
        "BERM",
        "MURE",
        "RUME",
        "PUER",
        "PREM",
        "BRUME",
        "UMBER",
        "UMBRE"
    ],
    "ws": [
        {
            "w": "EMU",
            "v": false,
            "row": 6,
            "col": 3
        },
        {
            "w": "PER",
            "v": false,
            "row": 7,
            "col": 1
        },
        {
            "w": "PUB",
            "v": false,
            "row": 0,
            "col": 3
        },
        {
            "w": "RUB",
            "v": true,
            "row": 5,
            "col": 5
        },
        {
            "w": "RUE",
            "v": false,
            "row": 5,
            "col": 5
        },
        {
            "w": "RUM",
            "v": false,
            "row": 2,
            "col": 5
        },
        {
            "w": "BUMP",
            "v": false,
            "row": 3,
            "col": 2
        },
        {
            "w": "BURP",
            "v": true,
            "row": 0,
            "col": 5
        },
        {
            "w": "PERM",
            "v": true,
            "row": 4,
            "col": 7
        },
        {
            "w": "PURE",
            "v": true,
            "row": 3,
            "col": 0
        },
        {
            "w": "RUMP",
            "v": false,
            "row": 5,
            "col": 0
        },
        {
            "w": "BUMPER",
            "v": true,
            "row": 2,
            "col": 3
        }
    ]
}