{
    "id": "6cea0d3a-0d44-11eb-a781-34363b5fdca4",
    "type": 0,
    "letters": "ADDEIM",
    "mov": 29,
    "shovels": 1,
    "coins": 5,
    "rows": 12,
    "cols": 2,
    "c": 0,
    "b": -1,
    "dws": [
        "DEI",
        "IDE",
        "DAE",
        "MED",
        "AMI",
        "AME",
        "MAE",
        "DEID",
        "DIME",
        "IDEM",
        "AMIE",
        "MADID",
        "MEDIAD",
        "AIDED",
        "AMID",
        "DAME",
        "DEAD",
        "DIED",
        "AIM",
        "DIM",
        "MID"
    ],
    "ws": [
        {
            "w": "ADD",
            "v": false,
            "row": 7,
            "col": 6
        },
        {
            "w": "AID",
            "v": false,
            "row": 5,
            "col": 3
        },
        {
            "w": "DAD",
            "v": false,
            "row": 2,
            "col": 4
        },
        {
            "w": "DAM",
            "v": true,
            "row": 0,
            "col": 8
        },
        {
            "w": "DID",
            "v": true,
            "row": 5,
            "col": 1
        },
        {
            "w": "DIE",
            "v": false,
            "row": 7,
            "col": 1
        },
        {
            "w": "MAD",
            "v": false,
            "row": 1,
            "col": 0
        },
        {
            "w": "AIDE",
            "v": true,
            "row": 0,
            "col": 4
        },
        {
            "w": "IDEA",
            "v": true,
            "row": 6,
            "col": 8
        },
        {
            "w": "MADE",
            "v": true,
            "row": 6,
            "col": 6
        },
        {
            "w": "MAID",
            "v": false,
            "row": 8,
            "col": 3
        },
        {
            "w": "MEAD",
            "v": true,
            "row": 1,
            "col": 0
        },
        {
            "w": "AIMED",
            "v": false,
            "row": 0,
            "col": 4
        },
        {
            "w": "AMIDE",
            "v": false,
            "row": 3,
            "col": 0
        },
        {
            "w": "MEDIA",
            "v": true,
            "row": 0,
            "col": 6
        },
        {
            "w": "DIADEM",
            "v": true,
            "row": 3,
            "col": 3
        }
    ]
}