{
    "id": 739,
    "sub_category": "Rock Pack",
    "category": "Desert Group",
    "type": 0,
    "letters": "CEHNOT",
    "mov": 30,
    "shovels": 1,
    "coins": 5,
    "rows": 15,
    "cols": 15,
    "c": 0,
    "b": -1,
    "w": 12,
    "h": 10,
    "dws": [
        "EON",
        "ECO",
        "HOTEN",
        "COTH",
        "THO",
        "TENCH",
        "TOC",
        "CHE",
        "HENT",
        "HON",
        "HOC",
        "TEC",
        "OCHE",
        "CENTO",
        "HOTE",
        "HET",
        "NOH",
        "ONCET",
        "CHON",
        "THE",
        "ETH",
        "THON",
        "TECH",
        "ECHT",
        "ETCH",
        "ECH",
        "OCH",
        "COTE",
        "NTH",
        "HOE",
        "CONTE",
        "NOT",
        "ONE",
        "TOE",
        "TON"
    ],
    "ws": [
        {
            "w": "CON",
            "v": false,
            "row": 7,
            "col": 2,
            "def": "To study, especially in order to gain knowledge of."
        },
        {
            "w": "HEN",
            "v": false,
            "row": 1,
            "col": 6,
            "def": "Hence."
        },
        {
            "w": "HOT",
            "v": false,
            "row": 9,
            "col": 0,
            "def": "Of an object, having a high temperature."
        },
        {
            "w": "NET",
            "v": true,
            "row": 3,
            "col": 9,
            "def": "A mesh of string, cord or rope."
        },
        {
            "w": "TEN",
            "v": true,
            "row": 2,
            "col": 2,
            "def": "A numerical value equal to 10; the number occurring after nine and before eleven, represented in Roman numerals as X, in Arabic numerals as 10, and in the hexadecimal system (base 16) as A."
        },
        {
            "w": "COT",
            "v": true,
            "row": 7,
            "col": 2,
            "def": "A symbol of the trigonometric function cotangent."
        },
        {
            "w": "CENT",
            "v": true,
            "row": 4,
            "col": 6,
            "def": "A coin having face value of one cent (in either of the above senses)."
        },
        {
            "w": "CONE",
            "v": false,
            "row": 4,
            "col": 6,
            "def": "A surface of revolution formed by rotating a segment of a line around another line that intersects the first line."
        },
        {
            "w": "ECHO",
            "v": true,
            "row": 1,
            "col": 7,
            "def": "A reflected sound that is heard again by its initial observer."
        },
        {
            "w": "NOTE",
            "v": false,
            "row": 2,
            "col": 0,
            "def": "Use; employment."
        },
        {
            "w": "ONCE",
            "v": false,
            "row": 4,
            "col": 1,
            "def": "One and only one time."
        },
        {
            "w": "THEN",
            "v": false,
            "row": 0,
            "col": 0,
            "def": "At that time."
        },
        {
            "w": "TONE",
            "v": true,
            "row": 0,
            "col": 0,
            "def": "A specific pitch."
        },
        {
            "w": "HONE",
            "v": false,
            "row": 6,
            "col": 4,
            "def": "A sharpening stone composed of extra-fine grit used for removing the burr or curl from the blade of a razor or some other edge tool."
        },
        {
            "w": "NOTCH",
            "v": true,
            "row": 5,
            "col": 0,
            "def": "A V-shaped cut."
        },
        {
            "w": "TECHNO",
            "v": true,
            "row": 3,
            "col": 4,
            "def": "A style of music characterized by repetitive instrumental music produced for use in a continuous DJ set. The central rhythmic component is most often in common time (4/4), where time is marked with a bass drum on each quarter note pulse, a backbeat played by snare or clap on the second and fourth pulses of the bar, and an open hi-hat sounding every second eighth note."
        }
    ]
}