{
    "id": 743,
    "sub_category": "Rock Pack",
    "category": "Desert Group",
    "type": 0,
    "letters": "EISSTU",
    "mov": 20,
    "shovels": 1,
    "coins": 5,
    "rows": 15,
    "cols": 15,
    "c": 0,
    "b": -1,
    "w": 8,
    "h": 8,
    "dws": [
        "SITES",
        "ESTS",
        "SEI",
        "ETUIS",
        "SUITES",
        "SEIS",
        "TIS",
        "TUI",
        "UTE",
        "UTES",
        "TUIS",
        "STIES",
        "SIES",
        "SUET",
        "EST",
        "SUE",
        "SIST",
        "SUETS",
        "UTS",
        "ETUI",
        "TES",
        "ESS",
        "SITU",
        "TIE",
        "STIE",
        "UTIS",
        "SUI",
        "SET",
        "SUS",
        "ITS",
        "SIT",
        "USE",
        "SUITS",
        "SITUS",
        "SIS"
    ],
    "ws": [
        {
            "w": "SETS",
            "v": false,
            "row": 4,
            "col": 0,
            "def": "Plural form of set."
        },
        {
            "w": "SITE",
            "v": false,
            "row": 7,
            "col": 0,
            "def": "Sorrow, grief."
        },
        {
            "w": "SITS",
            "v": true,
            "row": 4,
            "col": 0,
            "def": "Plural form of sit."
        },
        {
            "w": "SUES",
            "v": false,
            "row": 5,
            "col": 3,
            "def": "Third-person singular simple present indicative form of sue."
        },
        {
            "w": "SUIT",
            "v": false,
            "row": 2,
            "col": 0,
            "def": "A set of clothes to be worn together, now especially a man's matching jacket and trousers (also business suit or lounge suit), or a similar outfit for a woman."
        },
        {
            "w": "TIES",
            "v": true,
            "row": 0,
            "col": 5,
            "def": "Plural form of tie."
        },
        {
            "w": "USES",
            "v": true,
            "row": 1,
            "col": 7,
            "def": "Plural form of use."
        },
        {
            "w": "ISSUE",
            "v": false,
            "row": 3,
            "col": 3,
            "def": "The act of passing or flowing out; a moving out from any enclosed place; egress; as, the issue of water from a pipe, of blood from a wound, of air from a bellows, of people from a house."
        },
        {
            "w": "SUITE",
            "v": false,
            "row": 0,
            "col": 2,
            "def": "A retinue or company of attendants, as of a distinguished personage; as, the suite of an ambassador."
        },
        {
            "w": "TISSUE",
            "v": true,
            "row": 2,
            "col": 3,
            "def": "Thin, woven, gauze-like fabric."
        }
    ]
}