{
    "id": "775e29f8-0d3b-11eb-a781-34363b5fdca4",
    "type": 0,
    "letters": "ABERTT",
    "mov": 31,
    "shovels": 1,
    "coins": 5,
    "rows": 13,
    "cols": 2,
    "c": 0,
    "b": -1,
    "dws": [
        "ARB",
        "REB",
        "ATT",
        "TAT",
        "TAE",
        "ETA",
        "TET",
        "RET",
        "BATT",
        "BRAE",
        "TATE",
        "TEAT",
        "ETAT",
        "TRAT",
        "ARET",
        "TARE",
        "TRET",
        "BETTA",
        "TABER",
        "TATER",
        "TETRA",
        "TABRET",
        "TREAT",
        "BARE",
        "BETA",
        "RATE",
        "ATE",
        "BRA",
        "EAR",
        "EAT",
        "TAB",
        "TAR"
    ],
    "ws": [
        {
            "w": "ARE",
            "v": false,
            "row": 2,
            "col": 0
        },
        {
            "w": "ART",
            "v": false,
            "row": 3,
            "col": 6
        },
        {
            "w": "BAR",
            "v": true,
            "row": 6,
            "col": 2
        },
        {
            "w": "BAT",
            "v": false,
            "row": 6,
            "col": 2
        },
        {
            "w": "BET",
            "v": true,
            "row": 0,
            "col": 5
        },
        {
            "w": "ERA",
            "v": false,
            "row": 7,
            "col": 0
        },
        {
            "w": "RAT",
            "v": false,
            "row": 8,
            "col": 4
        },
        {
            "w": "TEA",
            "v": false,
            "row": 4,
            "col": 2
        },
        {
            "w": "ABET",
            "v": true,
            "row": 5,
            "col": 0
        },
        {
            "w": "BATE",
            "v": false,
            "row": 1,
            "col": 2
        },
        {
            "w": "BEAR",
            "v": false,
            "row": 0,
            "col": 5
        },
        {
            "w": "BEAT",
            "v": true,
            "row": 1,
            "col": 2
        },
        {
            "w": "BRAT",
            "v": true,
            "row": 2,
            "col": 7
        },
        {
            "w": "TART",
            "v": false,
            "row": 5,
            "col": 4
        },
        {
            "w": "TEAR",
            "v": true,
            "row": 0,
            "col": 0
        },
        {
            "w": "BATTER",
            "v": true,
            "row": 3,
            "col": 4
        }
    ]
}