{
    "id": "78126fd0-0d45-11eb-a781-34363b5fdca4",
    "type": 0,
    "letters": "AILNS",
    "mov": 15,
    "shovels": 1,
    "coins": 5,
    "rows": 5,
    "cols": 2,
    "c": 0,
    "b": -1,
    "dws": [
        "SAN",
        "NAS",
        "ANS",
        "NIS",
        "INS",
        "SAI",
        "AIS",
        "SAL",
        "ALS",
        "LAS",
        "LIS",
        "ANI",
        "AIN",
        "LIN",
        "SAIN",
        "ANIS",
        "AINS",
        "NILS",
        "LINS",
        "SIAL",
        "LIAS",
        "ANIL",
        "ANILS"
    ],
    "ws": [
        {
            "w": "AIL",
            "v": false,
            "row": 6,
            "col": 1
        },
        {
            "w": "NIL",
            "v": false,
            "row": 2,
            "col": 4
        },
        {
            "w": "SIN",
            "v": false,
            "row": 4,
            "col": 5
        },
        {
            "w": "AILS",
            "v": true,
            "row": 1,
            "col": 5
        },
        {
            "w": "LAIN",
            "v": false,
            "row": 3,
            "col": 0
        },
        {
            "w": "NAIL",
            "v": true,
            "row": 4,
            "col": 7
        },
        {
            "w": "SAIL",
            "v": true,
            "row": 0,
            "col": 0
        },
        {
            "w": "NAILS",
            "v": true,
            "row": 3,
            "col": 3
        },
        {
            "w": "SLAIN",
            "v": false,
            "row": 0,
            "col": 0
        },
        {
            "w": "SNAIL",
            "v": false,
            "row": 7,
            "col": 3
        }
    ]
}