{
    "id": "78c4f8aa-0d48-11eb-a781-34363b5fdca4",
    "type": 0,
    "letters": "EILRTT",
    "mov": 21,
    "shovels": 1,
    "coins": 5,
    "rows": 8,
    "cols": 2,
    "c": 0,
    "b": -1,
    "dws": [
        "TIL",
        "LEI",
        "TEL",
        "ELT",
        "TIT",
        "RIT",
        "REI",
        "TET",
        "RET",
        "LITE",
        "TEIL",
        "TIRL",
        "LIER",
        "LIRE",
        "LEIR",
        "RIEL",
        "TELT",
        "TITE",
        "RITT",
        "TRIE",
        "TRET",
        "LITRE",
        "RELIT",
        "TITER",
        "TITRE",
        "TETRI",
        "TILTER",
        "TITLER"
    ],
    "ws": [
        {
            "w": "IRE",
            "v": true,
            "row": 0,
            "col": 8
        },
        {
            "w": "LET",
            "v": true,
            "row": 1,
            "col": 2
        },
        {
            "w": "LIE",
            "v": false,
            "row": 7,
            "col": 7
        },
        {
            "w": "LIT",
            "v": false,
            "row": 5,
            "col": 2
        },
        {
            "w": "TIE",
            "v": false,
            "row": 5,
            "col": 7
        },
        {
            "w": "RILE",
            "v": false,
            "row": 8,
            "col": 4
        },
        {
            "w": "RITE",
            "v": true,
            "row": 2,
            "col": 9
        },
        {
            "w": "TIER",
            "v": false,
            "row": 2,
            "col": 6
        },
        {
            "w": "TILE",
            "v": false,
            "row": 1,
            "col": 0
        },
        {
            "w": "TILT",
            "v": false,
            "row": 3,
            "col": 2
        },
        {
            "w": "TIRE",
            "v": false,
            "row": 9,
            "col": 0
        },
        {
            "w": "LITER",
            "v": true,
            "row": 5,
            "col": 2
        },
        {
            "w": "TILER",
            "v": true,
            "row": 5,
            "col": 7
        },
        {
            "w": "TITLE",
            "v": false,
            "row": 7,
            "col": 0
        },
        {
            "w": "TRITE",
            "v": true,
            "row": 1,
            "col": 0
        },
        {
            "w": "LITTER",
            "v": true,
            "row": 3,
            "col": 4
        }
    ]
}