{
    "id": "78f7eb5a-0d45-11eb-a781-34363b5fdca4",
    "type": 0,
    "letters": "ACNOR",
    "mov": 15,
    "shovels": 1,
    "coins": 5,
    "rows": 5,
    "cols": 2,
    "c": 0,
    "b": -1,
    "dws": [
        "OCA",
        "ORA",
        "RNA",
        "COR",
        "ORC",
        "ROC",
        "ACRO",
        "ARCO",
        "ORCA",
        "CARN",
        "CRAN",
        "NARC",
        "CARON",
        "RACON",
        "NARCO"
    ],
    "ws": [
        {
            "w": "ARC",
            "v": false,
            "row": 3,
            "col": 0
        },
        {
            "w": "CAN",
            "v": false,
            "row": 2,
            "col": 4
        },
        {
            "w": "CAR",
            "v": false,
            "row": 0,
            "col": 4
        },
        {
            "w": "CON",
            "v": false,
            "row": 6,
            "col": 0
        },
        {
            "w": "NOR",
            "v": false,
            "row": 5,
            "col": 4
        },
        {
            "w": "OAR",
            "v": false,
            "row": 4,
            "col": 2
        },
        {
            "w": "RAN",
            "v": true,
            "row": 0,
            "col": 6
        },
        {
            "w": "CORN",
            "v": true,
            "row": 2,
            "col": 4
        },
        {
            "w": "ROAN",
            "v": true,
            "row": 1,
            "col": 0
        },
        {
            "w": "ACORN",
            "v": true,
            "row": 2,
            "col": 2
        }
    ]
}