{
    "id": "7a1cb8c4-0d42-11eb-a781-34363b5fdca4",
    "type": 0,
    "letters": "DEELPY",
    "mov": 17,
    "shovels": 1,
    "coins": 5,
    "rows": 6,
    "cols": 2,
    "c": 0,
    "b": -1,
    "dws": [
        "DEE",
        "DEP",
        "PED",
        "DEL",
        "ELD",
        "DEY",
        "PEE",
        "LEE",
        "PEL",
        "LEP",
        "PYE",
        "YEP",
        "LEY",
        "PEED",
        "DELE",
        "LEED",
        "LEDE",
        "YEED",
        "YEDE",
        "PLED",
        "YELD",
        "PELE",
        "LEEP",
        "EELY"
    ],
    "ws": [
        {
            "w": "DYE",
            "v": true,
            "row": 1,
            "col": 1
        },
        {
            "w": "EEL",
            "v": false,
            "row": 6,
            "col": 5
        },
        {
            "w": "EYE",
            "v": false,
            "row": 3,
            "col": 1
        },
        {
            "w": "LED",
            "v": true,
            "row": 5,
            "col": 1
        },
        {
            "w": "LYE",
            "v": true,
            "row": 0,
            "col": 4
        },
        {
            "w": "PLY",
            "v": false,
            "row": 5,
            "col": 3
        },
        {
            "w": "DEEP",
            "v": false,
            "row": 2,
            "col": 3
        },
        {
            "w": "EYED",
            "v": true,
            "row": 4,
            "col": 5
        },
        {
            "w": "PEEL",
            "v": false,
            "row": 6,
            "col": 0
        },
        {
            "w": "YELP",
            "v": true,
            "row": 4,
            "col": 7
        },
        {
            "w": "DEEPLY",
            "v": true,
            "row": 2,
            "col": 3
        },
        {
            "w": "YELPED",
            "v": false,
            "row": 0,
            "col": 2
        }
    ]
}