{
    "id": "7a4a16a4-0d40-11eb-a781-34363b5fdca4",
    "type": 0,
    "letters": "ACDDIT",
    "mov": 15,
    "shovels": 1,
    "coins": 5,
    "rows": 5,
    "cols": 2,
    "c": 0,
    "b": -1,
    "dws": [
        "CAD",
        "AIT",
        "ITA",
        "TAI",
        "CID",
        "DIT",
        "TID",
        "CIT",
        "CAID",
        "CADI",
        "ADIT",
        "DITA",
        "DICT",
        "DIACT",
        "DICTA",
        "DIDACT"
    ],
    "ws": [
        {
            "w": "ACT",
            "v": true,
            "row": 3,
            "col": 6
        },
        {
            "w": "ADD",
            "v": true,
            "row": 2,
            "col": 0
        },
        {
            "w": "AID",
            "v": false,
            "row": 2,
            "col": 2
        },
        {
            "w": "CAT",
            "v": false,
            "row": 5,
            "col": 4
        },
        {
            "w": "DAD",
            "v": false,
            "row": 4,
            "col": 0
        },
        {
            "w": "DID",
            "v": true,
            "row": 0,
            "col": 4
        },
        {
            "w": "TAD",
            "v": false,
            "row": 7,
            "col": 2
        },
        {
            "w": "TIC",
            "v": false,
            "row": 6,
            "col": 0
        },
        {
            "w": "ACID",
            "v": true,
            "row": 4,
            "col": 4
        },
        {
            "w": "ADDICT",
            "v": true,
            "row": 2,
            "col": 2
        }
    ]
}