{
    "id": "7a60f3fa-0d41-11eb-a781-34363b5fdca4",
    "type": 0,
    "letters": "ABCLOT",
    "mov": 31,
    "shovels": 1,
    "coins": 5,
    "rows": 13,
    "cols": 2,
    "c": 0,
    "b": -1,
    "dws": [
        "OCA",
        "COL",
        "TOC",
        "BAC",
        "CAL",
        "LAC",
        "OBA",
        "BOA",
        "ABO",
        "TAO",
        "BAL",
        "ALB",
        "ALT",
        "LAT",
        "COLA",
        "CALO",
        "ALCO",
        "LOCA",
        "OCTA",
        "ATOC",
        "CLAT",
        "BOLA",
        "BOTA",
        "LOTA",
        "TOLA",
        "BLAT",
        "ALTO",
        "BLOC",
        "BOLT",
        "CLOT",
        "COAL",
        "TALC",
        "CAB",
        "CAT",
        "LAB",
        "OAT"
    ],
    "ws": [
        {
            "w": "ACT",
            "v": false,
            "row": 2,
            "col": 7
        },
        {
            "w": "BAT",
            "v": true,
            "row": 1,
            "col": 7
        },
        {
            "w": "BOT",
            "v": false,
            "row": 8,
            "col": 2
        },
        {
            "w": "COB",
            "v": true,
            "row": 5,
            "col": 6
        },
        {
            "w": "COT",
            "v": false,
            "row": 6,
            "col": 0
        },
        {
            "w": "LOB",
            "v": false,
            "row": 7,
            "col": 4
        },
        {
            "w": "LOT",
            "v": true,
            "row": 0,
            "col": 3
        },
        {
            "w": "TAB",
            "v": true,
            "row": 6,
            "col": 2
        },
        {
            "w": "BLOT",
            "v": false,
            "row": 1,
            "col": 1
        },
        {
            "w": "BOAT",
            "v": true,
            "row": 1,
            "col": 1
        },
        {
            "w": "COAT",
            "v": false,
            "row": 3,
            "col": 4
        },
        {
            "w": "COLT",
            "v": false,
            "row": 5,
            "col": 6
        },
        {
            "w": "TACO",
            "v": false,
            "row": 4,
            "col": 1
        },
        {
            "w": "BLOAT",
            "v": true,
            "row": 4,
            "col": 8
        },
        {
            "w": "OCTAL",
            "v": true,
            "row": 5,
            "col": 0
        },
        {
            "w": "COBALT",
            "v": true,
            "row": 3,
            "col": 4
        }
    ]
}