{
    "id": "7ba24c1c-0d39-11eb-a781-34363b5fdca4",
    "type": 0,
    "letters": "GINORS",
    "mov": 29,
    "shovels": 1,
    "coins": 5,
    "rows": 12,
    "cols": 2,
    "c": 0,
    "b": -1,
    "dws": [
        "SIG",
        "GIS",
        "INS",
        "NIS",
        "ISO",
        "IOS",
        "OIS",
        "SRI",
        "SOG",
        "GOS",
        "NOS",
        "ONS",
        "ORS",
        "ING",
        "GIO",
        "RIN",
        "GON",
        "NOG",
        "GOR",
        "ORG",
        "SNIG",
        "INGS",
        "GIOS",
        "GRIS",
        "RINS",
        "SORI",
        "SNOG",
        "GONS",
        "NOGS",
        "ORGS",
        "SORN",
        "INGO",
        "GIRN",
        "GORI",
        "INRO",
        "NOIR",
        "NORI",
        "ROIN",
        "RONG",
        "GIRNS",
        "GIROS",
        "GORIS",
        "NOIRS",
        "NORIS",
        "ORNIS",
        "ROINS",
        "GIRON",
        "SORING",
        "GIRONS",
        "GRISON",
        "ROSING",
        "GROIN",
        "GIRO",
        "RIGS",
        "RING",
        "SING",
        "GIN",
        "NOR",
        "SIR"
    ],
    "ws": [
        {
            "w": "ION",
            "v": true,
            "row": 7,
            "col": 8
        },
        {
            "w": "RIG",
            "v": true,
            "row": 0,
            "col": 6
        },
        {
            "w": "SIN",
            "v": false,
            "row": 7,
            "col": 7
        },
        {
            "w": "SON",
            "v": false,
            "row": 6,
            "col": 0
        },
        {
            "w": "GINS",
            "v": false,
            "row": 4,
            "col": 6
        },
        {
            "w": "GRIN",
            "v": false,
            "row": 2,
            "col": 6
        },
        {
            "w": "IONS",
            "v": true,
            "row": 4,
            "col": 7
        },
        {
            "w": "IRON",
            "v": false,
            "row": 6,
            "col": 4
        },
        {
            "w": "SIGN",
            "v": true,
            "row": 6,
            "col": 0
        },
        {
            "w": "SONG",
            "v": false,
            "row": 3,
            "col": 1
        },
        {
            "w": "GRINS",
            "v": false,
            "row": 8,
            "col": 0
        },
        {
            "w": "IRONS",
            "v": false,
            "row": 9,
            "col": 5
        },
        {
            "w": "RINGS",
            "v": true,
            "row": 0,
            "col": 9
        },
        {
            "w": "ROSIN",
            "v": true,
            "row": 2,
            "col": 2
        },
        {
            "w": "GROINS",
            "v": true,
            "row": 3,
            "col": 4
        },
        {
            "w": "SIGNOR",
            "v": false,
            "row": 0,
            "col": 1
        }
    ]
}