{
    "id": "7d5037ee-0d44-11eb-a781-34363b5fdca4",
    "type": 0,
    "letters": "EGILPT",
    "mov": 25,
    "shovels": 1,
    "coins": 5,
    "rows": 10,
    "cols": 2,
    "c": 0,
    "b": -1,
    "dws": [
        "GIP",
        "PEL",
        "LEP",
        "LIG",
        "GIE",
        "GIT",
        "TIG",
        "LEI",
        "TIL",
        "TEG",
        "ELT",
        "TEL",
        "PLIE",
        "LIPE",
        "PIET",
        "LEPT",
        "GLEI",
        "GLIT",
        "GITE",
        "GEIT",
        "TIGE",
        "TEIL",
        "GELT",
        "GILET",
        "LEGIT",
        "PILE",
        "GEL",
        "LIP",
        "TIE"
    ],
    "ws": [
        {
            "w": "GET",
            "v": false,
            "row": 8,
            "col": 2
        },
        {
            "w": "LEG",
            "v": false,
            "row": 1,
            "col": 5
        },
        {
            "w": "LET",
            "v": true,
            "row": 4,
            "col": 0
        },
        {
            "w": "LIE",
            "v": false,
            "row": 2,
            "col": 1
        },
        {
            "w": "LIT",
            "v": false,
            "row": 4,
            "col": 0
        },
        {
            "w": "PEG",
            "v": false,
            "row": 9,
            "col": 5
        },
        {
            "w": "PET",
            "v": false,
            "row": 3,
            "col": 4
        },
        {
            "w": "PIE",
            "v": true,
            "row": 4,
            "col": 7
        },
        {
            "w": "PIG",
            "v": true,
            "row": 6,
            "col": 2
        },
        {
            "w": "PIT",
            "v": false,
            "row": 4,
            "col": 7
        },
        {
            "w": "TIP",
            "v": false,
            "row": 6,
            "col": 0
        },
        {
            "w": "GILT",
            "v": true,
            "row": 1,
            "col": 2
        },
        {
            "w": "LITE",
            "v": false,
            "row": 6,
            "col": 4
        },
        {
            "w": "PELT",
            "v": true,
            "row": 0,
            "col": 6
        },
        {
            "w": "TILE",
            "v": true,
            "row": 6,
            "col": 6
        },
        {
            "w": "PIGLET",
            "v": true,
            "row": 3,
            "col": 4
        }
    ]
}