{
    "id": "7dafb6d0-0d42-11eb-a781-34363b5fdca4",
    "type": 0,
    "letters": "DELMOU",
    "mov": 27,
    "shovels": 1,
    "coins": 5,
    "rows": 11,
    "cols": 2,
    "c": 0,
    "b": -1,
    "dws": [
        "MOD",
        "DOM",
        "MOU",
        "MOL",
        "OLM",
        "MOE",
        "EMO",
        "DUM",
        "MED",
        "LUM",
        "MEU",
        "MEL",
        "OUD",
        "UDO",
        "DOL",
        "LOD",
        "LOU",
        "OLE",
        "LUD",
        "DEL",
        "ELD",
        "ULE",
        "LEU",
        "DOUM",
        "MOUE",
        "MEOU",
        "LOME",
        "OULD",
        "LUDO",
        "OLDE",
        "DOLE",
        "DELO",
        "DULE",
        "LUDE",
        "LEUD",
        "ODEUM",
        "OLEUM",
        "MULED",
        "DUEL",
        "LOUD",
        "MELD",
        "MULE",
        "DUE",
        "ELM"
    ],
    "ws": [
        {
            "w": "DOE",
            "v": true,
            "row": 6,
            "col": 1
        },
        {
            "w": "DUO",
            "v": false,
            "row": 1,
            "col": 0
        },
        {
            "w": "EMU",
            "v": false,
            "row": 2,
            "col": 6
        },
        {
            "w": "LED",
            "v": false,
            "row": 4,
            "col": 7
        },
        {
            "w": "MUD",
            "v": false,
            "row": 0,
            "col": 2
        },
        {
            "w": "ODE",
            "v": true,
            "row": 0,
            "col": 6
        },
        {
            "w": "OLD",
            "v": false,
            "row": 0,
            "col": 6
        },
        {
            "w": "DEMO",
            "v": false,
            "row": 3,
            "col": 2
        },
        {
            "w": "DOME",
            "v": false,
            "row": 5,
            "col": 4
        },
        {
            "w": "LODE",
            "v": false,
            "row": 8,
            "col": 6
        },
        {
            "w": "MODE",
            "v": true,
            "row": 6,
            "col": 8
        },
        {
            "w": "MOLD",
            "v": true,
            "row": 0,
            "col": 2
        },
        {
            "w": "MOLE",
            "v": true,
            "row": 2,
            "col": 7
        },
        {
            "w": "MODEL",
            "v": false,
            "row": 7,
            "col": 0
        },
        {
            "w": "MOULD",
            "v": true,
            "row": 5,
            "col": 6
        },
        {
            "w": "MODULE",
            "v": true,
            "row": 3,
            "col": 4
        }
    ]
}