{
    "id": "7f015e7e-0d44-11eb-a781-34363b5fdca4",
    "type": 0,
    "letters": "BDEGTU",
    "mov": 25,
    "shovels": 1,
    "coins": 5,
    "rows": 10,
    "cols": 2,
    "c": 0,
    "b": -1,
    "dws": [
        "GUB",
        "DEB",
        "GUE",
        "UTE",
        "DEG",
        "GED",
        "TED",
        "TEG",
        "BEDU",
        "BUTE",
        "DEGU",
        "GUDE",
        "TEGU",
        "TUBED",
        "DEBT",
        "BED",
        "BUT",
        "TUB"
    ],
    "ws": [
        {
            "w": "BEG",
            "v": false,
            "row": 3,
            "col": 4
        },
        {
            "w": "BET",
            "v": false,
            "row": 2,
            "col": 0
        },
        {
            "w": "BUD",
            "v": true,
            "row": 2,
            "col": 0
        },
        {
            "w": "BUG",
            "v": true,
            "row": 4,
            "col": 2
        },
        {
            "w": "DUB",
            "v": false,
            "row": 4,
            "col": 0
        },
        {
            "w": "DUE",
            "v": true,
            "row": 0,
            "col": 1
        },
        {
            "w": "DUG",
            "v": false,
            "row": 6,
            "col": 0
        },
        {
            "w": "GET",
            "v": false,
            "row": 7,
            "col": 3
        },
        {
            "w": "GUT",
            "v": false,
            "row": 7,
            "col": 7
        },
        {
            "w": "TUG",
            "v": true,
            "row": 7,
            "col": 9
        },
        {
            "w": "DUET",
            "v": true,
            "row": 6,
            "col": 0
        },
        {
            "w": "TUBE",
            "v": true,
            "row": 0,
            "col": 5
        },
        {
            "w": "BUDGE",
            "v": true,
            "row": 4,
            "col": 7
        },
        {
            "w": "DEBUG",
            "v": false,
            "row": 5,
            "col": 4
        },
        {
            "w": "DEBUT",
            "v": false,
            "row": 0,
            "col": 1
        },
        {
            "w": "BUDGET",
            "v": true,
            "row": 3,
            "col": 4
        }
    ]
}