{
    "id": "8020294a-0d42-11eb-a781-34363b5fdca4",
    "type": 0,
    "letters": "DEENRT",
    "mov": 27,
    "shovels": 1,
    "coins": 5,
    "rows": 11,
    "cols": 2,
    "c": 0,
    "b": -1,
    "dws": [
        "TED",
        "RET",
        "NED",
        "ENE",
        "EEN",
        "NEE",
        "ERN",
        "REN",
        "DEE",
        "ERE",
        "REE",
        "TENE",
        "ETEN",
        "NETE",
        "TEED",
        "DEET",
        "TEER",
        "RETE",
        "DENE",
        "DEEN",
        "DERN",
        "ERNE",
        "REEN",
        "ERED",
        "DERE",
        "DREE",
        "REDE",
        "TEEND",
        "DRENT",
        "TERNE",
        "TREEN",
        "RENTE",
        "TREED",
        "ENDER",
        "DEER",
        "TEEN",
        "TEND",
        "TREE",
        "END",
        "RED"
    ],
    "ws": [
        {
            "w": "DEN",
            "v": true,
            "row": 2,
            "col": 0
        },
        {
            "w": "NET",
            "v": true,
            "row": 0,
            "col": 9
        },
        {
            "w": "TEE",
            "v": false,
            "row": 4,
            "col": 6
        },
        {
            "w": "TEN",
            "v": false,
            "row": 0,
            "col": 7
        },
        {
            "w": "DENT",
            "v": false,
            "row": 2,
            "col": 6
        },
        {
            "w": "NEED",
            "v": true,
            "row": 2,
            "col": 8
        },
        {
            "w": "NERD",
            "v": false,
            "row": 7,
            "col": 3
        },
        {
            "w": "REED",
            "v": true,
            "row": 6,
            "col": 9
        },
        {
            "w": "REND",
            "v": false,
            "row": 9,
            "col": 6
        },
        {
            "w": "RENT",
            "v": true,
            "row": 0,
            "col": 2
        },
        {
            "w": "TERN",
            "v": false,
            "row": 5,
            "col": 1
        },
        {
            "w": "DETER",
            "v": false,
            "row": 1,
            "col": 1
        },
        {
            "w": "ENTER",
            "v": false,
            "row": 3,
            "col": 0
        },
        {
            "w": "TREND",
            "v": true,
            "row": 5,
            "col": 1
        },
        {
            "w": "RENTED",
            "v": true,
            "row": 3,
            "col": 4
        },
        {
            "w": "TENDER",
            "v": true,
            "row": 4,
            "col": 6
        }
    ]
}