{
    "id": "80f3bc80-0d3b-11eb-a781-34363b5fdca4",
    "type": 0,
    "letters": "DEIKPS",
    "mov": 31,
    "shovels": 1,
    "coins": 5,
    "rows": 13,
    "cols": 2,
    "c": 0,
    "b": -1,
    "dws": [
        "PSI",
        "PIS",
        "PES",
        "SIK",
        "KIS",
        "SEI",
        "DIS",
        "SED",
        "EDS",
        "KIP",
        "KEP",
        "PED",
        "DEP",
        "EIK",
        "IDE",
        "DEI",
        "KED",
        "SPIK",
        "KIPS",
        "SPIE",
        "SIPE",
        "PISE",
        "SPEK",
        "SKEP",
        "KEPS",
        "PEDS",
        "DEPS",
        "SIKE",
        "SEIK",
        "EIKS",
        "DISK",
        "IDES",
        "DESI",
        "SKED",
        "KEDS",
        "KIPE",
        "KEPI",
        "KIPES",
        "KEPIS",
        "SPIDE",
        "SIPED",
        "DIKES",
        "PIKED",
        "SKIED",
        "SPIKE",
        "DIKE",
        "PIKE",
        "DIP",
        "KID",
        "PIE",
        "SKI"
    ],
    "ws": [
        {
            "w": "DIE",
            "v": false,
            "row": 3,
            "col": 0
        },
        {
            "w": "IDS",
            "v": false,
            "row": 1,
            "col": 6
        },
        {
            "w": "SIP",
            "v": false,
            "row": 4,
            "col": 2
        },
        {
            "w": "DESK",
            "v": false,
            "row": 9,
            "col": 0
        },
        {
            "w": "DIES",
            "v": true,
            "row": 1,
            "col": 2
        },
        {
            "w": "DIPS",
            "v": true,
            "row": 3,
            "col": 0
        },
        {
            "w": "KIDS",
            "v": false,
            "row": 6,
            "col": 4
        },
        {
            "w": "PIED",
            "v": false,
            "row": 8,
            "col": 6
        },
        {
            "w": "PIES",
            "v": true,
            "row": 6,
            "col": 2
        },
        {
            "w": "SIDE",
            "v": false,
            "row": 7,
            "col": 1
        },
        {
            "w": "SKID",
            "v": true,
            "row": 6,
            "col": 7
        },
        {
            "w": "SKIP",
            "v": false,
            "row": 0,
            "col": 3
        },
        {
            "w": "SPED",
            "v": false,
            "row": 3,
            "col": 4
        },
        {
            "w": "PIKES",
            "v": true,
            "row": 0,
            "col": 6
        },
        {
            "w": "SPIED",
            "v": true,
            "row": 4,
            "col": 9
        },
        {
            "w": "SPIKED",
            "v": true,
            "row": 3,
            "col": 4
        }
    ]
}