{
    "id": 823,
    "sub_category": "Wave Pack",
    "category": "Ocean Group",
    "type": 0,
    "letters": "AHIRTW",
    "mov": 30,
    "shovels": 1,
    "coins": 5,
    "rows": 15,
    "cols": 15,
    "c": 0,
    "b": -1,
    "w": 12,
    "h": 11,
    "dws": [
        "RAI",
        "WAIR",
        "WAI",
        "RIT",
        "WRIT",
        "AIT",
        "TIAR",
        "TAW",
        "THAR",
        "THRAW",
        "RAIT",
        "RIA",
        "TAHR",
        "AIRTH",
        "TAI",
        "ITA",
        "WAT",
        "AIRT",
        "HAW",
        "THIR",
        "WHA",
        "RATH",
        "AHI",
        "TWA",
        "WAH",
        "RAH",
        "ARTI",
        "WAIT",
        "HART",
        "RAT",
        "RAW"
    ],
    "ws": [
        {
            "w": "AIR",
            "v": false,
            "row": 1,
            "col": 6,
            "def": "The atmospheric substance above the surface of the earth which animals breathe, formerly considered to be a single substance, one of the four basic elements of ancient philosophy and one of the five basic elements of Eastern traditions."
        },
        {
            "w": "ART",
            "v": false,
            "row": 7,
            "col": 5,
            "def": "Human effort to imitate, supplement, alter, or counteract the work of nature."
        },
        {
            "w": "HAT",
            "v": true,
            "row": 0,
            "col": 2,
            "def": "A covering for the head, often in the approximate form of a cone or a cylinder closed at its top end, and sometimes having a brim and other decoration."
        },
        {
            "w": "HIT",
            "v": false,
            "row": 8,
            "col": 3,
            "def": "To administer a blow to."
        },
        {
            "w": "TAR",
            "v": true,
            "row": 7,
            "col": 7,
            "def": "A black, oily, sticky, viscous substance, consisting mainly of hydrocarbons derived from organic materials such as wood, peat, or coal."
        },
        {
            "w": "WAR",
            "v": false,
            "row": 5,
            "col": 5,
            "def": "Organized, large-scale, armed conflict between countries or between national, ethnic, or other sizeable groups, usually involving the engagement of military forces."
        },
        {
            "w": "WIT",
            "v": false,
            "row": 7,
            "col": 1,
            "def": "Sanity."
        },
        {
            "w": "HAIR",
            "v": false,
            "row": 4,
            "col": 0,
            "def": "A pigmented filament of keratin which grows from a follicle on the skin of humans and other mammals."
        },
        {
            "w": "WHAT",
            "v": true,
            "row": 5,
            "col": 5,
            "def": "Which thing, event, circumstance, etc.: used interrogatively in asking for the specification of an identity, quantity, quality, etc."
        },
        {
            "w": "WITH",
            "v": true,
            "row": 0,
            "col": 4,
            "def": "Against."
        },
        {
            "w": "WART",
            "v": true,
            "row": 0,
            "col": 6,
            "def": "A type of deformed growth occurring on the skin caused by the human papillomavirus (HPV)."
        },
        {
            "w": "THAW",
            "v": false,
            "row": 0,
            "col": 1,
            "def": "To melt, dissolve, or become fluid (specifically by gradual warming); to soften; said of that which is frozen."
        },
        {
            "w": "WHIT",
            "v": false,
            "row": 3,
            "col": 3,
            "def": "The smallest part or particle imaginable; an iota."
        },
        {
            "w": "WHIR",
            "v": true,
            "row": 3,
            "col": 0,
            "def": "Alternative spelling of whirr."
        },
        {
            "w": "WRATH",
            "v": true,
            "row": 0,
            "col": 8,
            "def": "Great anger."
        },
        {
            "w": "WRAITH",
            "v": true,
            "row": 3,
            "col": 3,
            "def": "A ghost or specter, especially seen just after a person's death."
        }
    ]
}