{
    "id": 835,
    "sub_category": "Storm Pack",
    "category": "Ocean Group",
    "type": 0,
    "letters": "AFLRTU",
    "mov": 16,
    "shovels": 1,
    "coins": 5,
    "rows": 15,
    "cols": 15,
    "c": 0,
    "b": -1,
    "w": 7,
    "h": 6,
    "dws": [
        "UTA",
        "AFT",
        "TAR",
        "TURF",
        "ALF",
        "FLU",
        "LAUF",
        "AUF",
        "FAUT",
        "FUR",
        "TAU",
        "TUFA",
        "ALT",
        "RUT",
        "FAUR",
        "FAT",
        "FART",
        "FAR",
        "ARF",
        "LAT",
        "ART",
        "ALU",
        "FRAU",
        "LAR",
        "LUR",
        "RAT",
        "FARL",
        "FURL",
        "RATU",
        "FRA",
        "LATU",
        "ARTFUL",
        "FAULT",
        "ULTRA",
        "FLAT",
        "RAFT",
        "FRAT"
    ],
    "ws": []
}