{
    "id": "83d931e0-0d41-11eb-a781-34363b5fdca4",
    "type": 0,
    "letters": "ADEEMT",
    "mov": 29,
    "shovels": 1,
    "coins": 5,
    "rows": 12,
    "cols": 2,
    "c": 0,
    "b": -1,
    "dws": [
        "TAE",
        "ETA",
        "TED",
        "TAM",
        "AME",
        "MAE",
        "DAE",
        "EME",
        "MEE",
        "MED",
        "DEE",
        "META",
        "TEAD",
        "TAED",
        "TEME",
        "DEET",
        "MEED",
        "DEME",
        "TAMED",
        "MATED",
        "TEADE",
        "EDEMA",
        "ADEEM",
        "MEATED",
        "METED",
        "DATE",
        "MEAD",
        "MEAT",
        "MEET",
        "METE",
        "TEEM",
        "ATE"
    ],
    "ws": [
        {
            "w": "DAM",
            "v": true,
            "row": 6,
            "col": 2
        },
        {
            "w": "EAT",
            "v": true,
            "row": 0,
            "col": 6
        },
        {
            "w": "MAD",
            "v": true,
            "row": 0,
            "col": 3
        },
        {
            "w": "MAT",
            "v": true,
            "row": 0,
            "col": 0
        },
        {
            "w": "MET",
            "v": false,
            "row": 4,
            "col": 3
        },
        {
            "w": "TAD",
            "v": true,
            "row": 7,
            "col": 0
        },
        {
            "w": "TEA",
            "v": false,
            "row": 7,
            "col": 0
        },
        {
            "w": "TEE",
            "v": false,
            "row": 5,
            "col": 7
        },
        {
            "w": "DAME",
            "v": false,
            "row": 6,
            "col": 2
        },
        {
            "w": "DEEM",
            "v": false,
            "row": 8,
            "col": 4
        },
        {
            "w": "MADE",
            "v": true,
            "row": 2,
            "col": 8
        },
        {
            "w": "MATE",
            "v": false,
            "row": 0,
            "col": 3
        },
        {
            "w": "TAME",
            "v": false,
            "row": 2,
            "col": 6
        },
        {
            "w": "TEAM",
            "v": true,
            "row": 5,
            "col": 7
        },
        {
            "w": "TEED",
            "v": false,
            "row": 2,
            "col": 0
        },
        {
            "w": "TEAMED",
            "v": true,
            "row": 3,
            "col": 4
        }
    ]
}