{
    "id": 861,
    "sub_category": "Blue Pack",
    "category": "Ocean Group",
    "type": 0,
    "letters": "EMMRSU",
    "mov": 24,
    "shovels": 1,
    "coins": 5,
    "rows": 15,
    "cols": 15,
    "c": 0,
    "b": -1,
    "w": 10,
    "h": 8,
    "dws": [
        "SUER",
        "MEMS",
        "MEU",
        "MUS",
        "SER",
        "MEM",
        "UMM",
        "MURES",
        "SMUR",
        "REMS",
        "MUMS",
        "UMS",
        "MERUS",
        "ERS",
        "EMS",
        "EMUS",
        "URES",
        "MEUS",
        "URE",
        "MURE",
        "MUSER",
        "MES",
        "RUES",
        "RES",
        "RUMES",
        "RUMS",
        "RUME",
        "ERM"
    ],
    "ws": [
        {
            "w": "MUM",
            "v": false,
            "row": 2,
            "col": 1,
            "def": "Mother."
        },
        {
            "w": "RUM",
            "v": true,
            "row": 0,
            "col": 3,
            "def": "A distilled spirit derived from fermented cane sugar and molasses."
        },
        {
            "w": "SUE",
            "v": true,
            "row": 1,
            "col": 7,
            "def": "To follow."
        },
        {
            "w": "SUM",
            "v": true,
            "row": 0,
            "col": 1,
            "def": "A quantity obtained by addition or aggregation."
        },
        {
            "w": "USE",
            "v": true,
            "row": 2,
            "col": 2,
            "def": "The act of using."
        },
        {
            "w": "EMU",
            "v": false,
            "row": 4,
            "col": 2,
            "def": "A large flightless bird native to Australia, Dromaius novaehollandiae."
        },
        {
            "w": "RUE",
            "v": false,
            "row": 8,
            "col": 4,
            "def": "Repentance, regret."
        },
        {
            "w": "REM",
            "v": true,
            "row": 6,
            "col": 2,
            "def": "Rapid eye movement, a sleep state."
        },
        {
            "w": "SURE",
            "v": false,
            "row": 3,
            "col": 4,
            "def": "Physically secure and certain, non-failing, reliable."
        },
        {
            "w": "USER",
            "v": true,
            "row": 5,
            "col": 0,
            "def": "One who uses or makes use of something, a consumer."
        },
        {
            "w": "MUSE",
            "v": false,
            "row": 5,
            "col": 4,
            "def": "A source of inspiration."
        },
        {
            "w": "RUSE",
            "v": true,
            "row": 3,
            "col": 6,
            "def": "A trick."
        },
        {
            "w": "SERUM",
            "v": false,
            "row": 6,
            "col": 0,
            "def": "The clear yellowish fluid obtained upon separating whole blood into its solid and liquid components after it has been allowed to clot. Also called blood serum."
        },
        {
            "w": "SUMMER",
            "v": true,
            "row": 3,
            "col": 4,
            "def": "One of four seasons, traditionally the second, marked by the longest and typically hottest days of the year due to the inclination of the Earth and thermal lag. Typically regarded as being from June 22 to September 23 in parts of the USA, and the months of December, January and February in the Southern Hemisphere."
        }
    ]
}