{
    "id": 863,
    "sub_category": "Blue Pack",
    "category": "Ocean Group",
    "type": 0,
    "letters": "ABBDEL",
    "mov": 26,
    "shovels": 1,
    "coins": 5,
    "rows": 15,
    "cols": 15,
    "c": 0,
    "b": -1,
    "w": 11,
    "h": 11,
    "dws": [
        "ABED",
        "BALE",
        "BLAE",
        "LADE",
        "BEL",
        "DAE",
        "BEAL",
        "ABLE",
        "BALD",
        "LEA",
        "ELD",
        "BALED",
        "ABB",
        "LEAD",
        "ABLED",
        "BABEL",
        "ABBE",
        "ALB",
        "BAEL",
        "ALBE",
        "BLAD",
        "DEB",
        "BLEB",
        "BAL",
        "DAL",
        "BLAB",
        "DEL"
    ],
    "ws": [
        {
            "w": "ALE",
            "v": false,
            "row": 8,
            "col": 2,
            "def": "An intoxicating liquor made from an infusion of malt by fermentation and the addition of a bitter, usually hops."
        },
        {
            "w": "BAD",
            "v": false,
            "row": 7,
            "col": 0,
            "def": "Not good; unfavorable; negative."
        },
        {
            "w": "BED",
            "v": true,
            "row": 3,
            "col": 2,
            "def": "A piece of furniture, usually flat and soft, to sleep on."
        },
        {
            "w": "LAB",
            "v": false,
            "row": 2,
            "col": 5,
            "def": "A laboratory."
        },
        {
            "w": "LAD",
            "v": false,
            "row": 5,
            "col": 0,
            "def": "A boy or young man."
        },
        {
            "w": "LED",
            "v": false,
            "row": 7,
            "col": 4,
            "def": "Simple past tense and past participle of lead."
        },
        {
            "w": "DAB",
            "v": true,
            "row": 7,
            "col": 2,
            "def": "To press lightly in a repetitive motion with a soft object without rubbing."
        },
        {
            "w": "EBB",
            "v": false,
            "row": 3,
            "col": 7,
            "def": "The receding movement of the tide."
        },
        {
            "w": "BABE",
            "v": true,
            "row": 1,
            "col": 9,
            "def": "A baby or infant; a very young human or animal."
        },
        {
            "w": "DEAL",
            "v": true,
            "row": 2,
            "col": 0,
            "def": "A division, a portion, a share."
        },
        {
            "w": "BEAD",
            "v": true,
            "row": 2,
            "col": 7,
            "def": "A small round object."
        },
        {
            "w": "BLED",
            "v": false,
            "row": 0,
            "col": 2,
            "def": "Simple past tense and past participle of bleed."
        },
        {
            "w": "BADE",
            "v": false,
            "row": 3,
            "col": 2,
            "def": "Simple past of bid."
        },
        {
            "w": "DALE",
            "v": true,
            "row": 0,
            "col": 5,
            "def": "A valley in an otherwise hilly area."
        },
        {
            "w": "BLADE",
            "v": false,
            "row": 5,
            "col": 4,
            "def": "The sharp cutting edge of a knife, chisel, or other tool, a razor blade."
        },
        {
            "w": "DABBLE",
            "v": true,
            "row": 3,
            "col": 4,
            "def": "To partially wet (something) by splashing or dipping; connotes playfulness."
        }
    ]
}