{
    "id": "871a274c-0d41-11eb-a781-34363b5fdca4",
    "type": 0,
    "letters": "EIKNTT",
    "mov": 19,
    "shovels": 1,
    "coins": 5,
    "rows": 7,
    "cols": 2,
    "c": 0,
    "b": -1,
    "dws": [
        "TIK",
        "EIK",
        "KET",
        "KEN",
        "NEK",
        "TIT",
        "NIE",
        "TET",
        "TIKE",
        "TINK",
        "KINE",
        "KENT",
        "TITE",
        "TEIN",
        "NITE",
        "NETT",
        "ETTIN"
    ],
    "ws": [
        {
            "w": "INK",
            "v": false,
            "row": 6,
            "col": 3
        },
        {
            "w": "KIN",
            "v": true,
            "row": 2,
            "col": 2
        },
        {
            "w": "KIT",
            "v": false,
            "row": 0,
            "col": 5
        },
        {
            "w": "NET",
            "v": false,
            "row": 5,
            "col": 6
        },
        {
            "w": "NIT",
            "v": true,
            "row": 3,
            "col": 8
        },
        {
            "w": "TEN",
            "v": true,
            "row": 3,
            "col": 6
        },
        {
            "w": "TIE",
            "v": false,
            "row": 4,
            "col": 4
        },
        {
            "w": "TIN",
            "v": false,
            "row": 4,
            "col": 0
        },
        {
            "w": "KITE",
            "v": true,
            "row": 2,
            "col": 0
        },
        {
            "w": "KNIT",
            "v": false,
            "row": 2,
            "col": 2
        },
        {
            "w": "TENT",
            "v": false,
            "row": 3,
            "col": 6
        },
        {
            "w": "TINE",
            "v": true,
            "row": 0,
            "col": 7
        },
        {
            "w": "TINT",
            "v": true,
            "row": 0,
            "col": 9
        },
        {
            "w": "KITTEN",
            "v": true,
            "row": 1,
            "col": 4
        }
    ]
}