{
    "id": "875754c4-0d3b-11eb-a781-34363b5fdca4",
    "type": 0,
    "letters": "ADEPTU",
    "mov": 27,
    "shovels": 1,
    "coins": 5,
    "rows": 11,
    "cols": 2,
    "c": 0,
    "b": -1,
    "dws": [
        "PUD",
        "DUP",
        "TUP",
        "UTA",
        "TAU",
        "AUE",
        "EAU",
        "UTE",
        "DAP",
        "PED",
        "DEP",
        "TAD",
        "DAE",
        "TED",
        "TAE",
        "ETA",
        "PATU",
        "TAPU",
        "DAUT",
        "DATU",
        "TEPA",
        "TAED",
        "TEAD",
        "TAUPE",
        "PATED",
        "PATE",
        "PEAT",
        "PAT",
        "PEA",
        "PET",
        "TEA"
    ],
    "ws": [
        {
            "w": "APE",
            "v": false,
            "row": 6,
            "col": 4
        },
        {
            "w": "APT",
            "v": true,
            "row": 0,
            "col": 1
        },
        {
            "w": "ATE",
            "v": false,
            "row": 0,
            "col": 1
        },
        {
            "w": "DUE",
            "v": false,
            "row": 4,
            "col": 0
        },
        {
            "w": "EAT",
            "v": true,
            "row": 2,
            "col": 6
        },
        {
            "w": "PAD",
            "v": false,
            "row": 5,
            "col": 2
        },
        {
            "w": "PUT",
            "v": false,
            "row": 4,
            "col": 4
        },
        {
            "w": "TAP",
            "v": false,
            "row": 2,
            "col": 1
        },
        {
            "w": "APED",
            "v": false,
            "row": 3,
            "col": 6
        },
        {
            "w": "DATE",
            "v": false,
            "row": 0,
            "col": 6
        },
        {
            "w": "DUET",
            "v": true,
            "row": 3,
            "col": 9
        },
        {
            "w": "DUPE",
            "v": true,
            "row": 4,
            "col": 0
        },
        {
            "w": "TAPE",
            "v": true,
            "row": 0,
            "col": 8
        },
        {
            "w": "ADEPT",
            "v": true,
            "row": 2,
            "col": 2
        },
        {
            "w": "TAPED",
            "v": false,
            "row": 8,
            "col": 1
        },
        {
            "w": "UPDATE",
            "v": true,
            "row": 3,
            "col": 4
        }
    ]
}