{
    "id": "87d401e4-0d41-11eb-a781-34363b5fdca4",
    "type": 0,
    "letters": "AFILMY",
    "mov": 15,
    "shovels": 1,
    "coins": 5,
    "rows": 5,
    "cols": 2,
    "c": 0,
    "b": -1,
    "dws": [
        "ALF",
        "FAY",
        "FIL",
        "AMI",
        "MAL",
        "LAM",
        "MIL",
        "LYM",
        "FLAM",
        "FILA",
        "ALIF",
        "FLAY",
        "FLIM",
        "MALI",
        "LIMA",
        "AMYL",
        "MYAL",
        "LYAM",
        "LIMY",
        "FLAMY",
        "FILMY"
    ],
    "ws": [
        {
            "w": "AIL",
            "v": false,
            "row": 3,
            "col": 2
        },
        {
            "w": "AIM",
            "v": true,
            "row": 5,
            "col": 6
        },
        {
            "w": "FLY",
            "v": false,
            "row": 7,
            "col": 0
        },
        {
            "w": "LAY",
            "v": true,
            "row": 1,
            "col": 6
        },
        {
            "w": "MAY",
            "v": true,
            "row": 5,
            "col": 4
        },
        {
            "w": "YAM",
            "v": false,
            "row": 7,
            "col": 4
        },
        {
            "w": "FAIL",
            "v": false,
            "row": 1,
            "col": 3
        },
        {
            "w": "FILM",
            "v": false,
            "row": 5,
            "col": 1
        },
        {
            "w": "MAIL",
            "v": true,
            "row": 0,
            "col": 4
        },
        {
            "w": "FAMILY",
            "v": true,
            "row": 2,
            "col": 2
        }
    ]
}