{
    "id": "8926fe8c-0d39-11eb-a781-34363b5fdca4",
    "type": 0,
    "letters": "ACCEPT",
    "mov": 25,
    "shovels": 1,
    "coins": 5,
    "rows": 10,
    "cols": 2,
    "c": 0,
    "b": -1,
    "dws": [
        "PAC",
        "ETA",
        "TAE",
        "CEP",
        "PEC",
        "TEC",
        "CECA",
        "CATE",
        "TACE",
        "TEPA",
        "EPACT",
        "PACT",
        "PATE",
        "EAT",
        "TEA"
    ],
    "ws": [
        {
            "w": "ACE",
            "v": false,
            "row": 2,
            "col": 7
        },
        {
            "w": "ACT",
            "v": false,
            "row": 0,
            "col": 0
        },
        {
            "w": "APE",
            "v": false,
            "row": 3,
            "col": 0
        },
        {
            "w": "APT",
            "v": false,
            "row": 7,
            "col": 2
        },
        {
            "w": "ATE",
            "v": true,
            "row": 4,
            "col": 7
        },
        {
            "w": "CAP",
            "v": false,
            "row": 4,
            "col": 6
        },
        {
            "w": "CAT",
            "v": true,
            "row": 0,
            "col": 5
        },
        {
            "w": "PAT",
            "v": true,
            "row": 3,
            "col": 1
        },
        {
            "w": "PEA",
            "v": true,
            "row": 0,
            "col": 7
        },
        {
            "w": "PET",
            "v": true,
            "row": 1,
            "col": 9
        },
        {
            "w": "TAP",
            "v": true,
            "row": 6,
            "col": 2
        },
        {
            "w": "CAPE",
            "v": false,
            "row": 0,
            "col": 5
        },
        {
            "w": "PACE",
            "v": false,
            "row": 6,
            "col": 4
        },
        {
            "w": "PEAT",
            "v": false,
            "row": 2,
            "col": 2
        },
        {
            "w": "TAPE",
            "v": true,
            "row": 0,
            "col": 2
        },
        {
            "w": "ACCEPT",
            "v": true,
            "row": 2,
            "col": 4
        }
    ]
}