{
    "id": 897,
    "sub_category": "Haze Pack",
    "category": "Field Group",
    "type": 0,
    "letters": "ALLOTW",
    "mov": 26,
    "shovels": 1,
    "coins": 5,
    "rows": 15,
    "cols": 15,
    "c": 0,
    "b": -1,
    "w": 10,
    "h": 9,
    "dws": [
        "AWOL",
        "OLLA",
        "AWL",
        "TWAL",
        "OWT",
        "OAT",
        "WOT",
        "ALLOT",
        "WAT",
        "LOWT",
        "LOL",
        "TOLA",
        "TAW",
        "ALOW",
        "TAO",
        "TWA",
        "LOTA"
    ],
    "ws": [
        {
            "w": "ALL",
            "v": false,
            "row": 4,
            "col": 4,
            "def": "Intensifier."
        },
        {
            "w": "LAW",
            "v": true,
            "row": 0,
            "col": 7,
            "def": "The body of rules and standards issued by a government, or to be applied by courts and similar authorities."
        },
        {
            "w": "LOT",
            "v": true,
            "row": 0,
            "col": 3,
            "def": "A large quantity or number; a great deal."
        },
        {
            "w": "LOW",
            "v": true,
            "row": 4,
            "col": 9,
            "def": "In a position comparatively close to the ground."
        },
        {
            "w": "OWL",
            "v": true,
            "row": 2,
            "col": 6,
            "def": "Any of various birds of prey of the order Strigiformes that are primarily nocturnal and have forward-looking, binocular vision, limited eye movement, and good hearing."
        },
        {
            "w": "TOW",
            "v": false,
            "row": 2,
            "col": 5,
            "def": "To pull something behind one using a line or chain; to haul."
        },
        {
            "w": "TWO",
            "v": false,
            "row": 5,
            "col": 7,
            "def": "Describing a set or group with two components."
        },
        {
            "w": "ALT",
            "v": true,
            "row": 0,
            "col": 5,
            "def": "A state of excitement, conveyed by a high pitched voice."
        },
        {
            "w": "LAT",
            "v": false,
            "row": 2,
            "col": 1,
            "def": "A Latvian coin and national monetary unit."
        },
        {
            "w": "TALL",
            "v": true,
            "row": 5,
            "col": 1,
            "def": "Obsequious; obedient."
        },
        {
            "w": "TOLL",
            "v": true,
            "row": 5,
            "col": 7,
            "def": "Loss or damage incurred through a disaster."
        },
        {
            "w": "WALL",
            "v": false,
            "row": 8,
            "col": 4,
            "def": "To boil."
        },
        {
            "w": "ALTO",
            "v": true,
            "row": 2,
            "col": 2,
            "def": "A musical part or section higher than tenor and lower than soprano, formerly the part that performed a countermelody above the tenor or main melody."
        },
        {
            "w": "ALLOW",
            "v": false,
            "row": 0,
            "col": 5,
            "def": "To grant, give, admit, accord, afford, or yield; to let one have."
        },
        {
            "w": "ATOLL",
            "v": false,
            "row": 5,
            "col": 0,
            "def": "A type of island consisting of a ribbon reef that nearly or entirely surrounds a lagoon and supports, in most cases, one to many islets on the reef platform. Atolls have a unique geology, so not all islands with a reef and a lagoon are atolls."
        },
        {
            "w": "TALLOW",
            "v": true,
            "row": 3,
            "col": 4,
            "def": "A hard animal fat obtained from suet etc.; used to make candles, soap and lubricants."
        }
    ]
}