{
    "id": "89902796-0d47-11eb-a781-34363b5fdca4",
    "type": 0,
    "letters": "CDEKOR",
    "mov": 31,
    "shovels": 1,
    "coins": 5,
    "rows": 13,
    "cols": 2,
    "c": 0,
    "b": -1,
    "dws": [
        "DOC",
        "DOR",
        "ORD",
        "KED",
        "ECO",
        "ORC",
        "COR",
        "ROC",
        "OKE",
        "KOR",
        "ROK",
        "REO",
        "REC",
        "ERK",
        "ECOD",
        "DOEK",
        "DORK",
        "DORE",
        "DERO",
        "ROED",
        "CRED",
        "DREK",
        "CERO",
        "KORE",
        "KERO",
        "ROKE",
        "RECK",
        "COKED",
        "CORED",
        "DROKE",
        "DRECK",
        "OCKER",
        "REDOCK",
        "CODER",
        "CREDO",
        "CORD",
        "DECK",
        "DOCK",
        "DOER",
        "REDO",
        "COD",
        "DOE",
        "ORE"
    ],
    "ws": [
        {
            "w": "ODE",
            "v": false,
            "row": 2,
            "col": 0
        },
        {
            "w": "RED",
            "v": true,
            "row": 1,
            "col": 9
        },
        {
            "w": "ROD",
            "v": false,
            "row": 5,
            "col": 0
        },
        {
            "w": "ROE",
            "v": true,
            "row": 0,
            "col": 2
        },
        {
            "w": "CODE",
            "v": true,
            "row": 5,
            "col": 8
        },
        {
            "w": "COED",
            "v": false,
            "row": 8,
            "col": 6
        },
        {
            "w": "COKE",
            "v": false,
            "row": 4,
            "col": 3
        },
        {
            "w": "CORE",
            "v": false,
            "row": 2,
            "col": 6
        },
        {
            "w": "CORK",
            "v": false,
            "row": 9,
            "col": 0
        },
        {
            "w": "DECO",
            "v": true,
            "row": 2,
            "col": 1
        },
        {
            "w": "ROCK",
            "v": false,
            "row": 5,
            "col": 6
        },
        {
            "w": "RODE",
            "v": false,
            "row": 0,
            "col": 4
        },
        {
            "w": "DECOR",
            "v": true,
            "row": 5,
            "col": 2
        },
        {
            "w": "CORKED",
            "v": true,
            "row": 3,
            "col": 4
        },
        {
            "w": "DOCKER",
            "v": true,
            "row": 0,
            "col": 6
        },
        {
            "w": "ROCKED",
            "v": false,
            "row": 7,
            "col": 0
        }
    ]
}