{
    "id": "8a02879a-0d39-11eb-a781-34363b5fdca4",
    "type": 0,
    "letters": "EINNST",
    "mov": 27,
    "shovels": 1,
    "coins": 5,
    "rows": 11,
    "cols": 2,
    "c": 0,
    "b": -1,
    "dws": [
        "TES",
        "EST",
        "TIS",
        "NIE",
        "ENS",
        "SEN",
        "SEI",
        "NIS",
        "INS",
        "TEIN",
        "TINE",
        "NITE",
        "STEN",
        "STIE",
        "SNIT",
        "NIES",
        "SINE",
        "SIEN",
        "INNS",
        "TEINS",
        "TINES",
        "NEIST",
        "NITES",
        "SENTI",
        "STEIN",
        "SENNIT",
        "SINNET",
        "INSET",
        "NEST",
        "NETS",
        "NITS",
        "TINS",
        "NET"
    ],
    "ws": [
        {
            "w": "INN",
            "v": false,
            "row": 7,
            "col": 7
        },
        {
            "w": "ITS",
            "v": false,
            "row": 1,
            "col": 5
        },
        {
            "w": "NIT",
            "v": true,
            "row": 0,
            "col": 3
        },
        {
            "w": "SET",
            "v": false,
            "row": 2,
            "col": 1
        },
        {
            "w": "SIN",
            "v": true,
            "row": 2,
            "col": 1
        },
        {
            "w": "SIT",
            "v": true,
            "row": 6,
            "col": 7
        },
        {
            "w": "TEN",
            "v": false,
            "row": 6,
            "col": 2
        },
        {
            "w": "TIE",
            "v": true,
            "row": 1,
            "col": 6
        },
        {
            "w": "TIN",
            "v": false,
            "row": 8,
            "col": 0
        },
        {
            "w": "NINE",
            "v": false,
            "row": 4,
            "col": 1
        },
        {
            "w": "SENT",
            "v": false,
            "row": 8,
            "col": 4
        },
        {
            "w": "SITE",
            "v": true,
            "row": 6,
            "col": 0
        },
        {
            "w": "TENS",
            "v": true,
            "row": 6,
            "col": 2
        },
        {
            "w": "TIES",
            "v": false,
            "row": 3,
            "col": 4
        },
        {
            "w": "NINES",
            "v": true,
            "row": 5,
            "col": 9
        },
        {
            "w": "TENNIS",
            "v": true,
            "row": 3,
            "col": 4
        }
    ]
}