{
    "id": "8a5a55d0-0d41-11eb-a781-34363b5fdca4",
    "type": 0,
    "letters": "DHLOSU",
    "mov": 15,
    "shovels": 1,
    "coins": 5,
    "rows": 5,
    "cols": 2,
    "c": 0,
    "b": -1,
    "dws": [
        "SHO",
        "SOH",
        "HOS",
        "OHS",
        "SOU",
        "OUS",
        "SOL",
        "LOS",
        "SOD",
        "ODS",
        "DOS",
        "DSO",
        "SUD",
        "UDS",
        "LSD",
        "HOD",
        "DOH",
        "DUH",
        "LOU",
        "OUD",
        "UDO",
        "LOD",
        "DOL",
        "LUD",
        "HUSO",
        "HOLS",
        "LOSH",
        "HODS",
        "DOHS",
        "DOSH",
        "SHUL",
        "DUSH",
        "LOUS",
        "OUDS",
        "UDOS",
        "DUOS",
        "OLDS",
        "LODS",
        "DOLS",
        "LUDS",
        "DHOL",
        "OULD",
        "LUDO",
        "DHOLS",
        "LUDOS"
    ],
    "ws": [
        {
            "w": "DUO",
            "v": true,
            "row": 0,
            "col": 4
        },
        {
            "w": "OLD",
            "v": false,
            "row": 6,
            "col": 5
        },
        {
            "w": "HOLD",
            "v": true,
            "row": 0,
            "col": 6
        },
        {
            "w": "LOUD",
            "v": false,
            "row": 0,
            "col": 1
        },
        {
            "w": "LUSH",
            "v": false,
            "row": 5,
            "col": 2
        },
        {
            "w": "SHOD",
            "v": true,
            "row": 4,
            "col": 5
        },
        {
            "w": "SOLD",
            "v": false,
            "row": 7,
            "col": 0
        },
        {
            "w": "SOUL",
            "v": false,
            "row": 2,
            "col": 3
        },
        {
            "w": "HOLDS",
            "v": true,
            "row": 3,
            "col": 0
        },
        {
            "w": "SHOULD",
            "v": true,
            "row": 2,
            "col": 3
        }
    ]
}