{
    "id": "8ac84ef0-0d41-11eb-a781-34363b5fdca4",
    "type": 0,
    "letters": "INNOOT",
    "mov": 17,
    "shovels": 1,
    "coins": 5,
    "rows": 6,
    "cols": 2,
    "c": 0,
    "b": -1,
    "dws": [
        "NOO",
        "ONO",
        "OON",
        "NON",
        "OOT",
        "OINT",
        "OONT",
        "TOON",
        "NONI",
        "NOOIT",
        "NOINT",
        "NITON"
    ],
    "ws": [
        {
            "w": "INN",
            "v": false,
            "row": 1,
            "col": 4
        },
        {
            "w": "ION",
            "v": false,
            "row": 4,
            "col": 4
        },
        {
            "w": "NIT",
            "v": true,
            "row": 0,
            "col": 4
        },
        {
            "w": "NOT",
            "v": true,
            "row": 4,
            "col": 0
        },
        {
            "w": "TIN",
            "v": false,
            "row": 0,
            "col": 2
        },
        {
            "w": "TON",
            "v": false,
            "row": 3,
            "col": 1
        },
        {
            "w": "TOO",
            "v": false,
            "row": 6,
            "col": 4
        },
        {
            "w": "INTO",
            "v": true,
            "row": 4,
            "col": 4
        },
        {
            "w": "NOON",
            "v": true,
            "row": 1,
            "col": 6
        },
        {
            "w": "ONTO",
            "v": false,
            "row": 7,
            "col": 1
        },
        {
            "w": "ONION",
            "v": false,
            "row": 5,
            "col": 0
        },
        {
            "w": "NOTION",
            "v": true,
            "row": 2,
            "col": 2
        }
    ]
}