{
    "id": "8d4b0f5a-0d41-11eb-a781-34363b5fdca4",
    "type": 0,
    "letters": "HOPRTY",
    "mov": 17,
    "shovels": 1,
    "coins": 5,
    "rows": 6,
    "cols": 2,
    "c": 0,
    "b": -1,
    "dws": [
        "TOR",
        "ORT",
        "OPT",
        "THO",
        "PHT",
        "RHO",
        "POH",
        "PHO",
        "HOY",
        "HYP",
        "TROP",
        "THRO",
        "TROY",
        "TORY",
        "TYRO",
        "RYOT",
        "TRYP",
        "TOPH",
        "PHOT",
        "TYPO",
        "PYOT",
        "ROPY",
        "PORY",
        "PYRO",
        "YORP",
        "HYPO",
        "THORP"
    ],
    "ws": [
        {
            "w": "HOP",
            "v": false,
            "row": 6,
            "col": 2
        },
        {
            "w": "HOT",
            "v": true,
            "row": 5,
            "col": 0
        },
        {
            "w": "POT",
            "v": false,
            "row": 2,
            "col": 0
        },
        {
            "w": "PRO",
            "v": true,
            "row": 0,
            "col": 1
        },
        {
            "w": "PRY",
            "v": false,
            "row": 2,
            "col": 4
        },
        {
            "w": "ROT",
            "v": true,
            "row": 2,
            "col": 5
        },
        {
            "w": "THY",
            "v": false,
            "row": 7,
            "col": 0
        },
        {
            "w": "TOP",
            "v": true,
            "row": 0,
            "col": 4
        },
        {
            "w": "TOY",
            "v": false,
            "row": 4,
            "col": 1
        },
        {
            "w": "TRY",
            "v": true,
            "row": 0,
            "col": 6
        },
        {
            "w": "PORT",
            "v": false,
            "row": 0,
            "col": 1
        },
        {
            "w": "TROPHY",
            "v": true,
            "row": 2,
            "col": 2
        }
    ]
}