{
    "id": "8e1ed204-0d41-11eb-a781-34363b5fdca4",
    "type": 0,
    "letters": "AFMOSU",
    "mov": 11,
    "shovels": 1,
    "coins": 5,
    "rows": 3,
    "cols": 2,
    "c": 0,
    "b": -1,
    "dws": [
        "OUMAS",
        "FOUS",
        "OAF",
        "MOAS",
        "OUS",
        "FUMS",
        "AMUS",
        "MUS",
        "UMS",
        "SOM",
        "FOU",
        "OUMA",
        "FAS",
        "SAMFU",
        "AUFS",
        "MOS",
        "OMA",
        "MAS",
        "MOUS",
        "UFOS",
        "AUF",
        "UFO",
        "SMA",
        "OMAS",
        "SOMA",
        "MASU",
        "SOU",
        "SAM",
        "MOU",
        "OMS",
        "MUSO",
        "SOUM",
        "FUM",
        "SAU",
        "AMU",
        "MOA",
        "OAFS",
        "FAMOUS",
        "FOAMS",
        "FOAM",
        "SOFA",
        "SUMO",
        "SUM"
    ],
    "ws": []
}