{
    "id": "8f4ed27a-0d3a-11eb-a781-34363b5fdca4",
    "type": 0,
    "letters": "DEHLOW",
    "mov": 19,
    "shovels": 1,
    "coins": 5,
    "rows": 7,
    "cols": 2,
    "c": 0,
    "b": -1,
    "dws": [
        "HOW",
        "WHO",
        "HOE",
        "HOD",
        "DOH",
        "HEW",
        "EDH",
        "OWL",
        "LOW",
        "OWE",
        "WOE",
        "DOW",
        "OLE",
        "OLD",
        "LOD",
        "DOL",
        "ODE",
        "DOE",
        "LEW",
        "WED",
        "DEW",
        "LED",
        "ELD",
        "DEL",
        "HOWE",
        "DHOW",
        "HELO",
        "DHOL",
        "OHED",
        "LOWE",
        "DOWL",
        "OLDE",
        "DELO",
        "DOLE",
        "DHOLE",
        "LOWED",
        "DOWLE"
    ],
    "ws": [
        {
            "w": "HELD",
            "v": false,
            "row": 3,
            "col": 4
        },
        {
            "w": "HOED",
            "v": false,
            "row": 9,
            "col": 0
        },
        {
            "w": "HOLD",
            "v": false,
            "row": 6,
            "col": 2
        },
        {
            "w": "HOLE",
            "v": true,
            "row": 6,
            "col": 2
        },
        {
            "w": "HOWL",
            "v": false,
            "row": 0,
            "col": 2
        },
        {
            "w": "LEWD",
            "v": true,
            "row": 0,
            "col": 0
        },
        {
            "w": "LODE",
            "v": true,
            "row": 0,
            "col": 5
        },
        {
            "w": "OWED",
            "v": false,
            "row": 1,
            "col": 5
        },
        {
            "w": "WELD",
            "v": true,
            "row": 0,
            "col": 7
        },
        {
            "w": "WOLD",
            "v": false,
            "row": 2,
            "col": 0
        },
        {
            "w": "DOWEL",
            "v": false,
            "row": 8,
            "col": 4
        },
        {
            "w": "HOLED",
            "v": true,
            "row": 0,
            "col": 2
        },
        {
            "w": "WHOLE",
            "v": true,
            "row": 5,
            "col": 8
        },
        {
            "w": "HOWLED",
            "v": true,
            "row": 3,
            "col": 4
        }
    ]
}