{
    "id": "90966318-0d40-11eb-a781-34363b5fdca4",
    "type": 0,
    "letters": "DEIRRV",
    "mov": 21,
    "shovels": 1,
    "coins": 5,
    "rows": 8,
    "cols": 2,
    "c": 0,
    "b": -1,
    "dws": [
        "DIV",
        "VID",
        "DEI",
        "IDE",
        "DEV",
        "REI",
        "REV",
        "IRED",
        "DERV",
        "VERD",
        "DEVI",
        "VIDE",
        "RIVE",
        "VIRE",
        "VIER",
        "RIVED",
        "DIRER",
        "REIRD"
    ],
    "ws": [
        {
            "w": "DIE",
            "v": false,
            "row": 3,
            "col": 4
        },
        {
            "w": "ERR",
            "v": false,
            "row": 1,
            "col": 4
        },
        {
            "w": "IRE",
            "v": false,
            "row": 2,
            "col": 6
        },
        {
            "w": "RED",
            "v": false,
            "row": 4,
            "col": 6
        },
        {
            "w": "RID",
            "v": false,
            "row": 8,
            "col": 4
        },
        {
            "w": "VIE",
            "v": true,
            "row": 0,
            "col": 8
        },
        {
            "w": "DIRE",
            "v": true,
            "row": 6,
            "col": 2
        },
        {
            "w": "DIVE",
            "v": false,
            "row": 0,
            "col": 6
        },
        {
            "w": "RIDE",
            "v": false,
            "row": 0,
            "col": 0
        },
        {
            "w": "VIED",
            "v": false,
            "row": 2,
            "col": 0
        },
        {
            "w": "DIVER",
            "v": false,
            "row": 6,
            "col": 2
        },
        {
            "w": "DRIER",
            "v": true,
            "row": 0,
            "col": 6
        },
        {
            "w": "DRIVE",
            "v": true,
            "row": 4,
            "col": 8
        },
        {
            "w": "RIDER",
            "v": false,
            "row": 4,
            "col": 0
        },
        {
            "w": "RIVER",
            "v": true,
            "row": 0,
            "col": 0
        },
        {
            "w": "DRIVER",
            "v": true,
            "row": 3,
            "col": 4
        }
    ]
}