{
    "id": "910a5e22-0d3a-11eb-a781-34363b5fdca4",
    "type": 0,
    "letters": "EGINSU",
    "mov": 23,
    "shovels": 1,
    "coins": 5,
    "rows": 9,
    "cols": 2,
    "c": 0,
    "b": -1,
    "dws": [
        "GEN",
        "ENG",
        "NEG",
        "GIE",
        "GUE",
        "SEG",
        "ING",
        "GNU",
        "NUG",
        "GIS",
        "SIG",
        "GUS",
        "UGS",
        "SUG",
        "NIE",
        "ENS",
        "SEN",
        "SEI",
        "UNI",
        "NIS",
        "INS",
        "NUS",
        "UNS",
        "SUI",
        "GIEN",
        "GENU",
        "GENS",
        "ENGS",
        "NEGS",
        "GIES",
        "EGIS",
        "GUES",
        "INGS",
        "SNIG",
        "NUGS",
        "NIES",
        "SINE",
        "SIEN",
        "UNIS",
        "SENGI",
        "SEGNI",
        "SINGE",
        "NEGUS",
        "GENUS",
        "SNUG"
    ],
    "ws": [
        {
            "w": "GIN",
            "v": false,
            "row": 3,
            "col": 0
        },
        {
            "w": "GUN",
            "v": false,
            "row": 3,
            "col": 4
        },
        {
            "w": "SIN",
            "v": false,
            "row": 5,
            "col": 2
        },
        {
            "w": "SUE",
            "v": true,
            "row": 7,
            "col": 2
        },
        {
            "w": "SUN",
            "v": true,
            "row": 1,
            "col": 6
        },
        {
            "w": "USE",
            "v": false,
            "row": 4,
            "col": 7
        },
        {
            "w": "GINS",
            "v": false,
            "row": 9,
            "col": 6
        },
        {
            "w": "GNUS",
            "v": true,
            "row": 2,
            "col": 2
        },
        {
            "w": "GUNS",
            "v": false,
            "row": 8,
            "col": 1
        },
        {
            "w": "SIGN",
            "v": false,
            "row": 1,
            "col": 6
        },
        {
            "w": "SING",
            "v": true,
            "row": 6,
            "col": 6
        },
        {
            "w": "SUNG",
            "v": true,
            "row": 0,
            "col": 0
        },
        {
            "w": "GUISE",
            "v": true,
            "row": 1,
            "col": 8
        },
        {
            "w": "SUING",
            "v": false,
            "row": 0,
            "col": 0
        },
        {
            "w": "USING",
            "v": false,
            "row": 7,
            "col": 4
        },
        {
            "w": "GENIUS",
            "v": true,
            "row": 3,
            "col": 4
        }
    ]
}