{
    "id": 923,
    "sub_category": "Soar Pack",
    "category": "Field Group",
    "type": 0,
    "letters": "INOOPT",
    "mov": 30,
    "shovels": 1,
    "coins": 5,
    "rows": 15,
    "cols": 15,
    "c": 0,
    "b": -1,
    "w": 12,
    "h": 12,
    "dws": [
        "PION",
        "TOO",
        "NOOIT",
        "PONT",
        "OOP",
        "TOPI",
        "PITON",
        "NOO",
        "NIP",
        "POOT",
        "TOPOI",
        "POON",
        "POI",
        "ONO",
        "OOT",
        "OON",
        "OINT",
        "POTIN",
        "TOPO",
        "NOOP",
        "OONT",
        "POO",
        "TOON",
        "TIN",
        "TIP",
        "TOP"
    ],
    "ws": [
        {
            "w": "ION",
            "v": false,
            "row": 6,
            "col": 4,
            "def": "An atom or group of atoms bearing an electrical charge such as the sodium and chlorine atoms in a salt solution."
        },
        {
            "w": "NOT",
            "v": true,
            "row": 6,
            "col": 6,
            "def": "Negates the meaning of the modified verb."
        },
        {
            "w": "PIN",
            "v": true,
            "row": 2,
            "col": 6,
            "def": "A small device, made (usually) of drawn-out steel wire with one end sharpened and the other flattened or rounded into a head, used for fastening."
        },
        {
            "w": "PIT",
            "v": true,
            "row": 7,
            "col": 0,
            "def": "A hole in the ground."
        },
        {
            "w": "POT",
            "v": false,
            "row": 1,
            "col": 3,
            "def": "A vessel used for cooking or storing food."
        },
        {
            "w": "TON",
            "v": false,
            "row": 9,
            "col": 0,
            "def": "A unit of weight (mass) equal to 2240 pounds (a long ton) or 2000 pounds (a short ton) or 1000 kilograms (a metric ton)."
        },
        {
            "w": "NIT",
            "v": false,
            "row": 8,
            "col": 4,
            "def": "The egg of a louse."
        },
        {
            "w": "OPT",
            "v": true,
            "row": 0,
            "col": 3,
            "def": "To choose; to select."
        },
        {
            "w": "INTO",
            "v": true,
            "row": 2,
            "col": 1,
            "def": "Going inside (of)."
        },
        {
            "w": "ONTO",
            "v": false,
            "row": 0,
            "col": 0,
            "def": "Upon; on top of."
        },
        {
            "w": "PINT",
            "v": false,
            "row": 2,
            "col": 0,
            "def": "A unit of volume, equivalent to 1/8 of a gallon or 16 ounces."
        },
        {
            "w": "POINT",
            "v": false,
            "row": 5,
            "col": 0,
            "def": "A discrete division of something."
        },
        {
            "w": "PINTO",
            "v": false,
            "row": 7,
            "col": 0,
            "def": "A horse with a patchy coloration that includes white."
        },
        {
            "w": "PINOT",
            "v": false,
            "row": 4,
            "col": 4,
            "def": "Any of several grape varieties grown in Europe and North America."
        },
        {
            "w": "OPTION",
            "v": true,
            "row": 3,
            "col": 4,
            "def": "One of the choices which can be made."
        },
        {
            "w": "POTION",
            "v": true,
            "row": 2,
            "col": 8,
            "def": "A small portion or dose of a liquid which is medicinal, poisonous, or magical."
        }
    ]
}