{
    "id": 929,
    "sub_category": "Wind Packx",
    "category": "Field Group",
    "type": 0,
    "letters": "EHMNOP",
    "mov": 28,
    "shovels": 1,
    "coins": 5,
    "rows": 15,
    "cols": 15,
    "c": 0,
    "b": -1,
    "w": 12,
    "h": 10,
    "dws": [
        "MHO",
        "HOM",
        "EMO",
        "NOME",
        "MOPE",
        "EON",
        "HEP",
        "MEN",
        "OMEN",
        "OPE",
        "MOE",
        "HON",
        "PEH",
        "PHON",
        "POH",
        "PHO",
        "NEP",
        "NOH",
        "POME",
        "MEH",
        "MON",
        "PONE",
        "POM",
        "PHEON",
        "NOM",
        "MENO",
        "NOPE",
        "PEON"
    ],
    "ws": [
        {
            "w": "HEM",
            "v": true,
            "row": 1,
            "col": 2,
            "def": "Used to fill in the gap of a pause with a vocalized sound."
        },
        {
            "w": "HEN",
            "v": false,
            "row": 7,
            "col": 6,
            "def": "Hence."
        },
        {
            "w": "HOP",
            "v": true,
            "row": 5,
            "col": 0,
            "def": "A short jump."
        },
        {
            "w": "MOP",
            "v": false,
            "row": 5,
            "col": 6,
            "def": "An implement for washing floors, or the like, made of a piece of cloth, or a collection of thrums, or coarse yarn, fastened to a handle."
        },
        {
            "w": "ONE",
            "v": true,
            "row": 0,
            "col": 4,
            "def": "A numerical value equal to 1; the first number in the set of natural numbers (especially in number theory); the cardinality of the smallest nonempty set. Ordinal: first."
        },
        {
            "w": "PEN",
            "v": false,
            "row": 2,
            "col": 6,
            "def": "An enclosed area used to contain domesticated animals, especially sheep or cattle."
        },
        {
            "w": "HOE",
            "v": true,
            "row": 0,
            "col": 7,
            "def": "An agricultural tool consisting of a long handle with a flat blade fixed perpendicular to it at the end, used for digging rows."
        },
        {
            "w": "OHM",
            "v": false,
            "row": 0,
            "col": 6,
            "def": "In the International System of Units, the derived unit of electrical resistance; the electrical resistance of a device across which a potential difference of one volt causes a current of one ampere."
        },
        {
            "w": "HOME",
            "v": false,
            "row": 8,
            "col": 1,
            "def": "One's own dwelling place; the house or structure in which one lives; especially the house in which one lives with his family; the habitual abode of one's family; also, one's birthplace."
        },
        {
            "w": "HOPE",
            "v": false,
            "row": 4,
            "col": 3,
            "def": "The belief or expectation that something wished for can or will happen."
        },
        {
            "w": "OPEN",
            "v": true,
            "row": 4,
            "col": 8,
            "def": "Which is not closed; accessible; unimpeded; as, an open gate."
        },
        {
            "w": "POEM",
            "v": true,
            "row": 2,
            "col": 6,
            "def": "A literary piece written in verse."
        },
        {
            "w": "HEMP",
            "v": false,
            "row": 3,
            "col": 0,
            "def": "A tall annual herb, Cannabis sativa, native to Asia."
        },
        {
            "w": "HONE",
            "v": false,
            "row": 5,
            "col": 0,
            "def": "A sharpening stone composed of extra-fine grit used for removing the burr or curl from the blade of a razor or some other edge tool."
        },
        {
            "w": "PHONE",
            "v": false,
            "row": 1,
            "col": 1,
            "def": "A device for transmitting sound in real time across distances."
        },
        {
            "w": "PHENOM",
            "v": true,
            "row": 3,
            "col": 3,
            "def": "Someone or something that is phenomenal, especially a young player in sports like baseball, American football, basketball, tennis, and golf."
        }
    ]
}