{
    "id": "95744e32-0d3a-11eb-a781-34363b5fdca4",
    "type": 0,
    "letters": "HLOSST",
    "mov": 21,
    "shovels": 1,
    "coins": 5,
    "rows": 8,
    "cols": 2,
    "c": 0,
    "b": -1,
    "dws": [
        "SOL",
        "LOS",
        "SOT",
        "SOH",
        "SHO",
        "OHS",
        "HOS",
        "SOS",
        "THO",
        "LOSH",
        "HOLS",
        "SOLS",
        "SOTH",
        "TOSH",
        "HOTS",
        "SOTS",
        "SOHS",
        "HOSS",
        "HOLT",
        "HOLTS",
        "SOTHS"
    ],
    "ws": [
        {
            "w": "HOT",
            "v": true,
            "row": 7,
            "col": 6
        },
        {
            "w": "LOT",
            "v": false,
            "row": 4,
            "col": 4
        },
        {
            "w": "HOST",
            "v": false,
            "row": 7,
            "col": 6
        },
        {
            "w": "LOSS",
            "v": false,
            "row": 0,
            "col": 0
        },
        {
            "w": "LOST",
            "v": false,
            "row": 2,
            "col": 6
        },
        {
            "w": "LOTH",
            "v": true,
            "row": 0,
            "col": 9
        },
        {
            "w": "LOTS",
            "v": true,
            "row": 4,
            "col": 8
        },
        {
            "w": "SHOT",
            "v": true,
            "row": 2,
            "col": 0
        },
        {
            "w": "SLOT",
            "v": false,
            "row": 5,
            "col": 6
        },
        {
            "w": "TOSS",
            "v": false,
            "row": 9,
            "col": 6
        },
        {
            "w": "HOSTS",
            "v": false,
            "row": 3,
            "col": 0
        },
        {
            "w": "SHOTS",
            "v": false,
            "row": 8,
            "col": 0
        },
        {
            "w": "SLOSH",
            "v": true,
            "row": 0,
            "col": 2
        },
        {
            "w": "SLOTH",
            "v": false,
            "row": 6,
            "col": 1
        },
        {
            "w": "SLOTS",
            "v": true,
            "row": 1,
            "col": 6
        },
        {
            "w": "SLOTHS",
            "v": true,
            "row": 3,
            "col": 4
        }
    ]
}