{
    "id": "972df99a-0d48-11eb-a781-34363b5fdca4",
    "type": 0,
    "letters": "EGILNT",
    "mov": 31,
    "shovels": 1,
    "coins": 5,
    "rows": 13,
    "cols": 2,
    "c": 0,
    "b": -1,
    "dws": [
        "TIG",
        "GIT",
        "TIL",
        "TEG",
        "TEL",
        "ELT",
        "ING",
        "LIN",
        "NIE",
        "LIG",
        "GIE",
        "LEI",
        "NEG",
        "GEN",
        "ENG",
        "TING",
        "TEIN",
        "NITE",
        "GLIT",
        "TIGE",
        "GITE",
        "GEIT",
        "TEIL",
        "GENT",
        "GELT",
        "LING",
        "GIEN",
        "GLEI",
        "LENG",
        "INTEL",
        "ELINT",
        "GILET",
        "LEGIT",
        "GLENT",
        "INGLE",
        "LIGNE",
        "GENTIL",
        "TINGE",
        "LIEN",
        "LINT",
        "GEL",
        "GET",
        "LET",
        "LIE",
        "LIT",
        "NET",
        "TEN"
    ],
    "ws": [
        {
            "w": "GIN",
            "v": false,
            "row": 6,
            "col": 4
        },
        {
            "w": "LEG",
            "v": false,
            "row": 5,
            "col": 0
        },
        {
            "w": "NIL",
            "v": true,
            "row": 6,
            "col": 6
        },
        {
            "w": "NIT",
            "v": false,
            "row": 0,
            "col": 0
        },
        {
            "w": "TIE",
            "v": false,
            "row": 8,
            "col": 2
        },
        {
            "w": "TIN",
            "v": true,
            "row": 0,
            "col": 2
        },
        {
            "w": "GILT",
            "v": true,
            "row": 5,
            "col": 2
        },
        {
            "w": "GLEN",
            "v": true,
            "row": 5,
            "col": 8
        },
        {
            "w": "LENT",
            "v": false,
            "row": 8,
            "col": 6
        },
        {
            "w": "LINE",
            "v": false,
            "row": 4,
            "col": 3
        },
        {
            "w": "LITE",
            "v": false,
            "row": 3,
            "col": 6
        },
        {
            "w": "TILE",
            "v": true,
            "row": 1,
            "col": 6
        },
        {
            "w": "TINE",
            "v": true,
            "row": 0,
            "col": 9
        },
        {
            "w": "GLINT",
            "v": true,
            "row": 4,
            "col": 0
        },
        {
            "w": "INLET",
            "v": false,
            "row": 1,
            "col": 2
        },
        {
            "w": "TINGLE",
            "v": true,
            "row": 3,
            "col": 4
        }
    ]
}