{
    "id": "97a56d36-0d39-11eb-a781-34363b5fdca4",
    "type": 0,
    "letters": "ADEHSW",
    "mov": 31,
    "shovels": 1,
    "coins": 5,
    "rows": 13,
    "cols": 2,
    "c": 0,
    "b": -1,
    "dws": [
        "WAH",
        "WHA",
        "HAW",
        "WAE",
        "DAW",
        "AHS",
        "SHA",
        "SAE",
        "EAS",
        "DAS",
        "HAE",
        "DAH",
        "DAE",
        "HES",
        "EHS",
        "SED",
        "EDS",
        "EDH",
        "SHWA",
        "SHAW",
        "HAWS",
        "WASE",
        "WAES",
        "AWES",
        "SWAD",
        "DAWS",
        "WHAE",
        "DEAW",
        "SHEW",
        "HEWS",
        "SHEA",
        "HAES",
        "SHAD",
        "HADS",
        "DAHS",
        "SADE",
        "DAES",
        "AHED",
        "HAED",
        "HADE",
        "EDHS",
        "HAWSE",
        "SAWED",
        "DEAWS",
        "HAWED",
        "ASHED",
        "SADHE",
        "SHADE",
        "HADES",
        "HEADS",
        "DEASH",
        "SHAWED",
        "DASH",
        "SHED",
        "WADE",
        "AWE",
        "HAS",
        "SAD",
        "SAW",
        "SEA",
        "SEW",
        "WAD"
    ],
    "ws": [
        {
            "w": "ADS",
            "v": false,
            "row": 7,
            "col": 6
        },
        {
            "w": "ASH",
            "v": true,
            "row": 1,
            "col": 7
        },
        {
            "w": "DEW",
            "v": true,
            "row": 2,
            "col": 0
        },
        {
            "w": "HAD",
            "v": true,
            "row": 7,
            "col": 1
        },
        {
            "w": "HEW",
            "v": false,
            "row": 6,
            "col": 4
        },
        {
            "w": "SHE",
            "v": false,
            "row": 2,
            "col": 7
        },
        {
            "w": "WAS",
            "v": true,
            "row": 0,
            "col": 3
        },
        {
            "w": "WED",
            "v": false,
            "row": 0,
            "col": 3
        },
        {
            "w": "AWED",
            "v": false,
            "row": 8,
            "col": 1
        },
        {
            "w": "DEWS",
            "v": false,
            "row": 2,
            "col": 0
        },
        {
            "w": "HEAD",
            "v": true,
            "row": 1,
            "col": 9
        },
        {
            "w": "WADS",
            "v": true,
            "row": 6,
            "col": 6
        },
        {
            "w": "WASH",
            "v": false,
            "row": 3,
            "col": 4
        },
        {
            "w": "WEDS",
            "v": false,
            "row": 5,
            "col": 1
        },
        {
            "w": "WADES",
            "v": true,
            "row": 2,
            "col": 2
        },
        {
            "w": "WASHED",
            "v": true,
            "row": 3,
            "col": 4
        }
    ]
}