{
    "id": 984,
    "sub_category": "Set Pack",
    "category": "Lake Group",
    "type": 0,
    "letters": "AHIKRS",
    "mov": 20,
    "shovels": 1,
    "coins": 5,
    "rows": 15,
    "cols": 15,
    "c": 0,
    "b": -1,
    "w": 10,
    "h": 8,
    "dws": [
        "RAI",
        "KISH",
        "KAIS",
        "SHRI",
        "HASK",
        "KSAR",
        "ARISH",
        "HAIKS",
        "SHA",
        "RAKI",
        "KRAIS",
        "SAI",
        "RAIS",
        "SHIKRA",
        "HIS",
        "RIA",
        "AIS",
        "KHIS",
        "SKA",
        "SKI",
        "SAKI",
        "ARK",
        "IRK",
        "KHI",
        "KIS",
        "SAIR",
        "RAIK",
        "KAS",
        "SARK",
        "HAS",
        "AHIS",
        "SIK",
        "SHIKAR",
        "KAI",
        "RIAS",
        "RAIKS",
        "AIR",
        "SIKA",
        "SIR",
        "ASH",
        "SIHR",
        "ARS",
        "SAR",
        "ARIS",
        "SARI",
        "AHI",
        "AHS",
        "KIR",
        "HAIK",
        "HAIRS",
        "ISH",
        "RAKIS",
        "RAH",
        "ASK",
        "SRI",
        "KRAI",
        "RAS",
        "KRIS",
        "HARKS",
        "SHIR",
        "RAHS",
        "KIRS"
    ],
    "ws": [
        {
            "w": "AIRS",
            "v": false,
            "row": 3,
            "col": 3,
            "def": "Plural form of air."
        },
        {
            "w": "ARKS",
            "v": true,
            "row": 4,
            "col": 7,
            "def": "Plural form of ark."
        },
        {
            "w": "HAIR",
            "v": false,
            "row": 2,
            "col": 0,
            "def": "A pigmented filament of keratin which grows from a follicle on the skin of humans and other mammals."
        },
        {
            "w": "RASH",
            "v": false,
            "row": 7,
            "col": 0,
            "def": "Hasty, not careful or considered."
        },
        {
            "w": "RISK",
            "v": false,
            "row": 4,
            "col": 0,
            "def": "A possible, usually negative, outcome, e.g., a danger."
        },
        {
            "w": "HARK",
            "v": true,
            "row": 2,
            "col": 0,
            "def": "To listen attentively; often used in the imperative."
        },
        {
            "w": "IRKS",
            "v": false,
            "row": 0,
            "col": 2,
            "def": "Third-person singular simple present indicative form of irk."
        },
        {
            "w": "SHARK",
            "v": true,
            "row": 0,
            "col": 5,
            "def": "A scaleless, predatory fish of the superorder Selachimorpha, with a cartilaginous skeleton and 5 to 7 gill slits on each side of its head."
        },
        {
            "w": "SHIRK",
            "v": false,
            "row": 6,
            "col": 3,
            "def": "To avoid, especially a duty, responsibility, etc.; to stay away from."
        },
        {
            "w": "RAKISH",
            "v": true,
            "row": 2,
            "col": 3,
            "def": "Dashingly, carelessly, or sportingly unconventional or stylish; jaunty; characterized by a devil-may-care unconventionality; having a somewhat disreputable quality or appearance."
        }
    ]
}