{
    "id": 99,
    "sub_category": "Pass Pack",
    "category": "Canyon Group",
    "type": 0,
    "letters": "CEIOTX",
    "mov": 16,
    "shovels": 1,
    "coins": 5,
    "rows": 15,
    "cols": 15,
    "c": 0,
    "b": -1,
    "w": 7,
    "h": 6,
    "dws": [
        "TOC",
        "CIT",
        "TEX",
        "ETIC",
        "TOE",
        "TICE",
        "CITO",
        "COIT",
        "ECO",
        "TIE",
        "EXO",
        "TIC",
        "COTE",
        "TEC",
        "TIX",
        "OXIC",
        "COX",
        "OTIC"
    ],
    "ws": [
        {
            "w": "ICE",
            "v": false,
            "row": 5,
            "col": 2,
            "def": "Water in frozen (solid) form."
        },
        {
            "w": "COT",
            "v": false,
            "row": 4,
            "col": 0,
            "def": "A symbol of the trigonometric function cotangent."
        },
        {
            "w": "CITE",
            "v": true,
            "row": 0,
            "col": 4,
            "def": "To quote; to repeat, as a passage from a book, or the words of another."
        },
        {
            "w": "EXIT",
            "v": false,
            "row": 1,
            "col": 2,
            "def": "A way out."
        },
        {
            "w": "TOXIC",
            "v": true,
            "row": 0,
            "col": 0,
            "def": "Having a chemical nature that is harmful to health or lethal if consumed or otherwise entering into the body in sufficient quantities."
        },
        {
            "w": "EXOTIC",
            "v": true,
            "row": 1,
            "col": 2,
            "def": "Foreign, with the connotation of excitingly foreign."
        }
    ]
}