{
    "id": "a11eefea-0d43-11eb-a781-34363b5fdca4",
    "type": 0,
    "letters": "BBINOR",
    "mov": 17,
    "shovels": 1,
    "coins": 5,
    "rows": 6,
    "cols": 2,
    "c": 0,
    "b": -1,
    "dws": [
        "RIN",
        "BRO",
        "BOR",
        "BOI",
        "OBI",
        "NIB",
        "BOB",
        "BON",
        "NOB",
        "BIRO",
        "BRIO",
        "BRIN",
        "ROIN",
        "INRO",
        "NOIR",
        "NORI",
        "INORB",
        "ROBBIN"
    ],
    "ws": [
        {
            "w": "BIB",
            "v": true,
            "row": 5,
            "col": 7
        },
        {
            "w": "BIN",
            "v": true,
            "row": 1,
            "col": 7
        },
        {
            "w": "BIO",
            "v": true,
            "row": 0,
            "col": 2
        },
        {
            "w": "ION",
            "v": false,
            "row": 3,
            "col": 5
        },
        {
            "w": "NOR",
            "v": false,
            "row": 2,
            "col": 1
        },
        {
            "w": "ORB",
            "v": false,
            "row": 5,
            "col": 5
        },
        {
            "w": "RIB",
            "v": false,
            "row": 4,
            "col": 1
        },
        {
            "w": "ROB",
            "v": false,
            "row": 1,
            "col": 5
        },
        {
            "w": "BORN",
            "v": false,
            "row": 6,
            "col": 2
        },
        {
            "w": "IRON",
            "v": true,
            "row": 3,
            "col": 5
        },
        {
            "w": "ROBIN",
            "v": false,
            "row": 0,
            "col": 0
        },
        {
            "w": "RIBBON",
            "v": true,
            "row": 2,
            "col": 3
        }
    ]
}