{
    "id": "a6e54b04-0d39-11eb-a781-34363b5fdca4",
    "type": 0,
    "letters": "GINORW",
    "mov": 29,
    "shovels": 1,
    "coins": 5,
    "rows": 12,
    "cols": 2,
    "c": 0,
    "b": -1,
    "dws": [
        "ORG",
        "GOR",
        "RIN",
        "WOG",
        "GIO",
        "NOG",
        "GON",
        "ING",
        "ROIN",
        "INRO",
        "NOIR",
        "NORI",
        "GORI",
        "RONG",
        "GIRN",
        "WINO",
        "GNOW",
        "INGO",
        "GIRON",
        "GROIN",
        "GOWN",
        "IRON",
        "WORN",
        "NOR",
        "NOW",
        "WIN",
        "WON"
    ],
    "ws": [
        {
            "w": "GIN",
            "v": true,
            "row": 0,
            "col": 8
        },
        {
            "w": "ION",
            "v": false,
            "row": 7,
            "col": 6
        },
        {
            "w": "OWN",
            "v": true,
            "row": 7,
            "col": 0
        },
        {
            "w": "RIG",
            "v": true,
            "row": 1,
            "col": 2
        },
        {
            "w": "ROW",
            "v": true,
            "row": 5,
            "col": 1
        },
        {
            "w": "WIG",
            "v": true,
            "row": 3,
            "col": 0
        },
        {
            "w": "GIRO",
            "v": false,
            "row": 1,
            "col": 0
        },
        {
            "w": "GRIN",
            "v": false,
            "row": 3,
            "col": 2
        },
        {
            "w": "GROW",
            "v": false,
            "row": 4,
            "col": 5
        },
        {
            "w": "RING",
            "v": true,
            "row": 6,
            "col": 6
        },
        {
            "w": "WING",
            "v": false,
            "row": 0,
            "col": 5
        },
        {
            "w": "GROWN",
            "v": false,
            "row": 5,
            "col": 0
        },
        {
            "w": "OWING",
            "v": false,
            "row": 7,
            "col": 0
        },
        {
            "w": "WRING",
            "v": true,
            "row": 4,
            "col": 8
        },
        {
            "w": "WRONG",
            "v": true,
            "row": 0,
            "col": 5
        },
        {
            "w": "ROWING",
            "v": true,
            "row": 3,
            "col": 3
        }
    ]
}