{
    "id": "a7304ed4-0d47-11eb-a781-34363b5fdca4",
    "type": 0,
    "letters": "EEIRVW",
    "mov": 17,
    "shovels": 1,
    "coins": 5,
    "rows": 6,
    "cols": 2,
    "c": 0,
    "b": -1,
    "dws": [
        "VEE",
        "REV",
        "REI",
        "EWE",
        "EEW",
        "REW",
        "ERE",
        "REE",
        "WIVE",
        "VIER",
        "VIRE",
        "RIVE",
        "EREV",
        "EWER",
        "WEER",
        "WIVER",
        "REIVE",
        "REVIE"
    ],
    "ws": [
        {
            "w": "EVE",
            "v": true,
            "row": 0,
            "col": 2
        },
        {
            "w": "IRE",
            "v": false,
            "row": 6,
            "col": 1
        },
        {
            "w": "VIE",
            "v": true,
            "row": 0,
            "col": 0
        },
        {
            "w": "WEE",
            "v": false,
            "row": 7,
            "col": 3
        },
        {
            "w": "EVER",
            "v": false,
            "row": 2,
            "col": 0
        },
        {
            "w": "VEER",
            "v": false,
            "row": 4,
            "col": 3
        },
        {
            "w": "VIEW",
            "v": false,
            "row": 0,
            "col": 0
        },
        {
            "w": "WEIR",
            "v": true,
            "row": 4,
            "col": 1
        },
        {
            "w": "WERE",
            "v": true,
            "row": 0,
            "col": 7
        },
        {
            "w": "WIRE",
            "v": false,
            "row": 1,
            "col": 4
        },
        {
            "w": "REVIEW",
            "v": true,
            "row": 2,
            "col": 3
        },
        {
            "w": "VIEWER",
            "v": true,
            "row": 0,
            "col": 5
        }
    ]
}