{
    "id": "ac270d82-0d39-11eb-a781-34363b5fdca4",
    "type": 0,
    "letters": "AEFKL",
    "mov": 15,
    "shovels": 1,
    "coins": 5,
    "rows": 5,
    "cols": 2,
    "c": 0,
    "b": -1,
    "dws": [
        "ALF",
        "KAF",
        "FAE",
        "KEF",
        "LEA",
        "LEK",
        "ELK",
        "AKE",
        "KAE",
        "KEA",
        "FEAL",
        "ALEF"
    ],
    "ws": [
        {
            "w": "ALE",
            "v": false,
            "row": 2,
            "col": 4
        },
        {
            "w": "ELF",
            "v": true,
            "row": 4,
            "col": 6
        },
        {
            "w": "FAKE",
            "v": false,
            "row": 1,
            "col": 0
        },
        {
            "w": "FLAK",
            "v": true,
            "row": 1,
            "col": 5
        },
        {
            "w": "FLEA",
            "v": false,
            "row": 5,
            "col": 0
        },
        {
            "w": "KALE",
            "v": true,
            "row": 0,
            "col": 1
        },
        {
            "w": "LAKE",
            "v": false,
            "row": 4,
            "col": 3
        },
        {
            "w": "LEAF",
            "v": false,
            "row": 3,
            "col": 0
        },
        {
            "w": "LEAK",
            "v": false,
            "row": 7,
            "col": 2
        },
        {
            "w": "FLAKE",
            "v": true,
            "row": 3,
            "col": 3
        }
    ]
}