{
    "id": "adc73e6e-0d39-11eb-a781-34363b5fdca4",
    "type": 0,
    "letters": "EOSTV",
    "mov": 15,
    "shovels": 1,
    "coins": 5,
    "rows": 5,
    "cols": 2,
    "c": 0,
    "b": -1,
    "dws": [
        "SOT",
        "TES",
        "EST",
        "SOV",
        "OSE",
        "OES",
        "SEV",
        "VOE",
        "EVO",
        "TOSE",
        "VOES",
        "EVOS"
    ],
    "ws": [
        {
            "w": "SET",
            "v": false,
            "row": 5,
            "col": 5
        },
        {
            "w": "TOE",
            "v": false,
            "row": 4,
            "col": 3
        },
        {
            "w": "VET",
            "v": false,
            "row": 6,
            "col": 3
        },
        {
            "w": "TOES",
            "v": false,
            "row": 1,
            "col": 0
        },
        {
            "w": "VEST",
            "v": true,
            "row": 3,
            "col": 5
        },
        {
            "w": "VETO",
            "v": true,
            "row": 3,
            "col": 7
        },
        {
            "w": "VETS",
            "v": false,
            "row": 3,
            "col": 0
        },
        {
            "w": "VOTE",
            "v": false,
            "row": 7,
            "col": 0
        },
        {
            "w": "STOVE",
            "v": true,
            "row": 3,
            "col": 3
        },
        {
            "w": "VOTES",
            "v": true,
            "row": 0,
            "col": 1
        }
    ]
}