{
    "id": "ae35e1de-0d39-11eb-a781-34363b5fdca4",
    "type": 0,
    "letters": "BHRSU",
    "mov": 17,
    "shovels": 1,
    "coins": 5,
    "rows": 6,
    "cols": 2,
    "c": 0,
    "b": -1,
    "dws": [
        "BRU",
        "URB",
        "BRUS",
        "URBS",
        "BUHR",
        "RHUS",
        "BUHRS"
    ],
    "ws": [
        {
            "w": "BUR",
            "v": false,
            "row": 5,
            "col": 5
        },
        {
            "w": "BUS",
            "v": false,
            "row": 2,
            "col": 5
        },
        {
            "w": "HUB",
            "v": true,
            "row": 0,
            "col": 5
        },
        {
            "w": "RUB",
            "v": true,
            "row": 0,
            "col": 2
        },
        {
            "w": "SUB",
            "v": false,
            "row": 2,
            "col": 0
        },
        {
            "w": "BURS",
            "v": false,
            "row": 6,
            "col": 0
        },
        {
            "w": "BUSH",
            "v": true,
            "row": 0,
            "col": 7
        },
        {
            "w": "HUBS",
            "v": false,
            "row": 7,
            "col": 3
        },
        {
            "w": "RUBS",
            "v": true,
            "row": 4,
            "col": 6
        },
        {
            "w": "RUSH",
            "v": false,
            "row": 0,
            "col": 2
        },
        {
            "w": "BRUSH",
            "v": true,
            "row": 3,
            "col": 3
        },
        {
            "w": "SHRUB",
            "v": true,
            "row": 2,
            "col": 0
        }
    ]
}