{
    "id": "aed82f5c-0d39-11eb-a781-34363b5fdca4",
    "type": 0,
    "letters": "ORTTU",
    "mov": 17,
    "shovels": 1,
    "coins": 5,
    "rows": 6,
    "cols": 2,
    "c": 0,
    "b": -1,
    "dws": [
        "TUT",
        "TOR",
        "ORT",
        "TROU"
    ],
    "ws": [
        {
            "w": "OUR",
            "v": true,
            "row": 5,
            "col": 6
        },
        {
            "w": "OUT",
            "v": false,
            "row": 2,
            "col": 0
        },
        {
            "w": "ROT",
            "v": false,
            "row": 5,
            "col": 2
        },
        {
            "w": "RUT",
            "v": false,
            "row": 1,
            "col": 5
        },
        {
            "w": "TOT",
            "v": true,
            "row": 0,
            "col": 2
        },
        {
            "w": "ROUT",
            "v": true,
            "row": 1,
            "col": 0
        },
        {
            "w": "TORT",
            "v": true,
            "row": 1,
            "col": 7
        },
        {
            "w": "TOUR",
            "v": false,
            "row": 7,
            "col": 3
        },
        {
            "w": "TOUT",
            "v": false,
            "row": 0,
            "col": 2
        },
        {
            "w": "TROT",
            "v": true,
            "row": 0,
            "col": 5
        },
        {
            "w": "TROUT",
            "v": true,
            "row": 3,
            "col": 3
        },
        {
            "w": "TUTOR",
            "v": false,
            "row": 3,
            "col": 3
        }
    ]
}