{
    "id": "afaa9760-0d45-11eb-a781-34363b5fdca4",
    "type": 0,
    "letters": "ADELLP",
    "mov": 29,
    "shovels": 1,
    "coins": 5,
    "rows": 12,
    "cols": 2,
    "c": 0,
    "b": -1,
    "dws": [
        "ALP",
        "DAP",
        "PEL",
        "LEP",
        "PED",
        "DEP",
        "LEA",
        "DAL",
        "DAE",
        "ELL",
        "ELD",
        "DEL",
        "PELA",
        "PELL",
        "PLED",
        "LEAL",
        "LADE",
        "DELL",
        "PADLE",
        "DALLE",
        "PEDAL",
        "PLEAD",
        "LEAD",
        "LEAP",
        "PALE",
        "PALL",
        "ALL",
        "PAD"
    ],
    "ws": [
        {
            "w": "ALE",
            "v": false,
            "row": 7,
            "col": 2
        },
        {
            "w": "APE",
            "v": true,
            "row": 2,
            "col": 7
        },
        {
            "w": "LAD",
            "v": false,
            "row": 5,
            "col": 0
        },
        {
            "w": "LAP",
            "v": false,
            "row": 6,
            "col": 4
        },
        {
            "w": "LED",
            "v": true,
            "row": 0,
            "col": 3
        },
        {
            "w": "PAL",
            "v": false,
            "row": 2,
            "col": 6
        },
        {
            "w": "PEA",
            "v": false,
            "row": 3,
            "col": 0
        },
        {
            "w": "APED",
            "v": false,
            "row": 1,
            "col": 1
        },
        {
            "w": "DALE",
            "v": true,
            "row": 0,
            "col": 1
        },
        {
            "w": "DEAL",
            "v": true,
            "row": 5,
            "col": 2
        },
        {
            "w": "PEAL",
            "v": true,
            "row": 6,
            "col": 9
        },
        {
            "w": "PLEA",
            "v": true,
            "row": 6,
            "col": 6
        },
        {
            "w": "LADLE",
            "v": false,
            "row": 4,
            "col": 3
        },
        {
            "w": "LAPEL",
            "v": false,
            "row": 9,
            "col": 5
        },
        {
            "w": "PALED",
            "v": true,
            "row": 3,
            "col": 0
        },
        {
            "w": "PALLED",
            "v": true,
            "row": 3,
            "col": 4
        }
    ]
}