{
    "id": "b4998ed6-0d43-11eb-a781-34363b5fdca4",
    "type": 0,
    "letters": "BDENRU",
    "mov": 31,
    "shovels": 1,
    "coins": 5,
    "rows": 13,
    "cols": 2,
    "c": 0,
    "b": -1,
    "dws": [
        "BRU",
        "URB",
        "REB",
        "DEB",
        "BEN",
        "NEB",
        "URD",
        "RUD",
        "URE",
        "NUR",
        "REN",
        "ERN",
        "NED",
        "BURD",
        "DRUB",
        "RUBE",
        "BEDU",
        "BUND",
        "UNBE",
        "BREN",
        "URDE",
        "RUED",
        "DURE",
        "RUND",
        "DURN",
        "NURD",
        "RUNE",
        "UNDE",
        "DERN",
        "REDUB",
        "DEBUR",
        "UNBED",
        "UNRED",
        "RUNED",
        "NUDER",
        "UNBRED",
        "BURNED",
        "UNDER",
        "DUNE",
        "RUDE",
        "BUD",
        "BUR",
        "DUE",
        "NUB",
        "RUE",
        "URN"
    ],
    "ws": [
        {
            "w": "BED",
            "v": true,
            "row": 5,
            "col": 2
        },
        {
            "w": "BUN",
            "v": false,
            "row": 6,
            "col": 6
        },
        {
            "w": "DEN",
            "v": true,
            "row": 4,
            "col": 8
        },
        {
            "w": "DUB",
            "v": false,
            "row": 5,
            "col": 0
        },
        {
            "w": "DUN",
            "v": true,
            "row": 0,
            "col": 5
        },
        {
            "w": "END",
            "v": false,
            "row": 6,
            "col": 2
        },
        {
            "w": "RED",
            "v": false,
            "row": 7,
            "col": 0
        },
        {
            "w": "RUB",
            "v": true,
            "row": 7,
            "col": 0
        },
        {
            "w": "RUN",
            "v": true,
            "row": 0,
            "col": 2
        },
        {
            "w": "BEND",
            "v": false,
            "row": 2,
            "col": 0
        },
        {
            "w": "BRED",
            "v": true,
            "row": 2,
            "col": 0
        },
        {
            "w": "BURN",
            "v": true,
            "row": 6,
            "col": 6
        },
        {
            "w": "NERD",
            "v": false,
            "row": 8,
            "col": 4
        },
        {
            "w": "NUDE",
            "v": false,
            "row": 4,
            "col": 3
        },
        {
            "w": "REND",
            "v": false,
            "row": 0,
            "col": 2
        },
        {
            "w": "BURDEN",
            "v": true,
            "row": 3,
            "col": 4
        }
    ]
}