{
    "id": "b568a632-0d46-11eb-a781-34363b5fdca4",
    "type": 0,
    "letters": "ADEMSU",
    "mov": 27,
    "shovels": 1,
    "coins": 5,
    "rows": 11,
    "cols": 2,
    "c": 0,
    "b": -1,
    "dws": [
        "MED",
        "MEU",
        "EMU",
        "MES",
        "EMS",
        "MAE",
        "AME",
        "DUM",
        "MUS",
        "UMS",
        "AMU",
        "MAS",
        "SMA",
        "SAM",
        "EDS",
        "SED",
        "DAE",
        "EAU",
        "AUE",
        "EAS",
        "SAE",
        "UDS",
        "SUD",
        "DAS",
        "ADS",
        "SAU",
        "MEDS",
        "DAME",
        "MEUS",
        "EMUS",
        "MESA",
        "MASE",
        "MAES",
        "MAUD",
        "DUMA",
        "DAMS",
        "MASU",
        "AMUS",
        "DEUS",
        "SUED",
        "DAES",
        "SADE",
        "EAUS",
        "SEDUM",
        "MEADS",
        "DAMES",
        "MAUDS",
        "DUMAS",
        "ADSUM",
        "MUSED",
        "SAME",
        "DAM",
        "SEA",
        "SUE",
        "USE"
    ],
    "ws": [
        {
            "w": "DUE",
            "v": false,
            "row": 5,
            "col": 3
        },
        {
            "w": "MAD",
            "v": false,
            "row": 0,
            "col": 7
        },
        {
            "w": "MUD",
            "v": false,
            "row": 6,
            "col": 7
        },
        {
            "w": "SAD",
            "v": true,
            "row": 4,
            "col": 9
        },
        {
            "w": "SUM",
            "v": true,
            "row": 6,
            "col": 2
        },
        {
            "w": "DUES",
            "v": false,
            "row": 4,
            "col": 6
        },
        {
            "w": "MADE",
            "v": false,
            "row": 3,
            "col": 3
        },
        {
            "w": "MADS",
            "v": false,
            "row": 0,
            "col": 0
        },
        {
            "w": "MEAD",
            "v": false,
            "row": 9,
            "col": 6
        },
        {
            "w": "MUDS",
            "v": false,
            "row": 8,
            "col": 2
        },
        {
            "w": "MUSE",
            "v": true,
            "row": 6,
            "col": 7
        },
        {
            "w": "SEAM",
            "v": true,
            "row": 0,
            "col": 3
        },
        {
            "w": "USED",
            "v": true,
            "row": 1,
            "col": 6
        },
        {
            "w": "AMUSE",
            "v": true,
            "row": 0,
            "col": 8
        },
        {
            "w": "AMUSED",
            "v": true,
            "row": 3,
            "col": 4
        },
        {
            "w": "MEDUSA",
            "v": true,
            "row": 0,
            "col": 0
        }
    ]
}