{
    "id": "b6b4c62e-0d46-11eb-a781-34363b5fdca4",
    "type": 0,
    "letters": "EENRSU",
    "mov": 29,
    "shovels": 1,
    "coins": 5,
    "rows": 12,
    "cols": 2,
    "c": 0,
    "b": -1,
    "dws": [
        "ENS",
        "SEN",
        "ERN",
        "REN",
        "ENE",
        "EEN",
        "NEE",
        "ERS",
        "SER",
        "RES",
        "ESE",
        "URE",
        "ERE",
        "REE",
        "NUS",
        "UNS",
        "NUR",
        "ERNS",
        "RENS",
        "ENES",
        "ESNE",
        "SNEE",
        "SENE",
        "ERNE",
        "REEN",
        "URES",
        "ERES",
        "REES",
        "NURS",
        "ERNES",
        "REENS",
        "ENURE",
        "ENURES",
        "SNEER",
        "RUSE",
        "SEER",
        "SERE",
        "SUER",
        "RUN",
        "SUN",
        "URN"
    ],
    "ws": [
        {
            "w": "RUE",
            "v": false,
            "row": 4,
            "col": 0
        },
        {
            "w": "SEE",
            "v": false,
            "row": 8,
            "col": 2
        },
        {
            "w": "SUE",
            "v": false,
            "row": 3,
            "col": 2
        },
        {
            "w": "USE",
            "v": false,
            "row": 5,
            "col": 7
        },
        {
            "w": "RUES",
            "v": true,
            "row": 4,
            "col": 7
        },
        {
            "w": "RUNE",
            "v": false,
            "row": 2,
            "col": 6
        },
        {
            "w": "RUNS",
            "v": false,
            "row": 7,
            "col": 4
        },
        {
            "w": "SEEN",
            "v": true,
            "row": 0,
            "col": 9
        },
        {
            "w": "SURE",
            "v": true,
            "row": 0,
            "col": 6
        },
        {
            "w": "URNS",
            "v": true,
            "row": 4,
            "col": 1
        },
        {
            "w": "USER",
            "v": true,
            "row": 1,
            "col": 0
        },
        {
            "w": "ENSUE",
            "v": true,
            "row": 5,
            "col": 9
        },
        {
            "w": "NURSE",
            "v": false,
            "row": 9,
            "col": 5
        },
        {
            "w": "REUSE",
            "v": true,
            "row": 0,
            "col": 2
        },
        {
            "w": "RUNES",
            "v": false,
            "row": 0,
            "col": 2
        },
        {
            "w": "ENSURE",
            "v": true,
            "row": 3,
            "col": 4
        }
    ]
}