{
    "id": "b86d3b30-0d42-11eb-a781-34363b5fdca4",
    "type": 0,
    "letters": "AEHRRT",
    "mov": 29,
    "shovels": 1,
    "coins": 5,
    "rows": 12,
    "cols": 2,
    "c": 0,
    "b": -1,
    "dws": [
        "RAH",
        "RET",
        "REH",
        "TAE",
        "ETA",
        "HAE",
        "HET",
        "ETH",
        "RATH",
        "TAHR",
        "THAR",
        "ARET",
        "TARE",
        "RHEA",
        "TEHR",
        "THAE",
        "HAET",
        "EATH",
        "RATHE",
        "HATER",
        "HEART",
        "EARTH",
        "ARRET",
        "TARRE",
        "TERRA",
        "HART",
        "ATE",
        "EAR",
        "EAT",
        "ERA",
        "HAT",
        "RAT",
        "TAR"
    ],
    "ws": [
        {
            "w": "ARE",
            "v": true,
            "row": 1,
            "col": 3
        },
        {
            "w": "ART",
            "v": true,
            "row": 4,
            "col": 2
        },
        {
            "w": "ERR",
            "v": false,
            "row": 3,
            "col": 3
        },
        {
            "w": "HER",
            "v": false,
            "row": 7,
            "col": 3
        },
        {
            "w": "TEA",
            "v": false,
            "row": 6,
            "col": 7
        },
        {
            "w": "THE",
            "v": false,
            "row": 3,
            "col": 7
        },
        {
            "w": "HARE",
            "v": true,
            "row": 3,
            "col": 8
        },
        {
            "w": "HATE",
            "v": false,
            "row": 8,
            "col": 6
        },
        {
            "w": "HEAR",
            "v": false,
            "row": 2,
            "col": 0
        },
        {
            "w": "HEAT",
            "v": true,
            "row": 2,
            "col": 0
        },
        {
            "w": "RARE",
            "v": true,
            "row": 0,
            "col": 9
        },
        {
            "w": "RATE",
            "v": false,
            "row": 5,
            "col": 2
        },
        {
            "w": "REAR",
            "v": true,
            "row": 0,
            "col": 5
        },
        {
            "w": "TEAR",
            "v": true,
            "row": 6,
            "col": 7
        },
        {
            "w": "RATER",
            "v": false,
            "row": 0,
            "col": 5
        },
        {
            "w": "RATHER",
            "v": true,
            "row": 3,
            "col": 4
        }
    ]
}