{
    "id": "ba254f80-0d47-11eb-a781-34363b5fdca4",
    "type": 0,
    "letters": "ACELP",
    "mov": 21,
    "shovels": 1,
    "coins": 5,
    "rows": 8,
    "cols": 2,
    "c": 0,
    "b": -1,
    "dws": [
        "ALP",
        "PEL",
        "LEP",
        "PAC",
        "PEC",
        "CEP",
        "LAC",
        "CAL",
        "LEA",
        "CEL",
        "CALP",
        "PELA",
        "ALEC",
        "CAPLE"
    ],
    "ws": [
        {
            "w": "ACE",
            "v": false,
            "row": 9,
            "col": 0
        },
        {
            "w": "ALE",
            "v": true,
            "row": 0,
            "col": 6
        },
        {
            "w": "APE",
            "v": true,
            "row": 4,
            "col": 7
        },
        {
            "w": "CAP",
            "v": true,
            "row": 4,
            "col": 9
        },
        {
            "w": "LAP",
            "v": true,
            "row": 0,
            "col": 8
        },
        {
            "w": "PAL",
            "v": true,
            "row": 2,
            "col": 5
        },
        {
            "w": "PEA",
            "v": false,
            "row": 5,
            "col": 7
        },
        {
            "w": "CAPE",
            "v": false,
            "row": 2,
            "col": 3
        },
        {
            "w": "CLAP",
            "v": true,
            "row": 0,
            "col": 0
        },
        {
            "w": "LACE",
            "v": true,
            "row": 0,
            "col": 3
        },
        {
            "w": "LEAP",
            "v": false,
            "row": 1,
            "col": 6
        },
        {
            "w": "PACE",
            "v": false,
            "row": 3,
            "col": 0
        },
        {
            "w": "PALE",
            "v": true,
            "row": 6,
            "col": 2
        },
        {
            "w": "PEAL",
            "v": false,
            "row": 6,
            "col": 2
        },
        {
            "w": "PLEA",
            "v": false,
            "row": 4,
            "col": 4
        },
        {
            "w": "PLACE",
            "v": true,
            "row": 4,
            "col": 4
        }
    ]
}