{
    "id": "ba909b6a-0d46-11eb-a781-34363b5fdca4",
    "type": 0,
    "letters": "ACIMPT",
    "mov": 23,
    "shovels": 1,
    "coins": 5,
    "rows": 9,
    "cols": 2,
    "c": 0,
    "b": -1,
    "dws": [
        "AMI",
        "MIC",
        "PIA",
        "PIC",
        "ITA",
        "AIT",
        "TAI",
        "CIT",
        "PAM",
        "AMP",
        "MAC",
        "CAM",
        "TAM",
        "PAC",
        "PIMA",
        "CAMI",
        "PICA",
        "CAPI",
        "PITA",
        "CAMPI",
        "PACT",
        "TAMP"
    ],
    "ws": [
        {
            "w": "ACT",
            "v": false,
            "row": 9,
            "col": 0
        },
        {
            "w": "AIM",
            "v": true,
            "row": 5,
            "col": 1
        },
        {
            "w": "APT",
            "v": false,
            "row": 8,
            "col": 2
        },
        {
            "w": "CAP",
            "v": false,
            "row": 3,
            "col": 0
        },
        {
            "w": "CAT",
            "v": false,
            "row": 5,
            "col": 0
        },
        {
            "w": "IMP",
            "v": false,
            "row": 7,
            "col": 0
        },
        {
            "w": "MAP",
            "v": false,
            "row": 4,
            "col": 4
        },
        {
            "w": "MAT",
            "v": false,
            "row": 3,
            "col": 6
        },
        {
            "w": "PAT",
            "v": true,
            "row": 7,
            "col": 2
        },
        {
            "w": "PIT",
            "v": true,
            "row": 3,
            "col": 2
        },
        {
            "w": "TAP",
            "v": false,
            "row": 6,
            "col": 3
        },
        {
            "w": "TIC",
            "v": false,
            "row": 1,
            "col": 4
        },
        {
            "w": "TIP",
            "v": true,
            "row": 3,
            "col": 8
        },
        {
            "w": "CAMP",
            "v": true,
            "row": 1,
            "col": 6
        },
        {
            "w": "MICA",
            "v": true,
            "row": 0,
            "col": 1
        },
        {
            "w": "IMPACT",
            "v": true,
            "row": 3,
            "col": 4
        }
    ]
}