{
    "id": "bbe73c82-0d3a-11eb-a781-34363b5fdca4",
    "type": 0,
    "letters": "DELSTU",
    "mov": 29,
    "shovels": 1,
    "coins": 5,
    "rows": 12,
    "cols": 2,
    "c": 0,
    "b": -1,
    "dws": [
        "LEU",
        "ULE",
        "LUD",
        "LES",
        "SEL",
        "ELS",
        "LSD",
        "TEL",
        "ELT",
        "ELD",
        "DEL",
        "UTS",
        "UDS",
        "SUD",
        "UTE",
        "TES",
        "EST",
        "SED",
        "EDS",
        "TED",
        "SLUT",
        "LUES",
        "ULES",
        "SLUE",
        "LUDS",
        "TULE",
        "LUDE",
        "LEUD",
        "DULE",
        "TELS",
        "ELTS",
        "SELD",
        "ELDS",
        "DELS",
        "TELD",
        "DELT",
        "UTES",
        "DEUS",
        "STED",
        "TULES",
        "LUDES",
        "LEUDS",
        "SLUED",
        "DULES",
        "DULSE",
        "LUTED",
        "DELTS",
        "DUELS",
        "DUES",
        "DUET",
        "LUST",
        "LUTE",
        "SLED",
        "SUET",
        "SUE"
    ],
    "ws": [
        {
            "w": "DUE",
            "v": false,
            "row": 4,
            "col": 3
        },
        {
            "w": "LED",
            "v": false,
            "row": 5,
            "col": 6
        },
        {
            "w": "LET",
            "v": false,
            "row": 3,
            "col": 0
        },
        {
            "w": "SET",
            "v": false,
            "row": 6,
            "col": 0
        },
        {
            "w": "USE",
            "v": true,
            "row": 3,
            "col": 7
        },
        {
            "w": "DUEL",
            "v": false,
            "row": 3,
            "col": 6
        },
        {
            "w": "DUST",
            "v": true,
            "row": 0,
            "col": 2
        },
        {
            "w": "LEST",
            "v": false,
            "row": 7,
            "col": 3
        },
        {
            "w": "LETS",
            "v": true,
            "row": 3,
            "col": 0
        },
        {
            "w": "STUD",
            "v": true,
            "row": 0,
            "col": 6
        },
        {
            "w": "SUED",
            "v": false,
            "row": 9,
            "col": 6
        },
        {
            "w": "TEDS",
            "v": false,
            "row": 1,
            "col": 6
        },
        {
            "w": "USED",
            "v": true,
            "row": 6,
            "col": 9
        },
        {
            "w": "DUETS",
            "v": false,
            "row": 0,
            "col": 2
        },
        {
            "w": "LUTES",
            "v": true,
            "row": 5,
            "col": 6
        },
        {
            "w": "LUSTED",
            "v": true,
            "row": 3,
            "col": 4
        }
    ]
}