{
    "id": "bbe87ab2-0d43-11eb-a781-34363b5fdca4",
    "type": 0,
    "letters": "AERRST",
    "mov": 33,
    "shovels": 1,
    "coins": 5,
    "rows": 14,
    "cols": 2,
    "c": 0,
    "b": -1,
    "dws": [
        "ARE",
        "ERA",
        "EAR",
        "ARS",
        "RAS",
        "SAR",
        "ART",
        "RAT",
        "TAR",
        "EAS",
        "SEA",
        "SAE",
        "ATE",
        "EAT",
        "ETA",
        "TEA",
        "TAE",
        "ATS",
        "SAT",
        "TAS",
        "ERR",
        "RES",
        "ERS",
        "SER",
        "RET",
        "EST",
        "SET",
        "TES",
        "ARES",
        "ARSE",
        "RASE",
        "SERA",
        "ARET",
        "TARE",
        "ATES",
        "ETAS",
        "SETA",
        "SATE",
        "TASE",
        "TAES",
        "SERR",
        "RETS",
        "ERST",
        "TRES",
        "RARES",
        "RASER",
        "ARRET",
        "TERRA",
        "TARRE",
        "ARETS",
        "REAST",
        "RESAT",
        "EARST",
        "STRAE",
        "TERAS",
        "TASER",
        "RATERS",
        "STARER",
        "TERRAS",
        "TARRES",
        "RASTER",
        "RATER",
        "RATES",
        "TARES",
        "ARTS",
        "EARS",
        "EAST",
        "EATS",
        "ERAS",
        "RATE",
        "SEAT",
        "TSAR"
    ],
    "ws": [
        {
            "w": "ERRS",
            "v": true,
            "row": 0,
            "col": 9
        },
        {
            "w": "RARE",
            "v": true,
            "row": 6,
            "col": 6
        },
        {
            "w": "RATS",
            "v": true,
            "row": 3,
            "col": 2
        },
        {
            "w": "REAR",
            "v": false,
            "row": 3,
            "col": 2
        },
        {
            "w": "REST",
            "v": false,
            "row": 8,
            "col": 1
        },
        {
            "w": "SEAR",
            "v": false,
            "row": 7,
            "col": 4
        },
        {
            "w": "STAR",
            "v": true,
            "row": 0,
            "col": 5
        },
        {
            "w": "TARS",
            "v": false,
            "row": 5,
            "col": 2
        },
        {
            "w": "TEAR",
            "v": true,
            "row": 2,
            "col": 7
        },
        {
            "w": "TEAS",
            "v": true,
            "row": 6,
            "col": 9
        },
        {
            "w": "ASTER",
            "v": false,
            "row": 2,
            "col": 5
        },
        {
            "w": "REARS",
            "v": true,
            "row": 1,
            "col": 0
        },
        {
            "w": "STARE",
            "v": false,
            "row": 0,
            "col": 5
        },
        {
            "w": "TEARS",
            "v": false,
            "row": 9,
            "col": 5
        },
        {
            "w": "ARREST",
            "v": true,
            "row": 3,
            "col": 4
        },
        {
            "w": "RAREST",
            "v": false,
            "row": 1,
            "col": 0
        }
    ]
}