{
    "id": "bd36defa-0d47-11eb-a781-34363b5fdca4",
    "type": 0,
    "letters": "DEIPR",
    "mov": 21,
    "shovels": 1,
    "coins": 5,
    "rows": 8,
    "cols": 2,
    "c": 0,
    "b": -1,
    "dws": [
        "PIR",
        "PRE",
        "REP",
        "PED",
        "DEP",
        "REI",
        "IDE",
        "DEI",
        "PERI",
        "IRED",
        "RIPED",
        "REDIP"
    ],
    "ws": [
        {
            "w": "DIE",
            "v": false,
            "row": 1,
            "col": 0
        },
        {
            "w": "DIP",
            "v": true,
            "row": 4,
            "col": 8
        },
        {
            "w": "IRE",
            "v": true,
            "row": 6,
            "col": 7
        },
        {
            "w": "PER",
            "v": true,
            "row": 0,
            "col": 2
        },
        {
            "w": "PIE",
            "v": false,
            "row": 3,
            "col": 3
        },
        {
            "w": "RED",
            "v": false,
            "row": 4,
            "col": 6
        },
        {
            "w": "RID",
            "v": false,
            "row": 5,
            "col": 2
        },
        {
            "w": "RIP",
            "v": false,
            "row": 6,
            "col": 6
        },
        {
            "w": "DIRE",
            "v": false,
            "row": 7,
            "col": 0
        },
        {
            "w": "DRIP",
            "v": false,
            "row": 2,
            "col": 5
        },
        {
            "w": "PIED",
            "v": true,
            "row": 4,
            "col": 0
        },
        {
            "w": "PIER",
            "v": false,
            "row": 0,
            "col": 2
        },
        {
            "w": "RIDE",
            "v": true,
            "row": 0,
            "col": 5
        },
        {
            "w": "RIPE",
            "v": true,
            "row": 1,
            "col": 7
        },
        {
            "w": "PRIDE",
            "v": true,
            "row": 3,
            "col": 3
        },
        {
            "w": "PRIED",
            "v": false,
            "row": 8,
            "col": 4
        }
    ]
}