{
    "id": "be0fe35a-0d3b-11eb-a781-34363b5fdca4",
    "type": 0,
    "letters": "AEEKRT",
    "mov": 29,
    "shovels": 1,
    "coins": 5,
    "rows": 12,
    "cols": 2,
    "c": 0,
    "b": -1,
    "dws": [
        "RET",
        "ERK",
        "REE",
        "ERE",
        "ETA",
        "TAE",
        "KET",
        "AKE",
        "KAE",
        "KEA",
        "EEK",
        "TAK",
        "KAT",
        "TARE",
        "ARET",
        "RETE",
        "TEER",
        "REAK",
        "REKE",
        "KETA",
        "TEEK",
        "KETE",
        "KEET",
        "AKEE",
        "REATE",
        "ARETE",
        "TEREK",
        "RAKEE",
        "EATER",
        "TAKER",
        "REEK",
        "TAKE",
        "EAT",
        "EKE",
        "ERA",
        "RAT"
    ],
    "ws": [
        {
            "w": "ARE",
            "v": true,
            "row": 3,
            "col": 0
        },
        {
            "w": "ARK",
            "v": false,
            "row": 1,
            "col": 5
        },
        {
            "w": "ART",
            "v": false,
            "row": 6,
            "col": 3
        },
        {
            "w": "ATE",
            "v": false,
            "row": 5,
            "col": 6
        },
        {
            "w": "EAR",
            "v": false,
            "row": 7,
            "col": 5
        },
        {
            "w": "TAR",
            "v": true,
            "row": 5,
            "col": 7
        },
        {
            "w": "TEA",
            "v": true,
            "row": 0,
            "col": 2
        },
        {
            "w": "TEE",
            "v": true,
            "row": 6,
            "col": 5
        },
        {
            "w": "KART",
            "v": true,
            "row": 0,
            "col": 5
        },
        {
            "w": "RAKE",
            "v": false,
            "row": 8,
            "col": 0
        },
        {
            "w": "RATE",
            "v": false,
            "row": 4,
            "col": 0
        },
        {
            "w": "TEAK",
            "v": true,
            "row": 6,
            "col": 1
        },
        {
            "w": "TEAR",
            "v": false,
            "row": 3,
            "col": 5
        },
        {
            "w": "TREE",
            "v": true,
            "row": 2,
            "col": 8
        },
        {
            "w": "TREK",
            "v": false,
            "row": 0,
            "col": 2
        },
        {
            "w": "RETAKE",
            "v": true,
            "row": 3,
            "col": 3
        }
    ]
}