{
    "id": "c058b0b2-0d39-11eb-a781-34363b5fdca4",
    "type": 0,
    "letters": "HILOPS",
    "mov": 25,
    "shovels": 1,
    "coins": 5,
    "rows": 10,
    "cols": 2,
    "c": 0,
    "b": -1,
    "dws": [
        "POL",
        "LOP",
        "POI",
        "POS",
        "OPS",
        "SOP",
        "POH",
        "PHO",
        "PIS",
        "PSI",
        "PHI",
        "LOS",
        "SOL",
        "OIS",
        "IOS",
        "ISO",
        "HOI",
        "OHS",
        "SOH",
        "SHO",
        "HOS",
        "LIS",
        "ISH",
        "LIPO",
        "POLS",
        "LOPS",
        "HOLP",
        "POIS",
        "PISO",
        "PHOS",
        "SOPH",
        "PISH",
        "PHIS",
        "SOLI",
        "LOSH",
        "HOLS",
        "POLIS",
        "LIPOS",
        "SOPHI",
        "LIPS",
        "SHOP",
        "SLIP",
        "LIP"
    ],
    "ws": [
        {
            "w": "HIP",
            "v": true,
            "row": 0,
            "col": 7
        },
        {
            "w": "HIS",
            "v": true,
            "row": 2,
            "col": 5
        },
        {
            "w": "HOP",
            "v": false,
            "row": 0,
            "col": 2
        },
        {
            "w": "OIL",
            "v": true,
            "row": 1,
            "col": 0
        },
        {
            "w": "SIP",
            "v": false,
            "row": 5,
            "col": 6
        },
        {
            "w": "HIPS",
            "v": true,
            "row": 0,
            "col": 2
        },
        {
            "w": "HOPS",
            "v": false,
            "row": 2,
            "col": 5
        },
        {
            "w": "LISP",
            "v": false,
            "row": 3,
            "col": 0
        },
        {
            "w": "OILS",
            "v": false,
            "row": 9,
            "col": 4
        },
        {
            "w": "POSH",
            "v": false,
            "row": 8,
            "col": 0
        },
        {
            "w": "SHIP",
            "v": true,
            "row": 5,
            "col": 0
        },
        {
            "w": "SILO",
            "v": false,
            "row": 7,
            "col": 3
        },
        {
            "w": "SLOP",
            "v": true,
            "row": 2,
            "col": 8
        },
        {
            "w": "SOIL",
            "v": false,
            "row": 5,
            "col": 0
        },
        {
            "w": "SPOIL",
            "v": true,
            "row": 5,
            "col": 6
        },
        {
            "w": "POLISH",
            "v": true,
            "row": 3,
            "col": 3
        }
    ]
}