{
    "id": "c3a1b1a6-0d43-11eb-a781-34363b5fdca4",
    "type": 0,
    "letters": "DGINRS",
    "mov": 29,
    "shovels": 1,
    "coins": 5,
    "rows": 12,
    "cols": 2,
    "c": 0,
    "b": -1,
    "dws": [
        "ING",
        "GID",
        "GIS",
        "SIG",
        "RIN",
        "SRI",
        "NID",
        "INS",
        "NIS",
        "IDS",
        "DIS",
        "GIRN",
        "GRIS",
        "DING",
        "INGS",
        "SNIG",
        "GIDS",
        "RINS",
        "NIDS",
        "DINS",
        "SIND",
        "GIRNS",
        "GIRDS",
        "DINGS",
        "GRIDS",
        "GRIND",
        "RINDS",
        "RIND",
        "RING",
        "DIN",
        "RIG",
        "SIR"
    ],
    "ws": [
        {
            "w": "DIG",
            "v": true,
            "row": 7,
            "col": 1
        },
        {
            "w": "GIN",
            "v": false,
            "row": 2,
            "col": 7
        },
        {
            "w": "RID",
            "v": false,
            "row": 4,
            "col": 7
        },
        {
            "w": "SIN",
            "v": true,
            "row": 0,
            "col": 9
        },
        {
            "w": "DIGS",
            "v": true,
            "row": 4,
            "col": 9
        },
        {
            "w": "GINS",
            "v": true,
            "row": 1,
            "col": 0
        },
        {
            "w": "GIRD",
            "v": true,
            "row": 2,
            "col": 7
        },
        {
            "w": "GRID",
            "v": false,
            "row": 1,
            "col": 0
        },
        {
            "w": "GRIN",
            "v": true,
            "row": 0,
            "col": 5
        },
        {
            "w": "RIDS",
            "v": true,
            "row": 0,
            "col": 2
        },
        {
            "w": "RIGS",
            "v": false,
            "row": 7,
            "col": 6
        },
        {
            "w": "SIGN",
            "v": false,
            "row": 3,
            "col": 2
        },
        {
            "w": "SING",
            "v": false,
            "row": 6,
            "col": 2
        },
        {
            "w": "GRINS",
            "v": false,
            "row": 0,
            "col": 5
        },
        {
            "w": "RINGS",
            "v": false,
            "row": 8,
            "col": 0
        },
        {
            "w": "GRINDS",
            "v": true,
            "row": 3,
            "col": 4
        }
    ]
}