{
    "id": "c4eff464-0d39-11eb-a781-34363b5fdca4",
    "type": 0,
    "letters": "ACELLR",
    "mov": 25,
    "shovels": 1,
    "coins": 5,
    "rows": 10,
    "cols": 2,
    "c": 0,
    "b": -1,
    "dws": [
        "REC",
        "LAR",
        "CEL",
        "LEA",
        "ELL",
        "CAL",
        "LAC",
        "ACER",
        "RALE",
        "ARLE",
        "LEAR",
        "LAER",
        "LARE",
        "CARL",
        "ALEC",
        "LEAL",
        "CARLE",
        "LACER",
        "CELLA",
        "RECALL",
        "CLEAR",
        "CELL",
        "REAL"
    ],
    "ws": [
        {
            "w": "ACE",
            "v": false,
            "row": 6,
            "col": 2
        },
        {
            "w": "ALE",
            "v": true,
            "row": 5,
            "col": 0
        },
        {
            "w": "ALL",
            "v": false,
            "row": 8,
            "col": 5
        },
        {
            "w": "ARC",
            "v": false,
            "row": 5,
            "col": 0
        },
        {
            "w": "ARE",
            "v": false,
            "row": 6,
            "col": 7
        },
        {
            "w": "CAR",
            "v": true,
            "row": 5,
            "col": 2
        },
        {
            "w": "EAR",
            "v": false,
            "row": 3,
            "col": 3
        },
        {
            "w": "ERA",
            "v": false,
            "row": 3,
            "col": 7
        },
        {
            "w": "ACRE",
            "v": true,
            "row": 3,
            "col": 9
        },
        {
            "w": "CALL",
            "v": false,
            "row": 1,
            "col": 6
        },
        {
            "w": "CARE",
            "v": false,
            "row": 0,
            "col": 1
        },
        {
            "w": "EARL",
            "v": true,
            "row": 5,
            "col": 7
        },
        {
            "w": "LACE",
            "v": false,
            "row": 5,
            "col": 4
        },
        {
            "w": "RACE",
            "v": true,
            "row": 0,
            "col": 7
        },
        {
            "w": "CALLER",
            "v": true,
            "row": 2,
            "col": 4
        },
        {
            "w": "CELLAR",
            "v": true,
            "row": 0,
            "col": 1
        }
    ]
}