{
    "id": "c56beb3a-0d3b-11eb-a781-34363b5fdca4",
    "type": 0,
    "letters": "EERRSV",
    "mov": 17,
    "shovels": 1,
    "coins": 5,
    "rows": 6,
    "cols": 2,
    "c": 0,
    "b": -1,
    "dws": [
        "SER",
        "ERS",
        "RES",
        "SEV",
        "ESE",
        "REV",
        "ERE",
        "REE",
        "VEE",
        "REVS",
        "VERS",
        "SERE",
        "ERES",
        "REES",
        "SERR",
        "EVES",
        "VEES",
        "EREV",
        "EREVS",
        "SERER",
        "REVERS",
        "VERSER"
    ],
    "ws": [
        {
            "w": "ERR",
            "v": true,
            "row": 0,
            "col": 2
        },
        {
            "w": "EVE",
            "v": false,
            "row": 3,
            "col": 3
        },
        {
            "w": "SEE",
            "v": false,
            "row": 2,
            "col": 5
        },
        {
            "w": "ERRS",
            "v": false,
            "row": 2,
            "col": 0
        },
        {
            "w": "EVER",
            "v": true,
            "row": 0,
            "col": 7
        },
        {
            "w": "SEER",
            "v": false,
            "row": 7,
            "col": 0
        },
        {
            "w": "VEER",
            "v": false,
            "row": 4,
            "col": 0
        },
        {
            "w": "SERVE",
            "v": true,
            "row": 1,
            "col": 0
        },
        {
            "w": "SEVER",
            "v": true,
            "row": 2,
            "col": 5
        },
        {
            "w": "VEERS",
            "v": false,
            "row": 5,
            "col": 3
        },
        {
            "w": "VERSE",
            "v": false,
            "row": 0,
            "col": 1
        },
        {
            "w": "SERVER",
            "v": true,
            "row": 2,
            "col": 3
        }
    ]
}