{
    "id": "c724b57a-0d44-11eb-a781-34363b5fdca4",
    "type": 0,
    "letters": "AELLMT",
    "mov": 31,
    "shovels": 1,
    "coins": 5,
    "rows": 13,
    "cols": 2,
    "c": 0,
    "b": -1,
    "dws": [
        "MAL",
        "LAM",
        "MAE",
        "AME",
        "TAM",
        "MEL",
        "LEA",
        "ALT",
        "LAT",
        "ETA",
        "TAE",
        "ELL",
        "ELT",
        "TEL",
        "MELA",
        "ALME",
        "LEAM",
        "META",
        "MELL",
        "LEAL",
        "LEAT",
        "TELA",
        "TAEL",
        "METAL",
        "MALL",
        "MALT",
        "MEAL",
        "MEAT",
        "TAME",
        "TEAM",
        "TELL",
        "ALL",
        "MAT"
    ],
    "ws": [
        {
            "w": "ALE",
            "v": false,
            "row": 7,
            "col": 0
        },
        {
            "w": "ATE",
            "v": true,
            "row": 6,
            "col": 6
        },
        {
            "w": "EAT",
            "v": false,
            "row": 7,
            "col": 4
        },
        {
            "w": "ELM",
            "v": true,
            "row": 3,
            "col": 7
        },
        {
            "w": "LET",
            "v": false,
            "row": 4,
            "col": 7
        },
        {
            "w": "MET",
            "v": true,
            "row": 0,
            "col": 3
        },
        {
            "w": "TEA",
            "v": false,
            "row": 4,
            "col": 2
        },
        {
            "w": "LAME",
            "v": false,
            "row": 1,
            "col": 0
        },
        {
            "w": "LATE",
            "v": false,
            "row": 9,
            "col": 0
        },
        {
            "w": "MALE",
            "v": false,
            "row": 3,
            "col": 4
        },
        {
            "w": "MATE",
            "v": true,
            "row": 2,
            "col": 9
        },
        {
            "w": "MELT",
            "v": false,
            "row": 0,
            "col": 3
        },
        {
            "w": "TALE",
            "v": true,
            "row": 4,
            "col": 2
        },
        {
            "w": "TALL",
            "v": true,
            "row": 6,
            "col": 0
        },
        {
            "w": "TEAL",
            "v": true,
            "row": 0,
            "col": 6
        },
        {
            "w": "MALLET",
            "v": true,
            "row": 3,
            "col": 4
        }
    ]
}