{
    "id": "c794c6f8-0d44-11eb-a781-34363b5fdca4",
    "type": 0,
    "letters": "GINRST",
    "mov": 31,
    "shovels": 1,
    "coins": 5,
    "rows": 13,
    "cols": 2,
    "c": 0,
    "b": -1,
    "dws": [
        "TIS",
        "SRI",
        "INS",
        "NIS",
        "SIG",
        "GIS",
        "RIT",
        "TIG",
        "GIT",
        "RIN",
        "ING",
        "RITS",
        "SNIT",
        "TIGS",
        "GITS",
        "RINS",
        "GRIS",
        "SNIG",
        "INGS",
        "TRIN",
        "TRIG",
        "TING",
        "GIRN",
        "SNIRT",
        "TRINS",
        "STRIG",
        "TRIGS",
        "GIRTS",
        "TINGS",
        "GIRNS",
        "GRINS",
        "RINGS",
        "GIRT",
        "NITS",
        "RING",
        "SING",
        "GIN",
        "SIR",
        "SIT",
        "TIN"
    ],
    "ws": [
        {
            "w": "ITS",
            "v": false,
            "row": 6,
            "col": 0
        },
        {
            "w": "NIT",
            "v": false,
            "row": 9,
            "col": 6
        },
        {
            "w": "RIG",
            "v": false,
            "row": 1,
            "col": 7
        },
        {
            "w": "SIN",
            "v": false,
            "row": 0,
            "col": 1
        },
        {
            "w": "GINS",
            "v": false,
            "row": 2,
            "col": 0
        },
        {
            "w": "GIST",
            "v": true,
            "row": 5,
            "col": 0
        },
        {
            "w": "GRIN",
            "v": true,
            "row": 0,
            "col": 7
        },
        {
            "w": "GRIT",
            "v": false,
            "row": 4,
            "col": 1
        },
        {
            "w": "RIGS",
            "v": false,
            "row": 5,
            "col": 6
        },
        {
            "w": "SIGN",
            "v": false,
            "row": 3,
            "col": 4
        },
        {
            "w": "STIR",
            "v": true,
            "row": 6,
            "col": 2
        },
        {
            "w": "TINS",
            "v": false,
            "row": 7,
            "col": 2
        },
        {
            "w": "GRIST",
            "v": true,
            "row": 5,
            "col": 8
        },
        {
            "w": "GRITS",
            "v": true,
            "row": 1,
            "col": 9
        },
        {
            "w": "STING",
            "v": true,
            "row": 0,
            "col": 1
        },
        {
            "w": "STRING",
            "v": true,
            "row": 3,
            "col": 4
        }
    ]
}