{
    "id": "ce2fb60e-0d43-11eb-a781-34363b5fdca4",
    "type": 0,
    "letters": "AEHRRS",
    "mov": 31,
    "shovels": 1,
    "coins": 5,
    "rows": 13,
    "cols": 2,
    "c": 0,
    "b": -1,
    "dws": [
        "RAS",
        "ARS",
        "SAR",
        "RAH",
        "RES",
        "SER",
        "ERS",
        "REH",
        "AHS",
        "SHA",
        "SAE",
        "EAS",
        "HAE",
        "HES",
        "EHS",
        "RAHS",
        "RASE",
        "ARSE",
        "ARES",
        "SERA",
        "RHEA",
        "REHS",
        "RESH",
        "SERR",
        "SHEA",
        "HAES",
        "RHEAS",
        "RASER",
        "RARES",
        "HARES",
        "SHEAR",
        "HERS",
        "REAR",
        "SEAR",
        "ARE",
        "ERA",
        "ERR",
        "HER",
        "SEA"
    ],
    "ws": [
        {
            "w": "ASH",
            "v": false,
            "row": 9,
            "col": 6
        },
        {
            "w": "EAR",
            "v": true,
            "row": 0,
            "col": 0
        },
        {
            "w": "HAS",
            "v": false,
            "row": 5,
            "col": 7
        },
        {
            "w": "SHE",
            "v": true,
            "row": 0,
            "col": 5
        },
        {
            "w": "EARS",
            "v": false,
            "row": 0,
            "col": 0
        },
        {
            "w": "ERAS",
            "v": true,
            "row": 0,
            "col": 7
        },
        {
            "w": "ERRS",
            "v": false,
            "row": 5,
            "col": 1
        },
        {
            "w": "HARE",
            "v": false,
            "row": 6,
            "col": 4
        },
        {
            "w": "HEAR",
            "v": false,
            "row": 3,
            "col": 1
        },
        {
            "w": "RARE",
            "v": true,
            "row": 0,
            "col": 2
        },
        {
            "w": "RASH",
            "v": true,
            "row": 5,
            "col": 2
        },
        {
            "w": "HEARS",
            "v": true,
            "row": 5,
            "col": 7
        },
        {
            "w": "REARS",
            "v": true,
            "row": 1,
            "col": 9
        },
        {
            "w": "SHARE",
            "v": false,
            "row": 8,
            "col": 1
        },
        {
            "w": "RASHER",
            "v": true,
            "row": 3,
            "col": 4
        },
        {
            "w": "SHARER",
            "v": false,
            "row": 1,
            "col": 4
        }
    ]
}