{
    "id": "cfcabf6e-0d42-11eb-a781-34363b5fdca4",
    "type": 0,
    "letters": "AELNRU",
    "mov": 29,
    "shovels": 1,
    "coins": 5,
    "rows": 12,
    "cols": 2,
    "c": 0,
    "b": -1,
    "dws": [
        "ERN",
        "REN",
        "NAE",
        "EAN",
        "ANE",
        "NUR",
        "LUN",
        "RNA",
        "URE",
        "EAU",
        "AUE",
        "ULE",
        "LEU",
        "LEA",
        "LUR",
        "ALU",
        "LAR",
        "AUNE",
        "NARE",
        "REAN",
        "NEAL",
        "ELAN",
        "RAUN",
        "NURL",
        "ULAN",
        "ULNA",
        "LARN",
        "RALE",
        "ARLE",
        "LARE",
        "LAER",
        "LEAR",
        "URENA",
        "ULNAE",
        "NERAL",
        "URNAL",
        "ULNAR",
        "UREAL",
        "ALURE",
        "UNREAL",
        "ULNARE",
        "LUNAR",
        "NEAR",
        "EAR",
        "ERA",
        "RAN",
        "RUE",
        "RUN",
        "URN"
    ],
    "ws": [
        {
            "w": "ALE",
            "v": false,
            "row": 9,
            "col": 7
        },
        {
            "w": "ARE",
            "v": true,
            "row": 0,
            "col": 3
        },
        {
            "w": "EARL",
            "v": true,
            "row": 6,
            "col": 0
        },
        {
            "w": "EARN",
            "v": true,
            "row": 1,
            "col": 1
        },
        {
            "w": "LANE",
            "v": false,
            "row": 2,
            "col": 0
        },
        {
            "w": "LEAN",
            "v": false,
            "row": 9,
            "col": 0
        },
        {
            "w": "LUNA",
            "v": true,
            "row": 6,
            "col": 2
        },
        {
            "w": "LUNE",
            "v": false,
            "row": 8,
            "col": 4
        },
        {
            "w": "LURE",
            "v": false,
            "row": 6,
            "col": 2
        },
        {
            "w": "REAL",
            "v": false,
            "row": 4,
            "col": 3
        },
        {
            "w": "RULE",
            "v": false,
            "row": 0,
            "col": 6
        },
        {
            "w": "RUNE",
            "v": false,
            "row": 1,
            "col": 3
        },
        {
            "w": "UREA",
            "v": true,
            "row": 6,
            "col": 7
        },
        {
            "w": "LEARN",
            "v": true,
            "row": 0,
            "col": 8
        },
        {
            "w": "RENAL",
            "v": true,
            "row": 0,
            "col": 6
        },
        {
            "w": "NEURAL",
            "v": true,
            "row": 3,
            "col": 4
        }
    ]
}