{
    "id": "d18d37f2-0d40-11eb-a781-34363b5fdca4",
    "type": 0,
    "letters": "AGINNW",
    "mov": 17,
    "shovels": 1,
    "coins": 5,
    "rows": 6,
    "cols": 2,
    "c": 0,
    "b": -1,
    "dws": [
        "AWN",
        "NAW",
        "WAI",
        "GAW",
        "ANI",
        "AIN",
        "ANN",
        "NAN",
        "GAN",
        "ING",
        "WAIN",
        "WANG",
        "WINN",
        "NAIN",
        "AGIN",
        "NANG",
        "GINN",
        "WIGAN",
        "AWING",
        "GNAWN",
        "INGAN"
    ],
    "ws": [
        {
            "w": "GIN",
            "v": false,
            "row": 7,
            "col": 3
        },
        {
            "w": "INN",
            "v": false,
            "row": 4,
            "col": 2
        },
        {
            "w": "NAG",
            "v": true,
            "row": 3,
            "col": 7
        },
        {
            "w": "WAG",
            "v": false,
            "row": 5,
            "col": 5
        },
        {
            "w": "WAN",
            "v": true,
            "row": 5,
            "col": 5
        },
        {
            "w": "WIG",
            "v": true,
            "row": 0,
            "col": 1
        },
        {
            "w": "WIN",
            "v": false,
            "row": 3,
            "col": 5
        },
        {
            "w": "GAIN",
            "v": false,
            "row": 6,
            "col": 0
        },
        {
            "w": "GNAW",
            "v": false,
            "row": 2,
            "col": 1
        },
        {
            "w": "WING",
            "v": true,
            "row": 3,
            "col": 0
        },
        {
            "w": "AWNING",
            "v": true,
            "row": 2,
            "col": 3
        },
        {
            "w": "WANING",
            "v": false,
            "row": 0,
            "col": 1
        }
    ]
}