{
    "id": "d7bca00a-0d3a-11eb-a781-34363b5fdca4",
    "type": 0,
    "letters": "FIRSTU",
    "mov": 29,
    "shovels": 1,
    "coins": 5,
    "rows": 12,
    "cols": 2,
    "c": 0,
    "b": -1,
    "dws": [
        "RIF",
        "IFS",
        "SIF",
        "RIT",
        "SRI",
        "TUI",
        "SUI",
        "UTS",
        "TIS",
        "FRIT",
        "FRIS",
        "RIFS",
        "FUST",
        "RITS",
        "UTIS",
        "TUIS",
        "SITU",
        "FRUST",
        "FRITS",
        "FRIST",
        "FRUIT",
        "FIRS",
        "FIST",
        "FITS",
        "RIFT",
        "RUST",
        "SUIT",
        "RUT"
    ],
    "ws": [
        {
            "w": "FIR",
            "v": true,
            "row": 0,
            "col": 6
        },
        {
            "w": "FIT",
            "v": false,
            "row": 0,
            "col": 6
        },
        {
            "w": "FUR",
            "v": false,
            "row": 2,
            "col": 4
        },
        {
            "w": "ITS",
            "v": false,
            "row": 8,
            "col": 1
        },
        {
            "w": "SIR",
            "v": false,
            "row": 3,
            "col": 2
        },
        {
            "w": "SIT",
            "v": false,
            "row": 8,
            "col": 7
        },
        {
            "w": "FURS",
            "v": true,
            "row": 0,
            "col": 2
        },
        {
            "w": "RUTS",
            "v": true,
            "row": 0,
            "col": 0
        },
        {
            "w": "SIFT",
            "v": true,
            "row": 5,
            "col": 2
        },
        {
            "w": "STIR",
            "v": false,
            "row": 5,
            "col": 2
        },
        {
            "w": "SURF",
            "v": false,
            "row": 7,
            "col": 4
        },
        {
            "w": "TURF",
            "v": true,
            "row": 0,
            "col": 8
        },
        {
            "w": "FIRST",
            "v": true,
            "row": 4,
            "col": 9
        },
        {
            "w": "RIFTS",
            "v": false,
            "row": 0,
            "col": 0
        },
        {
            "w": "TURFS",
            "v": true,
            "row": 4,
            "col": 7
        },
        {
            "w": "FRUITS",
            "v": true,
            "row": 2,
            "col": 4
        }
    ]
}