{
    "id": "d96e7d06-0d3a-11eb-a781-34363b5fdca4",
    "type": 0,
    "letters": "DENORW",
    "mov": 27,
    "shovels": 1,
    "coins": 5,
    "rows": 11,
    "cols": 2,
    "c": 0,
    "b": -1,
    "dws": [
        "WON",
        "OWN",
        "NOW",
        "DOW",
        "WOE",
        "OWE",
        "ROW",
        "WEN",
        "NEW",
        "WED",
        "DEW",
        "REW",
        "NOD",
        "DON",
        "ONE",
        "EON",
        "NOR",
        "ODE",
        "DOE",
        "ORD",
        "DOR",
        "ROD",
        "ORE",
        "REO",
        "ROE",
        "NED",
        "DEN",
        "END",
        "ERN",
        "REN",
        "RED",
        "WONE",
        "ENOW",
        "DROW",
        "WERO",
        "OWER",
        "OWRE",
        "DOEN",
        "ONER",
        "RENO",
        "RONE",
        "DORE",
        "DERO",
        "ROED",
        "DERN",
        "NOWED",
        "ROWEN",
        "REWON",
        "DOWER",
        "DONER",
        "REDON",
        "RONDE",
        "DOWNER",
        "DRONE",
        "ENDOW",
        "OWNER",
        "DONE",
        "WORD",
        "WORE"
    ],
    "ws": [
        {
            "w": "DOER",
            "v": true,
            "row": 0,
            "col": 5
        },
        {
            "w": "DOWN",
            "v": true,
            "row": 6,
            "col": 9
        },
        {
            "w": "DREW",
            "v": true,
            "row": 2,
            "col": 2
        },
        {
            "w": "NERD",
            "v": false,
            "row": 6,
            "col": 6
        },
        {
            "w": "NODE",
            "v": true,
            "row": 3,
            "col": 7
        },
        {
            "w": "OWED",
            "v": false,
            "row": 1,
            "col": 5
        },
        {
            "w": "REDO",
            "v": false,
            "row": 2,
            "col": 0
        },
        {
            "w": "REND",
            "v": false,
            "row": 9,
            "col": 0
        },
        {
            "w": "RODE",
            "v": true,
            "row": 6,
            "col": 1
        },
        {
            "w": "WEND",
            "v": false,
            "row": 5,
            "col": 2
        },
        {
            "w": "WORN",
            "v": false,
            "row": 9,
            "col": 6
        },
        {
            "w": "WREN",
            "v": false,
            "row": 3,
            "col": 4
        },
        {
            "w": "DROWN",
            "v": true,
            "row": 1,
            "col": 0
        },
        {
            "w": "OWNED",
            "v": false,
            "row": 7,
            "col": 1
        },
        {
            "w": "ROWED",
            "v": false,
            "row": 0,
            "col": 1
        },
        {
            "w": "WONDER",
            "v": true,
            "row": 3,
            "col": 4
        }
    ]
}