{
    "id": "dc6c54e0-0d46-11eb-a781-34363b5fdca4",
    "type": 0,
    "letters": "AEIMNR",
    "mov": 37,
    "shovels": 1,
    "coins": 5,
    "rows": 16,
    "cols": 2,
    "c": 0,
    "b": -1,
    "dws": [
        "REM",
        "ERM",
        "REI",
        "REN",
        "ERN",
        "MIR",
        "RAI",
        "RIA",
        "RNA",
        "RIN",
        "MAE",
        "AME",
        "EAN",
        "ANE",
        "NAE",
        "NIE",
        "AMI",
        "MNA",
        "NAM",
        "NIM",
        "AIN",
        "ANI",
        "REIM",
        "RIME",
        "RIEM",
        "EMIR",
        "MERI",
        "REAN",
        "NARE",
        "RINE",
        "RAMI",
        "RIMA",
        "MAIR",
        "AMIR",
        "RANI",
        "AIRN",
        "AMIE",
        "NEMA",
        "MEIN",
        "MIEN",
        "EINA",
        "AINE",
        "MANI",
        "MINA",
        "AMIN",
        "RAMIE",
        "REMAN",
        "RAMEN",
        "ENARM",
        "NAMER",
        "INERM",
        "RAMIN",
        "MINAR",
        "INARM",
        "MINAE",
        "ANIME",
        "MAINER",
        "REMAIN",
        "AMEN",
        "MAIN",
        "MINE",
        "NEAR",
        "REAM",
        "REIN",
        "AIM",
        "AIR",
        "ARE",
        "ARM",
        "EAR",
        "IRE",
        "MEN",
        "RAN",
        "RIM"
    ],
    "ws": [
        {
            "w": "ERA",
            "v": false,
            "row": 4,
            "col": 0
        },
        {
            "w": "MAN",
            "v": true,
            "row": 1,
            "col": 5
        },
        {
            "w": "MAR",
            "v": true,
            "row": 3,
            "col": 2
        },
        {
            "w": "RAM",
            "v": false,
            "row": 0,
            "col": 1
        },
        {
            "w": "EARN",
            "v": true,
            "row": 6,
            "col": 9
        },
        {
            "w": "MANE",
            "v": true,
            "row": 0,
            "col": 3
        },
        {
            "w": "MARE",
            "v": true,
            "row": 0,
            "col": 9
        },
        {
            "w": "MEAN",
            "v": false,
            "row": 3,
            "col": 2
        },
        {
            "w": "MIRE",
            "v": true,
            "row": 1,
            "col": 0
        },
        {
            "w": "NAME",
            "v": false,
            "row": 8,
            "col": 4
        },
        {
            "w": "RAIN",
            "v": true,
            "row": 6,
            "col": 0
        },
        {
            "w": "AIMER",
            "v": false,
            "row": 2,
            "col": 5
        },
        {
            "w": "AMINE",
            "v": false,
            "row": 7,
            "col": 0
        },
        {
            "w": "MINER",
            "v": true,
            "row": 5,
            "col": 7
        },
        {
            "w": "AIRMEN",
            "v": true,
            "row": 3,
            "col": 4
        },
        {
            "w": "MARINE",
            "v": false,
            "row": 6,
            "col": 4
        }
    ]
}