{
    "id": "df4faf38-0d3a-11eb-a781-34363b5fdca4",
    "type": 0,
    "letters": "AENORS",
    "mov": 29,
    "shovels": 1,
    "coins": 5,
    "rows": 12,
    "cols": 2,
    "c": 0,
    "b": -1,
    "dws": [
        "ERA",
        "EAR",
        "ARE",
        "RES",
        "ERS",
        "SER",
        "REO",
        "ROE",
        "ORE",
        "REN",
        "ERN",
        "RAS",
        "ARS",
        "SAR",
        "OAR",
        "ORA",
        "RAN",
        "RNA",
        "ORS",
        "NOR",
        "EAS",
        "SAE",
        "SEA",
        "EAN",
        "ANE",
        "NAE",
        "OSE",
        "OES",
        "ENS",
        "SEN",
        "EON",
        "ONE",
        "ANS",
        "SAN",
        "NAS",
        "SON",
        "ONS",
        "NOS",
        "RASE",
        "ARES",
        "ARSE",
        "SERA",
        "AERO",
        "REAN",
        "NARE",
        "REOS",
        "ROES",
        "EROS",
        "RENS",
        "ERNS",
        "RENO",
        "RONE",
        "ONER",
        "SORA",
        "OSAR",
        "SNAR",
        "ROAN",
        "SORN",
        "EANS",
        "ANES",
        "SEAN",
        "SENA",
        "NAES",
        "EOAN",
        "AEON",
        "SONE",
        "NAOS",
        "AEROS",
        "REANS",
        "NARES",
        "RENOS",
        "RONES",
        "SERON",
        "SENOR",
        "ONERS",
        "NOSER",
        "ROANS",
        "AEONS",
        "ARSENO",
        "SENORA",
        "AROSE",
        "ARSON",
        "EARNS",
        "NEARS",
        "EARS",
        "NEAR",
        "ONES",
        "ORES"
    ],
    "ws": [
        {
            "w": "EARN",
            "v": false,
            "row": 8,
            "col": 1
        },
        {
            "w": "EONS",
            "v": true,
            "row": 6,
            "col": 7
        },
        {
            "w": "ERAS",
            "v": false,
            "row": 3,
            "col": 3
        },
        {
            "w": "NOES",
            "v": false,
            "row": 2,
            "col": 0
        },
        {
            "w": "NOSE",
            "v": true,
            "row": 0,
            "col": 3
        },
        {
            "w": "OARS",
            "v": false,
            "row": 4,
            "col": 6
        },
        {
            "w": "ROSE",
            "v": false,
            "row": 9,
            "col": 5
        },
        {
            "w": "SANE",
            "v": false,
            "row": 0,
            "col": 1
        },
        {
            "w": "SEAR",
            "v": true,
            "row": 6,
            "col": 2
        },
        {
            "w": "SOAR",
            "v": true,
            "row": 3,
            "col": 6
        },
        {
            "w": "SORE",
            "v": false,
            "row": 6,
            "col": 4
        },
        {
            "w": "SANER",
            "v": true,
            "row": 0,
            "col": 8
        },
        {
            "w": "SNARE",
            "v": true,
            "row": 4,
            "col": 9
        },
        {
            "w": "SNORE",
            "v": true,
            "row": 1,
            "col": 0
        },
        {
            "w": "SONAR",
            "v": false,
            "row": 1,
            "col": 5
        },
        {
            "w": "REASON",
            "v": true,
            "row": 3,
            "col": 4
        }
    ]
}