{
    "id": "df94f726-0d41-11eb-a781-34363b5fdca4",
    "type": 0,
    "letters": "AELMNY",
    "mov": 31,
    "shovels": 1,
    "coins": 5,
    "rows": 13,
    "cols": 2,
    "c": 0,
    "b": -1,
    "dws": [
        "LAM",
        "MAL",
        "LEA",
        "LYM",
        "LEY",
        "MEL",
        "YAE",
        "YEA",
        "AME",
        "MAE",
        "MNA",
        "NAM",
        "ANE",
        "EAN",
        "NAE",
        "NYE",
        "LYAM",
        "AMYL",
        "MYAL",
        "YALE",
        "LEAM",
        "ALME",
        "MELA",
        "ELAN",
        "NEAL",
        "LYME",
        "YLEM",
        "YELM",
        "ELMY",
        "LYNE",
        "MYNA",
        "YEAN",
        "NEMA",
        "MEALY",
        "LEANY",
        "LEMAN",
        "YAMEN",
        "MEANY",
        "MEANLY",
        "NAMELY",
        "MANLY",
        "AMEN",
        "LANE",
        "MEAN",
        "ANY",
        "AYE",
        "MAN",
        "YAM"
    ],
    "ws": [
        {
            "w": "ALE",
            "v": false,
            "row": 7,
            "col": 0
        },
        {
            "w": "ELM",
            "v": false,
            "row": 3,
            "col": 7
        },
        {
            "w": "LAY",
            "v": false,
            "row": 6,
            "col": 7
        },
        {
            "w": "LYE",
            "v": true,
            "row": 6,
            "col": 7
        },
        {
            "w": "MAY",
            "v": false,
            "row": 4,
            "col": 3
        },
        {
            "w": "MEN",
            "v": true,
            "row": 0,
            "col": 5
        },
        {
            "w": "NAY",
            "v": false,
            "row": 2,
            "col": 5
        },
        {
            "w": "YEN",
            "v": true,
            "row": 2,
            "col": 7
        },
        {
            "w": "LAME",
            "v": false,
            "row": 6,
            "col": 2
        },
        {
            "w": "LEAN",
            "v": true,
            "row": 6,
            "col": 2
        },
        {
            "w": "MALE",
            "v": false,
            "row": 1,
            "col": 2
        },
        {
            "w": "MANE",
            "v": false,
            "row": 9,
            "col": 0
        },
        {
            "w": "MANY",
            "v": true,
            "row": 3,
            "col": 9
        },
        {
            "w": "MEAL",
            "v": false,
            "row": 0,
            "col": 5
        },
        {
            "w": "NAME",
            "v": false,
            "row": 8,
            "col": 4
        },
        {
            "w": "LAYMEN",
            "v": true,
            "row": 3,
            "col": 4
        }
    ]
}