{
    "id": "e09f5c12-0d3a-11eb-a781-34363b5fdca4",
    "type": 0,
    "letters": "EEHMST",
    "mov": 27,
    "shovels": 1,
    "coins": 5,
    "rows": 11,
    "cols": 2,
    "c": 0,
    "b": -1,
    "dws": [
        "HET",
        "ETH",
        "TES",
        "EST",
        "MEH",
        "HES",
        "EHS",
        "EME",
        "MEE",
        "EMS",
        "MES",
        "ESE",
        "METH",
        "HETE",
        "ETHE",
        "HETS",
        "HEST",
        "ETHS",
        "SHET",
        "TEME",
        "METE",
        "TEMS",
        "METS",
        "STEE",
        "HEME",
        "EMES",
        "MEES",
        "MESE",
        "SMEE",
        "SEME",
        "METHS",
        "TEMES",
        "TEMSE",
        "METES",
        "STEME",
        "STEEM",
        "HEMES",
        "SMEETH",
        "HEMS",
        "MESH",
        "TEES",
        "THEE",
        "THEM",
        "SHE"
    ],
    "ws": [
        {
            "w": "HEM",
            "v": false,
            "row": 4,
            "col": 6
        },
        {
            "w": "MET",
            "v": false,
            "row": 5,
            "col": 3
        },
        {
            "w": "SEE",
            "v": false,
            "row": 8,
            "col": 0
        },
        {
            "w": "SET",
            "v": false,
            "row": 2,
            "col": 6
        },
        {
            "w": "TEE",
            "v": true,
            "row": 6,
            "col": 6
        },
        {
            "w": "THE",
            "v": false,
            "row": 7,
            "col": 2
        },
        {
            "w": "MEET",
            "v": true,
            "row": 4,
            "col": 8
        },
        {
            "w": "SEEM",
            "v": false,
            "row": 8,
            "col": 4
        },
        {
            "w": "STEM",
            "v": true,
            "row": 6,
            "col": 2
        },
        {
            "w": "TEEM",
            "v": false,
            "row": 6,
            "col": 6
        },
        {
            "w": "MEETS",
            "v": false,
            "row": 3,
            "col": 1
        },
        {
            "w": "SHEET",
            "v": true,
            "row": 0,
            "col": 2
        },
        {
            "w": "TEEMS",
            "v": true,
            "row": 4,
            "col": 0
        },
        {
            "w": "THEME",
            "v": true,
            "row": 0,
            "col": 7
        },
        {
            "w": "THESE",
            "v": false,
            "row": 1,
            "col": 1
        },
        {
            "w": "THEMES",
            "v": true,
            "row": 3,
            "col": 4
        }
    ]
}