{
    "id": "e140f100-0d42-11eb-a781-34363b5fdca4",
    "type": 0,
    "letters": "CDEINR",
    "mov": 29,
    "shovels": 1,
    "coins": 5,
    "rows": 12,
    "cols": 2,
    "c": 0,
    "b": -1,
    "dws": [
        "CID",
        "REC",
        "NID",
        "NIE",
        "RIN",
        "IDE",
        "DEI",
        "REI",
        "NED",
        "ERN",
        "REN",
        "CINE",
        "CEDI",
        "CIRE",
        "ICER",
        "ERIC",
        "CRED",
        "NIDE",
        "NIED",
        "DENI",
        "RINE",
        "IRED",
        "DERN",
        "CRINE",
        "DICER",
        "RICED",
        "CRINED",
        "CRIED",
        "DINER",
        "NICER",
        "DICE",
        "NICE",
        "RICE",
        "DEN",
        "DIN"
    ],
    "ws": [
        {
            "w": "DIE",
            "v": false,
            "row": 7,
            "col": 2
        },
        {
            "w": "END",
            "v": false,
            "row": 5,
            "col": 3
        },
        {
            "w": "ICE",
            "v": false,
            "row": 3,
            "col": 3
        },
        {
            "w": "IRE",
            "v": false,
            "row": 1,
            "col": 0
        },
        {
            "w": "RED",
            "v": true,
            "row": 0,
            "col": 2
        },
        {
            "w": "RID",
            "v": false,
            "row": 4,
            "col": 0
        },
        {
            "w": "DINE",
            "v": true,
            "row": 4,
            "col": 9
        },
        {
            "w": "DIRE",
            "v": true,
            "row": 0,
            "col": 5
        },
        {
            "w": "ICED",
            "v": true,
            "row": 0,
            "col": 8
        },
        {
            "w": "NERD",
            "v": true,
            "row": 5,
            "col": 7
        },
        {
            "w": "REIN",
            "v": false,
            "row": 6,
            "col": 6
        },
        {
            "w": "REND",
            "v": false,
            "row": 0,
            "col": 2
        },
        {
            "w": "RIDE",
            "v": false,
            "row": 2,
            "col": 5
        },
        {
            "w": "RIND",
            "v": false,
            "row": 8,
            "col": 4
        },
        {
            "w": "CIDER",
            "v": true,
            "row": 0,
            "col": 0
        },
        {
            "w": "CINDER",
            "v": true,
            "row": 3,
            "col": 4
        }
    ]
}