{
    "id": "e1412e00-0d41-11eb-a781-34363b5fdca4",
    "type": 0,
    "letters": "DEGINS",
    "mov": 31,
    "shovels": 1,
    "coins": 5,
    "rows": 13,
    "cols": 2,
    "c": 0,
    "b": -1,
    "dws": [
        "EDS",
        "SED",
        "DEI",
        "IDE",
        "DEG",
        "GED",
        "NED",
        "DIS",
        "IDS",
        "GID",
        "NID",
        "SEI",
        "SEG",
        "ENS",
        "SEN",
        "GIE",
        "NIE",
        "ENG",
        "GEN",
        "NEG",
        "SIG",
        "GIS",
        "INS",
        "NIS",
        "ING",
        "DESI",
        "IDES",
        "DEGS",
        "GEDS",
        "SNED",
        "NEDS",
        "GIED",
        "DENI",
        "NIED",
        "NIDE",
        "GIDS",
        "DINS",
        "SIND",
        "NIDS",
        "DING",
        "EGIS",
        "GIES",
        "SIEN",
        "SINE",
        "NIES",
        "ENGS",
        "GENS",
        "NEGS",
        "GIEN",
        "SNIG",
        "INGS",
        "DENIS",
        "NIDES",
        "DINGE",
        "DINGS",
        "SEGNI",
        "SENGI",
        "DINGES",
        "DESIGN",
        "SINGE",
        "DIGS",
        "DINE",
        "SEND",
        "SIDE",
        "DIE",
        "DIG",
        "GIN",
        "SIN"
    ],
    "ws": [
        {
            "w": "DEN",
            "v": true,
            "row": 7,
            "col": 2
        },
        {
            "w": "DIN",
            "v": false,
            "row": 7,
            "col": 2
        },
        {
            "w": "END",
            "v": true,
            "row": 0,
            "col": 0
        },
        {
            "w": "DENS",
            "v": false,
            "row": 2,
            "col": 0
        },
        {
            "w": "DIES",
            "v": true,
            "row": 6,
            "col": 0
        },
        {
            "w": "ENDS",
            "v": true,
            "row": 0,
            "col": 8
        },
        {
            "w": "GINS",
            "v": true,
            "row": 6,
            "col": 7
        },
        {
            "w": "SIGN",
            "v": true,
            "row": 0,
            "col": 6
        },
        {
            "w": "SING",
            "v": false,
            "row": 9,
            "col": 0
        },
        {
            "w": "DEIGN",
            "v": false,
            "row": 1,
            "col": 4
        },
        {
            "w": "DEIGN",
            "v": false,
            "row": 1,
            "col": 4
        },
        {
            "w": "DINES",
            "v": false,
            "row": 3,
            "col": 4
        },
        {
            "w": "SNIDE",
            "v": true,
            "row": 5,
            "col": 9
        },
        {
            "w": "DEIGNS",
            "v": true,
            "row": 3,
            "col": 4
        },
        {
            "w": "SIGNED",
            "v": false,
            "row": 8,
            "col": 4
        },
        {
            "w": "SINGED",
            "v": true,
            "row": 0,
            "col": 2
        }
    ]
}