{
    "id": "e229aaea-0d41-11eb-a781-34363b5fdca4",
    "type": 0,
    "letters": "AEGNOR",
    "mov": 35,
    "shovels": 1,
    "coins": 5,
    "rows": 15,
    "cols": 2,
    "c": 0,
    "b": -1,
    "dws": [
        "ORA",
        "ORG",
        "GOR",
        "REO",
        "GOA",
        "NOG",
        "GON",
        "GOE",
        "GEO",
        "RNA",
        "GAR",
        "REN",
        "ERN",
        "REG",
        "GER",
        "ERG",
        "GAN",
        "ANE",
        "NAE",
        "EAN",
        "GAE",
        "NEG",
        "GEN",
        "ENG",
        "AGRO",
        "GORA",
        "AERO",
        "RONG",
        "ONER",
        "RONE",
        "RENO",
        "REGO",
        "ERGO",
        "AGON",
        "AEON",
        "EOAN",
        "GNAR",
        "GRAN",
        "REAN",
        "NARE",
        "AREG",
        "AGER",
        "GARE",
        "GREN",
        "AGEN",
        "GANE",
        "GAEN",
        "GEAN",
        "GENA",
        "ORANG",
        "ARGON",
        "NAGOR",
        "NEGRO",
        "GRONE",
        "GONER",
        "GENRO",
        "ERGON",
        "AGONE",
        "GENOA",
        "RENGA",
        "REGNA",
        "ONAGER",
        "RANGE",
        "GEAR",
        "GORE",
        "RAGE",
        "RANG",
        "ROAN",
        "AGE",
        "EAR",
        "EGO",
        "ERA",
        "NAG",
        "OAR",
        "ORE",
        "ROE"
    ],
    "ws": [
        {
            "w": "AGO",
            "v": true,
            "row": 4,
            "col": 7
        },
        {
            "w": "ARE",
            "v": false,
            "row": 3,
            "col": 0
        },
        {
            "w": "EON",
            "v": false,
            "row": 6,
            "col": 6
        },
        {
            "w": "NOR",
            "v": true,
            "row": 7,
            "col": 9
        },
        {
            "w": "ONE",
            "v": false,
            "row": 3,
            "col": 4
        },
        {
            "w": "RAG",
            "v": false,
            "row": 7,
            "col": 2
        },
        {
            "w": "RAN",
            "v": false,
            "row": 4,
            "col": 6
        },
        {
            "w": "EARN",
            "v": true,
            "row": 6,
            "col": 6
        },
        {
            "w": "GOER",
            "v": true,
            "row": 1,
            "col": 6
        },
        {
            "w": "GONE",
            "v": false,
            "row": 1,
            "col": 6
        },
        {
            "w": "NEAR",
            "v": true,
            "row": 2,
            "col": 2
        },
        {
            "w": "OGRE",
            "v": false,
            "row": 0,
            "col": 0
        },
        {
            "w": "ANGER",
            "v": false,
            "row": 9,
            "col": 5
        },
        {
            "w": "GROAN",
            "v": false,
            "row": 5,
            "col": 1
        },
        {
            "w": "ORGAN",
            "v": true,
            "row": 0,
            "col": 0
        },
        {
            "w": "ORANGE",
            "v": true,
            "row": 3,
            "col": 4
        }
    ]
}