{
    "id": "e3e7e6ce-0d43-11eb-a781-34363b5fdca4",
    "type": 0,
    "letters": "AACDEF",
    "mov": 15,
    "shovels": 1,
    "coins": 5,
    "rows": 5,
    "cols": 2,
    "c": 0,
    "b": -1,
    "dws": [
        "CAF",
        "FAA",
        "FAE",
        "DEF",
        "CAA",
        "CAD",
        "DAE",
        "CADE",
        "DACE",
        "ECAD",
        "DECAF"
    ],
    "ws": [
        {
            "w": "ACE",
            "v": false,
            "row": 3,
            "col": 5
        },
        {
            "w": "FAD",
            "v": false,
            "row": 0,
            "col": 0
        },
        {
            "w": "FED",
            "v": false,
            "row": 6,
            "col": 1
        },
        {
            "w": "ACED",
            "v": false,
            "row": 5,
            "col": 3
        },
        {
            "w": "CAFE",
            "v": true,
            "row": 4,
            "col": 1
        },
        {
            "w": "DEAF",
            "v": false,
            "row": 2,
            "col": 0
        },
        {
            "w": "FACE",
            "v": true,
            "row": 0,
            "col": 7
        },
        {
            "w": "FADE",
            "v": true,
            "row": 0,
            "col": 0
        },
        {
            "w": "FACED",
            "v": true,
            "row": 2,
            "col": 5
        },
        {
            "w": "FACADE",
            "v": true,
            "row": 2,
            "col": 3
        }
    ]
}