{
    "id": "e3ec62d2-0d41-11eb-a781-34363b5fdca4",
    "type": 0,
    "letters": "AENOPW",
    "mov": 29,
    "shovels": 1,
    "coins": 5,
    "rows": 12,
    "cols": 2,
    "c": 0,
    "b": -1,
    "dws": [
        "WAE",
        "WEN",
        "WAP",
        "WAN",
        "AWN",
        "NAW",
        "WOP",
        "POW",
        "EAN",
        "ANE",
        "NAE",
        "OPE",
        "NEP",
        "APO",
        "POA",
        "OPA",
        "WONE",
        "ENOW",
        "ANOW",
        "POWN",
        "PEAN",
        "NEAP",
        "EOAN",
        "AEON",
        "PEON",
        "PONE",
        "NOPE",
        "POWAN",
        "PAEON",
        "ANEW",
        "WEAN",
        "APE",
        "AWE",
        "NEW",
        "OWE",
        "PEA",
        "PEW"
    ],
    "ws": [
        {
            "w": "EON",
            "v": true,
            "row": 1,
            "col": 8
        },
        {
            "w": "NAP",
            "v": true,
            "row": 6,
            "col": 6
        },
        {
            "w": "NOW",
            "v": false,
            "row": 5,
            "col": 7
        },
        {
            "w": "ONE",
            "v": true,
            "row": 4,
            "col": 7
        },
        {
            "w": "OWN",
            "v": false,
            "row": 8,
            "col": 2
        },
        {
            "w": "PAN",
            "v": true,
            "row": 2,
            "col": 1
        },
        {
            "w": "PAW",
            "v": false,
            "row": 7,
            "col": 0
        },
        {
            "w": "PEN",
            "v": false,
            "row": 8,
            "col": 6
        },
        {
            "w": "WOE",
            "v": true,
            "row": 7,
            "col": 2
        },
        {
            "w": "WON",
            "v": false,
            "row": 3,
            "col": 4
        },
        {
            "w": "NAPE",
            "v": false,
            "row": 4,
            "col": 1
        },
        {
            "w": "OPEN",
            "v": false,
            "row": 2,
            "col": 0
        },
        {
            "w": "PANE",
            "v": false,
            "row": 6,
            "col": 4
        },
        {
            "w": "PAWN",
            "v": true,
            "row": 0,
            "col": 6
        },
        {
            "w": "WANE",
            "v": false,
            "row": 1,
            "col": 5
        },
        {
            "w": "WEAPON",
            "v": true,
            "row": 3,
            "col": 4
        }
    ]
}