{
    "id": "e467337e-0d44-11eb-a781-34363b5fdca4",
    "type": 0,
    "letters": "EGINOP",
    "mov": 21,
    "shovels": 1,
    "coins": 5,
    "rows": 8,
    "cols": 2,
    "c": 0,
    "b": -1,
    "dws": [
        "GIP",
        "POI",
        "OPE",
        "NEP",
        "GIE",
        "GIO",
        "ING",
        "NIE",
        "GEO",
        "GOE",
        "GEN",
        "ENG",
        "NEG",
        "GON",
        "NOG",
        "PING",
        "PEIN",
        "PENI",
        "PION",
        "PONG",
        "PEON",
        "PONE",
        "NOPE",
        "GIEN",
        "INGO",
        "ONIE",
        "POGIE",
        "GENIP",
        "PINGO",
        "GIPON",
        "OPING",
        "PENGO",
        "EPIGON"
    ],
    "ws": [
        {
            "w": "EGO",
            "v": false,
            "row": 0,
            "col": 0
        },
        {
            "w": "EON",
            "v": false,
            "row": 6,
            "col": 0
        },
        {
            "w": "GIN",
            "v": false,
            "row": 4,
            "col": 7
        },
        {
            "w": "ION",
            "v": false,
            "row": 2,
            "col": 7
        },
        {
            "w": "NIP",
            "v": true,
            "row": 6,
            "col": 2
        },
        {
            "w": "ONE",
            "v": false,
            "row": 7,
            "col": 4
        },
        {
            "w": "PEG",
            "v": false,
            "row": 3,
            "col": 0
        },
        {
            "w": "PEN",
            "v": false,
            "row": 8,
            "col": 2
        },
        {
            "w": "PIE",
            "v": false,
            "row": 6,
            "col": 6
        },
        {
            "w": "PIG",
            "v": false,
            "row": 4,
            "col": 3
        },
        {
            "w": "PIN",
            "v": true,
            "row": 0,
            "col": 9
        },
        {
            "w": "GONE",
            "v": true,
            "row": 0,
            "col": 1
        },
        {
            "w": "OPEN",
            "v": true,
            "row": 5,
            "col": 6
        },
        {
            "w": "PINE",
            "v": true,
            "row": 3,
            "col": 0
        },
        {
            "w": "OPINE",
            "v": true,
            "row": 2,
            "col": 8
        },
        {
            "w": "PIGEON",
            "v": true,
            "row": 3,
            "col": 4
        }
    ]
}