{
    "id": "e4d31452-0d46-11eb-a781-34363b5fdca4",
    "type": 0,
    "letters": "GHOSST",
    "mov": 17,
    "shovels": 1,
    "coins": 5,
    "rows": 6,
    "cols": 2,
    "c": 0,
    "b": -1,
    "dws": [
        "GOS",
        "SOG",
        "TOG",
        "HOS",
        "OHS",
        "SOH",
        "SHO",
        "THO",
        "SOS",
        "GOSH",
        "SHOG",
        "GOTH",
        "TOGS",
        "GOSS",
        "SOGS",
        "HOTS",
        "SOTH",
        "TOSH",
        "HOSS",
        "SOHS",
        "SOTS",
        "GOSHT",
        "GOTHS",
        "SHOGS",
        "SOTHS",
        "GHOSTS",
        "GHOST",
        "HOSTS",
        "SHOTS",
        "HOGS",
        "HOST",
        "SHOT",
        "TOSS",
        "GOT",
        "HOG",
        "HOT",
        "SOT"
    ],
    "ws": []
}