{
    "id": "e52d08b2-0d47-11eb-a781-34363b5fdca4",
    "type": 0,
    "letters": "GOPRU",
    "mov": 9,
    "shovels": 1,
    "coins": 5,
    "rows": 4,
    "cols": 1,
    "c": 0,
    "b": -1,
    "dws": [
        "GOR",
        "ORG",
        "GUR",
        "GUP",
        "PUG",
        "PRO",
        "URP",
        "PUR",
        "UPO",
        "GORP",
        "PROG",
        "UPGO",
        "ROUP"
    ],
    "ws": [
        {
            "w": "OUR",
            "v": false,
            "row": 3,
            "col": 2
        },
        {
            "w": "RUG",
            "v": false,
            "row": 1,
            "col": 0
        },
        {
            "w": "POUR",
            "v": true,
            "row": 0,
            "col": 4
        },
        {
            "w": "GROUP",
            "v": true,
            "row": 1,
            "col": 2
        }
    ]
}