{
    "id": "e54272ea-0d44-11eb-a781-34363b5fdca4",
    "type": 0,
    "letters": "EEINRT",
    "mov": 25,
    "shovels": 1,
    "coins": 5,
    "rows": 10,
    "cols": 2,
    "c": 0,
    "b": -1,
    "dws": [
        "NIE",
        "ERN",
        "REN",
        "ENE",
        "EEN",
        "NEE",
        "RET",
        "REI",
        "ERE",
        "REE",
        "RIN",
        "RIT",
        "NITE",
        "TEIN",
        "ETEN",
        "NETE",
        "TENE",
        "RINE",
        "ERNE",
        "REEN",
        "TRIE",
        "TEER",
        "RETE",
        "TRIN",
        "NITER",
        "NITRE",
        "TRINE",
        "TERNE",
        "TREEN",
        "RENTE",
        "RETIE",
        "NERITE",
        "TRIENE",
        "RETINE",
        "INERT",
        "RENT",
        "IRE",
        "TEN"
    ],
    "ws": [
        {
            "w": "NET",
            "v": false,
            "row": 2,
            "col": 5
        },
        {
            "w": "NIT",
            "v": false,
            "row": 5,
            "col": 7
        },
        {
            "w": "TEE",
            "v": false,
            "row": 5,
            "col": 0
        },
        {
            "w": "TIE",
            "v": true,
            "row": 0,
            "col": 6
        },
        {
            "w": "TIN",
            "v": true,
            "row": 7,
            "col": 2
        },
        {
            "w": "REIN",
            "v": true,
            "row": 0,
            "col": 9
        },
        {
            "w": "RITE",
            "v": true,
            "row": 6,
            "col": 6
        },
        {
            "w": "TEEN",
            "v": true,
            "row": 4,
            "col": 1
        },
        {
            "w": "TERN",
            "v": true,
            "row": 2,
            "col": 7
        },
        {
            "w": "TIER",
            "v": false,
            "row": 0,
            "col": 6
        },
        {
            "w": "TINE",
            "v": false,
            "row": 9,
            "col": 0
        },
        {
            "w": "TIRE",
            "v": true,
            "row": 5,
            "col": 9
        },
        {
            "w": "TREE",
            "v": false,
            "row": 8,
            "col": 6
        },
        {
            "w": "ENTER",
            "v": false,
            "row": 4,
            "col": 3
        },
        {
            "w": "INTER",
            "v": false,
            "row": 7,
            "col": 0
        },
        {
            "w": "ENTIRE",
            "v": true,
            "row": 3,
            "col": 4
        }
    ]
}