{
    "id": "e76be448-0d44-11eb-a781-34363b5fdca4",
    "type": 0,
    "letters": "ACEFNR",
    "mov": 31,
    "shovels": 1,
    "coins": 5,
    "rows": 13,
    "cols": 2,
    "c": 0,
    "b": -1,
    "dws": [
        "ANE",
        "FANE",
        "FAE",
        "FRA",
        "NEF",
        "FACER",
        "CARN",
        "CRENA",
        "RANCE",
        "ANCE",
        "ARF",
        "RNA",
        "EAN",
        "FRANC",
        "CRAN",
        "REC",
        "ACER",
        "NACRE",
        "FER",
        "CANER",
        "ERN",
        "FRENA",
        "CAF",
        "NARC",
        "NARE",
        "ERF",
        "REF",
        "REAN",
        "FRAE",
        "REN",
        "NAE",
        "CRANE",
        "ACNE",
        "FARE",
        "FEAR",
        "ACE",
        "ARC",
        "EAR",
        "FAN",
        "FAR",
        "FEN"
    ],
    "ws": [
        {
            "w": "ARE",
            "v": true,
            "row": 0,
            "col": 3
        },
        {
            "w": "CAN",
            "v": false,
            "row": 5,
            "col": 3
        },
        {
            "w": "CAR",
            "v": false,
            "row": 1,
            "col": 7
        },
        {
            "w": "ERA",
            "v": false,
            "row": 6,
            "col": 6
        },
        {
            "w": "RAN",
            "v": true,
            "row": 2,
            "col": 2
        },
        {
            "w": "ACRE",
            "v": false,
            "row": 2,
            "col": 0
        },
        {
            "w": "CAFE",
            "v": true,
            "row": 1,
            "col": 0
        },
        {
            "w": "CANE",
            "v": true,
            "row": 1,
            "col": 7
        },
        {
            "w": "CARE",
            "v": true,
            "row": 0,
            "col": 5
        },
        {
            "w": "EARN",
            "v": true,
            "row": 6,
            "col": 6
        },
        {
            "w": "FACE",
            "v": true,
            "row": 5,
            "col": 8
        },
        {
            "w": "FERN",
            "v": false,
            "row": 3,
            "col": 4
        },
        {
            "w": "NEAR",
            "v": false,
            "row": 8,
            "col": 3
        },
        {
            "w": "RACE",
            "v": true,
            "row": 1,
            "col": 9
        },
        {
            "w": "FARCE",
            "v": false,
            "row": 0,
            "col": 2
        },
        {
            "w": "FRANCE",
            "v": true,
            "row": 3,
            "col": 4
        }
    ]
}