{
    "id": "e7700dc8-0d41-11eb-a781-34363b5fdca4",
    "type": 0,
    "letters": "CEIMRT",
    "mov": 29,
    "shovels": 1,
    "coins": 5,
    "rows": 12,
    "cols": 2,
    "c": 0,
    "b": -1,
    "dws": [
        "ERM",
        "REM",
        "MIR",
        "MIC",
        "RET",
        "TEC",
        "REI",
        "REC",
        "RIT",
        "CIT",
        "TREM",
        "MERI",
        "EMIR",
        "REIM",
        "RIME",
        "RIEM",
        "MERC",
        "CREM",
        "EMIC",
        "CRIM",
        "TRIE",
        "CERT",
        "ETIC",
        "TICE",
        "ERIC",
        "ICER",
        "CIRE",
        "CRIT",
        "MITRE",
        "MITER",
        "METIC",
        "TRICE",
        "RECIT",
        "RECTI",
        "CITER",
        "CRIME",
        "CITE",
        "MICE",
        "MIRE",
        "TIRE",
        "IRE",
        "RIM",
        "TIE"
    ],
    "ws": [
        {
            "w": "ICE",
            "v": false,
            "row": 1,
            "col": 7
        },
        {
            "w": "MET",
            "v": true,
            "row": 1,
            "col": 1
        },
        {
            "w": "TIC",
            "v": false,
            "row": 2,
            "col": 5
        },
        {
            "w": "EMIT",
            "v": true,
            "row": 4,
            "col": 0
        },
        {
            "w": "ITEM",
            "v": true,
            "row": 6,
            "col": 8
        },
        {
            "w": "MITE",
            "v": false,
            "row": 7,
            "col": 3
        },
        {
            "w": "RICE",
            "v": true,
            "row": 0,
            "col": 7
        },
        {
            "w": "RITE",
            "v": true,
            "row": 4,
            "col": 6
        },
        {
            "w": "TERM",
            "v": false,
            "row": 3,
            "col": 1
        },
        {
            "w": "TIER",
            "v": true,
            "row": 0,
            "col": 3
        },
        {
            "w": "TIME",
            "v": false,
            "row": 9,
            "col": 6
        },
        {
            "w": "TRIM",
            "v": false,
            "row": 6,
            "col": 6
        },
        {
            "w": "MERIT",
            "v": false,
            "row": 5,
            "col": 0
        },
        {
            "w": "REMIT",
            "v": true,
            "row": 0,
            "col": 9
        },
        {
            "w": "TIMER",
            "v": false,
            "row": 0,
            "col": 3
        },
        {
            "w": "METRIC",
            "v": true,
            "row": 3,
            "col": 4
        }
    ]
}