{
    "id": "e7c4e48c-0d42-11eb-a781-34363b5fdca4",
    "type": 0,
    "letters": "ADEGLZ",
    "mov": 29,
    "shovels": 1,
    "coins": 5,
    "rows": 12,
    "cols": 2,
    "c": 0,
    "b": -1,
    "dws": [
        "GAL",
        "GAE",
        "DAG",
        "GED",
        "DEG",
        "LEA",
        "DAL",
        "LEZ",
        "ZEL",
        "ELD",
        "DEL",
        "ZEA",
        "ADZ",
        "DAE",
        "ZED",
        "GEAL",
        "EGAL",
        "GLED",
        "GELD",
        "GAED",
        "GADE",
        "EGAD",
        "LADE",
        "ZEDA",
        "GALED",
        "GAZED",
        "LAZED",
        "DAZE",
        "LAZE",
        "LEAD",
        "ZEAL",
        "ALE",
        "GAD",
        "LED"
    ],
    "ws": [
        {
            "w": "AGE",
            "v": true,
            "row": 0,
            "col": 3
        },
        {
            "w": "GEL",
            "v": true,
            "row": 7,
            "col": 1
        },
        {
            "w": "LAD",
            "v": false,
            "row": 7,
            "col": 7
        },
        {
            "w": "LAG",
            "v": false,
            "row": 5,
            "col": 3
        },
        {
            "w": "LEG",
            "v": true,
            "row": 7,
            "col": 7
        },
        {
            "w": "ZAG",
            "v": true,
            "row": 2,
            "col": 2
        },
        {
            "w": "ADZE",
            "v": false,
            "row": 2,
            "col": 0
        },
        {
            "w": "AGED",
            "v": false,
            "row": 0,
            "col": 3
        },
        {
            "w": "DALE",
            "v": false,
            "row": 8,
            "col": 4
        },
        {
            "w": "DEAL",
            "v": true,
            "row": 0,
            "col": 6
        },
        {
            "w": "GALE",
            "v": false,
            "row": 3,
            "col": 4
        },
        {
            "w": "GAZE",
            "v": false,
            "row": 7,
            "col": 1
        },
        {
            "w": "GLAD",
            "v": false,
            "row": 9,
            "col": 0
        },
        {
            "w": "GLADE",
            "v": true,
            "row": 4,
            "col": 9
        },
        {
            "w": "GLAZE",
            "v": true,
            "row": 0,
            "col": 0
        },
        {
            "w": "GLAZED",
            "v": true,
            "row": 3,
            "col": 4
        }
    ]
}