{
    "id": "ea4ca24e-0d47-11eb-a781-34363b5fdca4",
    "type": 0,
    "letters": "HMOTU",
    "mov": 11,
    "shovels": 1,
    "coins": 5,
    "rows": 3,
    "cols": 2,
    "c": 0,
    "b": -1,
    "dws": [
        "MOU",
        "MOT",
        "TOM",
        "MHO",
        "OHM",
        "HOM",
        "MUT",
        "TUM",
        "THO",
        "MOTU",
        "THOU",
        "HOUT"
    ],
    "ws": [
        {
            "w": "HOT",
            "v": false,
            "row": 0,
            "col": 2
        },
        {
            "w": "HUM",
            "v": false,
            "row": 4,
            "col": 0
        },
        {
            "w": "HUT",
            "v": true,
            "row": 2,
            "col": 4
        },
        {
            "w": "OUT",
            "v": true,
            "row": 0,
            "col": 3
        },
        {
            "w": "MOTH",
            "v": false,
            "row": 2,
            "col": 1
        },
        {
            "w": "MOUTH",
            "v": true,
            "row": 2,
            "col": 1
        }
    ]
}