{
    "id": "ea50af54-0d44-11eb-a781-34363b5fdca4",
    "type": 0,
    "letters": "ANORWY",
    "mov": 27,
    "shovels": 1,
    "coins": 5,
    "rows": 11,
    "cols": 2,
    "c": 0,
    "b": -1,
    "dws": [
        "AWNY",
        "WAN",
        "NOWAY",
        "AWN",
        "YON",
        "YAW",
        "WANY",
        "YAR",
        "RAWN",
        "ARY",
        "ONY",
        "NAW",
        "ORA",
        "RNA",
        "AROW",
        "ROWAN",
        "RAYON",
        "YOW",
        "NOWY",
        "NARY",
        "NOY",
        "WYN",
        "OARY",
        "RYA",
        "ANOW",
        "WORN",
        "ANY",
        "NOW",
        "RAN",
        "RAW",
        "WRY"
    ],
    "ws": [
        {
            "w": "NAY",
            "v": true,
            "row": 7,
            "col": 7
        },
        {
            "w": "NOR",
            "v": false,
            "row": 3,
            "col": 4
        },
        {
            "w": "OAR",
            "v": false,
            "row": 5,
            "col": 2
        },
        {
            "w": "OWN",
            "v": false,
            "row": 6,
            "col": 0
        },
        {
            "w": "RAY",
            "v": true,
            "row": 0,
            "col": 3
        },
        {
            "w": "ROW",
            "v": false,
            "row": 4,
            "col": 0
        },
        {
            "w": "WAR",
            "v": true,
            "row": 2,
            "col": 0
        },
        {
            "w": "WAY",
            "v": false,
            "row": 7,
            "col": 3
        },
        {
            "w": "WON",
            "v": true,
            "row": 4,
            "col": 2
        },
        {
            "w": "AWRY",
            "v": false,
            "row": 5,
            "col": 6
        },
        {
            "w": "ROAN",
            "v": true,
            "row": 3,
            "col": 6
        },
        {
            "w": "WARN",
            "v": false,
            "row": 8,
            "col": 6
        },
        {
            "w": "WARY",
            "v": false,
            "row": 2,
            "col": 0
        },
        {
            "w": "YARN",
            "v": false,
            "row": 0,
            "col": 1
        },
        {
            "w": "YAWN",
            "v": true,
            "row": 5,
            "col": 9
        },
        {
            "w": "NORWAY",
            "v": true,
            "row": 3,
            "col": 4
        }
    ]
}