{
    "id": "eaea4876-0d3a-11eb-a781-34363b5fdca4",
    "type": 0,
    "letters": "CEINPT",
    "mov": 29,
    "shovels": 1,
    "coins": 5,
    "rows": 12,
    "cols": 2,
    "c": 0,
    "b": -1,
    "dws": [
        "PEC",
        "CEP",
        "NEP",
        "PIC",
        "TEC",
        "NIE",
        "CIT",
        "PICE",
        "PIET",
        "PEIN",
        "PENI",
        "ETIC",
        "TICE",
        "CINE",
        "TEIN",
        "NITE",
        "INCEPT",
        "PINT",
        "NET",
        "NIP",
        "PEN",
        "PET",
        "PIN",
        "TIN",
        "TIP"
    ],
    "ws": [
        {
            "w": "ICE",
            "v": false,
            "row": 5,
            "col": 0
        },
        {
            "w": "NIT",
            "v": true,
            "row": 3,
            "col": 7
        },
        {
            "w": "PIE",
            "v": true,
            "row": 0,
            "col": 3
        },
        {
            "w": "PIT",
            "v": false,
            "row": 8,
            "col": 0
        },
        {
            "w": "TEN",
            "v": true,
            "row": 0,
            "col": 6
        },
        {
            "w": "TIC",
            "v": true,
            "row": 0,
            "col": 8
        },
        {
            "w": "TIE",
            "v": false,
            "row": 4,
            "col": 2
        },
        {
            "w": "CENT",
            "v": false,
            "row": 5,
            "col": 4
        },
        {
            "w": "CITE",
            "v": true,
            "row": 2,
            "col": 2
        },
        {
            "w": "EPIC",
            "v": false,
            "row": 1,
            "col": 6
        },
        {
            "w": "NICE",
            "v": false,
            "row": 2,
            "col": 0
        },
        {
            "w": "PENT",
            "v": false,
            "row": 0,
            "col": 3
        },
        {
            "w": "PINE",
            "v": false,
            "row": 7,
            "col": 3
        },
        {
            "w": "TINE",
            "v": true,
            "row": 0,
            "col": 0
        },
        {
            "w": "INEPT",
            "v": true,
            "row": 5,
            "col": 0
        },
        {
            "w": "PECTIN",
            "v": true,
            "row": 3,
            "col": 4
        }
    ]
}