{
    "id": "eb9647d4-0d44-11eb-a781-34363b5fdca4",
    "type": 0,
    "letters": "EFLORW",
    "mov": 27,
    "shovels": 1,
    "coins": 5,
    "rows": 11,
    "cols": 2,
    "c": 0,
    "b": -1,
    "dws": [
        "WOF",
        "FRO",
        "ORF",
        "FER",
        "ERF",
        "REF",
        "OLE",
        "LOR",
        "LEW",
        "REO",
        "REW",
        "FLOE",
        "FLOR",
        "ROLF",
        "FROW",
        "FROE",
        "ORFE",
        "LOWE",
        "ORLE",
        "EORL",
        "OWER",
        "OWRE",
        "WERO",
        "FOREL",
        "OWLER",
        "ROWEL",
        "FOWLER",
        "WOLFER",
        "REFLOW",
        "FLEW",
        "WORE",
        "FEW",
        "FOR",
        "LOW",
        "OWL"
    ],
    "ws": [
        {
            "w": "ELF",
            "v": true,
            "row": 6,
            "col": 6
        },
        {
            "w": "FOE",
            "v": true,
            "row": 0,
            "col": 3
        },
        {
            "w": "ORE",
            "v": true,
            "row": 7,
            "col": 2
        },
        {
            "w": "OWE",
            "v": false,
            "row": 7,
            "col": 2
        },
        {
            "w": "ROE",
            "v": false,
            "row": 9,
            "col": 0
        },
        {
            "w": "ROW",
            "v": true,
            "row": 2,
            "col": 2
        },
        {
            "w": "WOE",
            "v": false,
            "row": 6,
            "col": 4
        },
        {
            "w": "FLOW",
            "v": false,
            "row": 8,
            "col": 6
        },
        {
            "w": "FLOW",
            "v": false,
            "row": 8,
            "col": 6
        },
        {
            "w": "FORE",
            "v": false,
            "row": 2,
            "col": 0
        },
        {
            "w": "FOWL",
            "v": false,
            "row": 0,
            "col": 3
        },
        {
            "w": "LORE",
            "v": true,
            "row": 0,
            "col": 6
        },
        {
            "w": "ROLE",
            "v": false,
            "row": 2,
            "col": 6
        },
        {
            "w": "WOLF",
            "v": false,
            "row": 4,
            "col": 2
        },
        {
            "w": "LOWER",
            "v": true,
            "row": 5,
            "col": 0
        },
        {
            "w": "FLOWER",
            "v": true,
            "row": 3,
            "col": 4
        }
    ]
}