{
    "id": "ecdf6070-0d40-11eb-a781-34363b5fdca4",
    "type": 0,
    "letters": "AEFMRR",
    "mov": 23,
    "shovels": 1,
    "coins": 5,
    "rows": 9,
    "cols": 2,
    "c": 0,
    "b": -1,
    "dws": [
        "FRA",
        "ARF",
        "FAE",
        "FER",
        "REF",
        "ERF",
        "FEM",
        "EMF",
        "AME",
        "MAE",
        "REM",
        "ERM",
        "FRAE",
        "FERM",
        "FARER",
        "ARMER",
        "REARM",
        "FRAMER",
        "MARE",
        "EAR"
    ],
    "ws": [
        {
            "w": "ARE",
            "v": false,
            "row": 3,
            "col": 0
        },
        {
            "w": "ARM",
            "v": true,
            "row": 6,
            "col": 7
        },
        {
            "w": "ERA",
            "v": false,
            "row": 1,
            "col": 1
        },
        {
            "w": "ERR",
            "v": true,
            "row": 1,
            "col": 1
        },
        {
            "w": "FAR",
            "v": true,
            "row": 0,
            "col": 3
        },
        {
            "w": "MAR",
            "v": true,
            "row": 7,
            "col": 9
        },
        {
            "w": "RAM",
            "v": false,
            "row": 7,
            "col": 7
        },
        {
            "w": "FAME",
            "v": true,
            "row": 1,
            "col": 7
        },
        {
            "w": "FARE",
            "v": false,
            "row": 5,
            "col": 2
        },
        {
            "w": "FARM",
            "v": false,
            "row": 0,
            "col": 3
        },
        {
            "w": "FEAR",
            "v": true,
            "row": 5,
            "col": 2
        },
        {
            "w": "RARE",
            "v": false,
            "row": 7,
            "col": 1
        },
        {
            "w": "REAM",
            "v": false,
            "row": 8,
            "col": 4
        },
        {
            "w": "REAR",
            "v": true,
            "row": 0,
            "col": 5
        },
        {
            "w": "FRAME",
            "v": false,
            "row": 3,
            "col": 4
        },
        {
            "w": "FARMER",
            "v": true,
            "row": 3,
            "col": 4
        }
    ]
}