{
    "id": "ee097716-0d44-11eb-a781-34363b5fdca4",
    "type": 0,
    "letters": "ELNOSS",
    "mov": 23,
    "shovels": 1,
    "coins": 5,
    "rows": 9,
    "cols": 2,
    "c": 0,
    "b": -1,
    "dws": [
        "LES",
        "ELS",
        "SEL",
        "OLE",
        "LOS",
        "SOL",
        "ESS",
        "OSE",
        "OES",
        "ENS",
        "SEN",
        "EON",
        "ONS",
        "NOS",
        "SELS",
        "OLES",
        "LENO",
        "ENOL",
        "NOEL",
        "NOLE",
        "SOLS",
        "OSES",
        "SENS",
        "NESS",
        "EONS",
        "SONE",
        "SONS",
        "LOESS",
        "LENOS",
        "ENOLS",
        "NOELS",
        "NOLES",
        "SONES",
        "SLOES",
        "SON"
    ],
    "ws": [
        {
            "w": "ONE",
            "v": true,
            "row": 0,
            "col": 3
        },
        {
            "w": "SOS",
            "v": false,
            "row": 5,
            "col": 4
        },
        {
            "w": "LENS",
            "v": false,
            "row": 7,
            "col": 6
        },
        {
            "w": "LESS",
            "v": true,
            "row": 0,
            "col": 6
        },
        {
            "w": "LONE",
            "v": false,
            "row": 0,
            "col": 6
        },
        {
            "w": "LOSE",
            "v": true,
            "row": 5,
            "col": 2
        },
        {
            "w": "LOSS",
            "v": false,
            "row": 6,
            "col": 1
        },
        {
            "w": "NOES",
            "v": true,
            "row": 0,
            "col": 8
        },
        {
            "w": "NOSE",
            "v": false,
            "row": 1,
            "col": 3
        },
        {
            "w": "ONES",
            "v": true,
            "row": 4,
            "col": 9
        },
        {
            "w": "SLOE",
            "v": false,
            "row": 2,
            "col": 0
        },
        {
            "w": "SOLE",
            "v": false,
            "row": 9,
            "col": 6
        },
        {
            "w": "LOSES",
            "v": false,
            "row": 3,
            "col": 4
        },
        {
            "w": "NOSES",
            "v": true,
            "row": 0,
            "col": 0
        },
        {
            "w": "SOLES",
            "v": true,
            "row": 5,
            "col": 6
        },
        {
            "w": "LESSON",
            "v": true,
            "row": 3,
            "col": 4
        }
    ]
}