{
    "id": "eed693a8-0d40-11eb-a781-34363b5fdca4",
    "type": 0,
    "letters": "AABGIR",
    "mov": 19,
    "shovels": 1,
    "coins": 5,
    "rows": 7,
    "cols": 2,
    "c": 0,
    "b": -1,
    "dws": [
        "RIA",
        "RAI",
        "AIA",
        "ARB",
        "GAR",
        "ABA",
        "BAA",
        "GAB",
        "AGA",
        "GIB",
        "ABRI",
        "RIBA",
        "RABI",
        "RAIA",
        "RAGI",
        "GARI",
        "GAIR",
        "BIGA",
        "AIGA",
        "ARBA",
        "AGAR",
        "RAGA",
        "BRAAI",
        "AGRIA"
    ],
    "ws": [
        {
            "w": "AIR",
            "v": false,
            "row": 2,
            "col": 0
        },
        {
            "w": "BAG",
            "v": false,
            "row": 7,
            "col": 2
        },
        {
            "w": "BAR",
            "v": false,
            "row": 4,
            "col": 2
        },
        {
            "w": "BIG",
            "v": true,
            "row": 4,
            "col": 6
        },
        {
            "w": "BRA",
            "v": true,
            "row": 0,
            "col": 0
        },
        {
            "w": "RAG",
            "v": false,
            "row": 0,
            "col": 5
        },
        {
            "w": "RIB",
            "v": true,
            "row": 2,
            "col": 2
        },
        {
            "w": "RIG",
            "v": false,
            "row": 1,
            "col": 7
        },
        {
            "w": "ARIA",
            "v": false,
            "row": 2,
            "col": 4
        },
        {
            "w": "BRAG",
            "v": false,
            "row": 0,
            "col": 0
        },
        {
            "w": "BRIG",
            "v": false,
            "row": 5,
            "col": 4
        },
        {
            "w": "GARB",
            "v": true,
            "row": 1,
            "col": 9
        },
        {
            "w": "GRAB",
            "v": true,
            "row": 0,
            "col": 7
        },
        {
            "w": "AIRBAG",
            "v": true,
            "row": 2,
            "col": 4
        }
    ]
}