{
    "id": "efa9f3c4-0d40-11eb-a781-34363b5fdca4",
    "type": 0,
    "letters": "ABCEHL",
    "mov": 21,
    "shovels": 1,
    "coins": 5,
    "rows": 8,
    "cols": 2,
    "c": 0,
    "b": -1,
    "dws": [
        "BEL",
        "BAL",
        "ALB",
        "BAC",
        "BAH",
        "LEA",
        "CEL",
        "LAC",
        "CAL",
        "LAH",
        "HAE",
        "ECH",
        "CHE",
        "ACH",
        "CHA",
        "BLAE",
        "BEAL",
        "BAEL",
        "ALBE",
        "BHEL",
        "BLAH",
        "BACH",
        "ALEC",
        "LECH",
        "CHAL",
        "BELAH",
        "HABLE",
        "BLECH",
        "CHELA"
    ],
    "ws": [
        {
            "w": "ACE",
            "v": false,
            "row": 3,
            "col": 0
        },
        {
            "w": "ALE",
            "v": true,
            "row": 7,
            "col": 2
        },
        {
            "w": "CAB",
            "v": true,
            "row": 3,
            "col": 1
        },
        {
            "w": "LAB",
            "v": true,
            "row": 6,
            "col": 0
        },
        {
            "w": "ABLE",
            "v": true,
            "row": 0,
            "col": 2
        },
        {
            "w": "ACHE",
            "v": false,
            "row": 6,
            "col": 4
        },
        {
            "w": "BALE",
            "v": false,
            "row": 5,
            "col": 1
        },
        {
            "w": "EACH",
            "v": false,
            "row": 4,
            "col": 6
        },
        {
            "w": "HALE",
            "v": true,
            "row": 3,
            "col": 7
        },
        {
            "w": "HEAL",
            "v": true,
            "row": 6,
            "col": 6
        },
        {
            "w": "LACE",
            "v": false,
            "row": 9,
            "col": 6
        },
        {
            "w": "BEACH",
            "v": false,
            "row": 0,
            "col": 0
        },
        {
            "w": "BELCH",
            "v": false,
            "row": 8,
            "col": 0
        },
        {
            "w": "CABLE",
            "v": false,
            "row": 1,
            "col": 5
        },
        {
            "w": "LEACH",
            "v": true,
            "row": 0,
            "col": 9
        },
        {
            "w": "BLEACH",
            "v": true,
            "row": 3,
            "col": 4
        }
    ]
}