{
    "id": "f7bf692a-0d42-11eb-a781-34363b5fdca4",
    "type": 0,
    "letters": "AFINNT",
    "mov": 17,
    "shovels": 1,
    "coins": 5,
    "rows": 6,
    "cols": 2,
    "c": 0,
    "b": -1,
    "dws": [
        "ANI",
        "AIN",
        "ITA",
        "AIT",
        "TAI",
        "NAN",
        "ANN",
        "NAT",
        "AFT",
        "NAIF",
        "FAIN",
        "NAIN",
        "ANTI",
        "TAIN",
        "TIAN",
        "TINA",
        "FITNA"
    ],
    "ws": [
        {
            "w": "ANT",
            "v": true,
            "row": 0,
            "col": 6
        },
        {
            "w": "FAN",
            "v": false,
            "row": 6,
            "col": 5
        },
        {
            "w": "FAT",
            "v": false,
            "row": 0,
            "col": 0
        },
        {
            "w": "FIN",
            "v": false,
            "row": 6,
            "col": 1
        },
        {
            "w": "FIT",
            "v": true,
            "row": 0,
            "col": 4
        },
        {
            "w": "INN",
            "v": false,
            "row": 1,
            "col": 4
        },
        {
            "w": "NIT",
            "v": false,
            "row": 2,
            "col": 2
        },
        {
            "w": "TAN",
            "v": true,
            "row": 0,
            "col": 2
        },
        {
            "w": "TIN",
            "v": true,
            "row": 4,
            "col": 7
        },
        {
            "w": "FIAT",
            "v": true,
            "row": 0,
            "col": 0
        },
        {
            "w": "FAINT",
            "v": false,
            "row": 4,
            "col": 3
        },
        {
            "w": "INFANT",
            "v": true,
            "row": 2,
            "col": 3
        }
    ]
}