{
    "id": "fa21d290-0d40-11eb-a781-34363b5fdca4",
    "type": 0,
    "letters": "CDLOSU",
    "mov": 23,
    "shovels": 1,
    "coins": 5,
    "rows": 9,
    "cols": 2,
    "c": 0,
    "b": -1,
    "dws": [
        "COL",
        "DOC",
        "COS",
        "SOC",
        "LOU",
        "LOD",
        "DOL",
        "LOS",
        "SOL",
        "LUD",
        "LSD",
        "OUD",
        "UDO",
        "OUS",
        "SOU",
        "ODS",
        "DOS",
        "DSO",
        "SOD",
        "UDS",
        "CLOU",
        "COLS",
        "SCUL",
        "DOUC",
        "CODS",
        "DOCS",
        "CUDS",
        "SCUD",
        "LUDO",
        "OULD",
        "LOUS",
        "LODS",
        "OLDS",
        "DOLS",
        "LUDS",
        "OUDS",
        "UDOS",
        "CLOUS",
        "DOUCS",
        "SCUDO",
        "LUDOS",
        "COLDS",
        "OLD"
    ],
    "ws": [
        {
            "w": "COD",
            "v": false,
            "row": 6,
            "col": 7
        },
        {
            "w": "CUD",
            "v": false,
            "row": 9,
            "col": 0
        },
        {
            "w": "DUO",
            "v": true,
            "row": 1,
            "col": 5
        },
        {
            "w": "SUD",
            "v": false,
            "row": 4,
            "col": 0
        },
        {
            "w": "CLOD",
            "v": true,
            "row": 0,
            "col": 8
        },
        {
            "w": "COLD",
            "v": false,
            "row": 7,
            "col": 1
        },
        {
            "w": "DUOS",
            "v": true,
            "row": 6,
            "col": 9
        },
        {
            "w": "LOUD",
            "v": false,
            "row": 1,
            "col": 2
        },
        {
            "w": "SOLD",
            "v": true,
            "row": 6,
            "col": 2
        },
        {
            "w": "SOUL",
            "v": false,
            "row": 8,
            "col": 4
        },
        {
            "w": "CLODS",
            "v": true,
            "row": 0,
            "col": 0
        },
        {
            "w": "CLOUD",
            "v": true,
            "row": 0,
            "col": 2
        },
        {
            "w": "COULD",
            "v": false,
            "row": 3,
            "col": 4
        },
        {
            "w": "LOCUS",
            "v": false,
            "row": 5,
            "col": 3
        },
        {
            "w": "SCOLD",
            "v": true,
            "row": 5,
            "col": 7
        },
        {
            "w": "CLOUDS",
            "v": true,
            "row": 3,
            "col": 4
        }
    ]
}