{
    "id": "fcc7029c-0d39-11eb-a781-34363b5fdca4",
    "type": 0,
    "letters": "AINQTU",
    "mov": 15,
    "shovels": 1,
    "coins": 5,
    "rows": 5,
    "cols": 2,
    "c": 0,
    "b": -1,
    "dws": [
        "QUA",
        "QAT",
        "QIN",
        "UTA",
        "TAU",
        "UNI",
        "TUI",
        "TUN",
        "AIN",
        "ANI",
        "AIT",
        "ITA",
        "TAI",
        "NAT",
        "QUAI",
        "QUAT",
        "QUIN",
        "UNAI",
        "AITU",
        "TUAN",
        "ANTI",
        "TINA",
        "TIAN",
        "TAIN",
        "QUINA",
        "QUANT",
        "QUINT",
        "QUINTA"
    ],
    "ws": [
        {
            "w": "ANT",
            "v": false,
            "row": 2,
            "col": 5
        },
        {
            "w": "NIT",
            "v": false,
            "row": 5,
            "col": 3
        },
        {
            "w": "NUT",
            "v": false,
            "row": 4,
            "col": 5
        },
        {
            "w": "TAN",
            "v": true,
            "row": 0,
            "col": 6
        },
        {
            "w": "TIN",
            "v": true,
            "row": 4,
            "col": 7
        },
        {
            "w": "AUNT",
            "v": true,
            "row": 2,
            "col": 5
        },
        {
            "w": "QUIT",
            "v": false,
            "row": 6,
            "col": 0
        },
        {
            "w": "TUNA",
            "v": false,
            "row": 3,
            "col": 0
        },
        {
            "w": "UNIT",
            "v": true,
            "row": 0,
            "col": 0
        },
        {
            "w": "QUAINT",
            "v": true,
            "row": 1,
            "col": 3
        }
    ]
}