{
    "id": "fd9c9038-0d39-11eb-a781-34363b5fdca4",
    "type": 0,
    "letters": "CENOSU",
    "mov": 27,
    "shovels": 1,
    "coins": 5,
    "rows": 11,
    "cols": 2,
    "c": 0,
    "b": -1,
    "dws": [
        "OUS",
        "SOU",
        "ONS",
        "NOS",
        "ECO",
        "COS",
        "SOC",
        "OES",
        "OSE",
        "UNS",
        "NUS",
        "ECU",
        "ENS",
        "SEN",
        "SEC",
        "UNCO",
        "SONE",
        "COSE",
        "ECOS",
        "SECO",
        "UNCE",
        "ECUS",
        "CENS",
        "UNCOS",
        "CONUS",
        "NOUSE",
        "SOUCE",
        "ONCES",
        "UNCES",
        "CONES",
        "EONS",
        "NOSE",
        "ONUS",
        "CUE",
        "EON"
    ],
    "ws": [
        {
            "w": "CON",
            "v": false,
            "row": 4,
            "col": 7
        },
        {
            "w": "ONE",
            "v": false,
            "row": 3,
            "col": 0
        },
        {
            "w": "SON",
            "v": false,
            "row": 5,
            "col": 0
        },
        {
            "w": "SUE",
            "v": false,
            "row": 7,
            "col": 7
        },
        {
            "w": "SUN",
            "v": false,
            "row": 4,
            "col": 3
        },
        {
            "w": "USE",
            "v": true,
            "row": 7,
            "col": 8
        },
        {
            "w": "CONE",
            "v": true,
            "row": 2,
            "col": 9
        },
        {
            "w": "CONS",
            "v": false,
            "row": 8,
            "col": 1
        },
        {
            "w": "CUES",
            "v": true,
            "row": 4,
            "col": 7
        },
        {
            "w": "NOES",
            "v": false,
            "row": 0,
            "col": 1
        },
        {
            "w": "NOUS",
            "v": true,
            "row": 2,
            "col": 0
        },
        {
            "w": "ONCE",
            "v": true,
            "row": 0,
            "col": 2
        },
        {
            "w": "ONES",
            "v": false,
            "row": 9,
            "col": 6
        },
        {
            "w": "OUNCE",
            "v": true,
            "row": 5,
            "col": 1
        },
        {
            "w": "SCONE",
            "v": false,
            "row": 6,
            "col": 3
        },
        {
            "w": "OUNCES",
            "v": true,
            "row": 3,
            "col": 4
        }
    ]
}