{
    "id": "fedfa8b8-0d43-11eb-a781-34363b5fdca4",
    "type": 0,
    "letters": "EEERSV",
    "mov": 17,
    "shovels": 1,
    "coins": 5,
    "rows": 6,
    "cols": 2,
    "c": 0,
    "b": -1,
    "dws": [
        "SEV",
        "ESE",
        "SER",
        "ERS",
        "RES",
        "VEE",
        "REV",
        "ERE",
        "REE",
        "VEES",
        "VERS",
        "REVS",
        "SERE",
        "ERES",
        "REES",
        "EREV",
        "EREVS",
        "RESEE",
        "REEVES"
    ],
    "ws": [
        {
            "w": "EVE",
            "v": true,
            "row": 0,
            "col": 4
        },
        {
            "w": "SEE",
            "v": true,
            "row": 5,
            "col": 5
        },
        {
            "w": "EVER",
            "v": true,
            "row": 4,
            "col": 1
        },
        {
            "w": "EVES",
            "v": false,
            "row": 7,
            "col": 3
        },
        {
            "w": "SEER",
            "v": false,
            "row": 6,
            "col": 0
        },
        {
            "w": "VEER",
            "v": false,
            "row": 1,
            "col": 4
        },
        {
            "w": "REEVE",
            "v": false,
            "row": 4,
            "col": 0
        },
        {
            "w": "SERVE",
            "v": false,
            "row": 0,
            "col": 0
        },
        {
            "w": "SEVER",
            "v": true,
            "row": 0,
            "col": 0
        },
        {
            "w": "VEERS",
            "v": true,
            "row": 0,
            "col": 6
        },
        {
            "w": "VERSE",
            "v": false,
            "row": 2,
            "col": 0
        },
        {
            "w": "SEVERE",
            "v": true,
            "row": 2,
            "col": 3
        }
    ]
}