{
    "id": "031d8fd6-0d48-11eb-a781-34363b5fdca4",
    "type": 0,
    "letters": "BDENSU",
    "mov": 37,
    "shovels": 1,
    "coins": 5,
    "rows": 16,
    "cols": 2,
    "c": 0,
    "b": -1,
    "dws": [
        "UNS",
        "NUS",
        "SUD",
        "UDS",
        "SEN",
        "ENS",
        "BES",
        "SED",
        "EDS",
        "NEB",
        "BEN",
        "NED",
        "DEB",
        "NUBS",
        "DUNS",
        "DEUS",
        "SNEB",
        "NEBS",
        "BENS",
        "SNED",
        "NEDS",
        "DEBS",
        "UNBE",
        "BUND",
        "UNDE",
        "BEDU",
        "BUNDS",
        "BUSED",
        "DEBUS",
        "UNBED",
        "BENDS",
        "DUNES",
        "NUDES",
        "BEDS",
        "BEND",
        "BUNS",
        "DUBS",
        "DUES",
        "ENDS",
        "SNUB",
        "USED",
        "DUN",
        "END",
        "NUB",
        "SUB",
        "SUE"
    ],
    "ws": [
        {
            "w": "BED",
            "v": false,
            "row": 3,
            "col": 0
        },
        {
            "w": "BUD",
            "v": true,
            "row": 3,
            "col": 0
        },
        {
            "w": "BUN",
            "v": false,
            "row": 5,
            "col": 2
        },
        {
            "w": "BUS",
            "v": false,
            "row": 1,
            "col": 0
        },
        {
            "w": "DEN",
            "v": true,
            "row": 1,
            "col": 6
        },
        {
            "w": "DUB",
            "v": true,
            "row": 3,
            "col": 2
        },
        {
            "w": "DUE",
            "v": false,
            "row": 9,
            "col": 7
        },
        {
            "w": "SUN",
            "v": true,
            "row": 1,
            "col": 9
        },
        {
            "w": "USE",
            "v": false,
            "row": 7,
            "col": 7
        },
        {
            "w": "BUDS",
            "v": false,
            "row": 6,
            "col": 4
        },
        {
            "w": "DENS",
            "v": false,
            "row": 1,
            "col": 6
        },
        {
            "w": "DUNE",
            "v": true,
            "row": 0,
            "col": 1
        },
        {
            "w": "NUDE",
            "v": false,
            "row": 8,
            "col": 2
        },
        {
            "w": "SEND",
            "v": false,
            "row": 3,
            "col": 4
        },
        {
            "w": "SUED",
            "v": true,
            "row": 6,
            "col": 7
        },
        {
            "w": "SUNBED",
            "v": true,
            "row": 3,
            "col": 4
        }
    ]
}