{
    "id": "041ae576-0d3b-11eb-a781-34363b5fdca4",
    "type": 0,
    "letters": "ENPRSU",
    "mov": 33,
    "shovels": 1,
    "coins": 5,
    "rows": 14,
    "cols": 2,
    "c": 0,
    "b": -1,
    "dws": [
        "PUR",
        "URP",
        "PRE",
        "REP",
        "PUS",
        "UPS",
        "SUP",
        "NEP",
        "PES",
        "NUR",
        "URE",
        "REN",
        "ERN",
        "RES",
        "ERS",
        "SER",
        "UNS",
        "NUS",
        "ENS",
        "SEN",
        "PUER",
        "PURS",
        "URPS",
        "PERN",
        "REPS",
        "SUPE",
        "SPUE",
        "NEPS",
        "NURS",
        "URES",
        "SUER",
        "RENS",
        "ERNS",
        "PURES",
        "SPRUE",
        "PERNS",
        "NURSE",
        "PRUNE",
        "PURE",
        "RUES",
        "RUNE",
        "SURE",
        "URNS",
        "PUN",
        "RUE",
        "RUN",
        "URN",
        "USE"
    ],
    "ws": [
        {
            "w": "PEN",
            "v": false,
            "row": 1,
            "col": 6
        },
        {
            "w": "PER",
            "v": true,
            "row": 1,
            "col": 6
        },
        {
            "w": "SUE",
            "v": false,
            "row": 5,
            "col": 7
        },
        {
            "w": "SUN",
            "v": false,
            "row": 8,
            "col": 4
        },
        {
            "w": "PENS",
            "v": true,
            "row": 0,
            "col": 3
        },
        {
            "w": "PUNS",
            "v": false,
            "row": 9,
            "col": 0
        },
        {
            "w": "RUNS",
            "v": true,
            "row": 6,
            "col": 6
        },
        {
            "w": "RUSE",
            "v": false,
            "row": 7,
            "col": 1
        },
        {
            "w": "SPUN",
            "v": false,
            "row": 5,
            "col": 2
        },
        {
            "w": "SPUR",
            "v": false,
            "row": 3,
            "col": 3
        },
        {
            "w": "USER",
            "v": false,
            "row": 7,
            "col": 6
        },
        {
            "w": "PURSE",
            "v": true,
            "row": 0,
            "col": 1
        },
        {
            "w": "RUNES",
            "v": true,
            "row": 4,
            "col": 8
        },
        {
            "w": "SPURN",
            "v": true,
            "row": 5,
            "col": 2
        },
        {
            "w": "SUPER",
            "v": false,
            "row": 1,
            "col": 0
        },
        {
            "w": "PRUNES",
            "v": true,
            "row": 3,
            "col": 4
        }
    ]
}