{
    "id": "050343b6-0d3b-11eb-a781-34363b5fdca4",
    "type": 0,
    "letters": "DEGILR",
    "mov": 31,
    "shovels": 1,
    "coins": 5,
    "rows": 13,
    "cols": 2,
    "c": 0,
    "b": -1,
    "dws": [
        "LIG",
        "GID",
        "GIE",
        "GED",
        "DEG",
        "GER",
        "ERG",
        "REG",
        "LEI",
        "DEL",
        "ELD",
        "IDE",
        "DEI",
        "REI",
        "GLID",
        "GILD",
        "GLEI",
        "GLED",
        "GELD",
        "GIED",
        "DREG",
        "DIEL",
        "DELI",
        "DEIL",
        "EILD",
        "DIRL",
        "LIER",
        "LEIR",
        "RIEL",
        "IRED",
        "GELID",
        "LIGER",
        "GRIDE",
        "IDLER",
        "GILDER",
        "RIDGEL",
        "REGILD",
        "DIRGE",
        "RIDGE",
        "RILED",
        "GIRL",
        "IDLE",
        "LIRE",
        "GEL",
        "LED",
        "LEG",
        "LIE"
    ],
    "ws": [
        {
            "w": "DIE",
            "v": true,
            "row": 2,
            "col": 9
        },
        {
            "w": "DIG",
            "v": false,
            "row": 3,
            "col": 2
        },
        {
            "w": "IRE",
            "v": false,
            "row": 2,
            "col": 0
        },
        {
            "w": "LID",
            "v": true,
            "row": 5,
            "col": 8
        },
        {
            "w": "RED",
            "v": false,
            "row": 5,
            "col": 4
        },
        {
            "w": "RID",
            "v": true,
            "row": 2,
            "col": 7
        },
        {
            "w": "RIG",
            "v": true,
            "row": 0,
            "col": 6
        },
        {
            "w": "DIRE",
            "v": true,
            "row": 5,
            "col": 6
        },
        {
            "w": "GIRD",
            "v": true,
            "row": 1,
            "col": 0
        },
        {
            "w": "GRID",
            "v": false,
            "row": 2,
            "col": 6
        },
        {
            "w": "LIED",
            "v": true,
            "row": 0,
            "col": 2
        },
        {
            "w": "RIDE",
            "v": false,
            "row": 7,
            "col": 6
        },
        {
            "w": "RILE",
            "v": true,
            "row": 6,
            "col": 1
        },
        {
            "w": "GLIDE",
            "v": false,
            "row": 8,
            "col": 0
        },
        {
            "w": "GIRDLE",
            "v": true,
            "row": 3,
            "col": 4
        },
        {
            "w": "GLIDER",
            "v": false,
            "row": 0,
            "col": 1
        }
    ]
}