{
    "id": "06ff5d32-0d48-11eb-a781-34363b5fdca4",
    "type": 0,
    "letters": "AEPRRY",
    "mov": 31,
    "shovels": 1,
    "coins": 5,
    "rows": 13,
    "cols": 2,
    "c": 0,
    "b": -1,
    "dws": [
        "PRE",
        "REP",
        "PYA",
        "YAP",
        "PYE",
        "YEP",
        "RYA",
        "ARY",
        "YAR",
        "YER",
        "AYE",
        "YAE",
        "YEA",
        "RAPE",
        "APER",
        "PARR",
        "RYPE",
        "AYRE",
        "AERY",
        "YARE",
        "EYRA",
        "YARR",
        "APERY",
        "PARER",
        "RAPER",
        "PRYER",
        "PERRY",
        "YARER",
        "PARRY",
        "REPAY",
        "PARE",
        "PRAY",
        "REAP",
        "REAR",
        "YEAR",
        "ARE",
        "PRY",
        "RAY"
    ],
    "ws": [
        {
            "w": "APE",
            "v": false,
            "row": 1,
            "col": 1
        },
        {
            "w": "EAR",
            "v": false,
            "row": 4,
            "col": 0
        },
        {
            "w": "ERA",
            "v": false,
            "row": 7,
            "col": 2
        },
        {
            "w": "ERR",
            "v": false,
            "row": 4,
            "col": 5
        },
        {
            "w": "PAR",
            "v": true,
            "row": 0,
            "col": 1
        },
        {
            "w": "PAY",
            "v": true,
            "row": 6,
            "col": 4
        },
        {
            "w": "PEA",
            "v": true,
            "row": 3,
            "col": 0
        },
        {
            "w": "PER",
            "v": true,
            "row": 2,
            "col": 7
        },
        {
            "w": "RAP",
            "v": false,
            "row": 2,
            "col": 5
        },
        {
            "w": "RYE",
            "v": true,
            "row": 2,
            "col": 5
        },
        {
            "w": "PEAR",
            "v": true,
            "row": 0,
            "col": 3
        },
        {
            "w": "PREY",
            "v": false,
            "row": 3,
            "col": 2
        },
        {
            "w": "PYRE",
            "v": false,
            "row": 6,
            "col": 4
        },
        {
            "w": "RARE",
            "v": true,
            "row": 4,
            "col": 6
        },
        {
            "w": "PAYER",
            "v": false,
            "row": 0,
            "col": 3
        },
        {
            "w": "PRAYER",
            "v": true,
            "row": 3,
            "col": 2
        }
    ]
}