{
    "id": "0af72ba4-0d48-11eb-a781-34363b5fdca4",
    "type": 0,
    "letters": "EGINOR",
    "mov": 27,
    "shovels": 1,
    "coins": 5,
    "rows": 11,
    "cols": 2,
    "c": 0,
    "b": -1,
    "dws": [
        "REG",
        "ERG",
        "GER",
        "REI",
        "REO",
        "REN",
        "ERN",
        "GOR",
        "ORG",
        "RIN",
        "GIE",
        "GEO",
        "GOE",
        "ENG",
        "GEN",
        "NEG",
        "NIE",
        "GIO",
        "ING",
        "GON",
        "NOG",
        "REGO",
        "ERGO",
        "GREN",
        "RINE",
        "RENO",
        "RONE",
        "ONER",
        "GIRO",
        "GORI",
        "GIRN",
        "RONG",
        "ROIN",
        "INRO",
        "NOIR",
        "NORI",
        "GIEN",
        "ONIE",
        "INGO",
        "RENIG",
        "NIGER",
        "ERGON",
        "GENRO",
        "GRONE",
        "GONER",
        "NEGRO",
        "IRONE",
        "GIRON",
        "ERINGO",
        "GRIN",
        "OGRE",
        "RING",
        "ION",
        "NOR",
        "ROE"
    ],
    "ws": [
        {
            "w": "EGO",
            "v": true,
            "row": 6,
            "col": 0
        },
        {
            "w": "EON",
            "v": false,
            "row": 6,
            "col": 0
        },
        {
            "w": "GIN",
            "v": false,
            "row": 5,
            "col": 2
        },
        {
            "w": "IRE",
            "v": false,
            "row": 3,
            "col": 0
        },
        {
            "w": "ONE",
            "v": false,
            "row": 2,
            "col": 7
        },
        {
            "w": "ORE",
            "v": true,
            "row": 6,
            "col": 8
        },
        {
            "w": "RIG",
            "v": false,
            "row": 1,
            "col": 5
        },
        {
            "w": "GOER",
            "v": false,
            "row": 8,
            "col": 2
        },
        {
            "w": "GONE",
            "v": true,
            "row": 1,
            "col": 7
        },
        {
            "w": "GORE",
            "v": false,
            "row": 4,
            "col": 4
        },
        {
            "w": "IRON",
            "v": false,
            "row": 6,
            "col": 6
        },
        {
            "w": "REIN",
            "v": true,
            "row": 4,
            "col": 6
        },
        {
            "w": "GROIN",
            "v": true,
            "row": 0,
            "col": 0
        },
        {
            "w": "REIGN",
            "v": true,
            "row": 2,
            "col": 2
        },
        {
            "w": "IGNORE",
            "v": true,
            "row": 3,
            "col": 4
        },
        {
            "w": "REGION",
            "v": true,
            "row": 1,
            "col": 9
        }
    ]
}