{
    "id": "0cbebc8a-0d44-11eb-a781-34363b5fdca4",
    "type": 0,
    "letters": "ADEIJL",
    "mov": 25,
    "shovels": 1,
    "coins": 5,
    "rows": 10,
    "cols": 2,
    "c": 0,
    "b": -1,
    "dws": [
        "JAI",
        "AJI",
        "AIL",
        "LEA",
        "DAL",
        "DAE",
        "LEI",
        "IDE",
        "DEI",
        "ELD",
        "DEL",
        "JEDI",
        "ILEA",
        "DALI",
        "LADE",
        "EILD",
        "DELI",
        "DEIL",
        "DIEL",
        "AILED",
        "LIED",
        "ALE",
        "LID",
        "LIE"
    ],
    "ws": [
        {
            "w": "AID",
            "v": false,
            "row": 8,
            "col": 2
        },
        {
            "w": "DIE",
            "v": true,
            "row": 0,
            "col": 3
        },
        {
            "w": "LAD",
            "v": false,
            "row": 4,
            "col": 3
        },
        {
            "w": "LED",
            "v": false,
            "row": 6,
            "col": 4
        },
        {
            "w": "AIDE",
            "v": true,
            "row": 5,
            "col": 9
        },
        {
            "w": "DALE",
            "v": false,
            "row": 2,
            "col": 0
        },
        {
            "w": "DEAL",
            "v": false,
            "row": 3,
            "col": 6
        },
        {
            "w": "DIAL",
            "v": true,
            "row": 6,
            "col": 2
        },
        {
            "w": "IDEA",
            "v": false,
            "row": 5,
            "col": 6
        },
        {
            "w": "IDLE",
            "v": true,
            "row": 5,
            "col": 6
        },
        {
            "w": "JADE",
            "v": true,
            "row": 2,
            "col": 8
        },
        {
            "w": "JAIL",
            "v": true,
            "row": 1,
            "col": 1
        },
        {
            "w": "LAID",
            "v": true,
            "row": 0,
            "col": 6
        },
        {
            "w": "LEAD",
            "v": false,
            "row": 7,
            "col": 6
        },
        {
            "w": "IDEAL",
            "v": false,
            "row": 0,
            "col": 2
        },
        {
            "w": "JAILED",
            "v": true,
            "row": 3,
            "col": 4
        }
    ]
}