{
    "id": "0defd52c-0d48-11eb-a781-34363b5fdca4",
    "type": 0,
    "letters": "EHIRST",
    "mov": 39,
    "shovels": 1,
    "coins": 5,
    "rows": 17,
    "cols": 2,
    "c": 0,
    "b": -1,
    "dws": [
        "HET",
        "ETH",
        "RET",
        "TES",
        "EST",
        "RIT",
        "TIS",
        "HIE",
        "REH",
        "HES",
        "EHS",
        "ISH",
        "REI",
        "SEI",
        "ERS",
        "RES",
        "SER",
        "SRI",
        "TEHR",
        "HETS",
        "HEST",
        "ETHS",
        "SHET",
        "THIR",
        "HIST",
        "SHIT",
        "SITH",
        "TRIE",
        "STIE",
        "TRES",
        "ERST",
        "RETS",
        "RITS",
        "HIES",
        "EISH",
        "REHS",
        "RESH",
        "SIHR",
        "SHRI",
        "SHIR",
        "IRES",
        "REIS",
        "SEIR",
        "ITHER",
        "HEIST",
        "SHITE",
        "SITHE",
        "TEHRS",
        "REIST",
        "RESIT",
        "SHIRE",
        "SHIER",
        "HEIRS",
        "RITES",
        "SHIRT",
        "TIERS",
        "TIRES",
        "TRIES",
        "HEIR",
        "RITE",
        "SIRE",
        "SITE",
        "TIES",
        "TIRE",
        "HER",
        "HIT",
        "SHE",
        "SIR",
        "THE",
        "TIE"
    ],
    "ws": [
        {
            "w": "HIS",
            "v": false,
            "row": 4,
            "col": 4
        },
        {
            "w": "IRE",
            "v": false,
            "row": 4,
            "col": 0
        },
        {
            "w": "ITS",
            "v": false,
            "row": 5,
            "col": 7
        },
        {
            "w": "SET",
            "v": false,
            "row": 3,
            "col": 2
        },
        {
            "w": "SIT",
            "v": false,
            "row": 6,
            "col": 3
        },
        {
            "w": "HERS",
            "v": false,
            "row": 1,
            "col": 0
        },
        {
            "w": "HIRE",
            "v": false,
            "row": 0,
            "col": 6
        },
        {
            "w": "HITS",
            "v": false,
            "row": 8,
            "col": 1
        },
        {
            "w": "REST",
            "v": false,
            "row": 2,
            "col": 6
        },
        {
            "w": "RISE",
            "v": true,
            "row": 1,
            "col": 2
        },
        {
            "w": "STIR",
            "v": false,
            "row": 9,
            "col": 5
        },
        {
            "w": "THIS",
            "v": true,
            "row": 2,
            "col": 9
        },
        {
            "w": "TIER",
            "v": true,
            "row": 3,
            "col": 0
        },
        {
            "w": "HIRES",
            "v": true,
            "row": 0,
            "col": 6
        },
        {
            "w": "THEIR",
            "v": true,
            "row": 5,
            "col": 8
        },
        {
            "w": "THEIRS",
            "v": true,
            "row": 3,
            "col": 4
        }
    ]
}