{
    "id": 1189,
    "sub_category": "View Pack",
    "category": "Cliff Group",
    "type": 0,
    "letters": "CDNOOR",
    "mov": 26,
    "shovels": 1,
    "coins": 5,
    "rows": 15,
    "cols": 15,
    "c": 0,
    "b": -1,
    "w": 13,
    "h": 11,
    "dws": [
        "RONDO",
        "OOR",
        "NOO",
        "DOR",
        "ORC",
        "ONO",
        "ORDO",
        "OON",
        "CORD",
        "COND",
        "ORD",
        "COON",
        "ROO",
        "CODON",
        "DOO",
        "COR",
        "DOON",
        "ROON",
        "DOCO",
        "ROOD",
        "ROC"
    ],
    "ws": [
        {
            "w": "COD",
            "v": false,
            "row": 8,
            "col": 7,
            "def": "A bag."
        },
        {
            "w": "CON",
            "v": true,
            "row": 0,
            "col": 5,
            "def": "To study, especially in order to gain knowledge of."
        },
        {
            "w": "DOC",
            "v": false,
            "row": 6,
            "col": 0,
            "def": "A doctor."
        },
        {
            "w": "NOD",
            "v": false,
            "row": 6,
            "col": 6,
            "def": "To incline the head up and down, as to indicate agreement."
        },
        {
            "w": "NOR",
            "v": false,
            "row": 5,
            "col": 4,
            "def": "Used to introduce a further negative statement."
        },
        {
            "w": "ROD",
            "v": false,
            "row": 7,
            "col": 3,
            "def": "A straight, round stick, shaft, bar, cane, or staff."
        },
        {
            "w": "COO",
            "v": false,
            "row": 3,
            "col": 6,
            "def": "The murmuring sound made by a dove or pigeon."
        },
        {
            "w": "DON",
            "v": false,
            "row": 2,
            "col": 1,
            "def": "A university professor, particularly one at Oxford or Cambridge."
        },
        {
            "w": "CORN",
            "v": true,
            "row": 3,
            "col": 6,
            "def": "A cereal plant grown for its grain, specifically the main such plant grown in a given region, such as oats in parts of Scotland and Ireland, wheat or barley in England and Wales, and maize or sweetcorn in the Americas."
        },
        {
            "w": "DOOR",
            "v": true,
            "row": 6,
            "col": 8,
            "def": "A portal of entry into a building or room, consisting of a rigid plane movable on a hinge. Doors are frequently made of wood or metal. May have a handle to help open and close, a latch to hold the door closed, and a lock that ensures the door cannot be opened without the key."
        },
        {
            "w": "ODOR",
            "v": true,
            "row": 4,
            "col": 1,
            "def": "Any smell, whether fragrant or offensive; scent; perfume."
        },
        {
            "w": "CONDO",
            "v": false,
            "row": 4,
            "col": 0,
            "def": "A condominium."
        },
        {
            "w": "DONOR",
            "v": true,
            "row": 0,
            "col": 8,
            "def": "One who donates, typically, money."
        },
        {
            "w": "CROON",
            "v": true,
            "row": 0,
            "col": 2,
            "def": "To hum or sing softly or in a sentimental manner."
        },
        {
            "w": "CONDOR",
            "v": true,
            "row": 3,
            "col": 4,
            "def": "Either of two New World vultures, Vultur gryphus of the Andes or Gymnogyps californianus, a nearly extinct vulture of the mountains of California."
        },
        {
            "w": "CORDON",
            "v": false,
            "row": 1,
            "col": 4,
            "def": "A ribbon normally worn diagonally across the chest as a decoration or insignia of rank etc."
        }
    ]
}