{
    "id": 1207,
    "sub_category": "Fresh Pack",
    "category": "Beach Group",
    "type": 0,
    "letters": "EIKNRT",
    "mov": 30,
    "shovels": 1,
    "coins": 5,
    "rows": 15,
    "cols": 15,
    "c": 0,
    "b": -1,
    "w": 14,
    "h": 11,
    "dws": [
        "RET",
        "RIT",
        "KIER",
        "KERN",
        "NEK",
        "KIRN",
        "REKNIT",
        "ERN",
        "REI",
        "NERK",
        "TIKE",
        "IRK",
        "KEIR",
        "RIN",
        "NITER",
        "TIK",
        "NITE",
        "REIK",
        "NIE",
        "TRINE",
        "REN",
        "KIR",
        "KENT",
        "RITE",
        "RENK",
        "INKER",
        "TRIE",
        "TIRE",
        "KET",
        "NITRE",
        "EIK",
        "TIER",
        "TINK",
        "REINK",
        "ERK",
        "TRIN",
        "KNIT",
        "KITER",
        "KINE",
        "TEIN",
        "RINE",
        "KEN",
        "RENT",
        "KIN",
        "TEN",
        "TIE"
    ],
    "ws": [
        {
            "w": "INK",
            "v": true,
            "row": 7,
            "col": 7,
            "def": "To apply a tattoo to (someone)."
        },
        {
            "w": "KIT",
            "v": false,
            "row": 9,
            "col": 7,
            "def": "A circular wooden vessel, made of hooped staves."
        },
        {
            "w": "NET",
            "v": true,
            "row": 0,
            "col": 7,
            "def": "A mesh of string, cord or rope."
        },
        {
            "w": "TIN",
            "v": false,
            "row": 2,
            "col": 0,
            "def": "A malleable, ductile, metallic element, resistant to corrosion, with atomic number 50 and symbol Sn."
        },
        {
            "w": "NIT",
            "v": false,
            "row": 7,
            "col": 6,
            "def": "The egg of a louse."
        },
        {
            "w": "IRE",
            "v": false,
            "row": 8,
            "col": 3,
            "def": "Iron."
        },
        {
            "w": "KITE",
            "v": false,
            "row": 3,
            "col": 2,
            "def": "Any of falconiform birds of prey in the subfamily Elaninae of the family Accipitridae with long wings and weak legs, feeding mostly on carrion and spending long periods soaring."
        },
        {
            "w": "RINK",
            "v": true,
            "row": 0,
            "col": 2,
            "def": "A man, especially a warrior or hero."
        },
        {
            "w": "TREK",
            "v": true,
            "row": 2,
            "col": 0,
            "def": "A slow or difficult journey."
        },
        {
            "w": "REIN",
            "v": true,
            "row": 4,
            "col": 6,
            "def": "A strap or rope attached to the bridle or bit, used to control a horse, animal or young child."
        },
        {
            "w": "TERN",
            "v": false,
            "row": 0,
            "col": 0,
            "def": "Any of various sea birds of the family Sternidae that are similar to gulls but are smaller, more elegant and have a forked tail."
        },
        {
            "w": "TINE",
            "v": true,
            "row": 0,
            "col": 5,
            "def": "A spike or point on an implement or tool, especially a prong of a fork or a tooth of a comb."
        },
        {
            "w": "INERT",
            "v": false,
            "row": 1,
            "col": 5,
            "def": "Unable to move or act; inanimate."
        },
        {
            "w": "INTER",
            "v": false,
            "row": 5,
            "col": 3,
            "def": "To bury in a grave."
        },
        {
            "w": "TRIKE",
            "v": true,
            "row": 1,
            "col": 9,
            "def": "A tricycle."
        },
        {
            "w": "TINKER",
            "v": true,
            "row": 3,
            "col": 4,
            "def": "An itinerant tinsmith and mender of household utensils made of tin."
        }
    ]
}