{
    "id": "13947f24-0d47-11eb-a781-34363b5fdca4",
    "type": 0,
    "letters": "EEFRSU",
    "mov": 27,
    "shovels": 1,
    "coins": 5,
    "rows": 11,
    "cols": 2,
    "c": 0,
    "b": -1,
    "dws": [
        "REF",
        "ERF",
        "FER",
        "URE",
        "RES",
        "ERS",
        "SER",
        "REE",
        "ERE",
        "FEU",
        "EFS",
        "FES",
        "ESE",
        "REFS",
        "FERE",
        "FEER",
        "URES",
        "SUER",
        "REES",
        "ERES",
        "SERE",
        "FEUS",
        "FERES",
        "FEERS",
        "FUSEE",
        "REEFS",
        "REUSE",
        "SEER",
        "USER",
        "FEE",
        "SEE"
    ],
    "ws": [
        {
            "w": "FUR",
            "v": true,
            "row": 4,
            "col": 2
        },
        {
            "w": "RUE",
            "v": true,
            "row": 0,
            "col": 8
        },
        {
            "w": "SUE",
            "v": false,
            "row": 4,
            "col": 7
        },
        {
            "w": "USE",
            "v": true,
            "row": 0,
            "col": 3
        },
        {
            "w": "FEES",
            "v": false,
            "row": 8,
            "col": 3
        },
        {
            "w": "FREE",
            "v": false,
            "row": 4,
            "col": 2
        },
        {
            "w": "FURS",
            "v": true,
            "row": 2,
            "col": 0
        },
        {
            "w": "FUSE",
            "v": false,
            "row": 2,
            "col": 0
        },
        {
            "w": "REEF",
            "v": false,
            "row": 2,
            "col": 6
        },
        {
            "w": "RUES",
            "v": false,
            "row": 6,
            "col": 6
        },
        {
            "w": "RUSE",
            "v": true,
            "row": 6,
            "col": 6
        },
        {
            "w": "SERF",
            "v": true,
            "row": 0,
            "col": 6
        },
        {
            "w": "SURE",
            "v": false,
            "row": 1,
            "col": 3
        },
        {
            "w": "SURF",
            "v": false,
            "row": 0,
            "col": 6
        },
        {
            "w": "FREES",
            "v": true,
            "row": 2,
            "col": 9
        },
        {
            "w": "REFUSE",
            "v": true,
            "row": 3,
            "col": 4
        }
    ]
}