{
    "id": 1508,
    "sub_category": "Leaf Pack",
    "category": "Woodland Group",
    "type": 0,
    "letters": "EFGINR",
    "mov": 30,
    "shovels": 1,
    "coins": 5,
    "rows": 15,
    "cols": 15,
    "c": 0,
    "b": -1,
    "w": 14,
    "h": 11,
    "dws": [
        "GIE",
        "FENI",
        "FIER",
        "REG",
        "RENIG",
        "ERN",
        "NIFE",
        "NEIF",
        "REI",
        "NEG",
        "FRIG",
        "REIF",
        "ERG",
        "GIRN",
        "FER",
        "RIN",
        "RIF",
        "NIGER",
        "RIFE",
        "FEG",
        "GREN",
        "FIRE",
        "NIE",
        "NIEF",
        "GEN",
        "GIEN",
        "REN",
        "GIF",
        "FIRN",
        "GER",
        "ENG",
        "NEF",
        "ERF",
        "FIE",
        "ING",
        "RINE",
        "FINER",
        "FINE",
        "RING",
        "FIG"
    ],
    "ws": [
        {
            "w": "FIN",
            "v": true,
            "row": 0,
            "col": 7,
            "def": "One of the appendages of a fish, used to propel itself and to manoeuvre/maneuver."
        },
        {
            "w": "FIR",
            "v": false,
            "row": 0,
            "col": 7,
            "def": "A conifer of the genus Abies."
        },
        {
            "w": "GIN",
            "v": false,
            "row": 2,
            "col": 5,
            "def": "A colourless non-aged alcoholic liquor made by distilling fermented grains such as barley, corn, oats or rye with juniper berries; the base for many cocktails."
        },
        {
            "w": "RIG",
            "v": false,
            "row": 2,
            "col": 0,
            "def": "The rigging of a sailing ship or other such craft."
        },
        {
            "w": "IRE",
            "v": false,
            "row": 8,
            "col": 3,
            "def": "Iron."
        },
        {
            "w": "REF",
            "v": false,
            "row": 3,
            "col": 2,
            "def": "Referee."
        },
        {
            "w": "FEN",
            "v": false,
            "row": 5,
            "col": 0,
            "def": "A type of wetland fed by ground water and runoff, containing peat below the waterline."
        },
        {
            "w": "FERN",
            "v": true,
            "row": 0,
            "col": 0,
            "def": "Any of a group of some twenty thousand species of vascular plants classified in the Division Pteridophyta (formerly known by some as Filicophyta) that lacks seeds and reproduces by shedding spores to initiate an alternation of generations."
        },
        {
            "w": "GRIN",
            "v": true,
            "row": 2,
            "col": 2,
            "def": "A smile in which the lips are parted to reveal the teeth."
        },
        {
            "w": "REIN",
            "v": false,
            "row": 4,
            "col": 6,
            "def": "A strap or rope attached to the bridle or bit, used to control a horse, animal or young child."
        },
        {
            "w": "GRIEF",
            "v": false,
            "row": 6,
            "col": 4,
            "def": "Cause or instance of sorrow or pain; that which afflicts or distresses; trial."
        },
        {
            "w": "INFER",
            "v": true,
            "row": 4,
            "col": 8,
            "def": "To show; to manifest; to prove."
        },
        {
            "w": "REIGN",
            "v": true,
            "row": 0,
            "col": 9,
            "def": "The exercise of sovereign power."
        },
        {
            "w": "FEIGN",
            "v": true,
            "row": 5,
            "col": 0,
            "def": "To represent by a false appearance of; to pretend; to counterfeit."
        },
        {
            "w": "FINGER",
            "v": true,
            "row": 3,
            "col": 4,
            "def": "One of the long extremities of the hand, sometimes excluding the thumb."
        },
        {
            "w": "FRINGE",
            "v": false,
            "row": 0,
            "col": 0,
            "def": "Outside the mainstream."
        }
    ]
}