{
    "id": 1531,
    "sub_category": "Flat Pack",
    "category": "Outback Group",
    "type": 0,
    "letters": "EIMNTU",
    "mov": 30,
    "shovels": 1,
    "coins": 5,
    "rows": 15,
    "cols": 15,
    "c": 0,
    "b": -1,
    "w": 12,
    "h": 11,
    "dws": [
        "UNI",
        "MENT",
        "MEU",
        "MENU",
        "UTE",
        "TUI",
        "MUNT",
        "MEINT",
        "TUM",
        "MUT",
        "MIEN",
        "MEIN",
        "NUT",
        "NITE",
        "NIM",
        "TINE",
        "TUN",
        "NIE",
        "ETUI",
        "MUTINE",
        "NEUM",
        "MUTI",
        "MINUET",
        "MUN",
        "MUNI",
        "TEN",
        "TEIN",
        "ITEM",
        "MEN",
        "NET",
        "TIN"
    ],
    "ws": [
        {
            "w": "MET",
            "v": false,
            "row": 2,
            "col": 1,
            "def": "Simple past tense and past participle of meet."
        },
        {
            "w": "TIE",
            "v": false,
            "row": 3,
            "col": 6,
            "def": "A necktie (item of clothing consisting of a strip of cloth tied around the neck)."
        },
        {
            "w": "EMU",
            "v": true,
            "row": 2,
            "col": 2,
            "def": "A large flightless bird native to Australia, Dromaius novaehollandiae."
        },
        {
            "w": "NIT",
            "v": true,
            "row": 0,
            "col": 3,
            "def": "The egg of a louse."
        },
        {
            "w": "MINE",
            "v": false,
            "row": 1,
            "col": 6,
            "def": "Non-premodifying possessive case of I. My; belonging to me; that which belongs to me."
        },
        {
            "w": "MINT",
            "v": true,
            "row": 6,
            "col": 1,
            "def": "To try, attempt; take aim."
        },
        {
            "w": "MUTE",
            "v": true,
            "row": 1,
            "col": 6,
            "def": "To silence, to make quiet."
        },
        {
            "w": "TIME",
            "v": false,
            "row": 9,
            "col": 6,
            "def": "Reminder by the umpire for the players to continue playing after their pause."
        },
        {
            "w": "TUNE",
            "v": false,
            "row": 6,
            "col": 3,
            "def": "A melody."
        },
        {
            "w": "UNIT",
            "v": false,
            "row": 0,
            "col": 2,
            "def": "A standard measure of a quantity."
        },
        {
            "w": "EMIT",
            "v": true,
            "row": 6,
            "col": 6,
            "def": "To send out or give off."
        },
        {
            "w": "MITE",
            "v": false,
            "row": 7,
            "col": 6,
            "def": "A minute arachnid, of the order Acarina, of which there are many species; as, the cheese mite, sugar mite, harvest mite, etc."
        },
        {
            "w": "UNITE",
            "v": false,
            "row": 4,
            "col": 2,
            "def": "To come or bring together as one."
        },
        {
            "w": "UNMET",
            "v": true,
            "row": 0,
            "col": 8,
            "def": "Not met; unfulfilled; not achieved; fallen short of."
        },
        {
            "w": "UNTIE",
            "v": false,
            "row": 8,
            "col": 0,
            "def": "To loosen, as something interlaced or knotted; to disengage the parts of; as, to untie a knot."
        },
        {
            "w": "MINUTE",
            "v": true,
            "row": 3,
            "col": 4,
            "def": "A unit of time equal to sixty seconds (one-sixtieth of an hour)."
        }
    ]
}