{
    "id": 1823,
    "sub_category": "Below Packx",
    "category": "Hills Group",
    "type": 0,
    "letters": "ABEERV",
    "mov": 26,
    "shovels": 1,
    "coins": 5,
    "rows": 15,
    "cols": 15,
    "c": 0,
    "b": -1,
    "w": 10,
    "h": 10,
    "dws": [
        "AVER",
        "VERA",
        "BRAE",
        "ERE",
        "EREV",
        "RAV",
        "VEE",
        "BREE",
        "AVE",
        "REV",
        "BEVER",
        "REAVE",
        "EAVE",
        "BERE",
        "REE",
        "VARE",
        "ARB",
        "REB",
        "VAR",
        "VAE",
        "BREVE"
    ],
    "ws": [
        {
            "w": "ARE",
            "v": false,
            "row": 3,
            "col": 7,
            "def": "Second-person singular simple present tense of be."
        },
        {
            "w": "BAR",
            "v": false,
            "row": 3,
            "col": 0,
            "def": "A solid, more or less rigid object with a uniform cross-section smaller than its length."
        },
        {
            "w": "BEE",
            "v": true,
            "row": 4,
            "col": 6,
            "def": "A flying insect, of the superfamily Apoidea, known for their organised societies, for collecting pollen, and producing wax and honey."
        },
        {
            "w": "BRA",
            "v": true,
            "row": 7,
            "col": 0,
            "def": "A brassiere."
        },
        {
            "w": "EAR",
            "v": true,
            "row": 6,
            "col": 2,
            "def": "The organ of hearing, consisting of the pinna, auditory canal, eardrum, malleus, incus, stapes and cochlea."
        },
        {
            "w": "ERA",
            "v": true,
            "row": 1,
            "col": 7,
            "def": "A time period of indeterminate length, generally more than one year."
        },
        {
            "w": "EVE",
            "v": true,
            "row": 0,
            "col": 5,
            "def": "The day or night before, usually used for holidays, such as Christmas Eve."
        },
        {
            "w": "BARE",
            "v": false,
            "row": 0,
            "col": 2,
            "def": "Minimal; that is or are just sufficient."
        },
        {
            "w": "BEAR",
            "v": true,
            "row": 0,
            "col": 2,
            "def": "A large omnivorous mammal, related to the dog and raccoon, having shaggy hair, a very small tail, and flat feet; a member of family Ursidae, particularly of subfamily Ursinae."
        },
        {
            "w": "BEER",
            "v": true,
            "row": 2,
            "col": 9,
            "def": "An alcoholic drink fermented from starch material commonly barley malt, often with hops or some other substance to impart a bitter flavor."
        },
        {
            "w": "EVER",
            "v": false,
            "row": 5,
            "col": 6,
            "def": "Always."
        },
        {
            "w": "VERB",
            "v": false,
            "row": 4,
            "col": 3,
            "def": "A word that indicates an action, event, or state."
        },
        {
            "w": "RAVE",
            "v": false,
            "row": 8,
            "col": 4,
            "def": "An enthusiastic review (such as of a play)."
        },
        {
            "w": "VEER",
            "v": false,
            "row": 1,
            "col": 5,
            "def": "A turn or swerve; an instance of veering."
        },
        {
            "w": "BRAVE",
            "v": false,
            "row": 7,
            "col": 0,
            "def": "Strong in the face of fear; courageous."
        },
        {
            "w": "BEAVER",
            "v": true,
            "row": 3,
            "col": 4,
            "def": "An aquatic rodent of the genus Castor, having a wide, flat tail and webbed feet."
        }
    ]
}