{
    "id": 186,
    "sub_category": "Rays Pack",
    "category": "Sky Group",
    "type": 0,
    "letters": "ADIMNO",
    "mov": 26,
    "shovels": 1,
    "coins": 5,
    "rows": 15,
    "cols": 15,
    "c": 0,
    "b": -1,
    "w": 11,
    "h": 9,
    "dws": [
        "DAMN",
        "NOMA",
        "NID",
        "ODA",
        "AMNIO",
        "DON",
        "MOA",
        "ADMIN",
        "MONA",
        "DANIO",
        "AMIN",
        "DNA",
        "DIN",
        "MOD",
        "MINA",
        "AMI",
        "NIM",
        "DONA",
        "MOI",
        "ANI",
        "MOAI",
        "NOMAD",
        "DAIMON",
        "NAM",
        "DAN",
        "ADO",
        "AIN",
        "MANI",
        "MON",
        "AMIDO",
        "NODI",
        "MAND",
        "MANO",
        "MONAD",
        "MNA",
        "MOAN",
        "DOM",
        "DINO",
        "NOM",
        "MODI",
        "NAOI",
        "OMA",
        "MINO"
    ],
    "ws": [
        {
            "w": "AID",
            "v": false,
            "row": 1,
            "col": 7,
            "def": "Help; assistance; succor, relief."
        },
        {
            "w": "AIM",
            "v": false,
            "row": 5,
            "col": 0,
            "def": "The pointing of a weapon, as a gun, a dart, or an arrow, or object, in the line of direction with the object intended to be struck; the line of fire; the direction of anything, as a spear, a blow, a discourse, a remark, towards a particular point or object, with a view to strike or affect it."
        },
        {
            "w": "AND",
            "v": false,
            "row": 9,
            "col": 0,
            "def": "As a coordinating conjunction; expressing two elements to be taken together or in addition to each other."
        },
        {
            "w": "DAM",
            "v": false,
            "row": 7,
            "col": 0,
            "def": "Structure placed across a flowing body of water to stop the flow."
        },
        {
            "w": "DIM",
            "v": false,
            "row": 0,
            "col": 0,
            "def": "Not bright or colorful."
        },
        {
            "w": "ION",
            "v": false,
            "row": 8,
            "col": 2,
            "def": "An atom or group of atoms bearing an electrical charge such as the sodium and chlorine atoms in a salt solution."
        },
        {
            "w": "MAD",
            "v": false,
            "row": 3,
            "col": 6,
            "def": "Insane; crazy, mentally deranged."
        },
        {
            "w": "MAN",
            "v": false,
            "row": 5,
            "col": 4,
            "def": "An adult male human."
        },
        {
            "w": "MID",
            "v": true,
            "row": 7,
            "col": 2,
            "def": "With."
        },
        {
            "w": "NOD",
            "v": false,
            "row": 3,
            "col": 2,
            "def": "To incline the head up and down, as to indicate agreement."
        },
        {
            "w": "AMID",
            "v": false,
            "row": 1,
            "col": 2,
            "def": "Surrounded by; in the middle of; in the center of."
        },
        {
            "w": "MAID",
            "v": true,
            "row": 4,
            "col": 0,
            "def": "A girl or an unmarried young woman; maiden."
        },
        {
            "w": "MAIN",
            "v": true,
            "row": 0,
            "col": 2,
            "def": "Great in size or degree; vast; strong; powerful; important."
        },
        {
            "w": "MIND",
            "v": true,
            "row": 0,
            "col": 8,
            "def": "The ability for rational thought."
        },
        {
            "w": "AMINO",
            "v": true,
            "row": 2,
            "col": 6,
            "def": "Relating to an amine."
        },
        {
            "w": "DOMAIN",
            "v": true,
            "row": 3,
            "col": 4,
            "def": "A geographic area owned or controlled by a single person or organization."
        }
    ]
}