{
    "id": 2035,
    "sub_category": "Wash Packx",
    "category": "Coast Group",
    "type": 0,
    "letters": "EFILLR",
    "mov": 26,
    "shovels": 1,
    "coins": 5,
    "rows": 15,
    "cols": 15,
    "c": 0,
    "b": -1,
    "w": 11,
    "h": 10,
    "dws": [
        "RILL",
        "FIER",
        "LEI",
        "REI",
        "RIEL",
        "LIEF",
        "REIF",
        "LIRE",
        "FER",
        "RIF",
        "LEIR",
        "ELL",
        "LIFER",
        "FRILL",
        "FILER",
        "ILLER",
        "FIL",
        "FILLE",
        "RILLE",
        "ERF",
        "FIE",
        "FILLER",
        "LIER",
        "FLIR"
    ],
    "ws": [
        {
            "w": "ELF",
            "v": false,
            "row": 2,
            "col": 0,
            "def": "A mythical, supernatural being resembling but seen as distinct from humans."
        },
        {
            "w": "FIR",
            "v": true,
            "row": 6,
            "col": 1,
            "def": "A conifer of the genus Abies."
        },
        {
            "w": "ILL",
            "v": false,
            "row": 6,
            "col": 3,
            "def": "Extremely bad (bad enough to make one ill). Generally used indirectly with to be."
        },
        {
            "w": "LIE",
            "v": false,
            "row": 8,
            "col": 3,
            "def": "To be in a horizontal position."
        },
        {
            "w": "IRE",
            "v": false,
            "row": 0,
            "col": 1,
            "def": "Iron."
        },
        {
            "w": "REF",
            "v": true,
            "row": 0,
            "col": 2,
            "def": "Referee."
        },
        {
            "w": "FELL",
            "v": true,
            "row": 1,
            "col": 0,
            "def": "To make something fall; especially to chop down a tree."
        },
        {
            "w": "FILE",
            "v": true,
            "row": 6,
            "col": 8,
            "def": "A collection of papers collated and archived together."
        },
        {
            "w": "FILL",
            "v": false,
            "row": 7,
            "col": 0,
            "def": "To occupy fully, to take up all of."
        },
        {
            "w": "FIRE",
            "v": false,
            "row": 1,
            "col": 4,
            "def": "A (usually self-sustaining) chemical reaction involving the bonding of oxygen with carbon or other fuel, with the production of heat and the presence of flame or smouldering."
        },
        {
            "w": "LIFE",
            "v": false,
            "row": 4,
            "col": 0,
            "def": "The state that follows birth, and precedes death; the state of being alive and living."
        },
        {
            "w": "RIFE",
            "v": false,
            "row": 9,
            "col": 5,
            "def": "Widespread, common (especially of unpleasant or harmful things)."
        },
        {
            "w": "RILE",
            "v": true,
            "row": 1,
            "col": 6,
            "def": "To make angry."
        },
        {
            "w": "RIFLE",
            "v": false,
            "row": 3,
            "col": 3,
            "def": "A long firearm firing a single projectile, usually with a rifled barrel to improve accuracy."
        },
        {
            "w": "FLIER",
            "v": true,
            "row": 5,
            "col": 5,
            "def": "Something that flies."
        },
        {
            "w": "REFILL",
            "v": true,
            "row": 3,
            "col": 3,
            "def": "A filling after the first."
        }
    ]
}