{
    "id": "21d75da0-0d41-11eb-a781-34363b5fdca4",
    "type": 0,
    "letters": "CDEHIT",
    "mov": 29,
    "shovels": 1,
    "coins": 5,
    "rows": 12,
    "cols": 2,
    "c": 0,
    "b": -1,
    "dws": [
        "CIT",
        "TID",
        "DIT",
        "ICH",
        "CHI",
        "HIC",
        "CID",
        "HIE",
        "IDE",
        "DEI",
        "TEC",
        "HET",
        "ETH",
        "TED",
        "CHE",
        "ECH",
        "EDH",
        "TICH",
        "TICE",
        "ETIC",
        "DICT",
        "DITE",
        "CHID",
        "DICH",
        "CEDI",
        "HIED",
        "HEID",
        "ECHT",
        "THEIC",
        "DITCH",
        "EDICT",
        "CHIT",
        "ICED",
        "TIDE",
        "HID",
        "THE",
        "TIC",
        "TIE"
    ],
    "ws": [
        {
            "w": "DIE",
            "v": false,
            "row": 7,
            "col": 7
        },
        {
            "w": "HIT",
            "v": false,
            "row": 3,
            "col": 3
        },
        {
            "w": "ICE",
            "v": false,
            "row": 5,
            "col": 3
        },
        {
            "w": "CITE",
            "v": true,
            "row": 6,
            "col": 1
        },
        {
            "w": "DICE",
            "v": true,
            "row": 1,
            "col": 0
        },
        {
            "w": "DIET",
            "v": false,
            "row": 1,
            "col": 0
        },
        {
            "w": "EDIT",
            "v": true,
            "row": 0,
            "col": 5
        },
        {
            "w": "ETCH",
            "v": false,
            "row": 9,
            "col": 6
        },
        {
            "w": "HIDE",
            "v": false,
            "row": 4,
            "col": 6
        },
        {
            "w": "ITCH",
            "v": true,
            "row": 0,
            "col": 3
        },
        {
            "w": "TECH",
            "v": true,
            "row": 6,
            "col": 9
        },
        {
            "w": "TIED",
            "v": false,
            "row": 8,
            "col": 1
        },
        {
            "w": "CHIDE",
            "v": true,
            "row": 0,
            "col": 9
        },
        {
            "w": "CITED",
            "v": true,
            "row": 3,
            "col": 7
        },
        {
            "w": "ETHIC",
            "v": false,
            "row": 0,
            "col": 5
        },
        {
            "w": "ITCHED",
            "v": true,
            "row": 3,
            "col": 4
        }
    ]
}