{
    "id": "23593f60-0d44-11eb-a781-34363b5fdca4",
    "type": 0,
    "letters": "BDEHIN",
    "mov": 21,
    "shovels": 1,
    "coins": 5,
    "rows": 8,
    "cols": 2,
    "c": 0,
    "b": -1,
    "dws": [
        "BEN",
        "NEB",
        "DEB",
        "NIB",
        "DIB",
        "HIE",
        "EDH",
        "NIE",
        "IDE",
        "DEI",
        "NED",
        "HIN",
        "NID",
        "BEIN",
        "BENI",
        "BIEN",
        "BINE",
        "DIEB",
        "HEID",
        "HIED",
        "HEND",
        "NIED",
        "NIDE",
        "DENI"
    ],
    "ws": [
        {
            "w": "BED",
            "v": false,
            "row": 1,
            "col": 6
        },
        {
            "w": "BID",
            "v": false,
            "row": 0,
            "col": 2
        },
        {
            "w": "BIN",
            "v": false,
            "row": 6,
            "col": 2
        },
        {
            "w": "DEN",
            "v": true,
            "row": 4,
            "col": 8
        },
        {
            "w": "DIE",
            "v": true,
            "row": 7,
            "col": 1
        },
        {
            "w": "DIN",
            "v": true,
            "row": 3,
            "col": 1
        },
        {
            "w": "END",
            "v": false,
            "row": 4,
            "col": 6
        },
        {
            "w": "HEN",
            "v": false,
            "row": 6,
            "col": 6
        },
        {
            "w": "HID",
            "v": false,
            "row": 9,
            "col": 4
        },
        {
            "w": "BEND",
            "v": false,
            "row": 3,
            "col": 3
        },
        {
            "w": "BIDE",
            "v": true,
            "row": 1,
            "col": 6
        },
        {
            "w": "BIND",
            "v": false,
            "row": 8,
            "col": 0
        },
        {
            "w": "DINE",
            "v": true,
            "row": 0,
            "col": 4
        },
        {
            "w": "HIDE",
            "v": false,
            "row": 4,
            "col": 0
        },
        {
            "w": "HIND",
            "v": true,
            "row": 6,
            "col": 6
        },
        {
            "w": "BEHIND",
            "v": true,
            "row": 3,
            "col": 3
        }
    ]
}