{
    "id": 2463,
    "sub_category": "Breeze Pack",
    "category": "Tide Group",
    "type": 0,
    "letters": "AEOPTT",
    "mov": 30,
    "shovels": 1,
    "coins": 5,
    "rows": 15,
    "cols": 15,
    "c": 0,
    "b": -1,
    "w": 12,
    "h": 9,
    "dws": [
        "TOE",
        "POTT",
        "TEPA",
        "TOEA",
        "TAT",
        "OPE",
        "APTOTE",
        "TET",
        "POA",
        "PETTO",
        "TAE",
        "APO",
        "TAO",
        "POTE",
        "PATTE",
        "ATT",
        "TATE",
        "OPA",
        "ETA",
        "TEAT",
        "OPT",
        "TAPET",
        "ETAT",
        "TOPE",
        "TAPE",
        "PATE",
        "APE",
        "PAT"
    ],
    "ws": [
        {
            "w": "ATE",
            "v": false,
            "row": 4,
            "col": 4,
            "def": "Simple past of eat."
        },
        {
            "w": "EAT",
            "v": true,
            "row": 4,
            "col": 6,
            "def": "To consume (something solid or semi-solid, usually food) by putting it into the mouth and swallowing it."
        },
        {
            "w": "PEA",
            "v": false,
            "row": 0,
            "col": 0,
            "def": "A plant, member of the legume (Fabaceae) family."
        },
        {
            "w": "PET",
            "v": true,
            "row": 0,
            "col": 6,
            "def": "An animal kept as a companion."
        },
        {
            "w": "POT",
            "v": true,
            "row": 3,
            "col": 2,
            "def": "A vessel used for cooking or storing food."
        },
        {
            "w": "TAP",
            "v": false,
            "row": 3,
            "col": 0,
            "def": "A tapering cylindrical pin or peg used to stop the vent in a cask; a spigot."
        },
        {
            "w": "TEA",
            "v": false,
            "row": 8,
            "col": 7,
            "def": "The dried leaves or buds of the tea plant, Camellia sinensis."
        },
        {
            "w": "TOP",
            "v": false,
            "row": 0,
            "col": 4,
            "def": "That part of an object furthest away in the opposite direction from that in which an unsupported object would fall."
        },
        {
            "w": "APT",
            "v": false,
            "row": 7,
            "col": 2,
            "def": "Suitable; appropriate; fit or fitted; suited."
        },
        {
            "w": "OAT",
            "v": true,
            "row": 6,
            "col": 7,
            "def": "Widely cultivated cereal grass, typically Avena sativa."
        },
        {
            "w": "TOT",
            "v": false,
            "row": 6,
            "col": 6,
            "def": "A small child."
        },
        {
            "w": "ATOP",
            "v": false,
            "row": 5,
            "col": 1,
            "def": "On the top of."
        },
        {
            "w": "PEAT",
            "v": true,
            "row": 0,
            "col": 0,
            "def": "A pet, a darling; a woman."
        },
        {
            "w": "POET",
            "v": true,
            "row": 3,
            "col": 8,
            "def": "A person who writes poems."
        },
        {
            "w": "TOTE",
            "v": false,
            "row": 2,
            "col": 4,
            "def": "A bag, specifically a tote bag."
        },
        {
            "w": "TEAPOT",
            "v": true,
            "row": 2,
            "col": 4,
            "def": "A vessel for brewing and serving tea."
        }
    ]
}