{
    "id": 2473,
    "sub_category": "Float Pack",
    "category": "Tide Group",
    "type": 0,
    "letters": "AELLTW",
    "mov": 30,
    "shovels": 1,
    "coins": 5,
    "rows": 15,
    "cols": 15,
    "c": 0,
    "b": -1,
    "w": 11,
    "h": 10,
    "dws": [
        "TEW",
        "TELA",
        "TAW",
        "TWAE",
        "TAE",
        "LAWE",
        "ELT",
        "WAT",
        "EWT",
        "LEW",
        "ELL",
        "TEL",
        "WEAL",
        "LEA",
        "TWAL",
        "LEAT",
        "WALE",
        "TWA",
        "LEAL",
        "ALEW",
        "WATE",
        "ETA",
        "AWL",
        "WETA",
        "WAE",
        "TAEL",
        "ALE",
        "EAT",
        "WET",
        "ALT"
    ],
    "ws": [
        {
            "w": "ALL",
            "v": true,
            "row": 7,
            "col": 7,
            "def": "Intensifier."
        },
        {
            "w": "ATE",
            "v": false,
            "row": 9,
            "col": 1,
            "def": "Simple past of eat."
        },
        {
            "w": "AWE",
            "v": false,
            "row": 7,
            "col": 7,
            "def": "A feeling of fear and reverence."
        },
        {
            "w": "LAW",
            "v": false,
            "row": 1,
            "col": 4,
            "def": "The body of rules and standards issued by a government, or to be applied by courts and similar authorities."
        },
        {
            "w": "LET",
            "v": true,
            "row": 0,
            "col": 0,
            "def": "To allow to, not to prevent (+ infinitive, but usually without to)."
        },
        {
            "w": "TEA",
            "v": true,
            "row": 7,
            "col": 1,
            "def": "The dried leaves or buds of the tea plant, Camellia sinensis."
        },
        {
            "w": "LAT",
            "v": false,
            "row": 6,
            "col": 4,
            "def": "A Latvian coin and national monetary unit."
        },
        {
            "w": "LATE",
            "v": true,
            "row": 2,
            "col": 2,
            "def": "Near the end of a period of time."
        },
        {
            "w": "TALE",
            "v": false,
            "row": 7,
            "col": 1,
            "def": "Number."
        },
        {
            "w": "TALL",
            "v": false,
            "row": 8,
            "col": 4,
            "def": "Obsequious; obedient."
        },
        {
            "w": "TELL",
            "v": false,
            "row": 2,
            "col": 0,
            "def": "To count, reckon, or enumerate."
        },
        {
            "w": "WALL",
            "v": false,
            "row": 3,
            "col": 4,
            "def": "To boil."
        },
        {
            "w": "WELL",
            "v": true,
            "row": 6,
            "col": 9,
            "def": "Accurately, competently."
        },
        {
            "w": "TEAL",
            "v": false,
            "row": 5,
            "col": 1,
            "def": "Any of various small freshwater ducks of the genus Anas that are brightly coloured and have short necks."
        },
        {
            "w": "WELT",
            "v": true,
            "row": 1,
            "col": 6,
            "def": "A raised mark on the body caused by a blow; a wheal or weal."
        },
        {
            "w": "WALLET",
            "v": true,
            "row": 3,
            "col": 4,
            "def": "A small case, often flat and often made of leather, for keeping money (especially paper money), credit cards, etc."
        }
    ]
}