{
    "id": 2731,
    "sub_category": "Valley Packx",
    "category": "Peak Group",
    "type": 0,
    "letters": "AEPRRW",
    "mov": 30,
    "shovels": 1,
    "coins": 5,
    "rows": 15,
    "cols": 15,
    "c": 0,
    "b": -1,
    "w": 11,
    "h": 10,
    "dws": [
        "PARER",
        "AREW",
        "REAR",
        "WARE",
        "PARR",
        "RAPER",
        "PAWER",
        "RARE",
        "ERR",
        "REW",
        "REWRAP",
        "RAWER",
        "APER",
        "AWE",
        "RAPE",
        "WAP",
        "WARRE",
        "WAE",
        "PRE",
        "WARPER",
        "PEAR",
        "PARE",
        "PEW",
        "REP"
    ],
    "ws": [
        {
            "w": "APE",
            "v": false,
            "row": 5,
            "col": 2,
            "def": "A primate of the clade Hominoidea, generally larger than monkeys and distinguished from them by having no tail."
        },
        {
            "w": "ARE",
            "v": false,
            "row": 7,
            "col": 4,
            "def": "Second-person singular simple present tense of be."
        },
        {
            "w": "EAR",
            "v": true,
            "row": 0,
            "col": 8,
            "def": "The organ of hearing, consisting of the pinna, auditory canal, eardrum, malleus, incus, stapes and cochlea."
        },
        {
            "w": "ERA",
            "v": true,
            "row": 7,
            "col": 6,
            "def": "A time period of indeterminate length, generally more than one year."
        },
        {
            "w": "PAR",
            "v": false,
            "row": 2,
            "col": 6,
            "def": "By; with."
        },
        {
            "w": "PAW",
            "v": true,
            "row": 2,
            "col": 6,
            "def": "The soft foot of a mammal or other animal, generally a quadruped, that has claws or nails; comparable to a human hand or foot."
        },
        {
            "w": "PEA",
            "v": false,
            "row": 6,
            "col": 7,
            "def": "A plant, member of the legume (Fabaceae) family."
        },
        {
            "w": "PER",
            "v": false,
            "row": 0,
            "col": 7,
            "def": "For each."
        },
        {
            "w": "RAP",
            "v": false,
            "row": 8,
            "col": 6,
            "def": "A sharp blow with something hard."
        },
        {
            "w": "RAW",
            "v": false,
            "row": 4,
            "col": 4,
            "def": "Of weather: unpleasantly damp or cold."
        },
        {
            "w": "WAR",
            "v": false,
            "row": 4,
            "col": 0,
            "def": "Organized, large-scale, armed conflict between countries or between national, ethnic, or other sizeable groups, usually involving the engagement of military forces."
        },
        {
            "w": "WEAR",
            "v": false,
            "row": 8,
            "col": 1,
            "def": "To guard; watch; keep watch, especially from entry or invasion."
        },
        {
            "w": "WRAP",
            "v": true,
            "row": 3,
            "col": 2,
            "def": "To enclose (an object) completely in any flexible, thin material such as fabric or paper."
        },
        {
            "w": "REAP",
            "v": true,
            "row": 5,
            "col": 8,
            "def": "To cut with a sickle, scythe, or reaping machine, as grain; to gather, as a harvest, by cutting."
        },
        {
            "w": "WARP",
            "v": true,
            "row": 4,
            "col": 0,
            "def": "A throw; a cast."
        },
        {
            "w": "PREWAR",
            "v": true,
            "row": 3,
            "col": 4,
            "def": "Prior to hostilities; in the time before the war; often, before the most recent significant war."
        }
    ]
}