{
    "id": "2735e386-0d44-11eb-a781-34363b5fdca4",
    "type": 0,
    "letters": "ACDEIV",
    "mov": 25,
    "shovels": 1,
    "coins": 5,
    "rows": 10,
    "cols": 2,
    "c": 0,
    "b": -1,
    "dws": [
        "CAD",
        "DAE",
        "VAC",
        "AVE",
        "VAE",
        "DIV",
        "VID",
        "DEV",
        "CID",
        "DEI",
        "IDE",
        "DEVA",
        "VADE",
        "CAID",
        "CADI",
        "DACE",
        "CADE",
        "ECAD",
        "VIAE",
        "DEVI",
        "VIDE",
        "CEDI",
        "CIVE",
        "CADIE",
        "CAVIE",
        "VICED",
        "ACID",
        "AIDE",
        "ICED",
        "VIE"
    ],
    "ws": [
        {
            "w": "ACE",
            "v": false,
            "row": 5,
            "col": 7
        },
        {
            "w": "AID",
            "v": true,
            "row": 7,
            "col": 2
        },
        {
            "w": "DIE",
            "v": true,
            "row": 0,
            "col": 2
        },
        {
            "w": "ICE",
            "v": false,
            "row": 8,
            "col": 2
        },
        {
            "w": "VIA",
            "v": false,
            "row": 7,
            "col": 0
        },
        {
            "w": "ACED",
            "v": false,
            "row": 8,
            "col": 6
        },
        {
            "w": "AVID",
            "v": false,
            "row": 3,
            "col": 4
        },
        {
            "w": "CAVE",
            "v": true,
            "row": 5,
            "col": 8
        },
        {
            "w": "DICE",
            "v": false,
            "row": 6,
            "col": 3
        },
        {
            "w": "DIVA",
            "v": false,
            "row": 0,
            "col": 2
        },
        {
            "w": "DIVE",
            "v": true,
            "row": 2,
            "col": 9
        },
        {
            "w": "IDEA",
            "v": true,
            "row": 2,
            "col": 7
        },
        {
            "w": "VICE",
            "v": true,
            "row": 2,
            "col": 0
        },
        {
            "w": "VIED",
            "v": false,
            "row": 2,
            "col": 0
        },
        {
            "w": "CAVED",
            "v": false,
            "row": 4,
            "col": 0
        },
        {
            "w": "ADVICE",
            "v": true,
            "row": 3,
            "col": 4
        }
    ]
}