{
    "id": 2913,
    "sub_category": "Shine Packx",
    "category": "Bloom Group",
    "type": 0,
    "letters": "ADEPPT",
    "mov": 30,
    "shovels": 1,
    "coins": 5,
    "rows": 15,
    "cols": 15,
    "c": 0,
    "b": -1,
    "w": 11,
    "h": 11,
    "dws": [
        "ETA",
        "PET",
        "DAE",
        "PATED",
        "TAE",
        "TEAD",
        "DAP",
        "PAPE",
        "TEPA",
        "DEP",
        "APED",
        "TAED",
        "TED",
        "PED",
        "PATE",
        "APE",
        "APP",
        "PEA"
    ],
    "ws": [
        {
            "w": "ATE",
            "v": false,
            "row": 7,
            "col": 2,
            "def": "Simple past of eat."
        },
        {
            "w": "EAT",
            "v": false,
            "row": 4,
            "col": 3,
            "def": "To consume (something solid or semi-solid, usually food) by putting it into the mouth and swallowing it."
        },
        {
            "w": "PAD",
            "v": false,
            "row": 2,
            "col": 5,
            "def": "A flattened mass of anything soft, to sit or lie on."
        },
        {
            "w": "PAT",
            "v": true,
            "row": 6,
            "col": 2,
            "def": "The sound of a light slap or tap with a soft flat object, especially of a footstep."
        },
        {
            "w": "PEP",
            "v": false,
            "row": 6,
            "col": 0,
            "def": "To inject with energy and enthusiasm."
        },
        {
            "w": "TAD",
            "v": true,
            "row": 0,
            "col": 3,
            "def": "A small amount; a little bit."
        },
        {
            "w": "TAP",
            "v": true,
            "row": 1,
            "col": 1,
            "def": "A tapering cylindrical pin or peg used to stop the vent in a cask; a spigot."
        },
        {
            "w": "TEA",
            "v": false,
            "row": 1,
            "col": 1,
            "def": "The dried leaves or buds of the tea plant, Camellia sinensis."
        },
        {
            "w": "APT",
            "v": false,
            "row": 3,
            "col": 0,
            "def": "Suitable; appropriate; fit or fitted; suited."
        },
        {
            "w": "PAP",
            "v": true,
            "row": 0,
            "col": 5,
            "def": "Food in the form of a soft paste, often a porridge, especially as given to very young children."
        },
        {
            "w": "DATE",
            "v": false,
            "row": 9,
            "col": 6,
            "def": "The fruit of the date palm. This sweet fruit is somewhat in the shape of an olive, containing a soft pulp and enclosing a hard kernel."
        },
        {
            "w": "PEAT",
            "v": false,
            "row": 6,
            "col": 4,
            "def": "A pet, a darling; a woman."
        },
        {
            "w": "TAPE",
            "v": false,
            "row": 0,
            "col": 3,
            "def": "Flexible material in a roll with a sticky surface on one or both sides, adhesive tape."
        },
        {
            "w": "TAPED",
            "v": true,
            "row": 5,
            "col": 6,
            "def": "Simple past tense and past participle of tape."
        },
        {
            "w": "ADEPT",
            "v": true,
            "row": 3,
            "col": 0,
            "def": "Well skilled; completely versed; thoroughly proficient."
        },
        {
            "w": "TAPPED",
            "v": true,
            "row": 3,
            "col": 4,
            "def": "Simple past tense and past participle of tap."
        }
    ]
}