{
    "id": "2e4acba6-0d43-11eb-a781-34363b5fdca4",
    "type": 0,
    "letters": "NORTUU",
    "mov": 21,
    "shovels": 1,
    "coins": 5,
    "rows": 8,
    "cols": 2,
    "c": 0,
    "b": -1,
    "dws": [
        "ORT",
        "TOR",
        "UTU",
        "TUN",
        "NUR",
        "TROU",
        "TOUN",
        "NOUT",
        "OURN",
        "TRON",
        "RONT",
        "RUNT",
        "RUNOUT"
    ],
    "ws": [
        {
            "w": "NOR",
            "v": false,
            "row": 9,
            "col": 7
        },
        {
            "w": "NOT",
            "v": false,
            "row": 8,
            "col": 4
        },
        {
            "w": "NUT",
            "v": true,
            "row": 6,
            "col": 6
        },
        {
            "w": "OUR",
            "v": true,
            "row": 1,
            "col": 0
        },
        {
            "w": "OUT",
            "v": false,
            "row": 3,
            "col": 4
        },
        {
            "w": "ROT",
            "v": false,
            "row": 3,
            "col": 0
        },
        {
            "w": "RUN",
            "v": false,
            "row": 6,
            "col": 4
        },
        {
            "w": "RUT",
            "v": false,
            "row": 5,
            "col": 2
        },
        {
            "w": "TON",
            "v": false,
            "row": 1,
            "col": 5
        },
        {
            "w": "URN",
            "v": false,
            "row": 6,
            "col": 0
        },
        {
            "w": "ROUT",
            "v": true,
            "row": 0,
            "col": 6
        },
        {
            "w": "TORN",
            "v": true,
            "row": 3,
            "col": 2
        },
        {
            "w": "TOUR",
            "v": true,
            "row": 6,
            "col": 9
        },
        {
            "w": "TURN",
            "v": true,
            "row": 5,
            "col": 0
        },
        {
            "w": "UNTO",
            "v": false,
            "row": 7,
            "col": 6
        },
        {
            "w": "OUTRUN",
            "v": true,
            "row": 3,
            "col": 4
        }
    ]
}