{
    "id": "2f29fcae-0d48-11eb-a781-34363b5fdca4",
    "type": 0,
    "letters": "AEELSW",
    "mov": 29,
    "shovels": 1,
    "coins": 5,
    "rows": 12,
    "cols": 2,
    "c": 0,
    "b": -1,
    "dws": [
        "WAE",
        "EEW",
        "LEW",
        "EAS",
        "SAE",
        "LEA",
        "ESE",
        "ELS",
        "SEL",
        "LES",
        "ALS",
        "SAL",
        "LAS",
        "WAES",
        "WASE",
        "AWES",
        "AWEE",
        "WEAL",
        "WALE",
        "ALEW",
        "LAWE",
        "WEES",
        "EWES",
        "SWEE",
        "WELS",
        "WEEL",
        "SLAW",
        "SLAE",
        "LEAS",
        "EALE",
        "ALEE",
        "SEEL",
        "SELE",
        "SLEE",
        "LEES",
        "WEALS",
        "WALES",
        "ALEWS",
        "SWALE",
        "SWEAL",
        "AWEEL",
        "WEELS",
        "SEWEL",
        "EASEL",
        "EALES",
        "LEASE",
        "EELS",
        "ELSE",
        "LAWS",
        "SALE",
        "ALE",
        "LEE",
        "WAS",
        "WEE"
    ],
    "ws": [
        {
            "w": "AWE",
            "v": true,
            "row": 7,
            "col": 9
        },
        {
            "w": "AWL",
            "v": true,
            "row": 0,
            "col": 5
        },
        {
            "w": "EEL",
            "v": false,
            "row": 4,
            "col": 4
        },
        {
            "w": "EWE",
            "v": true,
            "row": 7,
            "col": 6
        },
        {
            "w": "LAW",
            "v": false,
            "row": 8,
            "col": 4
        },
        {
            "w": "SAW",
            "v": false,
            "row": 3,
            "col": 2
        },
        {
            "w": "SEA",
            "v": true,
            "row": 1,
            "col": 3
        },
        {
            "w": "SEE",
            "v": false,
            "row": 7,
            "col": 0
        },
        {
            "w": "SEW",
            "v": false,
            "row": 1,
            "col": 3
        },
        {
            "w": "ALES",
            "v": false,
            "row": 0,
            "col": 5
        },
        {
            "w": "AWLS",
            "v": true,
            "row": 4,
            "col": 0
        },
        {
            "w": "EASE",
            "v": false,
            "row": 9,
            "col": 6
        },
        {
            "w": "LASE",
            "v": false,
            "row": 6,
            "col": 2
        },
        {
            "w": "SEAL",
            "v": true,
            "row": 0,
            "col": 8
        },
        {
            "w": "SLEW",
            "v": true,
            "row": 5,
            "col": 2
        },
        {
            "w": "WEASEL",
            "v": true,
            "row": 3,
            "col": 4
        }
    ]
}