{
    "id": "2ff315c6-0d43-11eb-a781-34363b5fdca4",
    "type": 0,
    "letters": "INPRTU",
    "mov": 27,
    "shovels": 1,
    "coins": 5,
    "rows": 11,
    "cols": 2,
    "c": 0,
    "b": -1,
    "dws": [
        "TUN",
        "TUI",
        "TUP",
        "RIT",
        "NUR",
        "URP",
        "PUR",
        "UNI",
        "PIU",
        "RIN",
        "PIR",
        "RUNT",
        "PTUI",
        "TRIN",
        "RIPT",
        "PUIR",
        "PURI",
        "PIRN",
        "RUTIN",
        "PRUNT",
        "UNRIP",
        "PURIN",
        "INPUT",
        "RUIN",
        "TRIP",
        "NIT",
        "PIT",
        "URN"
    ],
    "ws": [
        {
            "w": "NIP",
            "v": false,
            "row": 5,
            "col": 0
        },
        {
            "w": "NUT",
            "v": false,
            "row": 5,
            "col": 6
        },
        {
            "w": "PIN",
            "v": false,
            "row": 3,
            "col": 0
        },
        {
            "w": "PUN",
            "v": false,
            "row": 8,
            "col": 4
        },
        {
            "w": "PUT",
            "v": true,
            "row": 0,
            "col": 9
        },
        {
            "w": "RIP",
            "v": false,
            "row": 0,
            "col": 7
        },
        {
            "w": "RUN",
            "v": false,
            "row": 6,
            "col": 2
        },
        {
            "w": "RUT",
            "v": false,
            "row": 2,
            "col": 7
        },
        {
            "w": "TIN",
            "v": false,
            "row": 8,
            "col": 0
        },
        {
            "w": "TIP",
            "v": false,
            "row": 3,
            "col": 4
        },
        {
            "w": "PINT",
            "v": true,
            "row": 3,
            "col": 6
        },
        {
            "w": "PUNT",
            "v": true,
            "row": 3,
            "col": 0
        },
        {
            "w": "TURN",
            "v": true,
            "row": 0,
            "col": 2
        },
        {
            "w": "UNIT",
            "v": true,
            "row": 2,
            "col": 8
        },
        {
            "w": "PRINT",
            "v": true,
            "row": 5,
            "col": 2
        },
        {
            "w": "TURNIP",
            "v": true,
            "row": 3,
            "col": 4
        }
    ]
}