{
    "id": 3181,
    "sub_category": "Grain Pack",
    "category": "Rows Group",
    "type": 0,
    "letters": "DEIMTU",
    "mov": 30,
    "shovels": 1,
    "coins": 5,
    "rows": 15,
    "cols": 15,
    "c": 0,
    "b": -1,
    "w": 12,
    "h": 11,
    "dws": [
        "DIE",
        "TUMID",
        "MEU",
        "DEMIT",
        "UTE",
        "TUI",
        "TUM",
        "MUT",
        "MUID",
        "DUM",
        "MED",
        "TID",
        "DEI",
        "TIDE",
        "IDE",
        "DIT",
        "ETUI",
        "DUIT",
        "MUTI",
        "TED",
        "DUI",
        "DITE",
        "IDEM",
        "TIMED",
        "MUTE",
        "MITE",
        "TIE"
    ],
    "ws": [
        {
            "w": "DIM",
            "v": true,
            "row": 0,
            "col": 6,
            "def": "Not bright or colorful."
        },
        {
            "w": "DUE",
            "v": false,
            "row": 4,
            "col": 2,
            "def": "Owed or owing."
        },
        {
            "w": "MET",
            "v": false,
            "row": 2,
            "col": 0,
            "def": "Simple past tense and past participle of meet."
        },
        {
            "w": "MID",
            "v": true,
            "row": 2,
            "col": 0,
            "def": "With."
        },
        {
            "w": "MUD",
            "v": true,
            "row": 6,
            "col": 2,
            "def": "A mixture of water and soil or fine grained sediment."
        },
        {
            "w": "EMU",
            "v": false,
            "row": 7,
            "col": 0,
            "def": "A large flightless bird native to Australia, Dromaius novaehollandiae."
        },
        {
            "w": "DIET",
            "v": false,
            "row": 4,
            "col": 6,
            "def": "The food and beverage a person or animal consumes."
        },
        {
            "w": "DIME",
            "v": false,
            "row": 8,
            "col": 2,
            "def": "A coin worth one-tenth of a dollar. The physical coin is smaller than a penny."
        },
        {
            "w": "EDIT",
            "v": false,
            "row": 0,
            "col": 5,
            "def": "A change to the text of a document."
        },
        {
            "w": "ITEM",
            "v": false,
            "row": 6,
            "col": 4,
            "def": "A distinct physical object."
        },
        {
            "w": "TIED",
            "v": true,
            "row": 2,
            "col": 8,
            "def": "Connected."
        },
        {
            "w": "TIME",
            "v": false,
            "row": 0,
            "col": 0,
            "def": "Reminder by the umpire for the players to continue playing after their pause."
        },
        {
            "w": "EMIT",
            "v": false,
            "row": 2,
            "col": 5,
            "def": "To send out or give off."
        },
        {
            "w": "DUET",
            "v": true,
            "row": 4,
            "col": 6,
            "def": "A musical composition in two parts, each performed by a single voice (singer, instrument or univoce ensemble)."
        },
        {
            "w": "MUTED",
            "v": true,
            "row": 0,
            "col": 2,
            "def": "Simple past tense and past participle of mute."
        },
        {
            "w": "TEDIUM",
            "v": true,
            "row": 3,
            "col": 4,
            "def": "Boredom or tediousness; ennui."
        }
    ]
}