{
    "id": 3371,
    "sub_category": "Below Packx",
    "category": "Precipice Group",
    "type": 0,
    "letters": "ABDEES",
    "mov": 26,
    "shovels": 1,
    "coins": 5,
    "rows": 15,
    "cols": 15,
    "c": 0,
    "b": -1,
    "w": 10,
    "h": 9,
    "dws": [
        "ABED",
        "SED",
        "DAS",
        "DEBES",
        "DEES",
        "DAE",
        "DAES",
        "BEDE",
        "BEES",
        "BES",
        "DEE",
        "BEDES",
        "ESE",
        "SABED",
        "SADE",
        "SAE",
        "DEBS",
        "BEAD",
        "DEBE",
        "AEDES",
        "SABE",
        "BEADS",
        "DEBASE",
        "DEB",
        "DABS",
        "EDS",
        "EAS",
        "BEDS",
        "BADS",
        "BADE",
        "SAB"
    ],
    "ws": [
        {
            "w": "ABS",
            "v": false,
            "row": 3,
            "col": 2,
            "def": "The abdominal muscles."
        },
        {
            "w": "ADS",
            "v": false,
            "row": 6,
            "col": 6,
            "def": "Plural form of ad."
        },
        {
            "w": "BAD",
            "v": true,
            "row": 7,
            "col": 2,
            "def": "Not good; unfavorable; negative."
        },
        {
            "w": "BED",
            "v": true,
            "row": 4,
            "col": 0,
            "def": "A piece of furniture, usually flat and soft, to sleep on."
        },
        {
            "w": "BEE",
            "v": false,
            "row": 7,
            "col": 2,
            "def": "A flying insect, of the superfamily Apoidea, known for their organised societies, for collecting pollen, and producing wax and honey."
        },
        {
            "w": "SAD",
            "v": false,
            "row": 9,
            "col": 6,
            "def": "Sated, having had one's fill; satisfied, weary."
        },
        {
            "w": "SEA",
            "v": true,
            "row": 4,
            "col": 6,
            "def": "A large body of salty water. (Major seas are known as oceans.)."
        },
        {
            "w": "SEE",
            "v": true,
            "row": 2,
            "col": 7,
            "def": "To perceive or detect with the eyes, or as if by sight."
        },
        {
            "w": "DAB",
            "v": true,
            "row": 0,
            "col": 5,
            "def": "To press lightly in a repetitive motion with a soft object without rubbing."
        },
        {
            "w": "BAS",
            "v": false,
            "row": 4,
            "col": 0,
            "def": "Plural of ba."
        },
        {
            "w": "BASE",
            "v": true,
            "row": 2,
            "col": 2,
            "def": "Something from which other things extend; a foundation."
        },
        {
            "w": "EASE",
            "v": false,
            "row": 4,
            "col": 4,
            "def": "The state of being comfortable or free from stress."
        },
        {
            "w": "SEED",
            "v": true,
            "row": 6,
            "col": 8,
            "def": "A fertilized grain, initially encased in a fruit, which may grow into a mature plant."
        },
        {
            "w": "BASED",
            "v": false,
            "row": 2,
            "col": 5,
            "def": "Founded on; having a basis; often used in combining forms."
        },
        {
            "w": "EASED",
            "v": false,
            "row": 0,
            "col": 1,
            "def": "Past participle of ease."
        },
        {
            "w": "SEABED",
            "v": true,
            "row": 3,
            "col": 4,
            "def": "The floor or bottom of the sea or ocean."
        }
    ]
}