{
    "id": "340e825e-0d47-11eb-a781-34363b5fdca4",
    "type": 0,
    "letters": "BDENOY",
    "mov": 29,
    "shovels": 1,
    "coins": 5,
    "rows": 12,
    "cols": 2,
    "c": 0,
    "b": -1,
    "dws": [
        "BEY",
        "OBE",
        "BEN",
        "NEB",
        "DEB",
        "YOB",
        "BON",
        "NOB",
        "BOD",
        "DOB",
        "OYE",
        "YEN",
        "NYE",
        "DEY",
        "NED",
        "YON",
        "ONY",
        "NOY",
        "YOD",
        "DOY",
        "YEBO",
        "BYDE",
        "EBON",
        "BODE",
        "DOBE",
        "DOBY",
        "YODE",
        "NYED",
        "DYNE",
        "DOEN",
        "YOND",
        "BONEY",
        "BENDY",
        "DOYEN",
        "BEND",
        "BONE",
        "DENY",
        "BED",
        "BOY",
        "BYE",
        "ODE",
        "ONE"
    ],
    "ws": [
        {
            "w": "DEN",
            "v": true,
            "row": 5,
            "col": 0
        },
        {
            "w": "DOE",
            "v": false,
            "row": 5,
            "col": 0
        },
        {
            "w": "DON",
            "v": false,
            "row": 6,
            "col": 3
        },
        {
            "w": "DYE",
            "v": false,
            "row": 4,
            "col": 2
        },
        {
            "w": "END",
            "v": true,
            "row": 7,
            "col": 2
        },
        {
            "w": "EON",
            "v": false,
            "row": 2,
            "col": 0
        },
        {
            "w": "NOD",
            "v": false,
            "row": 8,
            "col": 2
        },
        {
            "w": "BODY",
            "v": false,
            "row": 1,
            "col": 6
        },
        {
            "w": "BOND",
            "v": false,
            "row": 3,
            "col": 4
        },
        {
            "w": "BONY",
            "v": false,
            "row": 9,
            "col": 6
        },
        {
            "w": "DONE",
            "v": false,
            "row": 5,
            "col": 6
        },
        {
            "w": "NODE",
            "v": true,
            "row": 2,
            "col": 2
        },
        {
            "w": "OBEY",
            "v": true,
            "row": 0,
            "col": 0
        },
        {
            "w": "BONED",
            "v": true,
            "row": 1,
            "col": 6
        },
        {
            "w": "EBONY",
            "v": true,
            "row": 5,
            "col": 9
        },
        {
            "w": "BEYOND",
            "v": true,
            "row": 3,
            "col": 4
        }
    ]
}