{
    "id": 3411,
    "sub_category": "Lavish Pack",
    "category": "Precipice Group",
    "type": 0,
    "letters": "EILMTY",
    "mov": 28,
    "shovels": 1,
    "coins": 5,
    "rows": 15,
    "cols": 15,
    "c": 0,
    "b": -1,
    "w": 11,
    "h": 10,
    "dws": [
        "YLEM",
        "LEI",
        "LIMY",
        "LYME",
        "YELT",
        "LYM",
        "ELT",
        "MILTY",
        "MELTY",
        "LIMEY",
        "TEL",
        "LYTE",
        "TILE",
        "YELM",
        "ELMY",
        "MEL",
        "TIE",
        "TEIL",
        "MITY",
        "TYE",
        "YITE",
        "MILT",
        "LITE",
        "LEY",
        "TIME",
        "YETI"
    ],
    "ws": [
        {
            "w": "ELM",
            "v": true,
            "row": 7,
            "col": 6,
            "def": "A tree of the genus Ulmus of the family Ulmaceae, large deciduous trees with alternate stipulate leaves and small apetalous flowers."
        },
        {
            "w": "LET",
            "v": false,
            "row": 3,
            "col": 2,
            "def": "To allow to, not to prevent (+ infinitive, but usually without to)."
        },
        {
            "w": "LIE",
            "v": false,
            "row": 7,
            "col": 4,
            "def": "To be in a horizontal position."
        },
        {
            "w": "LIT",
            "v": true,
            "row": 0,
            "col": 5,
            "def": "Little."
        },
        {
            "w": "MET",
            "v": true,
            "row": 3,
            "col": 6,
            "def": "Simple past tense and past participle of meet."
        },
        {
            "w": "YET",
            "v": false,
            "row": 1,
            "col": 0,
            "def": "To melt; found; cast, as metal."
        },
        {
            "w": "MIL",
            "v": true,
            "row": 7,
            "col": 8,
            "def": "An angular mil, a unit of angular measurement equal to 1/6400 of a complete circle. At 1000 metres one mil subtends about one metre (0.98 m). Also 1/6000 and 1/6300 are used in other countries."
        },
        {
            "w": "TIL",
            "v": true,
            "row": 1,
            "col": 2,
            "def": "Until, till."
        },
        {
            "w": "LYE",
            "v": true,
            "row": 0,
            "col": 0,
            "def": "A strong caustic alkaline solution of potassium or sodium salts, obtained by leaching wood ashes. It is much used in making soap as well as its use in biodiesel."
        },
        {
            "w": "ITEM",
            "v": true,
            "row": 2,
            "col": 9,
            "def": "A distinct physical object."
        },
        {
            "w": "LIME",
            "v": false,
            "row": 0,
            "col": 5,
            "def": "A general term for inorganic materials containing calcium, usually calcium oxide or calcium hydroxide; quicklime."
        },
        {
            "w": "MELT",
            "v": false,
            "row": 3,
            "col": 6,
            "def": "Molten material, the product of melting."
        },
        {
            "w": "MILE",
            "v": false,
            "row": 9,
            "col": 6,
            "def": "A Roman unit of measure equal to 1000 (double) steps (mille passus or mille passuum) or 5000 Roman feet (approx. 1480m)."
        },
        {
            "w": "EMIT",
            "v": false,
            "row": 5,
            "col": 3,
            "def": "To send out or give off."
        },
        {
            "w": "MITE",
            "v": true,
            "row": 0,
            "col": 7,
            "def": "A minute arachnid, of the order Acarina, of which there are many species; as, the cheese mite, sugar mite, harvest mite, etc."
        },
        {
            "w": "TIMELY",
            "v": true,
            "row": 3,
            "col": 4,
            "def": "Done at the proper time."
        }
    ]
}