{
    "id": 3736,
    "sub_category": "Arise Packx",
    "category": "Astral Group",
    "type": 0,
    "letters": "AELNTT",
    "mov": 30,
    "shovels": 1,
    "coins": 5,
    "rows": 15,
    "cols": 15,
    "c": 0,
    "b": -1,
    "w": 13,
    "h": 12,
    "dws": [
        "TELA",
        "LEANT",
        "ATE",
        "NAE",
        "NEAL",
        "TAT",
        "TET",
        "ANE",
        "TAE",
        "ELT",
        "NAT",
        "TELT",
        "EAN",
        "TEL",
        "LATEN",
        "LENT",
        "LEA",
        "LATTEN",
        "ATT",
        "LEAT",
        "TATE",
        "ANT",
        "LANT",
        "ELAN",
        "NETT",
        "ETNA",
        "ETA",
        "TEAT",
        "TANE",
        "ETAT",
        "TAEL",
        "LATTE",
        "TALE",
        "NET",
        "TEA"
    ],
    "ws": [
        {
            "w": "ALE",
            "v": true,
            "row": 4,
            "col": 0,
            "def": "An intoxicating liquor made from an infusion of malt by fermentation and the addition of a bitter, usually hops."
        },
        {
            "w": "EAT",
            "v": false,
            "row": 9,
            "col": 0,
            "def": "To consume (something solid or semi-solid, usually food) by putting it into the mouth and swallowing it."
        },
        {
            "w": "LET",
            "v": false,
            "row": 5,
            "col": 0,
            "def": "To allow to, not to prevent (+ infinitive, but usually without to)."
        },
        {
            "w": "TAN",
            "v": false,
            "row": 1,
            "col": 3,
            "def": "A symbol of the trigonometric function tangent."
        },
        {
            "w": "TEN",
            "v": true,
            "row": 4,
            "col": 6,
            "def": "A numerical value equal to 10; the number occurring after nine and before eleven, represented in Roman numerals as X, in Arabic numerals as 10, and in the hexadecimal system (base 16) as A."
        },
        {
            "w": "ALT",
            "v": true,
            "row": 7,
            "col": 2,
            "def": "A state of excitement, conveyed by a high pitched voice."
        },
        {
            "w": "LAT",
            "v": true,
            "row": 3,
            "col": 2,
            "def": "A Latvian coin and national monetary unit."
        },
        {
            "w": "LANE",
            "v": true,
            "row": 1,
            "col": 7,
            "def": "A narrow passageway between fences, walls, hedges or trees."
        },
        {
            "w": "LATE",
            "v": false,
            "row": 3,
            "col": 2,
            "def": "Near the end of a period of time."
        },
        {
            "w": "LEAN",
            "v": false,
            "row": 6,
            "col": 3,
            "def": "To hang outwards."
        },
        {
            "w": "NEAT",
            "v": true,
            "row": 4,
            "col": 8,
            "def": "A bull or cow."
        },
        {
            "w": "TENT",
            "v": false,
            "row": 4,
            "col": 6,
            "def": "A pavilion or portable lodge consisting of skins, canvas, or some strong cloth, stretched and sustained by poles, used for sheltering persons from the weather."
        },
        {
            "w": "ANTE",
            "v": true,
            "row": 0,
            "col": 5,
            "def": "A price or cost, as in up the ante."
        },
        {
            "w": "TEAL",
            "v": false,
            "row": 2,
            "col": 5,
            "def": "Any of various small freshwater ducks of the genus Anas that are brightly coloured and have short necks."
        },
        {
            "w": "TALENT",
            "v": true,
            "row": 3,
            "col": 4,
            "def": "The men or (especially) women of a place or area, judged by their attractiveness."
        },
        {
            "w": "LATENT",
            "v": false,
            "row": 8,
            "col": 2,
            "def": "Existing or present but concealed or inactive."
        }
    ]
}