{
    "id": 3878,
    "sub_category": "Aerial Pack",
    "category": "Green Group",
    "type": 0,
    "letters": "AEMTTU",
    "mov": 26,
    "shovels": 1,
    "coins": 5,
    "rows": 15,
    "cols": 15,
    "c": 0,
    "b": -1,
    "w": 11,
    "h": 9,
    "dws": [
        "MAUT",
        "UTA",
        "TATU",
        "MAE",
        "MEU",
        "TAM",
        "TAT",
        "UTE",
        "TET",
        "TAE",
        "TUT",
        "TUM",
        "MUT",
        "META",
        "EAU",
        "ATT",
        "AME",
        "TATE",
        "MATT",
        "ETA",
        "TEAT",
        "AMU",
        "AUE",
        "ETAT"
    ],
    "ws": [
        {
            "w": "ATE",
            "v": false,
            "row": 5,
            "col": 0,
            "def": "Simple past of eat."
        },
        {
            "w": "EAT",
            "v": false,
            "row": 8,
            "col": 4,
            "def": "To consume (something solid or semi-solid, usually food) by putting it into the mouth and swallowing it."
        },
        {
            "w": "MAT",
            "v": true,
            "row": 4,
            "col": 0,
            "def": "A flat piece of coarse material used for wiping one's feet, or as a decorative or protective floor covering."
        },
        {
            "w": "MET",
            "v": true,
            "row": 4,
            "col": 2,
            "def": "Simple past tense and past participle of meet."
        },
        {
            "w": "TEA",
            "v": true,
            "row": 0,
            "col": 9,
            "def": "The dried leaves or buds of the tea plant, Camellia sinensis."
        },
        {
            "w": "EMU",
            "v": true,
            "row": 0,
            "col": 3,
            "def": "A large flightless bird native to Australia, Dromaius novaehollandiae."
        },
        {
            "w": "TAU",
            "v": false,
            "row": 6,
            "col": 7,
            "def": "The name of the letter T/\u03c4 in the Greek, Hebrew and ancient Semitic alphabets, being the nineteenth letter of the Classical and Modern Greek, the twentieth letter of Old and Ancient Greek."
        },
        {
            "w": "MATE",
            "v": false,
            "row": 1,
            "col": 3,
            "def": "A fellow, comrade, colleague, partner or someone with whom something is shared, e.g. shipmate, classmate."
        },
        {
            "w": "MEAT",
            "v": true,
            "row": 0,
            "col": 6,
            "def": "A meathead."
        },
        {
            "w": "MUTE",
            "v": true,
            "row": 5,
            "col": 9,
            "def": "To silence, to make quiet."
        },
        {
            "w": "TAME",
            "v": false,
            "row": 0,
            "col": 0,
            "def": "Not or no longer wild; domesticated."
        },
        {
            "w": "TEAM",
            "v": false,
            "row": 6,
            "col": 2,
            "def": "A set of draught animals, such as two horses in front of a carriage."
        },
        {
            "w": "TAUT",
            "v": true,
            "row": 3,
            "col": 7,
            "def": "Tight; under tension, as in a rope or bow string."
        },
        {
            "w": "MUTT",
            "v": false,
            "row": 0,
            "col": 6,
            "def": "A mongrel dog; a dog of mixed breed or uncertain origin."
        },
        {
            "w": "MATTE",
            "v": false,
            "row": 3,
            "col": 4,
            "def": "A decorative border around a picture."
        },
        {
            "w": "MUTATE",
            "v": true,
            "row": 3,
            "col": 4,
            "def": "To undergo mutation."
        }
    ]
}