{
    "id": "3903487e-0d3a-11eb-a781-34363b5fdca4",
    "type": 0,
    "letters": "EILRSV",
    "mov": 31,
    "shovels": 1,
    "coins": 5,
    "rows": 13,
    "cols": 2,
    "c": 0,
    "b": -1,
    "dws": [
        "LIS",
        "SEL",
        "LES",
        "ELS",
        "VIS",
        "SEI",
        "SRI",
        "SEV",
        "SER",
        "ERS",
        "RES",
        "LEI",
        "LEV",
        "REI",
        "SILE",
        "SEIL",
        "LEIS",
        "LEVS",
        "VISE",
        "SEIR",
        "IRES",
        "REIS",
        "VERS",
        "VLEI",
        "VIRL",
        "VRIL",
        "LIER",
        "LEIR",
        "RIEL",
        "VIER",
        "VIRE",
        "RIVE",
        "SLIVE",
        "LEVIS",
        "VLIES",
        "VLEIS",
        "VIRLS",
        "VRILS",
        "SLIER",
        "LIERS",
        "LEIRS",
        "RIELS",
        "SIVER",
        "VIERS",
        "VIRES",
        "RIVES",
        "LIVRE",
        "ERVIL",
        "RIVEL",
        "LIVRES",
        "ERVILS",
        "SILVER",
        "SLIVER",
        "LIVER",
        "VILER",
        "ISLE",
        "LIRE",
        "LIVE",
        "RILE",
        "VEIL",
        "SIR"
    ],
    "ws": [
        {
            "w": "IRE",
            "v": false,
            "row": 4,
            "col": 4
        },
        {
            "w": "LIE",
            "v": true,
            "row": 2,
            "col": 6
        },
        {
            "w": "REV",
            "v": false,
            "row": 5,
            "col": 7
        },
        {
            "w": "VIE",
            "v": false,
            "row": 8,
            "col": 0
        },
        {
            "w": "EVIL",
            "v": false,
            "row": 3,
            "col": 1
        },
        {
            "w": "LIES",
            "v": false,
            "row": 2,
            "col": 6
        },
        {
            "w": "REVS",
            "v": false,
            "row": 0,
            "col": 6
        },
        {
            "w": "RISE",
            "v": false,
            "row": 6,
            "col": 1
        },
        {
            "w": "SIRE",
            "v": false,
            "row": 8,
            "col": 4
        },
        {
            "w": "VIES",
            "v": true,
            "row": 0,
            "col": 8
        },
        {
            "w": "VILE",
            "v": true,
            "row": 0,
            "col": 1
        },
        {
            "w": "EVILS",
            "v": false,
            "row": 0,
            "col": 0
        },
        {
            "w": "LIVES",
            "v": true,
            "row": 5,
            "col": 2
        },
        {
            "w": "RILES",
            "v": true,
            "row": 5,
            "col": 7
        },
        {
            "w": "VEILS",
            "v": true,
            "row": 5,
            "col": 9
        },
        {
            "w": "LIVERS",
            "v": true,
            "row": 3,
            "col": 4
        }
    ]
}