{
    "id": "3a832abc-0d43-11eb-a781-34363b5fdca4",
    "type": 0,
    "letters": "AEMNNR",
    "mov": 23,
    "shovels": 1,
    "coins": 5,
    "rows": 9,
    "cols": 2,
    "c": 0,
    "b": -1,
    "dws": [
        "MNA",
        "NAM",
        "MAE",
        "AME",
        "ERM",
        "REM",
        "ANN",
        "NAN",
        "ANE",
        "NAE",
        "EAN",
        "RNA",
        "ERN",
        "REN",
        "NEMA",
        "NANE",
        "NARE",
        "REAN",
        "NAMER",
        "ENARM",
        "RAMEN",
        "REMAN",
        "EARN",
        "RAN"
    ],
    "ws": [
        {
            "w": "ARE",
            "v": false,
            "row": 6,
            "col": 6
        },
        {
            "w": "ARM",
            "v": false,
            "row": 0,
            "col": 0
        },
        {
            "w": "EAR",
            "v": false,
            "row": 7,
            "col": 4
        },
        {
            "w": "ERA",
            "v": false,
            "row": 6,
            "col": 0
        },
        {
            "w": "MAN",
            "v": false,
            "row": 0,
            "col": 5
        },
        {
            "w": "MAR",
            "v": true,
            "row": 5,
            "col": 2
        },
        {
            "w": "MEN",
            "v": false,
            "row": 5,
            "col": 2
        },
        {
            "w": "RAM",
            "v": false,
            "row": 2,
            "col": 5
        },
        {
            "w": "AMEN",
            "v": true,
            "row": 0,
            "col": 0
        },
        {
            "w": "MANE",
            "v": true,
            "row": 3,
            "col": 8
        },
        {
            "w": "MARE",
            "v": true,
            "row": 0,
            "col": 5
        },
        {
            "w": "MEAN",
            "v": true,
            "row": 0,
            "col": 2
        },
        {
            "w": "NAME",
            "v": false,
            "row": 3,
            "col": 2
        },
        {
            "w": "NEAR",
            "v": true,
            "row": 4,
            "col": 6
        },
        {
            "w": "REAM",
            "v": true,
            "row": 5,
            "col": 0
        },
        {
            "w": "MANNER",
            "v": true,
            "row": 3,
            "col": 4
        }
    ]
}