{
    "id": 4328,
    "sub_category": "Glacial Pack",
    "category": "Arctic Group",
    "type": 0,
    "letters": "EGILNR",
    "mov": 26,
    "shovels": 1,
    "coins": 5,
    "rows": 15,
    "cols": 15,
    "c": 0,
    "b": -1,
    "w": 11,
    "h": 11,
    "dws": [
        "NIRL",
        "GIE",
        "LIG",
        "GLEI",
        "REG",
        "LEI",
        "RENIG",
        "ERN",
        "REI",
        "NEG",
        "INGLE",
        "LIGER",
        "RIEL",
        "ERG",
        "LIRE",
        "GIRN",
        "RIN",
        "LEIR",
        "LING",
        "NIGER",
        "GREN",
        "LIGNE",
        "NIE",
        "GEN",
        "GIEN",
        "LENG",
        "LIN",
        "REN",
        "NIL",
        "GER",
        "ENG",
        "LIER",
        "ING",
        "IRE",
        "RINE"
    ],
    "ws": [
        {
            "w": "GEL",
            "v": false,
            "row": 6,
            "col": 0,
            "def": "A semi-solid to almost solid colloid of a solid and a liquid, such as jelly, cheese or opal."
        },
        {
            "w": "GIN",
            "v": true,
            "row": 0,
            "col": 8,
            "def": "A colourless non-aged alcoholic liquor made by distilling fermented grains such as barley, corn, oats or rye with juniper berries; the base for many cocktails."
        },
        {
            "w": "LEG",
            "v": true,
            "row": 6,
            "col": 2,
            "def": "The lower limb of a human being or animal that extends from the groin to the ankle."
        },
        {
            "w": "LIE",
            "v": true,
            "row": 7,
            "col": 7,
            "def": "To be in a horizontal position."
        },
        {
            "w": "RIG",
            "v": false,
            "row": 3,
            "col": 0,
            "def": "The rigging of a sailing ship or other such craft."
        },
        {
            "w": "GIRL",
            "v": false,
            "row": 8,
            "col": 2,
            "def": "A young female human; (in contrast to boy), a female child or young adult."
        },
        {
            "w": "GRIN",
            "v": false,
            "row": 0,
            "col": 1,
            "def": "A smile in which the lips are parted to reveal the teeth."
        },
        {
            "w": "LINE",
            "v": false,
            "row": 4,
            "col": 3,
            "def": "A path through two or more points (compare 'segment'); a continuous mark, including as made by a pen; any path, curved or straight."
        },
        {
            "w": "RING",
            "v": true,
            "row": 0,
            "col": 2,
            "def": "A circumscribing object, (roughly) circular and hollow, looking like an annual ring, earring, finger ring etc."
        },
        {
            "w": "GLEN",
            "v": false,
            "row": 7,
            "col": 6,
            "def": "A secluded and narrow valley; a dale; a depression between hills."
        },
        {
            "w": "REIN",
            "v": false,
            "row": 5,
            "col": 6,
            "def": "A strap or rope attached to the bridle or bit, used to control a horse, animal or young child."
        },
        {
            "w": "RILE",
            "v": true,
            "row": 4,
            "col": 8,
            "def": "To make angry."
        },
        {
            "w": "LIEN",
            "v": false,
            "row": 2,
            "col": 5,
            "def": "A tendon."
        },
        {
            "w": "LINER",
            "v": true,
            "row": 1,
            "col": 6,
            "def": "Someone who fits a lining to something."
        },
        {
            "w": "REIGN",
            "v": true,
            "row": 3,
            "col": 0,
            "def": "The exercise of sovereign power."
        },
        {
            "w": "LINGER",
            "v": true,
            "row": 3,
            "col": 4,
            "def": "To stay or remain in a place or situation, especially as if unwilling to depart or not easily able to do so."
        }
    ]
}