{
    "id": 436,
    "sub_category": "Flake Pack",
    "category": "Winter Group",
    "type": 0,
    "letters": "ADEHLS",
    "mov": 30,
    "shovels": 1,
    "coins": 5,
    "rows": 15,
    "cols": 15,
    "c": 0,
    "b": -1,
    "w": 13,
    "h": 11,
    "dws": [
        "HADS",
        "DHAL",
        "AHED",
        "DAS",
        "DEASH",
        "DAE",
        "DAES",
        "SEL",
        "DELS",
        "DALE",
        "LADES",
        "SHE",
        "SADE",
        "AHS",
        "SELAH",
        "ELS",
        "LED",
        "DHALS",
        "HADE",
        "EAS",
        "HALES",
        "HADES",
        "HEALS",
        "HES",
        "LADE",
        "DAHS",
        "SLADE",
        "EHS",
        "SHEAL",
        "LAS",
        "DEALS",
        "LEAS",
        "ALS",
        "HEADS",
        "HALSE",
        "SELD",
        "DAL",
        "SHA",
        "EDH",
        "EDHS",
        "DAHL",
        "HAE",
        "HAES",
        "LEA",
        "ASHED",
        "ELD",
        "LASE",
        "LSD",
        "LEAD",
        "SAE",
        "LEADS",
        "SHALED",
        "SHAD",
        "SHED",
        "HALE",
        "HEALD",
        "ALES",
        "EDS",
        "HALED",
        "LAH",
        "DEL",
        "SAL",
        "LES",
        "SED",
        "SLAE",
        "LADS",
        "DAHLS",
        "SHEA",
        "ALE",
        "LASED",
        "DAH",
        "SADHE",
        "LAHS",
        "DALES",
        "DALS",
        "ELDS",
        "HAED",
        "LEASH",
        "SALE",
        "HAS",
        "SEA"
    ],
    "ws": [
        {
            "w": "ADS",
            "v": false,
            "row": 8,
            "col": 7,
            "def": "Plural form of ad."
        },
        {
            "w": "ASH",
            "v": false,
            "row": 5,
            "col": 6,
            "def": "The solid remains of a fire."
        },
        {
            "w": "HAD",
            "v": false,
            "row": 6,
            "col": 4,
            "def": "Simple past tense and past participle of have."
        },
        {
            "w": "LAD",
            "v": false,
            "row": 5,
            "col": 0,
            "def": "A boy or young man."
        },
        {
            "w": "SAD",
            "v": true,
            "row": 0,
            "col": 3,
            "def": "Sated, having had one's fill; satisfied, weary."
        },
        {
            "w": "DASH",
            "v": true,
            "row": 5,
            "col": 2,
            "def": "A mark or line [- or \u2014], in writing or printing, denoting a sudden break, stop, or transition in a sentence, or an abrupt change in its construction, a long or significant pause, or an unexpected or epigrammatic turn of sentiment. Dashes are also sometimes used instead of marks or parenthesis."
        },
        {
            "w": "DEAL",
            "v": true,
            "row": 0,
            "col": 9,
            "def": "A division, a portion, a share."
        },
        {
            "w": "HEAD",
            "v": true,
            "row": 3,
            "col": 6,
            "def": "The part of the body of an animal or human which contains the brain, mouth, and main sense organs."
        },
        {
            "w": "HEAL",
            "v": false,
            "row": 3,
            "col": 6,
            "def": "To hide; conceal; keep secret."
        },
        {
            "w": "HELD",
            "v": true,
            "row": 5,
            "col": 8,
            "def": "Simple past tense and past participle of hold."
        },
        {
            "w": "SEAL",
            "v": true,
            "row": 2,
            "col": 0,
            "def": "A pinniped, particularly an earless seal (true seal) or eared seal."
        },
        {
            "w": "SLED",
            "v": false,
            "row": 2,
            "col": 0,
            "def": "A small, light vehicle with runners, used, mostly by young persons, for sliding on snow or ice. (A \"sled\" in this sense is not pulled by an animal as a \"sleigh\" is.)."
        },
        {
            "w": "LASH",
            "v": false,
            "row": 0,
            "col": 1,
            "def": "The thong or braided cord of a whip, with which the blow is given."
        },
        {
            "w": "SHADE",
            "v": false,
            "row": 8,
            "col": 1,
            "def": "Darkness where light, particularly sunlight, is blocked."
        },
        {
            "w": "SHALE",
            "v": false,
            "row": 1,
            "col": 5,
            "def": "A shell or husk; a cod or pod."
        },
        {
            "w": "LASHED",
            "v": true,
            "row": 3,
            "col": 4,
            "def": "Simple past tense and past participle of lash."
        }
    ]
}