{
    "id": 438,
    "sub_category": "Flake Pack",
    "category": "Winter Group",
    "type": 0,
    "letters": "EEFLRY",
    "mov": 26,
    "shovels": 1,
    "coins": 5,
    "rows": 15,
    "cols": 15,
    "c": 0,
    "b": -1,
    "w": 11,
    "h": 10,
    "dws": [
        "YFERE",
        "EERY",
        "YER",
        "EEL",
        "EYRE",
        "REEFY",
        "FLEE",
        "EELY",
        "FEY",
        "FELE",
        "ERE",
        "FLEER",
        "REFLY",
        "FER",
        "FEER",
        "ELF",
        "FERLY",
        "FYLE",
        "LEE",
        "FERE",
        "EYER",
        "REE",
        "FEEL",
        "ERF",
        "FLEY",
        "LERE",
        "REFEL",
        "RYFE",
        "FEYER",
        "LEY"
    ],
    "ws": [
        {
            "w": "EYE",
            "v": false,
            "row": 2,
            "col": 6,
            "def": "An organ that is sensitive to light, which it converts to electrical signals passed to the brain, by which means animals see."
        },
        {
            "w": "FEE",
            "v": true,
            "row": 4,
            "col": 9,
            "def": "Cattle; livestock, especially considered as the basis of wealth."
        },
        {
            "w": "FLY",
            "v": true,
            "row": 4,
            "col": 2,
            "def": "Any insect of the order Diptera; characterized by having two wings, also called true flies."
        },
        {
            "w": "FRY",
            "v": false,
            "row": 6,
            "col": 0,
            "def": "To cook (something) in hot fat."
        },
        {
            "w": "RYE",
            "v": false,
            "row": 6,
            "col": 7,
            "def": "Caraway (from the mistaken assumption that the whole seeds, often used to season rye bread, are the rye itself)."
        },
        {
            "w": "REF",
            "v": false,
            "row": 4,
            "col": 4,
            "def": "Referee."
        },
        {
            "w": "LYE",
            "v": false,
            "row": 5,
            "col": 2,
            "def": "A strong caustic alkaline solution of potassium or sodium salts, obtained by leaching wood ashes. It is much used in making soap as well as its use in biodiesel."
        },
        {
            "w": "FREE",
            "v": true,
            "row": 0,
            "col": 8,
            "def": "Not imprisoned or enslaved."
        },
        {
            "w": "REEF",
            "v": true,
            "row": 1,
            "col": 6,
            "def": "Scabby; scurvy."
        },
        {
            "w": "REEL",
            "v": true,
            "row": 6,
            "col": 1,
            "def": "A lively dance of the Highlanders of Scotland; also, the music to the dance; -- often called Scotch reel."
        },
        {
            "w": "RELY",
            "v": true,
            "row": 6,
            "col": 7,
            "def": "To rest with confidence, as when fully satisfied of the veracity, integrity, or ability of persons, or of the certainty of facts or of evidence; to have confidence; to trust; to depend."
        },
        {
            "w": "LEER",
            "v": false,
            "row": 1,
            "col": 3,
            "def": "A significant side glance; a glance expressive of some passion, as malignity, amorousness, etc.; a sly or lecherous look."
        },
        {
            "w": "LYRE",
            "v": false,
            "row": 7,
            "col": 4,
            "def": "A stringed musical instrument."
        },
        {
            "w": "FLYER",
            "v": false,
            "row": 9,
            "col": 5,
            "def": "A machine that flies."
        },
        {
            "w": "LEERY",
            "v": false,
            "row": 8,
            "col": 0,
            "def": "Cautious, hesitant, or nervous about something; having reservations or concerns."
        },
        {
            "w": "FREELY",
            "v": true,
            "row": 3,
            "col": 4,
            "def": "Free; frank."
        }
    ]
}