{
    "id": 4634,
    "sub_category": "Bare Packx",
    "category": "Placid Group",
    "type": 0,
    "letters": "AHMRSY",
    "mov": 30,
    "shovels": 1,
    "coins": 5,
    "rows": 15,
    "cols": 15,
    "c": 0,
    "b": -1,
    "w": 12,
    "h": 11,
    "dws": [
        "YAR",
        "HAYS",
        "MASHY",
        "SHA",
        "RYA",
        "RAMS",
        "ARY",
        "SYMAR",
        "MAS",
        "AYS",
        "SYRAH",
        "HAMS",
        "ARMS",
        "RYAS",
        "MARY",
        "YAMS",
        "SMA",
        "MAYS",
        "MARS",
        "YAH",
        "ARS",
        "SAR",
        "SAM",
        "AHS",
        "ARSY",
        "SHAY",
        "RAH",
        "RAYS",
        "YAS",
        "RAS",
        "RAHS",
        "YAHS",
        "HARMS",
        "HAM",
        "RAY",
        "SAY",
        "SHY"
    ],
    "ws": [
        {
            "w": "ARM",
            "v": true,
            "row": 5,
            "col": 7,
            "def": "The portion of the upper human appendage, from the shoulder to the wrist and sometimes including the hand."
        },
        {
            "w": "ASH",
            "v": true,
            "row": 0,
            "col": 8,
            "def": "The solid remains of a fire."
        },
        {
            "w": "HAS",
            "v": false,
            "row": 0,
            "col": 7,
            "def": "Third-person singular simple present indicative form of have."
        },
        {
            "w": "HAY",
            "v": false,
            "row": 8,
            "col": 2,
            "def": "Grass cut and dried for use as animal fodder."
        },
        {
            "w": "MAR",
            "v": false,
            "row": 0,
            "col": 3,
            "def": "To spoil, to damage."
        },
        {
            "w": "MAY",
            "v": true,
            "row": 0,
            "col": 3,
            "def": "The hawthorn bush or its blossoms."
        },
        {
            "w": "RAM",
            "v": true,
            "row": 0,
            "col": 5,
            "def": "A male sheep."
        },
        {
            "w": "YAM",
            "v": false,
            "row": 5,
            "col": 6,
            "def": "Any climbing vine of the genus Dioscorea in the Eastern and Western hemispheres, usually cultivated."
        },
        {
            "w": "ARMY",
            "v": true,
            "row": 2,
            "col": 6,
            "def": "A large, highly organized military force, concerned mainly with ground (rather than air or naval) operations."
        },
        {
            "w": "HARM",
            "v": false,
            "row": 4,
            "col": 3,
            "def": "Injury; hurt; damage; detriment; misfortune."
        },
        {
            "w": "RASH",
            "v": true,
            "row": 5,
            "col": 2,
            "def": "Hasty, not careful or considered."
        },
        {
            "w": "SHAM",
            "v": true,
            "row": 0,
            "col": 0,
            "def": "Intended to deceive; false."
        },
        {
            "w": "ASHY",
            "v": false,
            "row": 2,
            "col": 0,
            "def": "Having the color of ashes."
        },
        {
            "w": "MASH",
            "v": false,
            "row": 2,
            "col": 5,
            "def": "A mesh."
        },
        {
            "w": "MARSH",
            "v": false,
            "row": 6,
            "col": 1,
            "def": "An area of low, wet land, often with tall grass."
        },
        {
            "w": "MARSHY",
            "v": true,
            "row": 3,
            "col": 4,
            "def": "Of, or resembling a marsh; boggy."
        }
    ]
}