{
    "id": 4654,
    "sub_category": "Bud Pack",
    "category": "Thrive Group",
    "type": 0,
    "letters": "ACHNST",
    "mov": 26,
    "shovels": 1,
    "coins": 5,
    "rows": 15,
    "cols": 15,
    "c": 0,
    "b": -1,
    "w": 12,
    "h": 10,
    "dws": [
        "CANT",
        "HANT",
        "CHAS",
        "CANS",
        "NATS",
        "ANS",
        "SHA",
        "CHANTS",
        "NAH",
        "CHA",
        "TANH",
        "CHATS",
        "NAT",
        "NACH",
        "TACH",
        "HAN",
        "HAST",
        "HANTS",
        "HAS",
        "NAS",
        "CANST",
        "TACHS",
        "SCAT",
        "TANS",
        "TANHS",
        "SNATH",
        "ASH",
        "SAT",
        "NATCH",
        "AHS",
        "SCATH",
        "TAS",
        "ATS",
        "SHAN",
        "SHAT",
        "SAN",
        "ANTS",
        "CANTS",
        "ACH",
        "HATS",
        "SANT",
        "NTH",
        "ACTS",
        "CATS",
        "TASH"
    ],
    "ws": [
        {
            "w": "ACT",
            "v": true,
            "row": 4,
            "col": 0,
            "def": "Something done, a deed."
        },
        {
            "w": "ANT",
            "v": true,
            "row": 6,
            "col": 9,
            "def": "Any of various insects in the family Formicidae in the order Hymenoptera, typically living in large colonies composed almost entirely of flightless females."
        },
        {
            "w": "CAN",
            "v": false,
            "row": 3,
            "col": 2,
            "def": "To know how to; to be able to."
        },
        {
            "w": "CAT",
            "v": true,
            "row": 4,
            "col": 7,
            "def": "Any similar animal of the family Felidae, which includes lions, tigers, bobcats, etc."
        },
        {
            "w": "HAT",
            "v": true,
            "row": 0,
            "col": 5,
            "def": "A covering for the head, often in the approximate form of a cone or a cylinder closed at its top end, and sometimes having a brim and other decoration."
        },
        {
            "w": "TAN",
            "v": true,
            "row": 0,
            "col": 7,
            "def": "A symbol of the trigonometric function tangent."
        },
        {
            "w": "SAC",
            "v": true,
            "row": 6,
            "col": 6,
            "def": "A bag or pouch inside a plant or animal that typically contains a fluid."
        },
        {
            "w": "CASH",
            "v": false,
            "row": 0,
            "col": 2,
            "def": "Money in the form of notes/bills and coins, as opposed to cheques/checks or electronic transactions."
        },
        {
            "w": "CAST",
            "v": false,
            "row": 6,
            "col": 4,
            "def": "To perform, bring forth (a magical spell or enchantment)."
        },
        {
            "w": "CHAT",
            "v": true,
            "row": 3,
            "col": 2,
            "def": "To be engaged in informal conversation."
        },
        {
            "w": "SCAN",
            "v": false,
            "row": 4,
            "col": 6,
            "def": "To examine sequentially, part by part."
        },
        {
            "w": "THAN",
            "v": true,
            "row": 1,
            "col": 9,
            "def": "(usually used with for) Because; for."
        },
        {
            "w": "CHANT",
            "v": false,
            "row": 5,
            "col": 0,
            "def": "To sing, especially without instruments, and as applied to monophonic and pre-modern music."
        },
        {
            "w": "SCANT",
            "v": false,
            "row": 8,
            "col": 5,
            "def": "Very little, very few."
        },
        {
            "w": "SNATCH",
            "v": true,
            "row": 2,
            "col": 4,
            "def": "To grasp quickly."
        },
        {
            "w": "STANCH",
            "v": false,
            "row": 2,
            "col": 4,
            "def": "To stop the flow of."
        }
    ]
}