{
    "id": 4714,
    "sub_category": "Verde Pack",
    "category": "Thrive Group",
    "type": 0,
    "letters": "DENOOW",
    "mov": 30,
    "shovels": 1,
    "coins": 5,
    "rows": 15,
    "cols": 15,
    "c": 0,
    "b": -1,
    "w": 11,
    "h": 11,
    "dws": [
        "ONE",
        "EON",
        "NOO",
        "DON",
        "DONE",
        "DOEN",
        "NOWED",
        "WEND",
        "DOE",
        "ENOW",
        "ODEON",
        "WOON",
        "NODE",
        "ONO",
        "OON",
        "NED",
        "ODE",
        "DOO",
        "DOON",
        "WEN",
        "WONE",
        "ENDOW",
        "WOOD",
        "OWE",
        "WOO"
    ],
    "ws": [
        {
            "w": "DEN",
            "v": false,
            "row": 8,
            "col": 2,
            "def": "The home of certain animals."
        },
        {
            "w": "DEW",
            "v": false,
            "row": 2,
            "col": 7,
            "def": "Moisture in the air that settles on plants, etc in the morning, resulting in drops."
        },
        {
            "w": "END",
            "v": true,
            "row": 2,
            "col": 8,
            "def": "The final point of something in space or time."
        },
        {
            "w": "NEW",
            "v": true,
            "row": 7,
            "col": 9,
            "def": "Recently made, or created."
        },
        {
            "w": "NOD",
            "v": true,
            "row": 0,
            "col": 7,
            "def": "To incline the head up and down, as to indicate agreement."
        },
        {
            "w": "NOW",
            "v": true,
            "row": 0,
            "col": 9,
            "def": "Present; current."
        },
        {
            "w": "OWN",
            "v": false,
            "row": 5,
            "col": 4,
            "def": "To have rightful possession of (property, goods or capital); \"To possess by right; to have the right of property in; to have the legal right or rightful title to.\" (Ref 1)."
        },
        {
            "w": "WON",
            "v": false,
            "row": 0,
            "col": 1,
            "def": "Simple past tense and past participle of win."
        },
        {
            "w": "DOW",
            "v": false,
            "row": 3,
            "col": 2,
            "def": "To be worth."
        },
        {
            "w": "WED",
            "v": false,
            "row": 4,
            "col": 6,
            "def": "To perform the marriage ceremony for; to join in matrimony."
        },
        {
            "w": "WOE",
            "v": true,
            "row": 5,
            "col": 1,
            "def": "Grief; sorrow; misery; heavy calamity."
        },
        {
            "w": "DOWN",
            "v": false,
            "row": 7,
            "col": 6,
            "def": "Hill, rolling grassland."
        },
        {
            "w": "OWED",
            "v": true,
            "row": 0,
            "col": 2,
            "def": "Simple past tense and past participle of owe."
        },
        {
            "w": "OWNED",
            "v": true,
            "row": 3,
            "col": 6,
            "def": "Simple past tense and past participle of own."
        },
        {
            "w": "WOOED",
            "v": false,
            "row": 6,
            "col": 0,
            "def": "Simple past tense and past participle of woo."
        },
        {
            "w": "WOODEN",
            "v": true,
            "row": 3,
            "col": 4,
            "def": "Made of wood: \"a wooden boat\"."
        }
    ]
}