{
    "id": 4820,
    "sub_category": "Sleet Pack",
    "category": "Frigid Group",
    "type": 0,
    "letters": "AEIPRR",
    "mov": 30,
    "shovels": 1,
    "coins": 5,
    "rows": 15,
    "cols": 15,
    "c": 0,
    "b": -1,
    "w": 12,
    "h": 11,
    "dws": [
        "RAI",
        "PARER",
        "RAP",
        "ERA",
        "REI",
        "RIA",
        "PRIER",
        "PARR",
        "PIA",
        "RAPER",
        "AIRER",
        "AIR",
        "APER",
        "RAPE",
        "PAIRER",
        "PERI",
        "PIR",
        "APE",
        "PRE",
        "IRE",
        "REPAIR",
        "EAR",
        "PEA",
        "REP"
    ],
    "ws": [
        {
            "w": "ARE",
            "v": true,
            "row": 4,
            "col": 6,
            "def": "Second-person singular simple present tense of be."
        },
        {
            "w": "PAR",
            "v": false,
            "row": 5,
            "col": 0,
            "def": "By; with."
        },
        {
            "w": "PER",
            "v": true,
            "row": 0,
            "col": 6,
            "def": "For each."
        },
        {
            "w": "PIE",
            "v": true,
            "row": 1,
            "col": 3,
            "def": "A type of pastry that consists of an outer crust and a filling."
        },
        {
            "w": "RIP",
            "v": false,
            "row": 9,
            "col": 7,
            "def": "A tear (in paper, etc.)."
        },
        {
            "w": "ERR",
            "v": false,
            "row": 8,
            "col": 3,
            "def": "To make a mistake."
        },
        {
            "w": "PAIR",
            "v": false,
            "row": 0,
            "col": 6,
            "def": "Two similar or identical things taken together; often followed by of."
        },
        {
            "w": "PEAR",
            "v": true,
            "row": 3,
            "col": 1,
            "def": "An edible fruit produced by the pear tree, similar to an apple but elongated towards the stem."
        },
        {
            "w": "PIER",
            "v": false,
            "row": 3,
            "col": 1,
            "def": "A raised platform built from the shore out over water, supported on piles; used to secure, or provide access to shipping; a jetty."
        },
        {
            "w": "RARE",
            "v": false,
            "row": 2,
            "col": 6,
            "def": "Cooked very lightly, so the meat is still red (in the case of steak or beef in the general sense)."
        },
        {
            "w": "REAR",
            "v": true,
            "row": 6,
            "col": 7,
            "def": "To raise physically; to lift up; to cause to rise, to elevate."
        },
        {
            "w": "RIPE",
            "v": true,
            "row": 2,
            "col": 8,
            "def": "Ready for reaping or gathering; having attained perfection; mature; -- said of fruits, seeds, etc.; as, ripe grain."
        },
        {
            "w": "REAP",
            "v": true,
            "row": 6,
            "col": 9,
            "def": "To cut with a sickle, scythe, or reaping machine, as grain; to gather, as a harvest, by cutting."
        },
        {
            "w": "PARE",
            "v": false,
            "row": 1,
            "col": 3,
            "def": "To remove the outer covering or skin of something with a cutting device, typically a knife."
        },
        {
            "w": "RIPER",
            "v": false,
            "row": 6,
            "col": 3,
            "def": "Comparative form of ripe: more ripe."
        },
        {
            "w": "RAPIER",
            "v": true,
            "row": 3,
            "col": 4,
            "def": "A slender, straight, sharply pointed sword (double-edged, single-edged or edgeless)."
        }
    ]
}