{
    "id": 4875,
    "sub_category": "Cube Pack",
    "category": "Frigid Group",
    "type": 0,
    "letters": "DINOSW",
    "mov": 26,
    "shovels": 1,
    "coins": 5,
    "rows": 15,
    "cols": 15,
    "c": 0,
    "b": -1,
    "w": 11,
    "h": 8,
    "dws": [
        "DONS",
        "ISO",
        "IONS",
        "NID",
        "SNOD",
        "INDOW",
        "ONS",
        "WINO",
        "DOWS",
        "WINS",
        "ION",
        "OIS",
        "DOS",
        "OWNS",
        "ODS",
        "NIS",
        "DINOS",
        "WINDS",
        "DINS",
        "SIND",
        "INDOWS",
        "IOS",
        "NODS",
        "NODI",
        "NOS",
        "WIS",
        "DIS",
        "WOS",
        "WONS",
        "DOWNS",
        "WINOS",
        "IDS",
        "SOWN",
        "DINO",
        "INS",
        "NIDS",
        "NOWS",
        "DSO"
    ],
    "ws": [
        {
            "w": "NOD",
            "v": false,
            "row": 9,
            "col": 0,
            "def": "To incline the head up and down, as to indicate agreement."
        },
        {
            "w": "NOW",
            "v": true,
            "row": 5,
            "col": 9,
            "def": "Present; current."
        },
        {
            "w": "OWN",
            "v": false,
            "row": 6,
            "col": 4,
            "def": "To have rightful possession of (property, goods or capital); \"To possess by right; to have the right of property in; to have the legal right or rightful title to.\" (Ref 1)."
        },
        {
            "w": "SIN",
            "v": false,
            "row": 2,
            "col": 7,
            "def": "A violation of God's will or religious law."
        },
        {
            "w": "SOD",
            "v": true,
            "row": 7,
            "col": 2,
            "def": "That stratum of the surface of the soil which is filled with the roots of grass, or any portion of that surface; turf; sward."
        },
        {
            "w": "SON",
            "v": true,
            "row": 7,
            "col": 0,
            "def": "A male child, a boy or man in relation to his parents; one's male offspring."
        },
        {
            "w": "WIN",
            "v": false,
            "row": 9,
            "col": 5,
            "def": "Pleasure; joy; delight."
        },
        {
            "w": "WON",
            "v": false,
            "row": 5,
            "col": 7,
            "def": "Simple past tense and past participle of win."
        },
        {
            "w": "DIN",
            "v": true,
            "row": 7,
            "col": 7,
            "def": "A loud noise; a cacophony or loud commotion."
        },
        {
            "w": "DOW",
            "v": false,
            "row": 7,
            "col": 7,
            "def": "To be worth."
        },
        {
            "w": "SOW",
            "v": false,
            "row": 7,
            "col": 2,
            "def": "A female pig."
        },
        {
            "w": "DON",
            "v": true,
            "row": 0,
            "col": 9,
            "def": "A university professor, particularly one at Oxford or Cambridge."
        },
        {
            "w": "DOWN",
            "v": false,
            "row": 3,
            "col": 4,
            "def": "Hill, rolling grassland."
        },
        {
            "w": "SNOW",
            "v": true,
            "row": 2,
            "col": 7,
            "def": "The frozen, crystalline state of water that falls as precipitation."
        },
        {
            "w": "WIND",
            "v": false,
            "row": 0,
            "col": 6,
            "def": "Real or perceived movement of atmospheric air usually caused by convection or differences in air pressure."
        },
        {
            "w": "DISOWN",
            "v": true,
            "row": 3,
            "col": 4,
            "def": "To refuse to own or to refuse to acknowledge one's own."
        }
    ]
}