{
    "id": 4890,
    "sub_category": "Bulb Pack",
    "category": "Flourish Group",
    "type": 0,
    "letters": "ADIMRU",
    "mov": 30,
    "shovels": 1,
    "coins": 5,
    "rows": 15,
    "cols": 15,
    "c": 0,
    "b": -1,
    "w": 11,
    "h": 10,
    "dws": [
        "RAI",
        "MARID",
        "DARI",
        "URD",
        "MIR",
        "ARD",
        "RIA",
        "RIMU",
        "AID",
        "MUID",
        "RUM",
        "DUM",
        "AMI",
        "DAUR",
        "MUDIR",
        "MUIR",
        "DUMA",
        "RIMA",
        "MURID",
        "DIRAM",
        "DUAR",
        "MURA",
        "AMIR",
        "RAMI",
        "AMU",
        "DUI",
        "RUD",
        "DURA",
        "MAIR",
        "MAUD",
        "ARUM",
        "MUDRA",
        "RIAD",
        "MARD",
        "AMID",
        "AIM",
        "MAD",
        "RAM"
    ],
    "ws": [
        {
            "w": "AIR",
            "v": true,
            "row": 5,
            "col": 7,
            "def": "The atmospheric substance above the surface of the earth which animals breathe, formerly considered to be a single substance, one of the four basic elements of ancient philosophy and one of the five basic elements of Eastern traditions."
        },
        {
            "w": "ARM",
            "v": true,
            "row": 1,
            "col": 6,
            "def": "The portion of the upper human appendage, from the shoulder to the wrist and sometimes including the hand."
        },
        {
            "w": "DAM",
            "v": false,
            "row": 9,
            "col": 7,
            "def": "Structure placed across a flowing body of water to stop the flow."
        },
        {
            "w": "DIM",
            "v": true,
            "row": 7,
            "col": 9,
            "def": "Not bright or colorful."
        },
        {
            "w": "MAR",
            "v": true,
            "row": 4,
            "col": 2,
            "def": "To spoil, to damage."
        },
        {
            "w": "MID",
            "v": true,
            "row": 1,
            "col": 3,
            "def": "With."
        },
        {
            "w": "MUD",
            "v": false,
            "row": 7,
            "col": 3,
            "def": "A mixture of water and soil or fine grained sediment."
        },
        {
            "w": "RID",
            "v": false,
            "row": 7,
            "col": 7,
            "def": "Released from an obligation, problem, etc. (usually followed by \"of\")."
        },
        {
            "w": "RIM",
            "v": false,
            "row": 2,
            "col": 6,
            "def": "An edge around something, especially when circular."
        },
        {
            "w": "RAD",
            "v": false,
            "row": 5,
            "col": 6,
            "def": "Excellent, short for radical."
        },
        {
            "w": "DRUM",
            "v": false,
            "row": 3,
            "col": 3,
            "def": "A percussive musical instrument spanned with a thin covering on at least one end for striking, forming an acoustic chamber, affecting what materials are used to make it."
        },
        {
            "w": "MAID",
            "v": true,
            "row": 2,
            "col": 8,
            "def": "A girl or an unmarried young woman; maiden."
        },
        {
            "w": "RAID",
            "v": false,
            "row": 5,
            "col": 1,
            "def": "A hostile or predatory incursion; an inroad or incursion of mounted men; a sudden and rapid invasion by a cavalry force; a foray."
        },
        {
            "w": "ARID",
            "v": true,
            "row": 0,
            "col": 1,
            "def": "Very dry."
        },
        {
            "w": "DRAM",
            "v": false,
            "row": 1,
            "col": 0,
            "def": "A unit of weight avoirdupois,."
        },
        {
            "w": "RADIUM",
            "v": true,
            "row": 3,
            "col": 4,
            "def": "A radioactive metallic chemical element (symbol Ra) with an atomic number of 88."
        }
    ]
}