{
    "id": 5316,
    "sub_category": "Desert Pack",
    "category": "Bare Group",
    "type": 0,
    "letters": "ADERRW",
    "mov": 30,
    "shovels": 1,
    "coins": 5,
    "rows": 15,
    "cols": 15,
    "c": 0,
    "b": -1,
    "w": 12,
    "h": 12,
    "dws": [
        "RADE",
        "RED",
        "AREW",
        "DREAR",
        "WADE",
        "WARRED",
        "WED",
        "ARD",
        "EARD",
        "DAE",
        "DAW",
        "WARE",
        "RARE",
        "RAD",
        "WARED",
        "WARDER",
        "ERR",
        "REW",
        "DEAW",
        "RAWER",
        "WADER",
        "DARER",
        "RARED",
        "WARRE",
        "ARED",
        "DEWAR",
        "WAE",
        "WEAR",
        "AWE",
        "RAW",
        "WAR"
    ],
    "ws": [
        {
            "w": "ARE",
            "v": false,
            "row": 2,
            "col": 0,
            "def": "Second-person singular simple present tense of be."
        },
        {
            "w": "DEW",
            "v": true,
            "row": 6,
            "col": 6,
            "def": "Moisture in the air that settles on plants, etc in the morning, resulting in drops."
        },
        {
            "w": "EAR",
            "v": false,
            "row": 7,
            "col": 6,
            "def": "The organ of hearing, consisting of the pinna, auditory canal, eardrum, malleus, incus, stapes and cochlea."
        },
        {
            "w": "ERA",
            "v": false,
            "row": 6,
            "col": 0,
            "def": "A time period of indeterminate length, generally more than one year."
        },
        {
            "w": "WAD",
            "v": false,
            "row": 6,
            "col": 4,
            "def": "An amorphous, compact mass."
        },
        {
            "w": "DARE",
            "v": false,
            "row": 4,
            "col": 2,
            "def": "To have enough courage (to do something)."
        },
        {
            "w": "DEAR",
            "v": false,
            "row": 3,
            "col": 6,
            "def": "Loved; lovable."
        },
        {
            "w": "DRAW",
            "v": true,
            "row": 0,
            "col": 0,
            "def": "To sketch; depict with lines; to produce a picture with pencil, crayon, chalk, etc. on paper, cardboard, etc."
        },
        {
            "w": "DREW",
            "v": true,
            "row": 1,
            "col": 7,
            "def": "Irregular simple past of draw."
        },
        {
            "w": "READ",
            "v": true,
            "row": 1,
            "col": 2,
            "def": "A reading or an act of reading, especially an actor's part of a play."
        },
        {
            "w": "REAR",
            "v": true,
            "row": 0,
            "col": 9,
            "def": "To raise physically; to lift up; to cause to rise, to elevate."
        },
        {
            "w": "WARD",
            "v": true,
            "row": 5,
            "col": 8,
            "def": "Protection, defence."
        },
        {
            "w": "AWED",
            "v": true,
            "row": 6,
            "col": 2,
            "def": "Simple past tense and past participle of awe."
        },
        {
            "w": "DRAWER",
            "v": true,
            "row": 3,
            "col": 4,
            "def": "An open-topped box that can be slid in and out of the cabinet that contains it, used for storing clothing or other articles."
        },
        {
            "w": "REWARD",
            "v": false,
            "row": 1,
            "col": 2,
            "def": "Something of value given in return for an act."
        },
        {
            "w": "REDRAW",
            "v": false,
            "row": 8,
            "col": 1,
            "def": "To draw again."
        }
    ]
}