{
    "id": 5412,
    "sub_category": "Azure Packx",
    "category": "High+seas Group",
    "type": 0,
    "letters": "ELNOPY",
    "mov": 30,
    "shovels": 1,
    "coins": 5,
    "rows": 15,
    "cols": 15,
    "c": 0,
    "b": -1,
    "w": 13,
    "h": 11,
    "dws": [
        "PYE",
        "EON",
        "NYE",
        "LYNE",
        "OPE",
        "PELON",
        "POLEYN",
        "OLE",
        "LENO",
        "PEL",
        "OYE",
        "PLOYE",
        "NOLE",
        "NOY",
        "POLEY",
        "NEP",
        "ONELY",
        "OLPE",
        "LOY",
        "PLEON",
        "PONE",
        "ENOL",
        "PEONY",
        "POL",
        "PYNE",
        "LEP",
        "ONY",
        "LOP",
        "PLY",
        "LEY",
        "PYLON",
        "OPEN",
        "PLOY",
        "LYE"
    ],
    "ws": [
        {
            "w": "ONE",
            "v": true,
            "row": 0,
            "col": 3,
            "def": "A numerical value equal to 1; the first number in the set of natural numbers (especially in number theory); the cardinality of the smallest nonempty set. Ordinal: first."
        },
        {
            "w": "PEN",
            "v": true,
            "row": 2,
            "col": 2,
            "def": "An enclosed area used to contain domesticated animals, especially sheep or cattle."
        },
        {
            "w": "YEP",
            "v": true,
            "row": 0,
            "col": 5,
            "def": "Yes."
        },
        {
            "w": "YON",
            "v": true,
            "row": 6,
            "col": 6,
            "def": "Distant, but within sight."
        },
        {
            "w": "YEN",
            "v": true,
            "row": 0,
            "col": 0,
            "def": "The unit of Japanese currency, equal to 100 sen."
        },
        {
            "w": "LONE",
            "v": true,
            "row": 1,
            "col": 7,
            "def": "Solitary; having no companion."
        },
        {
            "w": "NOPE",
            "v": false,
            "row": 2,
            "col": 0,
            "def": "To hit someone on the head."
        },
        {
            "w": "ONLY",
            "v": false,
            "row": 6,
            "col": 3,
            "def": "Alone in a category."
        },
        {
            "w": "POLE",
            "v": false,
            "row": 4,
            "col": 4,
            "def": "Originally, a stick; now specifically, a long and slender piece of metal or (especially) wood, used for various construction or support purposes."
        },
        {
            "w": "PONY",
            "v": false,
            "row": 0,
            "col": 2,
            "def": "Any of several small breeds of horse under 14.2 hands."
        },
        {
            "w": "PEON",
            "v": false,
            "row": 2,
            "col": 5,
            "def": "A lowly person, a peasant or serf, a labourer who is obliged to do menial work."
        },
        {
            "w": "POLY",
            "v": false,
            "row": 8,
            "col": 1,
            "def": "Short form of polytechnic."
        },
        {
            "w": "YELP",
            "v": true,
            "row": 5,
            "col": 1,
            "def": "An abrupt, high-pitched noise or utterance."
        },
        {
            "w": "LOPE",
            "v": true,
            "row": 5,
            "col": 8,
            "def": "To jump, leap."
        },
        {
            "w": "NOEL",
            "v": false,
            "row": 8,
            "col": 6,
            "def": "Christmas."
        },
        {
            "w": "OPENLY",
            "v": true,
            "row": 3,
            "col": 4,
            "def": "In an open manner, visibly, not covertly."
        }
    ]
}