{
    "id": 5626,
    "sub_category": "Aloft Pack",
    "category": "Summit Group",
    "type": 0,
    "letters": "ACEHRR",
    "mov": 30,
    "shovels": 1,
    "coins": 5,
    "rows": 15,
    "cols": 15,
    "c": 0,
    "b": -1,
    "w": 13,
    "h": 12,
    "dws": [
        "REC",
        "ARE",
        "ACER",
        "ERA",
        "CHA",
        "CHE",
        "RACHE",
        "CARR",
        "HAE",
        "CHER",
        "CRARE",
        "RACH",
        "CHARE",
        "EAR",
        "RAH",
        "REH",
        "ACH",
        "ECH",
        "RHEA",
        "CHARR",
        "RACER",
        "RACE",
        "REAR",
        "ACRE"
    ],
    "ws": [
        {
            "w": "ACE",
            "v": false,
            "row": 3,
            "col": 7,
            "def": "A single point or spot on a playing card or die."
        },
        {
            "w": "ARC",
            "v": true,
            "row": 2,
            "col": 2,
            "def": "A directed edge."
        },
        {
            "w": "CAR",
            "v": false,
            "row": 0,
            "col": 7,
            "def": "A wheeled vehicle, drawn by a horse or other animal."
        },
        {
            "w": "HER",
            "v": true,
            "row": 0,
            "col": 3,
            "def": "Belonging to her."
        },
        {
            "w": "ERR",
            "v": false,
            "row": 5,
            "col": 7,
            "def": "To make a mistake."
        },
        {
            "w": "ARCH",
            "v": true,
            "row": 0,
            "col": 0,
            "def": "An inverted U shape."
        },
        {
            "w": "CARE",
            "v": false,
            "row": 4,
            "col": 2,
            "def": "Grief, sorrow."
        },
        {
            "w": "EACH",
            "v": false,
            "row": 1,
            "col": 3,
            "def": "All; every; qualifying a singular noun, indicating all examples of the thing so named seen as individual or separate items (compare every)."
        },
        {
            "w": "HARE",
            "v": false,
            "row": 7,
            "col": 1,
            "def": "Any of several plant-eating animals of the family Leporidae, especially of the genus Lepus, similar to a rabbit, but larger and with longer ears."
        },
        {
            "w": "HEAR",
            "v": false,
            "row": 6,
            "col": 4,
            "def": "To sympathize with; to share the feeling or opinion of."
        },
        {
            "w": "RARE",
            "v": true,
            "row": 0,
            "col": 9,
            "def": "Cooked very lightly, so the meat is still red (in the case of steak or beef in the general sense)."
        },
        {
            "w": "ACHE",
            "v": true,
            "row": 5,
            "col": 1,
            "def": "To suffer pain; to be the source of, or be in, pain, especially continued dull pain; to be distressed."
        },
        {
            "w": "CHAR",
            "v": false,
            "row": 2,
            "col": 0,
            "def": "A time; a turn or occasion."
        },
        {
            "w": "CARER",
            "v": true,
            "row": 2,
            "col": 7,
            "def": "Someone who looks after another, either as a job or often through family responsibilities."
        },
        {
            "w": "REACH",
            "v": false,
            "row": 8,
            "col": 4,
            "def": "To extend; to stretch; to thrust out; to put forth, as a limb, a member, something held, or the like."
        },
        {
            "w": "ARCHER",
            "v": true,
            "row": 3,
            "col": 4,
            "def": "One who shoots an arrow from a bow or a bolt from a crossbow."
        }
    ]
}