{
    "id": 5650,
    "sub_category": "Flow Packx",
    "category": "Summit Group",
    "type": 0,
    "letters": "ADFRTY",
    "mov": 30,
    "shovels": 1,
    "coins": 5,
    "rows": 15,
    "cols": 15,
    "c": 0,
    "b": -1,
    "w": 14,
    "h": 11,
    "dws": [
        "YAR",
        "FADY",
        "RYA",
        "FRY",
        "ARD",
        "ARY",
        "TRAD",
        "FYRD",
        "DRAT",
        "YAD",
        "FART",
        "DRAY",
        "FAR",
        "ARF",
        "TRAYF",
        "ADRY",
        "FAY",
        "TAY",
        "DAY",
        "RAT",
        "FARD",
        "FRA",
        "FRAT",
        "RAFT",
        "FAD",
        "FAT",
        "TAD"
    ],
    "ws": [
        {
            "w": "ART",
            "v": false,
            "row": 2,
            "col": 7,
            "def": "Human effort to imitate, supplement, alter, or counteract the work of nature."
        },
        {
            "w": "DRY",
            "v": true,
            "row": 4,
            "col": 6,
            "def": "Free from liquid or moisture."
        },
        {
            "w": "RAY",
            "v": true,
            "row": 0,
            "col": 5,
            "def": "A beam of light or radiation."
        },
        {
            "w": "TAR",
            "v": true,
            "row": 0,
            "col": 8,
            "def": "A black, oily, sticky, viscous substance, consisting mainly of hydrocarbons derived from organic materials such as wood, peat, or coal."
        },
        {
            "w": "TRY",
            "v": false,
            "row": 6,
            "col": 4,
            "def": "To attempt. Followed by infinitive."
        },
        {
            "w": "RAD",
            "v": false,
            "row": 5,
            "col": 6,
            "def": "Excellent, short for radical."
        },
        {
            "w": "AFT",
            "v": false,
            "row": 0,
            "col": 0,
            "def": "The stern portion of a vessel."
        },
        {
            "w": "DART",
            "v": true,
            "row": 5,
            "col": 8,
            "def": "A pointed missile weapon, intended to be thrown by the hand; a short lance; a javelin; any sharp-pointed missile weapon, as an arrow."
        },
        {
            "w": "FRAY",
            "v": false,
            "row": 7,
            "col": 1,
            "def": "Affray; broil; contest; combat; brawl; melee."
        },
        {
            "w": "TRAY",
            "v": true,
            "row": 0,
            "col": 2,
            "def": "Trouble; annoyance; anger."
        },
        {
            "w": "YARD",
            "v": false,
            "row": 4,
            "col": 3,
            "def": "A small, usually uncultivated area adjoining or (now especially) within the precincts of a house or other building."
        },
        {
            "w": "ARTY",
            "v": false,
            "row": 8,
            "col": 6,
            "def": "Pretending to artistic worth; high-flown."
        },
        {
            "w": "DAFT",
            "v": true,
            "row": 5,
            "col": 1,
            "def": "Insane, mad."
        },
        {
            "w": "DRAFT",
            "v": false,
            "row": 0,
            "col": 4,
            "def": "An early version of a written work."
        },
        {
            "w": "TARDY",
            "v": false,
            "row": 2,
            "col": 1,
            "def": "Late; overdue or delayed."
        },
        {
            "w": "DRAFTY",
            "v": true,
            "row": 2,
            "col": 4,
            "def": "Characterized by gusts of wind; windy."
        }
    ]
}