{
    "id": 5746,
    "sub_category": "Vista Pack",
    "category": "Bluff Group",
    "type": 0,
    "letters": "ABEERW",
    "mov": 28,
    "shovels": 1,
    "coins": 5,
    "rows": 15,
    "cols": 15,
    "c": 0,
    "b": -1,
    "w": 11,
    "h": 11,
    "dws": [
        "AREW",
        "AWEE",
        "BRAE",
        "ERE",
        "WAB",
        "BREE",
        "WEER",
        "WARE",
        "EWER",
        "EEW",
        "BAWR",
        "REW",
        "BEER",
        "BRAW",
        "BERE",
        "REE",
        "ARB",
        "REB",
        "WAE",
        "WEBER",
        "WARB",
        "BAR",
        "WEB"
    ],
    "ws": [
        {
            "w": "ARE",
            "v": true,
            "row": 5,
            "col": 9,
            "def": "Second-person singular simple present tense of be."
        },
        {
            "w": "AWE",
            "v": true,
            "row": 2,
            "col": 8,
            "def": "A feeling of fear and reverence."
        },
        {
            "w": "BEE",
            "v": false,
            "row": 7,
            "col": 2,
            "def": "A flying insect, of the superfamily Apoidea, known for their organised societies, for collecting pollen, and producing wax and honey."
        },
        {
            "w": "BRA",
            "v": true,
            "row": 6,
            "col": 6,
            "def": "A brassiere."
        },
        {
            "w": "EAR",
            "v": false,
            "row": 3,
            "col": 0,
            "def": "The organ of hearing, consisting of the pinna, auditory canal, eardrum, malleus, incus, stapes and cochlea."
        },
        {
            "w": "ERA",
            "v": false,
            "row": 3,
            "col": 4,
            "def": "A time period of indeterminate length, generally more than one year."
        },
        {
            "w": "RAW",
            "v": true,
            "row": 2,
            "col": 6,
            "def": "Of weather: unpleasantly damp or cold."
        },
        {
            "w": "WAR",
            "v": false,
            "row": 0,
            "col": 0,
            "def": "Organized, large-scale, armed conflict between countries or between national, ethnic, or other sizeable groups, usually involving the engagement of military forces."
        },
        {
            "w": "EWE",
            "v": true,
            "row": 4,
            "col": 7,
            "def": "A female sheep, as opposed to a ram."
        },
        {
            "w": "WEE",
            "v": false,
            "row": 4,
            "col": 6,
            "def": "Small, little."
        },
        {
            "w": "BARE",
            "v": false,
            "row": 8,
            "col": 5,
            "def": "Minimal; that is or are just sufficient."
        },
        {
            "w": "BEAR",
            "v": false,
            "row": 6,
            "col": 6,
            "def": "A large omnivorous mammal, related to the dog and raccoon, having shaggy hair, a very small tail, and flat feet; a member of family Ursidae, particularly of subfamily Ursinae."
        },
        {
            "w": "BREW",
            "v": true,
            "row": 2,
            "col": 2,
            "def": "To prepare (usually a beverage) by steeping and mingling; to concoct."
        },
        {
            "w": "WEAR",
            "v": false,
            "row": 5,
            "col": 2,
            "def": "To guard; watch; keep watch, especially from entry or invasion."
        },
        {
            "w": "WERE",
            "v": true,
            "row": 0,
            "col": 0,
            "def": "Second-person singular simple past tense indicative of be."
        },
        {
            "w": "BEWARE",
            "v": true,
            "row": 2,
            "col": 4,
            "def": "To use caution, pay attention (to) (if intransitive, construed with of)."
        }
    ]
}