{
    "id": 5802,
    "sub_category": "Bank Packx",
    "category": "Strand Group",
    "type": 0,
    "letters": "BEPRSU",
    "mov": 28,
    "shovels": 1,
    "coins": 5,
    "rows": 15,
    "cols": 15,
    "c": 0,
    "b": -1,
    "w": 12,
    "h": 11,
    "dws": [
        "SUER",
        "PUBS",
        "PES",
        "BRUS",
        "SER",
        "SUB",
        "BURS",
        "URBS",
        "SPUE",
        "PUBES",
        "PUBE",
        "ERS",
        "BES",
        "BUR",
        "BURPS",
        "URPS",
        "REPS",
        "SUPE",
        "RUBS",
        "URES",
        "REBUS",
        "BUS",
        "URP",
        "RUE",
        "SPRUE",
        "URE",
        "BRU",
        "REB",
        "PURES",
        "BURSE",
        "REBS",
        "PURS",
        "SUBER",
        "RUBES",
        "RUES",
        "RES",
        "PUR",
        "PRE",
        "RUBE",
        "PUER",
        "URB",
        "SUPER",
        "PUB"
    ],
    "ws": [
        {
            "w": "PER",
            "v": true,
            "row": 0,
            "col": 3,
            "def": "For each."
        },
        {
            "w": "RUB",
            "v": false,
            "row": 2,
            "col": 6,
            "def": "An act of rubbing."
        },
        {
            "w": "SUE",
            "v": false,
            "row": 3,
            "col": 4,
            "def": "To follow."
        },
        {
            "w": "UPS",
            "v": true,
            "row": 6,
            "col": 2,
            "def": "Plural form of up."
        },
        {
            "w": "USE",
            "v": true,
            "row": 2,
            "col": 2,
            "def": "The act of using."
        },
        {
            "w": "REP",
            "v": false,
            "row": 8,
            "col": 7,
            "def": "Short form of reputation."
        },
        {
            "w": "SUP",
            "v": false,
            "row": 5,
            "col": 6,
            "def": "Supremum."
        },
        {
            "w": "PUS",
            "v": false,
            "row": 8,
            "col": 0,
            "def": "A whitish-yellow or yellow substance composed primarily of dead white blood cells and dead pyogenic bacteria; normally found in regions of bacterial infection."
        },
        {
            "w": "PURE",
            "v": false,
            "row": 7,
            "col": 2,
            "def": "Free of flaws or imperfections; unsullied."
        },
        {
            "w": "SURE",
            "v": true,
            "row": 0,
            "col": 6,
            "def": "Physically secure and certain, non-failing, reliable."
        },
        {
            "w": "USER",
            "v": true,
            "row": 5,
            "col": 7,
            "def": "One who uses or makes use of something, a consumer."
        },
        {
            "w": "BURP",
            "v": true,
            "row": 2,
            "col": 8,
            "def": "A belch."
        },
        {
            "w": "SPUR",
            "v": false,
            "row": 2,
            "col": 0,
            "def": "A rigid implement, often roughly y-shaped, that is fixed to one's heel for purpose of prodding a horse. Often worn by, and emblematic of, the cowboy or the knight."
        },
        {
            "w": "RUSE",
            "v": true,
            "row": 0,
            "col": 0,
            "def": "A trick."
        },
        {
            "w": "PURSE",
            "v": false,
            "row": 0,
            "col": 3,
            "def": "A small bag for carrying money."
        },
        {
            "w": "SUPERB",
            "v": true,
            "row": 3,
            "col": 4,
            "def": "First-rate; of the highest quality; exceptionally good."
        }
    ]
}