{
    "id": 5810,
    "sub_category": "Tide Packx",
    "category": "Strand Group",
    "type": 0,
    "letters": "BNOTTU",
    "mov": 26,
    "shovels": 1,
    "coins": 5,
    "rows": 15,
    "cols": 15,
    "c": 0,
    "b": -1,
    "w": 10,
    "h": 9,
    "dws": [
        "NOUT",
        "TUN",
        "TUT",
        "NOB",
        "BOUN",
        "BON",
        "TOUN",
        "NOTT",
        "BOTT"
    ],
    "ws": [
        {
            "w": "BUN",
            "v": true,
            "row": 4,
            "col": 7,
            "def": "A small bread roll, often sweetened or spiced."
        },
        {
            "w": "BUT",
            "v": true,
            "row": 0,
            "col": 8,
            "def": "Outside of."
        },
        {
            "w": "NOT",
            "v": false,
            "row": 2,
            "col": 6,
            "def": "Negates the meaning of the modified verb."
        },
        {
            "w": "NUT",
            "v": true,
            "row": 7,
            "col": 8,
            "def": "A hard-shelled seed."
        },
        {
            "w": "OUT",
            "v": false,
            "row": 7,
            "col": 3,
            "def": "Away from home or one's usual place, or not indoors."
        },
        {
            "w": "TON",
            "v": true,
            "row": 0,
            "col": 6,
            "def": "A unit of weight (mass) equal to 2240 pounds (a long ton) or 2000 pounds (a short ton) or 1000 kilograms (a metric ton)."
        },
        {
            "w": "TUB",
            "v": true,
            "row": 3,
            "col": 5,
            "def": "A flat-bottomed vessel, of width similar to or greater than its height, used for storing or packing things, or for washing things in."
        },
        {
            "w": "NUB",
            "v": true,
            "row": 5,
            "col": 1,
            "def": "The innermost section of a chrysalis in a silk cocoon."
        },
        {
            "w": "BOT",
            "v": false,
            "row": 3,
            "col": 3,
            "def": "The larva of a bot fly, which infests the skin of various mammals, producing warbles, or the nasal passage of sheep, or the stomach of horses."
        },
        {
            "w": "TOT",
            "v": true,
            "row": 7,
            "col": 5,
            "def": "A small child."
        },
        {
            "w": "BOUT",
            "v": false,
            "row": 5,
            "col": 5,
            "def": "A period of something, usually painful or unpleasant."
        },
        {
            "w": "BUNT",
            "v": false,
            "row": 0,
            "col": 3,
            "def": "The middle part, cavity, or belly of a sail; the part of a furled sail which is at the center of the yard."
        },
        {
            "w": "UNTO",
            "v": true,
            "row": 0,
            "col": 4,
            "def": "Up to the time or degree that; until; till."
        },
        {
            "w": "TOUT",
            "v": false,
            "row": 9,
            "col": 5,
            "def": "Someone advertising for customers in an aggressive way."
        },
        {
            "w": "BUTT",
            "v": false,
            "row": 6,
            "col": 0,
            "def": "The buttocks; used as a euphemism."
        },
        {
            "w": "BUTTON",
            "v": true,
            "row": 3,
            "col": 3,
            "def": "A mechanical device meant to be pressed with a finger in order to open or close an electric circuit or to activate a mechanism."
        }
    ]
}