{
    "id": 5812,
    "sub_category": "Tide Packx",
    "category": "Strand Group",
    "type": 0,
    "letters": "DEFILO",
    "mov": 30,
    "shovels": 1,
    "coins": 5,
    "rows": 15,
    "cols": 15,
    "c": 0,
    "b": -1,
    "w": 13,
    "h": 11,
    "dws": [
        "OLDE",
        "FID",
        "DIE",
        "LEI",
        "FIDO",
        "FEOD",
        "DELF",
        "OLID",
        "DEIF",
        "LIEF",
        "OLE",
        "FLOE",
        "LIFE",
        "DOE",
        "DOL",
        "DEIL",
        "IDOL",
        "DEI",
        "DEFI",
        "ELD",
        "IDE",
        "LOD",
        "DIEL",
        "OLDIE",
        "FOID",
        "DELO",
        "LOID",
        "FLIED",
        "EILD",
        "DOF",
        "FOE",
        "FIL",
        "LIDO",
        "DEF",
        "ODE",
        "DEFO",
        "DIF",
        "FILO",
        "FIE",
        "FOLIE",
        "DIOL",
        "FELID",
        "DEL",
        "FILE",
        "ELF",
        "FED",
        "OIL"
    ],
    "ws": [
        {
            "w": "LED",
            "v": false,
            "row": 3,
            "col": 0,
            "def": "Simple past tense and past participle of lead."
        },
        {
            "w": "LID",
            "v": true,
            "row": 6,
            "col": 8,
            "def": "The top or cover of a container."
        },
        {
            "w": "LIE",
            "v": true,
            "row": 3,
            "col": 0,
            "def": "To be in a horizontal position."
        },
        {
            "w": "OLD",
            "v": false,
            "row": 4,
            "col": 7,
            "def": "Of an object, concept, relationship, etc., having existed for a relatively long period of time."
        },
        {
            "w": "FLED",
            "v": false,
            "row": 3,
            "col": 4,
            "def": "Simple past tense and past participle of flee."
        },
        {
            "w": "FOIL",
            "v": false,
            "row": 5,
            "col": 2,
            "def": "A very thin sheet of metal."
        },
        {
            "w": "FOLD",
            "v": true,
            "row": 0,
            "col": 2,
            "def": "To bend (any thin material, such as paper) over so that it comes in contact with itself."
        },
        {
            "w": "LIED",
            "v": true,
            "row": 1,
            "col": 9,
            "def": "An art song, sung in German and accompanied on the piano."
        },
        {
            "w": "DELI",
            "v": false,
            "row": 6,
            "col": 6,
            "def": "A shop that sells cooked or prepared food ready for serving."
        },
        {
            "w": "IDLE",
            "v": true,
            "row": 0,
            "col": 6,
            "def": "Empty, vacant."
        },
        {
            "w": "LODE",
            "v": false,
            "row": 8,
            "col": 6,
            "def": "A way or path; a road."
        },
        {
            "w": "DOLE",
            "v": true,
            "row": 3,
            "col": 7,
            "def": "To distribute in small amounts; to share out small portions of a meager resource."
        },
        {
            "w": "FIELD",
            "v": false,
            "row": 8,
            "col": 0,
            "def": "A land area free of woodland, cities, and towns; open country."
        },
        {
            "w": "FILED",
            "v": true,
            "row": 5,
            "col": 2,
            "def": "Simple past tense and past participle of file."
        },
        {
            "w": "OILED",
            "v": false,
            "row": 1,
            "col": 2,
            "def": "Simple past and past participle of oil."
        },
        {
            "w": "FOILED",
            "v": true,
            "row": 3,
            "col": 4,
            "def": "Simple past tense and past participle of foil."
        }
    ]
}