{
    "id": 5864,
    "sub_category": "Vale Pack",
    "category": "Cloud Group",
    "type": 0,
    "letters": "EIMPRU",
    "mov": 30,
    "shovels": 1,
    "coins": 5,
    "rows": 15,
    "cols": 15,
    "c": 0,
    "b": -1,
    "w": 13,
    "h": 12,
    "dws": [
        "REM",
        "REIM",
        "EMIR",
        "PUIR",
        "MIR",
        "REI",
        "MEU",
        "PIU",
        "PURI",
        "RIMU",
        "RIEM",
        "UMP",
        "RIME",
        "PRE",
        "MUIR",
        "URP",
        "URE",
        "PIUM",
        "MURE",
        "PERI",
        "PIR",
        "PREM",
        "PUR",
        "PUER",
        "MERI",
        "RUME",
        "ERM",
        "PIER",
        "RIPE",
        "PERM",
        "PIE"
    ],
    "ws": [
        {
            "w": "PER",
            "v": false,
            "row": 4,
            "col": 0,
            "def": "For each."
        },
        {
            "w": "RIM",
            "v": false,
            "row": 2,
            "col": 5,
            "def": "An edge around something, especially when circular."
        },
        {
            "w": "RIP",
            "v": true,
            "row": 4,
            "col": 2,
            "def": "A tear (in paper, etc.)."
        },
        {
            "w": "RUM",
            "v": false,
            "row": 2,
            "col": 0,
            "def": "A distilled spirit derived from fermented cane sugar and molasses."
        },
        {
            "w": "EMU",
            "v": false,
            "row": 8,
            "col": 0,
            "def": "A large flightless bird native to Australia, Dromaius novaehollandiae."
        },
        {
            "w": "IMP",
            "v": false,
            "row": 5,
            "col": 2,
            "def": "To plant or engraft."
        },
        {
            "w": "REP",
            "v": false,
            "row": 6,
            "col": 6,
            "def": "Short form of reputation."
        },
        {
            "w": "RUE",
            "v": false,
            "row": 3,
            "col": 3,
            "def": "Repentance, regret."
        },
        {
            "w": "IRE",
            "v": false,
            "row": 7,
            "col": 3,
            "def": "Iron."
        },
        {
            "w": "PURE",
            "v": true,
            "row": 1,
            "col": 1,
            "def": "Free of flaws or imperfections; unsullied."
        },
        {
            "w": "PRIM",
            "v": true,
            "row": 6,
            "col": 8,
            "def": "To make affectedly precise or proper."
        },
        {
            "w": "RUMP",
            "v": false,
            "row": 0,
            "col": 3,
            "def": "The hindquarters of an animal."
        },
        {
            "w": "MIRE",
            "v": true,
            "row": 0,
            "col": 5,
            "def": "Deep mud; moist, spongy earth."
        },
        {
            "w": "PRIME",
            "v": true,
            "row": 4,
            "col": 0,
            "def": "First in importance, degree, or rank."
        },
        {
            "w": "UMPIRE",
            "v": true,
            "row": 3,
            "col": 4,
            "def": "The official who presides over a tennis game sat on a high chair."
        },
        {
            "w": "IMPURE",
            "v": true,
            "row": 1,
            "col": 7,
            "def": "Not pure; not clean; dirty; foul; filthy; containing something which is unclean or unwholesome; mixed or impregnated extraneous substances; adulterated; as, impure water or air; impure drugs, food, etc."
        }
    ]
}