{
    "id": "58c2bb30-0d40-11eb-a781-34363b5fdca4",
    "type": 0,
    "letters": "AACEMR",
    "mov": 25,
    "shovels": 1,
    "coins": 5,
    "rows": 10,
    "cols": 2,
    "c": 0,
    "b": -1,
    "dws": [
        "CAM",
        "MAC",
        "CAA",
        "REC",
        "AME",
        "MAE",
        "AMA",
        "MAA",
        "ERM",
        "REM",
        "ACME",
        "MARC",
        "CAMA",
        "ACER",
        "RACA",
        "CREM",
        "MERC",
        "MARA",
        "MAAR",
        "CRAME",
        "MACER",
        "ARECA",
        "ARAME",
        "MARAE",
        "CREAM",
        "REAM",
        "ERA",
        "RAM"
    ],
    "ws": [
        {
            "w": "ACE",
            "v": false,
            "row": 5,
            "col": 0
        },
        {
            "w": "ARC",
            "v": false,
            "row": 6,
            "col": 7
        },
        {
            "w": "ARE",
            "v": false,
            "row": 7,
            "col": 3
        },
        {
            "w": "ARM",
            "v": true,
            "row": 1,
            "col": 6
        },
        {
            "w": "CAR",
            "v": false,
            "row": 2,
            "col": 1
        },
        {
            "w": "EAR",
            "v": true,
            "row": 5,
            "col": 7
        },
        {
            "w": "MAR",
            "v": true,
            "row": 0,
            "col": 3
        },
        {
            "w": "ACRE",
            "v": true,
            "row": 2,
            "col": 2
        },
        {
            "w": "AREA",
            "v": false,
            "row": 1,
            "col": 3
        },
        {
            "w": "CAME",
            "v": false,
            "row": 3,
            "col": 4
        },
        {
            "w": "CARE",
            "v": true,
            "row": 6,
            "col": 9
        },
        {
            "w": "CRAM",
            "v": false,
            "row": 0,
            "col": 0
        },
        {
            "w": "MACE",
            "v": false,
            "row": 9,
            "col": 6
        },
        {
            "w": "MARE",
            "v": false,
            "row": 5,
            "col": 4
        },
        {
            "w": "RACE",
            "v": true,
            "row": 4,
            "col": 0
        },
        {
            "w": "CAMERA",
            "v": true,
            "row": 3,
            "col": 4
        }
    ]
}