{
    "id": "599ef2a8-0d40-11eb-a781-34363b5fdca4",
    "type": 0,
    "letters": "AIMRTX",
    "mov": 23,
    "shovels": 1,
    "coins": 5,
    "rows": 9,
    "cols": 2,
    "c": 0,
    "b": -1,
    "dws": [
        "TAM",
        "AMI",
        "MIR",
        "AIT",
        "TAI",
        "ITA",
        "RAI",
        "RIA",
        "RAX",
        "RIT",
        "TIX",
        "MAIR",
        "AMIR",
        "RAMI",
        "RIMA",
        "MAXI",
        "MIXT",
        "ARTI",
        "AIRT",
        "TIAR",
        "RAIT",
        "AMRIT",
        "MART",
        "AIM"
    ],
    "ws": [
        {
            "w": "AIR",
            "v": true,
            "row": 0,
            "col": 6
        },
        {
            "w": "ARM",
            "v": false,
            "row": 1,
            "col": 0
        },
        {
            "w": "ART",
            "v": false,
            "row": 2,
            "col": 5
        },
        {
            "w": "MAR",
            "v": true,
            "row": 1,
            "col": 2
        },
        {
            "w": "MAT",
            "v": true,
            "row": 0,
            "col": 0
        },
        {
            "w": "MAX",
            "v": false,
            "row": 0,
            "col": 5
        },
        {
            "w": "MIX",
            "v": true,
            "row": 3,
            "col": 9
        },
        {
            "w": "RAM",
            "v": false,
            "row": 3,
            "col": 2
        },
        {
            "w": "RAT",
            "v": true,
            "row": 6,
            "col": 2
        },
        {
            "w": "RIM",
            "v": false,
            "row": 3,
            "col": 7
        },
        {
            "w": "TAR",
            "v": false,
            "row": 6,
            "col": 0
        },
        {
            "w": "TAX",
            "v": true,
            "row": 6,
            "col": 0
        },
        {
            "w": "TAXI",
            "v": false,
            "row": 8,
            "col": 2
        },
        {
            "w": "TRAM",
            "v": true,
            "row": 2,
            "col": 7
        },
        {
            "w": "TRIM",
            "v": false,
            "row": 5,
            "col": 4
        },
        {
            "w": "MATRIX",
            "v": true,
            "row": 3,
            "col": 4
        }
    ]
}