{
    "id": "59f3f63e-0d47-11eb-a781-34363b5fdca4",
    "type": 0,
    "letters": "ABDELZ",
    "mov": 29,
    "shovels": 1,
    "coins": 5,
    "rows": 12,
    "cols": 2,
    "c": 0,
    "b": -1,
    "dws": [
        "BAL",
        "LAB",
        "ALB",
        "BEL",
        "BEZ",
        "DEB",
        "LEA",
        "DAL",
        "LEZ",
        "ZEL",
        "ELD",
        "DEL",
        "ZEA",
        "ADZ",
        "DAE",
        "ZED",
        "BLAE",
        "BAEL",
        "BEAL",
        "ALBE",
        "BLAD",
        "ABED",
        "LADE",
        "ZEDA",
        "ABLED",
        "BALED",
        "LAZED",
        "BADE",
        "BLED",
        "DEAL",
        "ZEAL",
        "ALE",
        "BED"
    ],
    "ws": [
        {
            "w": "BAD",
            "v": false,
            "row": 8,
            "col": 2
        },
        {
            "w": "DAB",
            "v": true,
            "row": 6,
            "col": 2
        },
        {
            "w": "LAD",
            "v": false,
            "row": 6,
            "col": 0
        },
        {
            "w": "LED",
            "v": false,
            "row": 4,
            "col": 7
        },
        {
            "w": "ABLE",
            "v": false,
            "row": 3,
            "col": 3
        },
        {
            "w": "ADZE",
            "v": false,
            "row": 9,
            "col": 6
        },
        {
            "w": "BALD",
            "v": true,
            "row": 6,
            "col": 7
        },
        {
            "w": "BALE",
            "v": false,
            "row": 5,
            "col": 3
        },
        {
            "w": "BEAD",
            "v": false,
            "row": 0,
            "col": 3
        },
        {
            "w": "DALE",
            "v": true,
            "row": 0,
            "col": 6
        },
        {
            "w": "DAZE",
            "v": true,
            "row": 4,
            "col": 9
        },
        {
            "w": "LAZE",
            "v": false,
            "row": 7,
            "col": 6
        },
        {
            "w": "LEAD",
            "v": false,
            "row": 2,
            "col": 6
        },
        {
            "w": "BLADE",
            "v": true,
            "row": 5,
            "col": 0
        },
        {
            "w": "BLAZE",
            "v": true,
            "row": 0,
            "col": 8
        },
        {
            "w": "BLAZED",
            "v": true,
            "row": 3,
            "col": 4
        }
    ]
}