{
    "id": "5a5e50ae-0d44-11eb-a781-34363b5fdca4",
    "type": 0,
    "letters": "AEHHLT",
    "mov": 23,
    "shovels": 1,
    "coins": 5,
    "rows": 9,
    "cols": 2,
    "c": 0,
    "b": -1,
    "dws": [
        "HAE",
        "HET",
        "ETH",
        "HEH",
        "LAH",
        "HAH",
        "LEA",
        "ETA",
        "TAE",
        "ELT",
        "TEL",
        "ALT",
        "LAT",
        "HAET",
        "EATH",
        "THAE",
        "HETH",
        "HATH",
        "LEAT",
        "TAEL",
        "TELA",
        "TEAL",
        "ETHAL",
        "HEAT",
        "LET"
    ],
    "ws": [
        {
            "w": "ALE",
            "v": true,
            "row": 7,
            "col": 6
        },
        {
            "w": "ATE",
            "v": false,
            "row": 9,
            "col": 0
        },
        {
            "w": "EAT",
            "v": false,
            "row": 4,
            "col": 4
        },
        {
            "w": "HAT",
            "v": true,
            "row": 2,
            "col": 9
        },
        {
            "w": "TEA",
            "v": true,
            "row": 0,
            "col": 7
        },
        {
            "w": "THE",
            "v": true,
            "row": 1,
            "col": 1
        },
        {
            "w": "HALE",
            "v": false,
            "row": 6,
            "col": 2
        },
        {
            "w": "HALT",
            "v": false,
            "row": 8,
            "col": 4
        },
        {
            "w": "HATE",
            "v": true,
            "row": 6,
            "col": 2
        },
        {
            "w": "HEAL",
            "v": true,
            "row": 3,
            "col": 0
        },
        {
            "w": "LATE",
            "v": true,
            "row": 2,
            "col": 6
        },
        {
            "w": "LATH",
            "v": false,
            "row": 2,
            "col": 6
        },
        {
            "w": "TALE",
            "v": false,
            "row": 1,
            "col": 1
        },
        {
            "w": "HEATH",
            "v": false,
            "row": 3,
            "col": 0
        },
        {
            "w": "LATHE",
            "v": false,
            "row": 0,
            "col": 5
        },
        {
            "w": "HEALTH",
            "v": true,
            "row": 3,
            "col": 4
        }
    ]
}