{
    "id": "5ae712ee-0d3b-11eb-a781-34363b5fdca4",
    "type": 0,
    "letters": "DINSTU",
    "mov": 29,
    "shovels": 1,
    "coins": 5,
    "rows": 12,
    "cols": 2,
    "c": 0,
    "b": -1,
    "dws": [
        "UNI",
        "NUS",
        "UNS",
        "NID",
        "NIS",
        "INS",
        "DUI",
        "UDS",
        "SUD",
        "SUI",
        "TUI",
        "UTS",
        "DIS",
        "DIT",
        "TID",
        "TIS",
        "DUNS",
        "DUNT",
        "TUND",
        "UNIS",
        "NIDS",
        "DINS",
        "SIND",
        "TIND",
        "SNIT",
        "SUID",
        "DUIT",
        "UTIS",
        "SITU",
        "TUIS",
        "DITS",
        "TIDS",
        "NIDUS",
        "DUNTS",
        "TUNDS",
        "INUST",
        "SUINT",
        "TINDS",
        "DUITS",
        "UNITS",
        "NUTS",
        "TINS",
        "TUNS",
        "DIN",
        "NIT",
        "SIT",
        "SUN"
    ],
    "ws": [
        {
            "w": "DUN",
            "v": false,
            "row": 3,
            "col": 2
        },
        {
            "w": "IDS",
            "v": false,
            "row": 3,
            "col": 7
        },
        {
            "w": "ITS",
            "v": true,
            "row": 3,
            "col": 7
        },
        {
            "w": "NUT",
            "v": false,
            "row": 6,
            "col": 0
        },
        {
            "w": "SIN",
            "v": false,
            "row": 5,
            "col": 7
        },
        {
            "w": "TIN",
            "v": true,
            "row": 4,
            "col": 0
        },
        {
            "w": "TUN",
            "v": false,
            "row": 9,
            "col": 6
        },
        {
            "w": "DINT",
            "v": false,
            "row": 8,
            "col": 1
        },
        {
            "w": "DUST",
            "v": true,
            "row": 3,
            "col": 2
        },
        {
            "w": "NITS",
            "v": true,
            "row": 5,
            "col": 9
        },
        {
            "w": "STUD",
            "v": true,
            "row": 0,
            "col": 8
        },
        {
            "w": "STUN",
            "v": false,
            "row": 7,
            "col": 4
        },
        {
            "w": "SUIT",
            "v": true,
            "row": 6,
            "col": 6
        },
        {
            "w": "UNIT",
            "v": false,
            "row": 4,
            "col": 4
        },
        {
            "w": "DINTS",
            "v": false,
            "row": 1,
            "col": 5
        },
        {
            "w": "NUDIST",
            "v": true,
            "row": 3,
            "col": 4
        }
    ]
}