{
    "id": "5b8ab3e0-0d40-11eb-a781-34363b5fdca4",
    "type": 0,
    "letters": "EGIOST",
    "mov": 23,
    "shovels": 1,
    "coins": 5,
    "rows": 9,
    "cols": 2,
    "c": 0,
    "b": -1,
    "dws": [
        "GEO",
        "GOE",
        "GIE",
        "SEG",
        "TEG",
        "OES",
        "OSE",
        "SEI",
        "EST",
        "TES",
        "GIO",
        "GOS",
        "SOG",
        "GIS",
        "SIG",
        "GIT",
        "TIG",
        "OIS",
        "IOS",
        "ISO",
        "SOT",
        "TIS",
        "GEOS",
        "SEGO",
        "TOGE",
        "EGIS",
        "GIES",
        "GEIT",
        "GITE",
        "TIGE",
        "GEST",
        "TEGS",
        "TOSE",
        "STIE",
        "GIOS",
        "GITS",
        "TIGS",
        "GOEST",
        "TOGES",
        "GEIST",
        "GEITS",
        "GITES",
        "TIGES",
        "TOISE",
        "STOGIE",
        "TOES",
        "SET"
    ],
    "ws": [
        {
            "w": "EGO",
            "v": false,
            "row": 2,
            "col": 7
        },
        {
            "w": "GET",
            "v": false,
            "row": 0,
            "col": 5
        },
        {
            "w": "GOT",
            "v": false,
            "row": 5,
            "col": 3
        },
        {
            "w": "ITS",
            "v": false,
            "row": 7,
            "col": 2
        },
        {
            "w": "SIT",
            "v": false,
            "row": 8,
            "col": 0
        },
        {
            "w": "TIE",
            "v": false,
            "row": 1,
            "col": 1
        },
        {
            "w": "TOE",
            "v": true,
            "row": 0,
            "col": 7
        },
        {
            "w": "TOG",
            "v": false,
            "row": 6,
            "col": 6
        },
        {
            "w": "EGOS",
            "v": true,
            "row": 0,
            "col": 9
        },
        {
            "w": "GETS",
            "v": true,
            "row": 0,
            "col": 5
        },
        {
            "w": "GIST",
            "v": true,
            "row": 0,
            "col": 2
        },
        {
            "w": "GOES",
            "v": true,
            "row": 5,
            "col": 7
        },
        {
            "w": "SITE",
            "v": true,
            "row": 6,
            "col": 2
        },
        {
            "w": "TIES",
            "v": false,
            "row": 3,
            "col": 2
        },
        {
            "w": "TOGS",
            "v": false,
            "row": 8,
            "col": 4
        },
        {
            "w": "EGOIST",
            "v": true,
            "row": 3,
            "col": 4
        }
    ]
}