{
    "id": "5d4c8966-0d44-11eb-a781-34363b5fdca4",
    "type": 0,
    "letters": "ADEMRY",
    "mov": 37,
    "shovels": 1,
    "coins": 5,
    "rows": 16,
    "cols": 2,
    "c": 0,
    "b": -1,
    "dws": [
        "ARD",
        "DAE",
        "MED",
        "DEY",
        "YAD",
        "REM",
        "ERM",
        "YER",
        "RYA",
        "ARY",
        "YAR",
        "AME",
        "MAE",
        "AYE",
        "YAE",
        "YEA",
        "RADE",
        "EARD",
        "ARED",
        "DERM",
        "DREY",
        "DYER",
        "YERD",
        "DRAM",
        "MARD",
        "ADRY",
        "DAME",
        "YEAD",
        "DEMY",
        "EMYD",
        "EYRA",
        "AERY",
        "AYRE",
        "YARE",
        "MARY",
        "DERMA",
        "MADRE",
        "DERAY",
        "DEARY",
        "RAYED",
        "YEARD",
        "MARDY",
        "MAYED",
        "REAMY",
        "ARMED",
        "ARMY",
        "READ",
        "REAM",
        "YEAR",
        "ARE",
        "ARM",
        "DRY",
        "DYE",
        "EAR",
        "ERA",
        "MAY",
        "RAD",
        "RAY",
        "RYE",
        "YAM"
    ],
    "ws": [
        {
            "w": "DAM",
            "v": true,
            "row": 4,
            "col": 2
        },
        {
            "w": "DAY",
            "v": false,
            "row": 8,
            "col": 2
        },
        {
            "w": "MAD",
            "v": false,
            "row": 5,
            "col": 7
        },
        {
            "w": "MAR",
            "v": true,
            "row": 0,
            "col": 5
        },
        {
            "w": "RAM",
            "v": false,
            "row": 6,
            "col": 0
        },
        {
            "w": "RED",
            "v": true,
            "row": 6,
            "col": 0
        },
        {
            "w": "DARE",
            "v": false,
            "row": 4,
            "col": 2
        },
        {
            "w": "DEAR",
            "v": true,
            "row": 0,
            "col": 1
        },
        {
            "w": "DRAY",
            "v": true,
            "row": 0,
            "col": 7
        },
        {
            "w": "MADE",
            "v": true,
            "row": 5,
            "col": 7
        },
        {
            "w": "MARE",
            "v": false,
            "row": 2,
            "col": 0
        },
        {
            "w": "MEAD",
            "v": false,
            "row": 7,
            "col": 4
        },
        {
            "w": "YARD",
            "v": true,
            "row": 2,
            "col": 9
        },
        {
            "w": "DREAM",
            "v": false,
            "row": 0,
            "col": 1
        },
        {
            "w": "READY",
            "v": false,
            "row": 2,
            "col": 5
        },
        {
            "w": "DREAMY",
            "v": true,
            "row": 3,
            "col": 4
        }
    ]
}