{
    "id": 662,
    "sub_category": "Thick Pack",
    "category": "Jungle Group",
    "type": 0,
    "letters": "ABNOTY",
    "mov": 30,
    "shovels": 1,
    "coins": 5,
    "rows": 15,
    "cols": 15,
    "c": 0,
    "b": -1,
    "w": 11,
    "h": 11,
    "dws": [
        "TONY",
        "OBA",
        "BOTA",
        "NAT",
        "BANTY",
        "NOB",
        "NOTA",
        "NOY",
        "TAO",
        "BANT",
        "TOBY",
        "OATY",
        "YOB",
        "OAT",
        "ABO",
        "AYONT",
        "BON",
        "BONA",
        "TAY",
        "ATONY",
        "ABY",
        "BAYT",
        "ONY",
        "YONT",
        "ANT",
        "BAY",
        "NAB",
        "TAN"
    ],
    "ws": [
        {
            "w": "ANY",
            "v": true,
            "row": 5,
            "col": 8,
            "def": "To even the slightest extent, at all."
        },
        {
            "w": "BAN",
            "v": false,
            "row": 6,
            "col": 2,
            "def": "To summon; call out."
        },
        {
            "w": "BAT",
            "v": false,
            "row": 2,
            "col": 0,
            "def": "Any of the small, nocturnal, flying mammals of the order Chiroptera, which navigate by means of echolocation. They look like a mouse with membranous wings extending from the forelimbs to the hind limbs or tail. Altogether, there are about 1,000 bat species in the world."
        },
        {
            "w": "BOY",
            "v": true,
            "row": 6,
            "col": 2,
            "def": "Male servant."
        },
        {
            "w": "NOT",
            "v": true,
            "row": 4,
            "col": 6,
            "def": "Negates the meaning of the modified verb."
        },
        {
            "w": "TAB",
            "v": true,
            "row": 2,
            "col": 2,
            "def": "A small flap or strip of material attached to something, for holding, manipulation, identification, etc."
        },
        {
            "w": "TON",
            "v": false,
            "row": 6,
            "col": 6,
            "def": "A unit of weight (mass) equal to 2240 pounds (a long ton) or 2000 pounds (a short ton) or 1000 kilograms (a metric ton)."
        },
        {
            "w": "TOY",
            "v": true,
            "row": 0,
            "col": 7,
            "def": "An inferior graffiti artist."
        },
        {
            "w": "BOA",
            "v": true,
            "row": 0,
            "col": 1,
            "def": "Any of a group of large American snakes, of the genus Boa, including the boa constrictor, the emperor boa of Mexico, and the chevalier boa of Peru."
        },
        {
            "w": "BOT",
            "v": true,
            "row": 2,
            "col": 0,
            "def": "The larva of a bot fly, which infests the skin of various mammals, producing warbles, or the nasal passage of sheep, or the stomach of horses."
        },
        {
            "w": "NAY",
            "v": false,
            "row": 8,
            "col": 0,
            "def": "No."
        },
        {
            "w": "YON",
            "v": true,
            "row": 6,
            "col": 0,
            "def": "Distant, but within sight."
        },
        {
            "w": "BOAT",
            "v": false,
            "row": 0,
            "col": 4,
            "def": "A craft used for transportation of goods, fishing, racing, recreational cruising, or military use on or in the water, propelled by oars or outboard motor or inboard motor or by wind."
        },
        {
            "w": "BONY",
            "v": false,
            "row": 2,
            "col": 4,
            "def": "Resembling, having the appearance or consistence of, or relating to bone; osseous."
        },
        {
            "w": "BATON",
            "v": false,
            "row": 4,
            "col": 2,
            "def": "A staff or truncheon, used for various purposes; as, the baton of a field marshal."
        },
        {
            "w": "BOTANY",
            "v": true,
            "row": 2,
            "col": 4,
            "def": "The scientific study of plants, a branch of biology. Typically those disciplines that involve the whole plant."
        }
    ]
}