{
    "id": "66a42892-0d40-11eb-a781-34363b5fdca4",
    "type": 0,
    "letters": "ADHOSW",
    "mov": 23,
    "shovels": 1,
    "coins": 5,
    "rows": 9,
    "cols": 2,
    "c": 0,
    "b": -1,
    "dws": [
        "SHA",
        "AHS",
        "SHO",
        "SOH",
        "HOS",
        "OHS",
        "ADS",
        "DAS",
        "SOD",
        "DSO",
        "DOS",
        "ODS",
        "WOS",
        "DAH",
        "HAO",
        "HOA",
        "HAW",
        "WAH",
        "WHA",
        "HOD",
        "DOH",
        "ADO",
        "ODA",
        "DAW",
        "DOW",
        "SHAD",
        "HADS",
        "DAHS",
        "HOAS",
        "SHAW",
        "SHWA",
        "HAWS",
        "HODS",
        "DOSH",
        "DOHS",
        "HOWS",
        "SADO",
        "ADOS",
        "DOSA",
        "ODAS",
        "SWAD",
        "DAWS",
        "DOWS",
        "ODAH",
        "WHOA",
        "DHOW",
        "DOSHA",
        "ODAHS",
        "DHOWS",
        "WOADS",
        "HAD",
        "WAD"
    ],
    "ws": [
        {
            "w": "ASH",
            "v": false,
            "row": 5,
            "col": 4
        },
        {
            "w": "HAS",
            "v": false,
            "row": 0,
            "col": 0
        },
        {
            "w": "HOW",
            "v": true,
            "row": 0,
            "col": 0
        },
        {
            "w": "SAD",
            "v": false,
            "row": 6,
            "col": 2
        },
        {
            "w": "SAW",
            "v": true,
            "row": 3,
            "col": 8
        },
        {
            "w": "SOW",
            "v": false,
            "row": 2,
            "col": 5
        },
        {
            "w": "WAS",
            "v": false,
            "row": 8,
            "col": 4
        },
        {
            "w": "WHO",
            "v": true,
            "row": 4,
            "col": 6
        },
        {
            "w": "DASH",
            "v": true,
            "row": 0,
            "col": 5
        },
        {
            "w": "SHOD",
            "v": true,
            "row": 6,
            "col": 2
        },
        {
            "w": "SHOW",
            "v": true,
            "row": 0,
            "col": 2
        },
        {
            "w": "SODA",
            "v": false,
            "row": 9,
            "col": 0
        },
        {
            "w": "WADS",
            "v": true,
            "row": 6,
            "col": 0
        },
        {
            "w": "WASH",
            "v": false,
            "row": 3,
            "col": 2
        },
        {
            "w": "WOAD",
            "v": false,
            "row": 4,
            "col": 6
        },
        {
            "w": "SHADOW",
            "v": true,
            "row": 3,
            "col": 4
        }
    ]
}