{
    "id": 692,
    "sub_category": "Lush Pack",
    "category": "Jungle Group",
    "type": 0,
    "letters": "AIRSTT",
    "mov": 28,
    "shovels": 1,
    "coins": 5,
    "rows": 15,
    "cols": 15,
    "c": 0,
    "b": -1,
    "w": 12,
    "h": 10,
    "dws": [
        "RAI",
        "AITS",
        "RIT",
        "TRAITS",
        "RAITS",
        "AIT",
        "TATS",
        "TIAR",
        "RAIT",
        "SAI",
        "RAIS",
        "TARTS",
        "AIRS",
        "TARS",
        "TSAR",
        "TAT",
        "ASTIR",
        "RITT",
        "RIA",
        "AIS",
        "TIARS",
        "STRATI",
        "TAI",
        "STRIA",
        "ITA",
        "AIRT",
        "TRIST",
        "RATS",
        "ARTIS",
        "SAIR",
        "TIT",
        "ATT",
        "RIAS",
        "RITTS",
        "ARTS",
        "TAIT",
        "SAR",
        "ARS",
        "SARI",
        "ARIS",
        "TAIS",
        "SATI",
        "TRATS",
        "TAS",
        "TARSI",
        "TAITS",
        "ATS",
        "ARTI",
        "SITAR",
        "SRI",
        "AIRTS",
        "RAS",
        "TITS",
        "TRAT",
        "RITS",
        "ITAS",
        "SAT",
        "SIT"
    ],
    "ws": [
        {
            "w": "AIR",
            "v": true,
            "row": 7,
            "col": 7,
            "def": "The atmospheric substance above the surface of the earth which animals breathe, formerly considered to be a single substance, one of the four basic elements of ancient philosophy and one of the five basic elements of Eastern traditions."
        },
        {
            "w": "ART",
            "v": true,
            "row": 0,
            "col": 5,
            "def": "Human effort to imitate, supplement, alter, or counteract the work of nature."
        },
        {
            "w": "ITS",
            "v": false,
            "row": 7,
            "col": 2,
            "def": "The one (or ones) belonging to it."
        },
        {
            "w": "RAT",
            "v": false,
            "row": 7,
            "col": 6,
            "def": "A medium-sized rodent belonging to the genus Rattus."
        },
        {
            "w": "SIR",
            "v": true,
            "row": 6,
            "col": 2,
            "def": "A man of a higher rank or position."
        },
        {
            "w": "TAR",
            "v": false,
            "row": 8,
            "col": 0,
            "def": "A black, oily, sticky, viscous substance, consisting mainly of hydrocarbons derived from organic materials such as wood, peat, or coal."
        },
        {
            "w": "TIS",
            "v": false,
            "row": 6,
            "col": 0,
            "def": "Plural of til."
        },
        {
            "w": "STAR",
            "v": false,
            "row": 2,
            "col": 0,
            "def": "Any small luminous dot appearing in the cloudless portion of the night sky, especially with a fixed location relative to other such dots."
        },
        {
            "w": "STIR",
            "v": true,
            "row": 4,
            "col": 6,
            "def": "To change the place of in any manner; to move."
        },
        {
            "w": "TART",
            "v": true,
            "row": 4,
            "col": 8,
            "def": "Sharp to the taste; acid; sour."
        },
        {
            "w": "STAT",
            "v": false,
            "row": 5,
            "col": 3,
            "def": "Immediately, now (usually used in medical situations, to connote extreme urgency)."
        },
        {
            "w": "STAIR",
            "v": true,
            "row": 0,
            "col": 2,
            "def": "A single step in a staircase."
        },
        {
            "w": "START",
            "v": true,
            "row": 2,
            "col": 0,
            "def": "The beginning of an activity."
        },
        {
            "w": "TRAIT",
            "v": false,
            "row": 2,
            "col": 5,
            "def": "An identifying characteristic, habit or trend."
        },
        {
            "w": "ARTIST",
            "v": true,
            "row": 3,
            "col": 4,
            "def": "A person who creates art."
        },
        {
            "w": "STRAIT",
            "v": false,
            "row": 0,
            "col": 2,
            "def": "Narrow; restricted as to space or room; close."
        }
    ]
}