{
    "id": 704,
    "sub_category": "Lush Pack",
    "category": "Jungle Group",
    "type": 0,
    "letters": "DEMOST",
    "mov": 28,
    "shovels": 1,
    "coins": 5,
    "rows": 15,
    "cols": 15,
    "c": 0,
    "b": -1,
    "w": 11,
    "h": 10,
    "dws": [
        "EMO",
        "DOEST",
        "SOT",
        "SMOTE",
        "TOD",
        "DOES",
        "SED",
        "DOMES",
        "TODS",
        "MOSTE",
        "OSE",
        "MOTES",
        "OMS",
        "DOS",
        "MOS",
        "MOT",
        "MODS",
        "MOE",
        "TOMS",
        "ODS",
        "MOTED",
        "MOD",
        "MED",
        "TOM",
        "DOTS",
        "TOES",
        "STED",
        "MOES",
        "TOSE",
        "EMS",
        "TEDS",
        "EST",
        "MOTS",
        "MEDS",
        "TEMS",
        "DOST",
        "EMOS",
        "OES",
        "TES",
        "METS",
        "DOMS",
        "MOSE",
        "MODES",
        "TED",
        "TOED",
        "ODES",
        "DEMOS",
        "EDS",
        "MES",
        "DOM",
        "TOMES",
        "MESTO",
        "DOTES",
        "DSO",
        "SOM",
        "STEM",
        "SET"
    ],
    "ws": [
        {
            "w": "DOT",
            "v": true,
            "row": 0,
            "col": 3,
            "def": "A small spot."
        },
        {
            "w": "MET",
            "v": true,
            "row": 6,
            "col": 7,
            "def": "Simple past tense and past participle of meet."
        },
        {
            "w": "SOD",
            "v": true,
            "row": 0,
            "col": 5,
            "def": "That stratum of the surface of the soil which is filled with the roots of grass, or any portion of that surface; turf; sward."
        },
        {
            "w": "TOE",
            "v": false,
            "row": 8,
            "col": 7,
            "def": "Each of the five digits on the end of the foot."
        },
        {
            "w": "DOE",
            "v": true,
            "row": 1,
            "col": 1,
            "def": "A female deer; also used of similar animals such as reindeer, antelope, goat."
        },
        {
            "w": "ODE",
            "v": true,
            "row": 2,
            "col": 6,
            "def": "A short poetical composition proper to be set to music or sung; a lyric poem; esp., now, a poem characterized by sustained noble sentiment and appropriate dignity of style."
        },
        {
            "w": "DEMO",
            "v": true,
            "row": 6,
            "col": 1,
            "def": "A brief demonstration or visual explanation."
        },
        {
            "w": "DOME",
            "v": false,
            "row": 6,
            "col": 1,
            "def": "A common structural element of architecture that resembles the hollow upper half of a sphere, a cupola."
        },
        {
            "w": "DOSE",
            "v": false,
            "row": 0,
            "col": 3,
            "def": "A measured portion of medicine taken at any one time."
        },
        {
            "w": "MODE",
            "v": true,
            "row": 5,
            "col": 9,
            "def": "One of several ancient scales, one of which corresponds to the modern major scale and one to the natural minor scale."
        },
        {
            "w": "MOST",
            "v": false,
            "row": 2,
            "col": 0,
            "def": "Superlative form of much."
        },
        {
            "w": "SOME",
            "v": false,
            "row": 7,
            "col": 4,
            "def": "A certain number, at least one."
        },
        {
            "w": "TOME",
            "v": false,
            "row": 4,
            "col": 3,
            "def": "One in a series of volumes."
        },
        {
            "w": "DOTE",
            "v": false,
            "row": 2,
            "col": 5,
            "def": "To be excessively fond of."
        },
        {
            "w": "MOTE",
            "v": false,
            "row": 9,
            "col": 0,
            "def": "A small particle; a speck."
        },
        {
            "w": "MODEST",
            "v": true,
            "row": 3,
            "col": 4,
            "def": "Not bragging or boasting about oneself or one's achievements, unpretentious, humble."
        }
    ]
}