{
    "id": "8120fde6-0d43-11eb-a781-34363b5fdca4",
    "type": 0,
    "letters": "EGNOPS",
    "mov": 25,
    "shovels": 1,
    "coins": 5,
    "rows": 10,
    "cols": 2,
    "c": 0,
    "b": -1,
    "dws": [
        "SOP",
        "POS",
        "OPS",
        "PES",
        "ONS",
        "NOS",
        "SOG",
        "GOS",
        "OSE",
        "OES",
        "SEN",
        "ENS",
        "SEG",
        "OPE",
        "NEP",
        "NOG",
        "GON",
        "GOE",
        "GEO",
        "NEG",
        "GEN",
        "ENG",
        "PONS",
        "PESO",
        "OPES",
        "EPOS",
        "NEPS",
        "SNOG",
        "NOGS",
        "GONS",
        "SONE",
        "SEGO",
        "GEOS",
        "NEGS",
        "GENS",
        "ENGS",
        "PONG",
        "PONE",
        "PEON",
        "NOPE",
        "PONGS",
        "PONES",
        "PEONS",
        "SEGNO",
        "PENGO",
        "PENGOS",
        "GOES",
        "OPEN",
        "EGO",
        "PEN"
    ],
    "ws": [
        {
            "w": "EON",
            "v": true,
            "row": 1,
            "col": 0
        },
        {
            "w": "ONE",
            "v": true,
            "row": 3,
            "col": 1
        },
        {
            "w": "PEG",
            "v": false,
            "row": 7,
            "col": 1
        },
        {
            "w": "SON",
            "v": true,
            "row": 2,
            "col": 8
        },
        {
            "w": "EGOS",
            "v": false,
            "row": 1,
            "col": 0
        },
        {
            "w": "EONS",
            "v": false,
            "row": 7,
            "col": 5
        },
        {
            "w": "GONE",
            "v": true,
            "row": 0,
            "col": 2
        },
        {
            "w": "NOES",
            "v": false,
            "row": 3,
            "col": 0
        },
        {
            "w": "NOSE",
            "v": true,
            "row": 4,
            "col": 5
        },
        {
            "w": "ONES",
            "v": true,
            "row": 6,
            "col": 7
        },
        {
            "w": "PEGS",
            "v": false,
            "row": 2,
            "col": 5
        },
        {
            "w": "PENS",
            "v": false,
            "row": 4,
            "col": 3
        },
        {
            "w": "POSE",
            "v": false,
            "row": 9,
            "col": 5
        },
        {
            "w": "SONG",
            "v": false,
            "row": 0,
            "col": 5
        },
        {
            "w": "OPENS",
            "v": true,
            "row": 0,
            "col": 6
        },
        {
            "w": "SPONGE",
            "v": true,
            "row": 3,
            "col": 3
        }
    ]
}