{
    "id": 870,
    "sub_category": "Depth Pack",
    "category": "Ocean Group",
    "type": 0,
    "letters": "DEEGLU",
    "mov": 26,
    "shovels": 1,
    "coins": 5,
    "rows": 15,
    "cols": 15,
    "c": 0,
    "b": -1,
    "w": 11,
    "h": 9,
    "dws": [
        "LEED",
        "GUE",
        "LEUD",
        "GUDE",
        "GED",
        "GUL",
        "DEE",
        "LUGED",
        "ELD",
        "GEED",
        "LEE",
        "DEGU",
        "GULE",
        "DULE",
        "GLUED",
        "ULE",
        "LEU",
        "GLEDE",
        "GLEED",
        "GELD",
        "LEDE",
        "LUDE",
        "LUD",
        "EUGE",
        "DELE",
        "DEG",
        "GLED",
        "DEL"
    ],
    "ws": [
        {
            "w": "DUE",
            "v": true,
            "row": 2,
            "col": 9,
            "def": "Owed or owing."
        },
        {
            "w": "DUG",
            "v": true,
            "row": 0,
            "col": 5,
            "def": "Mammary gland on domestic mammal containing more than two breasts."
        },
        {
            "w": "GEE",
            "v": false,
            "row": 7,
            "col": 4,
            "def": "A general exclamation of surprise or frustration."
        },
        {
            "w": "GEL",
            "v": false,
            "row": 6,
            "col": 6,
            "def": "A semi-solid to almost solid colloid of a solid and a liquid, such as jelly, cheese or opal."
        },
        {
            "w": "LED",
            "v": false,
            "row": 2,
            "col": 7,
            "def": "Simple past tense and past participle of lead."
        },
        {
            "w": "LEG",
            "v": true,
            "row": 0,
            "col": 3,
            "def": "The lower limb of a human being or animal that extends from the groin to the ankle."
        },
        {
            "w": "LUG",
            "v": true,
            "row": 6,
            "col": 8,
            "def": "A lug nut."
        },
        {
            "w": "EEL",
            "v": true,
            "row": 0,
            "col": 7,
            "def": "Any fish of the order Anguilliformes which are elongated and resemble snakes. There are freshwater and marine species."
        },
        {
            "w": "DUEL",
            "v": false,
            "row": 0,
            "col": 0,
            "def": "Arranged, regular combat between two private persons, often over a matter of honor."
        },
        {
            "w": "EDGE",
            "v": false,
            "row": 4,
            "col": 6,
            "def": "The boundary line of a surface."
        },
        {
            "w": "GLEE",
            "v": true,
            "row": 3,
            "col": 1,
            "def": "Joy; merriment; mirth; gaiety; particularly, the mirth enjoyed at a feast."
        },
        {
            "w": "GLUE",
            "v": false,
            "row": 8,
            "col": 1,
            "def": "A hard gelatin made by boiling bones and hides, used in solution as an adhesive; or any sticky adhesive substance."
        },
        {
            "w": "LUGE",
            "v": false,
            "row": 4,
            "col": 1,
            "def": "A racing sled for one or two people that is ridden with the rider or riders lying on their back."
        },
        {
            "w": "LEDGE",
            "v": true,
            "row": 3,
            "col": 6,
            "def": "A shelf on which articles may be laid; also, that which resembles such a shelf in form or use, as a projecting ridge or part, or a molding or edge in joinery."
        },
        {
            "w": "ELUDE",
            "v": false,
            "row": 1,
            "col": 3,
            "def": "To evade, or escape from someone or something, especially by using cunning or skill."
        },
        {
            "w": "DELUGE",
            "v": true,
            "row": 3,
            "col": 4,
            "def": "A great flood or rain."
        }
    ]
}