{
    "id": "9a4931cc-0d42-11eb-a781-34363b5fdca4",
    "type": 0,
    "letters": "ABETUY",
    "mov": 29,
    "shovels": 1,
    "coins": 5,
    "rows": 12,
    "cols": 2,
    "c": 0,
    "b": -1,
    "dws": [
        "BEY",
        "ABY",
        "EAU",
        "AUE",
        "ETA",
        "TAE",
        "YAE",
        "YEA",
        "UTE",
        "UEY",
        "TYE",
        "UTA",
        "AYU",
        "TAY",
        "BAYE",
        "ABYE",
        "BUTE",
        "YBET",
        "BUAT",
        "TABU",
        "BAYT",
        "YATE",
        "BEAUT",
        "TUBAE",
        "BATE",
        "BEAU",
        "TUBA",
        "BUY",
        "BYE",
        "TAB",
        "TUB",
        "YET"
    ],
    "ws": [
        {
            "w": "ATE",
            "v": false,
            "row": 0,
            "col": 1
        },
        {
            "w": "AYE",
            "v": false,
            "row": 1,
            "col": 3
        },
        {
            "w": "BAT",
            "v": false,
            "row": 0,
            "col": 5
        },
        {
            "w": "BAY",
            "v": false,
            "row": 3,
            "col": 4
        },
        {
            "w": "BET",
            "v": true,
            "row": 2,
            "col": 1
        },
        {
            "w": "BUT",
            "v": false,
            "row": 6,
            "col": 3
        },
        {
            "w": "EAT",
            "v": true,
            "row": 0,
            "col": 3
        },
        {
            "w": "TAU",
            "v": true,
            "row": 0,
            "col": 7
        },
        {
            "w": "TEA",
            "v": true,
            "row": 7,
            "col": 6
        },
        {
            "w": "ABET",
            "v": false,
            "row": 9,
            "col": 6
        },
        {
            "w": "ABUT",
            "v": false,
            "row": 2,
            "col": 0
        },
        {
            "w": "BEAT",
            "v": true,
            "row": 6,
            "col": 9
        },
        {
            "w": "BETA",
            "v": true,
            "row": 0,
            "col": 5
        },
        {
            "w": "BYTE",
            "v": false,
            "row": 8,
            "col": 3
        },
        {
            "w": "TUBE",
            "v": false,
            "row": 4,
            "col": 1
        },
        {
            "w": "BEAUTY",
            "v": true,
            "row": 3,
            "col": 4
        }
    ]
}