{
    "id": "9af5e77a-0d45-11eb-a781-34363b5fdca4",
    "type": 0,
    "letters": "ADEHTW",
    "mov": 31,
    "shovels": 1,
    "coins": 5,
    "rows": 13,
    "cols": 2,
    "c": 0,
    "b": -1,
    "dws": [
        "HET",
        "ETH",
        "TAW",
        "TWA",
        "WAT",
        "TAE",
        "ETA",
        "TEW",
        "EWT",
        "TED",
        "HAW",
        "WAH",
        "WHA",
        "HAE",
        "DAH",
        "EDH",
        "WAE",
        "DAW",
        "DAE",
        "THAE",
        "HAET",
        "EATH",
        "THEW",
        "TWAE",
        "WATE",
        "WETA",
        "WADT",
        "DAWT",
        "TAED",
        "TEAD",
        "WHAE",
        "HAED",
        "HADE",
        "AHED",
        "DEAW",
        "TAWED",
        "HAWED",
        "DEATH",
        "HATED",
        "HATE",
        "WADE",
        "WHAT",
        "AWE",
        "DEW",
        "EAT",
        "HEW",
        "TEA"
    ],
    "ws": [
        {
            "w": "ATE",
            "v": true,
            "row": 0,
            "col": 6
        },
        {
            "w": "HAD",
            "v": false,
            "row": 4,
            "col": 3
        },
        {
            "w": "HAT",
            "v": false,
            "row": 3,
            "col": 1
        },
        {
            "w": "TAD",
            "v": false,
            "row": 8,
            "col": 1
        },
        {
            "w": "THE",
            "v": true,
            "row": 7,
            "col": 8
        },
        {
            "w": "WAD",
            "v": true,
            "row": 2,
            "col": 5
        },
        {
            "w": "WED",
            "v": false,
            "row": 5,
            "col": 6
        },
        {
            "w": "WET",
            "v": false,
            "row": 9,
            "col": 4
        },
        {
            "w": "AWED",
            "v": false,
            "row": 2,
            "col": 4
        },
        {
            "w": "DATE",
            "v": true,
            "row": 2,
            "col": 7
        },
        {
            "w": "HEAD",
            "v": false,
            "row": 0,
            "col": 4
        },
        {
            "w": "HEAT",
            "v": false,
            "row": 7,
            "col": 5
        },
        {
            "w": "THAW",
            "v": false,
            "row": 6,
            "col": 0
        },
        {
            "w": "WHET",
            "v": true,
            "row": 5,
            "col": 1
        },
        {
            "w": "WHEAT",
            "v": true,
            "row": 5,
            "col": 6
        },
        {
            "w": "THAWED",
            "v": true,
            "row": 3,
            "col": 3
        }
    ]
}