{
    "id": "a5dd37ce-0d40-11eb-a781-34363b5fdca4",
    "type": 0,
    "letters": "ADEKLW",
    "mov": 29,
    "shovels": 1,
    "coins": 5,
    "rows": 12,
    "cols": 2,
    "c": 0,
    "b": -1,
    "dws": [
        "AWK",
        "KAW",
        "WAE",
        "DAW",
        "LEW",
        "EWK",
        "LEA",
        "DAL",
        "AKE",
        "KAE",
        "KEA",
        "DAK",
        "DAE",
        "LEK",
        "ELD",
        "DEL",
        "KED",
        "LAWK",
        "WALE",
        "WEAL",
        "ALEW",
        "LAWE",
        "WALD",
        "AWDL",
        "WEKA",
        "DAWK",
        "DEAW",
        "WELK",
        "KEWL",
        "LADE",
        "AKED",
        "KAED",
        "KADE",
        "KWELA",
        "WALED",
        "WEALD",
        "LAWED",
        "DWALE",
        "WAKED",
        "LAKED",
        "AWED",
        "LEAK",
        "WALK",
        "WEAK",
        "WELD",
        "ALE",
        "ELK",
        "LED"
    ],
    "ws": [
        {
            "w": "AWE",
            "v": false,
            "row": 1,
            "col": 3
        },
        {
            "w": "AWL",
            "v": true,
            "row": 0,
            "col": 0
        },
        {
            "w": "DEW",
            "v": true,
            "row": 0,
            "col": 5
        },
        {
            "w": "LAD",
            "v": false,
            "row": 4,
            "col": 3
        },
        {
            "w": "LAW",
            "v": true,
            "row": 6,
            "col": 6
        },
        {
            "w": "WAD",
            "v": true,
            "row": 0,
            "col": 3
        },
        {
            "w": "WED",
            "v": false,
            "row": 3,
            "col": 7
        },
        {
            "w": "DALE",
            "v": true,
            "row": 3,
            "col": 9
        },
        {
            "w": "DEAL",
            "v": false,
            "row": 0,
            "col": 5
        },
        {
            "w": "KALE",
            "v": false,
            "row": 6,
            "col": 4
        },
        {
            "w": "LAKE",
            "v": true,
            "row": 0,
            "col": 8
        },
        {
            "w": "LEAD",
            "v": false,
            "row": 2,
            "col": 0
        },
        {
            "w": "LEWD",
            "v": true,
            "row": 5,
            "col": 1
        },
        {
            "w": "WADE",
            "v": true,
            "row": 3,
            "col": 7
        },
        {
            "w": "WAKE",
            "v": false,
            "row": 7,
            "col": 1
        },
        {
            "w": "WALKED",
            "v": true,
            "row": 3,
            "col": 4
        }
    ]
}