{
    "id": "a677a16c-0d39-11eb-a781-34363b5fdca4",
    "type": 0,
    "letters": "CDEIRT",
    "mov": 35,
    "shovels": 1,
    "coins": 5,
    "rows": 15,
    "cols": 2,
    "c": 0,
    "b": -1,
    "dws": [
        "DEI",
        "IDE",
        "CID",
        "DIT",
        "TID",
        "TED",
        "REI",
        "RIT",
        "CIT",
        "REC",
        "RET",
        "TEC",
        "IRED",
        "CEDI",
        "DITE",
        "DICT",
        "CRED",
        "ICER",
        "ERIC",
        "CIRE",
        "TRIE",
        "CRIT",
        "ETIC",
        "TICE",
        "CERT",
        "DICER",
        "RICED",
        "TRIDE",
        "RECIT",
        "RECTI",
        "CITER",
        "TRICED",
        "CITED",
        "CRIED",
        "EDICT",
        "TRICE",
        "TRIED",
        "DIRT",
        "ICED",
        "RICE",
        "RIDE",
        "TIDE",
        "TIER",
        "TIRE",
        "TIC",
        "TIE"
    ],
    "ws": [
        {
            "w": "DIE",
            "v": false,
            "row": 4,
            "col": 7
        },
        {
            "w": "ICE",
            "v": true,
            "row": 1,
            "col": 3
        },
        {
            "w": "IRE",
            "v": true,
            "row": 5,
            "col": 6
        },
        {
            "w": "RED",
            "v": false,
            "row": 6,
            "col": 6
        },
        {
            "w": "RID",
            "v": true,
            "row": 5,
            "col": 1
        },
        {
            "w": "CITE",
            "v": false,
            "row": 7,
            "col": 3
        },
        {
            "w": "DICE",
            "v": true,
            "row": 6,
            "col": 8
        },
        {
            "w": "DIET",
            "v": true,
            "row": 0,
            "col": 5
        },
        {
            "w": "DIRE",
            "v": false,
            "row": 9,
            "col": 5
        },
        {
            "w": "EDIT",
            "v": false,
            "row": 0,
            "col": 4
        },
        {
            "w": "RITE",
            "v": false,
            "row": 5,
            "col": 1
        },
        {
            "w": "TIED",
            "v": true,
            "row": 0,
            "col": 0
        },
        {
            "w": "CIDER",
            "v": true,
            "row": 1,
            "col": 9
        },
        {
            "w": "TIRED",
            "v": true,
            "row": 0,
            "col": 7
        },
        {
            "w": "CREDIT",
            "v": true,
            "row": 3,
            "col": 4
        },
        {
            "w": "DIRECT",
            "v": false,
            "row": 3,
            "col": 0
        }
    ]
}