{
    "id": "a69ffe26-0d3b-11eb-a781-34363b5fdca4",
    "type": 0,
    "letters": "DENOOW",
    "mov": 31,
    "shovels": 1,
    "coins": 5,
    "rows": 13,
    "cols": 2,
    "c": 0,
    "b": -1,
    "dws": [
        "DOW",
        "WEN",
        "DOO",
        "OON",
        "ONO",
        "NOO",
        "EON",
        "NED",
        "WOON",
        "WONE",
        "ENOW",
        "DOON",
        "DOEN",
        "NOWED",
        "ODEON",
        "OWNED",
        "DOWN",
        "WEND",
        "DEN",
        "NOD",
        "NOW",
        "ODE",
        "ONE",
        "OWE",
        "WOE"
    ],
    "ws": [
        {
            "w": "DEW",
            "v": false,
            "row": 2,
            "col": 6
        },
        {
            "w": "DOE",
            "v": true,
            "row": 2,
            "col": 6
        },
        {
            "w": "DON",
            "v": true,
            "row": 4,
            "col": 7
        },
        {
            "w": "END",
            "v": false,
            "row": 6,
            "col": 6
        },
        {
            "w": "NEW",
            "v": false,
            "row": 7,
            "col": 3
        },
        {
            "w": "OWN",
            "v": true,
            "row": 1,
            "col": 8
        },
        {
            "w": "WED",
            "v": false,
            "row": 6,
            "col": 0
        },
        {
            "w": "WON",
            "v": false,
            "row": 8,
            "col": 6
        },
        {
            "w": "WOO",
            "v": true,
            "row": 6,
            "col": 0
        },
        {
            "w": "DONE",
            "v": true,
            "row": 6,
            "col": 8
        },
        {
            "w": "NODE",
            "v": true,
            "row": 3,
            "col": 1
        },
        {
            "w": "OWED",
            "v": false,
            "row": 4,
            "col": 4
        },
        {
            "w": "WOOD",
            "v": true,
            "row": 0,
            "col": 2
        },
        {
            "w": "ENDOW",
            "v": false,
            "row": 3,
            "col": 0
        },
        {
            "w": "WOOED",
            "v": false,
            "row": 1,
            "col": 1
        },
        {
            "w": "WOODEN",
            "v": true,
            "row": 3,
            "col": 4
        }
    ]
}