{
    "id": "a7f532fa-0d40-11eb-a781-34363b5fdca4",
    "type": 0,
    "letters": "DEFLOR",
    "mov": 31,
    "shovels": 1,
    "coins": 5,
    "rows": 13,
    "cols": 2,
    "c": 0,
    "b": -1,
    "dws": [
        "DOF",
        "FRO",
        "ORF",
        "DEF",
        "FER",
        "ERF",
        "REF",
        "LOD",
        "DOL",
        "OLE",
        "LOR",
        "ORD",
        "DOR",
        "REO",
        "DEL",
        "ELD",
        "FLOR",
        "ROLF",
        "FEOD",
        "DEFO",
        "FROE",
        "ORFE",
        "DELF",
        "OLDE",
        "DOLE",
        "DELO",
        "ORLE",
        "EORL",
        "DORE",
        "DERO",
        "ROED",
        "FOREL",
        "ROLFED",
        "REFOLD",
        "FOLD",
        "FORD",
        "LORE",
        "REDO",
        "DOE",
        "ELF",
        "FOE",
        "FOR",
        "ODE",
        "RED"
    ],
    "ws": [
        {
            "w": "FED",
            "v": true,
            "row": 7,
            "col": 6
        },
        {
            "w": "LED",
            "v": false,
            "row": 5,
            "col": 4
        },
        {
            "w": "OLD",
            "v": false,
            "row": 2,
            "col": 5
        },
        {
            "w": "ORE",
            "v": false,
            "row": 0,
            "col": 6
        },
        {
            "w": "ROD",
            "v": true,
            "row": 0,
            "col": 7
        },
        {
            "w": "ROE",
            "v": false,
            "row": 8,
            "col": 4
        },
        {
            "w": "DOER",
            "v": false,
            "row": 9,
            "col": 6
        },
        {
            "w": "FLED",
            "v": false,
            "row": 6,
            "col": 1
        },
        {
            "w": "FLOE",
            "v": false,
            "row": 7,
            "col": 6
        },
        {
            "w": "FORE",
            "v": false,
            "row": 9,
            "col": 0
        },
        {
            "w": "LODE",
            "v": true,
            "row": 1,
            "col": 9
        },
        {
            "w": "LORD",
            "v": true,
            "row": 2,
            "col": 6
        },
        {
            "w": "RODE",
            "v": false,
            "row": 4,
            "col": 6
        },
        {
            "w": "ROLE",
            "v": true,
            "row": 6,
            "col": 8
        },
        {
            "w": "OLDER",
            "v": true,
            "row": 5,
            "col": 2
        },
        {
            "w": "FOLDER",
            "v": true,
            "row": 3,
            "col": 4
        }
    ]
}