{
    "id": "b101bae6-0d43-11eb-a781-34363b5fdca4",
    "type": 0,
    "letters": "EHMORT",
    "mov": 25,
    "shovels": 1,
    "coins": 5,
    "rows": 10,
    "cols": 2,
    "c": 0,
    "b": -1,
    "dws": [
        "MOT",
        "TOM",
        "MHO",
        "OHM",
        "HOM",
        "MOE",
        "EMO",
        "MOR",
        "ROM",
        "MEH",
        "ERM",
        "REM",
        "THO",
        "ORT",
        "TOR",
        "HOE",
        "RHO",
        "REO",
        "HET",
        "ETH",
        "RET",
        "REH",
        "MOTE",
        "MORT",
        "MOHR",
        "OMER",
        "METH",
        "TREM",
        "HERM",
        "HOTE",
        "THRO",
        "HOER",
        "HORE",
        "TEHR",
        "METHO",
        "METRO",
        "HOMER",
        "THERM",
        "THROE",
        "TOME",
        "HOT",
        "ORE",
        "ROT"
    ],
    "ws": [
        {
            "w": "HEM",
            "v": true,
            "row": 0,
            "col": 3
        },
        {
            "w": "HER",
            "v": false,
            "row": 5,
            "col": 0
        },
        {
            "w": "MET",
            "v": true,
            "row": 7,
            "col": 6
        },
        {
            "w": "ROE",
            "v": false,
            "row": 8,
            "col": 4
        },
        {
            "w": "THE",
            "v": false,
            "row": 7,
            "col": 2
        },
        {
            "w": "TOE",
            "v": true,
            "row": 2,
            "col": 6
        },
        {
            "w": "HERO",
            "v": true,
            "row": 5,
            "col": 0
        },
        {
            "w": "HOME",
            "v": true,
            "row": 2,
            "col": 1
        },
        {
            "w": "MORE",
            "v": false,
            "row": 4,
            "col": 3
        },
        {
            "w": "MOTH",
            "v": false,
            "row": 7,
            "col": 6
        },
        {
            "w": "ROTE",
            "v": true,
            "row": 5,
            "col": 2
        },
        {
            "w": "TERM",
            "v": false,
            "row": 2,
            "col": 6
        },
        {
            "w": "THEM",
            "v": false,
            "row": 2,
            "col": 0
        },
        {
            "w": "TORE",
            "v": false,
            "row": 9,
            "col": 6
        },
        {
            "w": "OTHER",
            "v": false,
            "row": 0,
            "col": 1
        },
        {
            "w": "MOTHER",
            "v": true,
            "row": 3,
            "col": 4
        }
    ]
}