{
    "id": "b7ed0ef6-0d42-11eb-a781-34363b5fdca4",
    "type": 0,
    "letters": "ABEENT",
    "mov": 31,
    "shovels": 1,
    "coins": 5,
    "rows": 13,
    "cols": 2,
    "c": 0,
    "b": -1,
    "dws": [
        "BEN",
        "NEB",
        "NAB",
        "ETA",
        "TAE",
        "EAN",
        "ANE",
        "NAE",
        "EEN",
        "ENE",
        "NEE",
        "NAT",
        "NABE",
        "BETE",
        "BENE",
        "BANT",
        "ETNA",
        "ANTE",
        "TANE",
        "ETEN",
        "TENE",
        "NETE",
        "BENET",
        "ENATE",
        "BEET",
        "TEEN",
        "ANT",
        "BAN",
        "BEE",
        "EAT",
        "NET",
        "TAB",
        "TAN",
        "TEN"
    ],
    "ws": [
        {
            "w": "ATE",
            "v": false,
            "row": 4,
            "col": 2
        },
        {
            "w": "BAT",
            "v": true,
            "row": 0,
            "col": 9
        },
        {
            "w": "BET",
            "v": true,
            "row": 0,
            "col": 3
        },
        {
            "w": "TEA",
            "v": true,
            "row": 0,
            "col": 6
        },
        {
            "w": "TEE",
            "v": false,
            "row": 6,
            "col": 0
        },
        {
            "w": "ABET",
            "v": false,
            "row": 2,
            "col": 6
        },
        {
            "w": "BANE",
            "v": true,
            "row": 3,
            "col": 2
        },
        {
            "w": "BATE",
            "v": false,
            "row": 1,
            "col": 0
        },
        {
            "w": "BEAN",
            "v": true,
            "row": 5,
            "col": 6
        },
        {
            "w": "BEAT",
            "v": true,
            "row": 1,
            "col": 0
        },
        {
            "w": "BEEN",
            "v": false,
            "row": 5,
            "col": 6
        },
        {
            "w": "BENT",
            "v": false,
            "row": 0,
            "col": 3
        },
        {
            "w": "BETA",
            "v": false,
            "row": 7,
            "col": 3
        },
        {
            "w": "NEAT",
            "v": false,
            "row": 8,
            "col": 6
        },
        {
            "w": "EATEN",
            "v": true,
            "row": 2,
            "col": 8
        },
        {
            "w": "BEATEN",
            "v": true,
            "row": 3,
            "col": 4
        }
    ]
}