{
    "id": "b893e31a-0d43-11eb-a781-34363b5fdca4",
    "type": 0,
    "letters": "EFORST",
    "mov": 35,
    "shovels": 1,
    "coins": 5,
    "rows": 15,
    "cols": 2,
    "c": 0,
    "b": -1,
    "dws": [
        "FRO",
        "ORF",
        "OFT",
        "FER",
        "REF",
        "ERF",
        "FES",
        "EFS",
        "FET",
        "EFT",
        "TEF",
        "REO",
        "ORS",
        "ORT",
        "TOR",
        "OES",
        "OSE",
        "SOT",
        "RES",
        "ERS",
        "SER",
        "RET",
        "EST",
        "TES",
        "FROE",
        "ORFE",
        "FROS",
        "ORFS",
        "REFS",
        "SERF",
        "REFT",
        "TREF",
        "TERF",
        "FETS",
        "EFTS",
        "TEFS",
        "ROES",
        "REOS",
        "EROS",
        "ORTS",
        "ROST",
        "TORS",
        "TOSE",
        "RETS",
        "ERST",
        "TRES",
        "FORES",
        "FROES",
        "ORFES",
        "FETOR",
        "OFTER",
        "TERFS",
        "ROSET",
        "ROTES",
        "RESTO",
        "ESTRO",
        "TORSE",
        "TORES",
        "FORTES",
        "FETORS",
        "FOSTER",
        "FORTE",
        "FORTS",
        "FRETS",
        "FEST",
        "FORT",
        "FRET",
        "ORES",
        "REST",
        "ROSE",
        "SORE",
        "TOES",
        "SET",
        "TOE"
    ],
    "ws": [
        {
            "w": "FOE",
            "v": true,
            "row": 7,
            "col": 9
        },
        {
            "w": "FOR",
            "v": true,
            "row": 7,
            "col": 6
        },
        {
            "w": "ORE",
            "v": true,
            "row": 3,
            "col": 8
        },
        {
            "w": "ROE",
            "v": false,
            "row": 2,
            "col": 5
        },
        {
            "w": "ROT",
            "v": false,
            "row": 3,
            "col": 0
        },
        {
            "w": "FOES",
            "v": true,
            "row": 5,
            "col": 2
        },
        {
            "w": "FORE",
            "v": false,
            "row": 0,
            "col": 6
        },
        {
            "w": "ROTE",
            "v": false,
            "row": 9,
            "col": 6
        },
        {
            "w": "ROTS",
            "v": true,
            "row": 3,
            "col": 0
        },
        {
            "w": "SOFT",
            "v": false,
            "row": 7,
            "col": 4
        },
        {
            "w": "SORT",
            "v": true,
            "row": 0,
            "col": 2
        },
        {
            "w": "TORE",
            "v": false,
            "row": 1,
            "col": 1
        },
        {
            "w": "FROST",
            "v": true,
            "row": 0,
            "col": 6
        },
        {
            "w": "STORE",
            "v": false,
            "row": 6,
            "col": 0
        },
        {
            "w": "FOREST",
            "v": true,
            "row": 3,
            "col": 4
        },
        {
            "w": "SOFTER",
            "v": false,
            "row": 4,
            "col": 3
        }
    ]
}