{
    "id": "c013ce84-0d48-11eb-a781-34363b5fdca4",
    "type": 0,
    "letters": "DGINOS",
    "mov": 31,
    "shovels": 1,
    "coins": 5,
    "rows": 13,
    "cols": 2,
    "c": 0,
    "b": -1,
    "dws": [
        "DOS",
        "DSO",
        "ODS",
        "DIS",
        "NID",
        "GID",
        "OIS",
        "ISO",
        "IOS",
        "ONS",
        "NOS",
        "SOG",
        "GOS",
        "GIO",
        "NOG",
        "GON",
        "INS",
        "NIS",
        "SIG",
        "GIS",
        "ING",
        "SNOD",
        "DINO",
        "NODI",
        "DINS",
        "SIND",
        "NIDS",
        "GIDS",
        "DING",
        "GIOS",
        "SNOG",
        "NOGS",
        "GONS",
        "INGO",
        "SNIG",
        "INGS",
        "DINOS",
        "DONGS",
        "DINGS",
        "DOINGS",
        "DINGOS",
        "DOGS",
        "DONG",
        "GODS",
        "NODS",
        "SING",
        "DIG",
        "DIN",
        "SIN",
        "SOD",
        "SON"
    ],
    "ws": [
        {
            "w": "DOG",
            "v": false,
            "row": 3,
            "col": 4
        },
        {
            "w": "DON",
            "v": false,
            "row": 2,
            "col": 0
        },
        {
            "w": "GIN",
            "v": true,
            "row": 3,
            "col": 6
        },
        {
            "w": "GOD",
            "v": false,
            "row": 5,
            "col": 0
        },
        {
            "w": "IDS",
            "v": true,
            "row": 6,
            "col": 7
        },
        {
            "w": "ION",
            "v": false,
            "row": 6,
            "col": 7
        },
        {
            "w": "NOD",
            "v": false,
            "row": 1,
            "col": 7
        },
        {
            "w": "DIGS",
            "v": false,
            "row": 9,
            "col": 0
        },
        {
            "w": "DONS",
            "v": true,
            "row": 1,
            "col": 9
        },
        {
            "w": "GINS",
            "v": false,
            "row": 8,
            "col": 4
        },
        {
            "w": "IONS",
            "v": false,
            "row": 4,
            "col": 6
        },
        {
            "w": "SIGN",
            "v": false,
            "row": 7,
            "col": 1
        },
        {
            "w": "SONG",
            "v": true,
            "row": 0,
            "col": 2
        },
        {
            "w": "DINGO",
            "v": true,
            "row": 2,
            "col": 0
        },
        {
            "w": "DOING",
            "v": true,
            "row": 5,
            "col": 2
        },
        {
            "w": "DOSING",
            "v": true,
            "row": 3,
            "col": 4
        }
    ]
}