{
    "id": "d05c60c6-0d39-11eb-a781-34363b5fdca4",
    "type": 0,
    "letters": "ACEILM",
    "mov": 31,
    "shovels": 1,
    "coins": 5,
    "rows": 13,
    "cols": 2,
    "c": 0,
    "b": -1,
    "dws": [
        "MAL",
        "LAM",
        "AMI",
        "MAC",
        "CAM",
        "MAE",
        "AME",
        "MIL",
        "MEL",
        "MIC",
        "LAC",
        "CAL",
        "LEA",
        "LEI",
        "CEL",
        "MALI",
        "LIMA",
        "MELA",
        "ALME",
        "LEAM",
        "CAMI",
        "AMIE",
        "CLEM",
        "EMIC",
        "LAIC",
        "ILEA",
        "ALEC",
        "CIEL",
        "CEIL",
        "MALIC",
        "MAILE",
        "MACLE",
        "CLAME",
        "AMICE",
        "MELIC",
        "CLIME",
        "ILEAC",
        "MALEIC",
        "CAMEL",
        "CLAIM",
        "CLAM",
        "LAME",
        "MAIL",
        "MEAL",
        "MILE",
        "AIL",
        "AIM",
        "LIE"
    ],
    "ws": [
        {
            "w": "ACE",
            "v": false,
            "row": 7,
            "col": 7
        },
        {
            "w": "ALE",
            "v": false,
            "row": 0,
            "col": 7
        },
        {
            "w": "ELM",
            "v": false,
            "row": 4,
            "col": 0
        },
        {
            "w": "ICE",
            "v": true,
            "row": 5,
            "col": 9
        },
        {
            "w": "ACME",
            "v": true,
            "row": 0,
            "col": 7
        },
        {
            "w": "CALM",
            "v": true,
            "row": 1,
            "col": 2
        },
        {
            "w": "CAME",
            "v": false,
            "row": 2,
            "col": 5
        },
        {
            "w": "LACE",
            "v": true,
            "row": 0,
            "col": 5
        },
        {
            "w": "LICE",
            "v": false,
            "row": 5,
            "col": 4
        },
        {
            "w": "LIME",
            "v": false,
            "row": 3,
            "col": 2
        },
        {
            "w": "MACE",
            "v": false,
            "row": 7,
            "col": 2
        },
        {
            "w": "MALE",
            "v": false,
            "row": 9,
            "col": 5
        },
        {
            "w": "MICA",
            "v": false,
            "row": 1,
            "col": 0
        },
        {
            "w": "MICE",
            "v": true,
            "row": 1,
            "col": 0
        },
        {
            "w": "EMAIL",
            "v": true,
            "row": 5,
            "col": 7
        },
        {
            "w": "MALICE",
            "v": true,
            "row": 3,
            "col": 4
        }
    ]
}