{
    "id": "d26804d6-0d40-11eb-a781-34363b5fdca4",
    "type": 0,
    "letters": "ILNOOT",
    "mov": 25,
    "shovels": 1,
    "coins": 5,
    "rows": 10,
    "cols": 2,
    "c": 0,
    "b": -1,
    "dws": [
        "LOO",
        "TIL",
        "LIN",
        "OOT",
        "OON",
        "ONO",
        "NOO",
        "LOTI",
        "LOTO",
        "OLIO",
        "LINO",
        "NOIL",
        "NOLO",
        "OINT",
        "OONT",
        "TOON",
        "NOOIT",
        "LOOT",
        "TOOL",
        "LOT",
        "TIN"
    ],
    "ws": [
        {
            "w": "ION",
            "v": false,
            "row": 7,
            "col": 2
        },
        {
            "w": "LIT",
            "v": false,
            "row": 8,
            "col": 0
        },
        {
            "w": "NIL",
            "v": false,
            "row": 2,
            "col": 2
        },
        {
            "w": "NIT",
            "v": true,
            "row": 6,
            "col": 2
        },
        {
            "w": "NOT",
            "v": false,
            "row": 3,
            "col": 0
        },
        {
            "w": "OIL",
            "v": false,
            "row": 4,
            "col": 7
        },
        {
            "w": "TON",
            "v": false,
            "row": 6,
            "col": 0
        },
        {
            "w": "TOO",
            "v": true,
            "row": 3,
            "col": 7
        },
        {
            "w": "INTO",
            "v": false,
            "row": 5,
            "col": 4
        },
        {
            "w": "LINT",
            "v": true,
            "row": 0,
            "col": 2
        },
        {
            "w": "LION",
            "v": true,
            "row": 0,
            "col": 0
        },
        {
            "w": "LOIN",
            "v": true,
            "row": 4,
            "col": 9
        },
        {
            "w": "LOON",
            "v": false,
            "row": 0,
            "col": 2
        },
        {
            "w": "ONTO",
            "v": true,
            "row": 3,
            "col": 1
        },
        {
            "w": "TOIL",
            "v": true,
            "row": 5,
            "col": 6
        },
        {
            "w": "LOTION",
            "v": true,
            "row": 2,
            "col": 4
        }
    ]
}