{
    "id": "d87f440a-0d46-11eb-a781-34363b5fdca4",
    "type": 0,
    "letters": "EFILNO",
    "mov": 29,
    "shovels": 1,
    "coins": 5,
    "rows": 12,
    "cols": 2,
    "c": 0,
    "b": -1,
    "dws": [
        "OLE",
        "FON",
        "LEI",
        "FIL",
        "LIN",
        "FIE",
        "NEF",
        "NIE",
        "LENO",
        "ENOL",
        "NOEL",
        "NOLE",
        "FILO",
        "NOIL",
        "FOEN",
        "FONE",
        "ONIE",
        "FOIN",
        "FINO",
        "INFO",
        "LIEF",
        "FENI",
        "NIFE",
        "NIEF",
        "NEIF",
        "FOLIE",
        "OLEIN",
        "ELOIN",
        "FELON",
        "FILE",
        "LIEN",
        "LINO",
        "LION",
        "ELF",
        "ION",
        "OIL"
    ],
    "ws": [
        {
            "w": "EON",
            "v": true,
            "row": 4,
            "col": 2
        },
        {
            "w": "FEN",
            "v": true,
            "row": 5,
            "col": 7
        },
        {
            "w": "FIN",
            "v": true,
            "row": 0,
            "col": 3
        },
        {
            "w": "FOE",
            "v": false,
            "row": 5,
            "col": 7
        },
        {
            "w": "LIE",
            "v": true,
            "row": 2,
            "col": 0
        },
        {
            "w": "NIL",
            "v": false,
            "row": 8,
            "col": 4
        },
        {
            "w": "ONE",
            "v": false,
            "row": 3,
            "col": 4
        },
        {
            "w": "FINE",
            "v": false,
            "row": 2,
            "col": 6
        },
        {
            "w": "FLOE",
            "v": false,
            "row": 6,
            "col": 4
        },
        {
            "w": "FOIL",
            "v": false,
            "row": 0,
            "col": 3
        },
        {
            "w": "LIFE",
            "v": true,
            "row": 0,
            "col": 6
        },
        {
            "w": "LINE",
            "v": true,
            "row": 0,
            "col": 8
        },
        {
            "w": "LOIN",
            "v": false,
            "row": 2,
            "col": 0
        },
        {
            "w": "LONE",
            "v": false,
            "row": 5,
            "col": 1
        },
        {
            "w": "ELFIN",
            "v": true,
            "row": 5,
            "col": 9
        },
        {
            "w": "OLEFIN",
            "v": true,
            "row": 3,
            "col": 4
        }
    ]
}