{
    "id": "da91349e-0d3a-11eb-a781-34363b5fdca4",
    "type": 0,
    "letters": "ACKSST",
    "mov": 25,
    "shovels": 1,
    "coins": 5,
    "rows": 10,
    "cols": 2,
    "c": 0,
    "b": -1,
    "dws": [
        "TAS",
        "ATS",
        "TSK",
        "SAC",
        "SKA",
        "KAS",
        "ASS",
        "TAK",
        "KAT",
        "SKAT",
        "TAKS",
        "KATS",
        "TASS",
        "TSKS",
        "SACS",
        "SKAS",
        "SCATS",
        "SKATS",
        "CASTS",
        "ASKS",
        "SCAT",
        "ACT"
    ],
    "ws": [
        {
            "w": "ASK",
            "v": true,
            "row": 7,
            "col": 2
        },
        {
            "w": "CAT",
            "v": true,
            "row": 4,
            "col": 6
        },
        {
            "w": "SAT",
            "v": false,
            "row": 1,
            "col": 0
        },
        {
            "w": "ACTS",
            "v": true,
            "row": 6,
            "col": 7
        },
        {
            "w": "CASK",
            "v": true,
            "row": 0,
            "col": 9
        },
        {
            "w": "CAST",
            "v": false,
            "row": 9,
            "col": 5
        },
        {
            "w": "CATS",
            "v": false,
            "row": 2,
            "col": 6
        },
        {
            "w": "SACK",
            "v": true,
            "row": 1,
            "col": 0
        },
        {
            "w": "TACK",
            "v": false,
            "row": 7,
            "col": 1
        },
        {
            "w": "TASK",
            "v": false,
            "row": 6,
            "col": 6
        },
        {
            "w": "CASKS",
            "v": false,
            "row": 3,
            "col": 0
        },
        {
            "w": "SACKS",
            "v": false,
            "row": 0,
            "col": 3
        },
        {
            "w": "STACK",
            "v": true,
            "row": 0,
            "col": 7
        },
        {
            "w": "TACKS",
            "v": false,
            "row": 4,
            "col": 4
        },
        {
            "w": "TASKS",
            "v": true,
            "row": 1,
            "col": 2
        },
        {
            "w": "STACKS",
            "v": true,
            "row": 3,
            "col": 4
        }
    ]
}