{
    "id": "df2833e8-0d41-11eb-a781-34363b5fdca4",
    "type": 0,
    "letters": "CEILNT",
    "mov": 29,
    "shovels": 1,
    "coins": 5,
    "rows": 12,
    "cols": 2,
    "c": 0,
    "b": -1,
    "dws": [
        "CEL",
        "CIT",
        "TEC",
        "LEI",
        "LIN",
        "TIL",
        "ELT",
        "TEL",
        "NIE",
        "CIEL",
        "CEIL",
        "CLIT",
        "CELT",
        "CINE",
        "ETIC",
        "TICE",
        "TEIL",
        "NITE",
        "TEIN",
        "CLINE",
        "INCLE",
        "TELIC",
        "CLINT",
        "INTEL",
        "ELINT",
        "LECTIN",
        "LENTIC",
        "INLET",
        "LICE",
        "TILE",
        "ICE",
        "LET",
        "NIL",
        "NIT",
        "TIN"
    ],
    "ws": [
        {
            "w": "LIE",
            "v": false,
            "row": 5,
            "col": 3
        },
        {
            "w": "LIT",
            "v": false,
            "row": 1,
            "col": 7
        },
        {
            "w": "NET",
            "v": false,
            "row": 7,
            "col": 4
        },
        {
            "w": "TEN",
            "v": true,
            "row": 0,
            "col": 3
        },
        {
            "w": "TIC",
            "v": true,
            "row": 7,
            "col": 6
        },
        {
            "w": "TIE",
            "v": true,
            "row": 7,
            "col": 2
        },
        {
            "w": "CENT",
            "v": false,
            "row": 3,
            "col": 4
        },
        {
            "w": "CITE",
            "v": false,
            "row": 9,
            "col": 6
        },
        {
            "w": "LENT",
            "v": true,
            "row": 6,
            "col": 8
        },
        {
            "w": "LIEN",
            "v": false,
            "row": 2,
            "col": 0
        },
        {
            "w": "LINE",
            "v": true,
            "row": 1,
            "col": 1
        },
        {
            "w": "LINT",
            "v": false,
            "row": 8,
            "col": 1
        },
        {
            "w": "LITE",
            "v": true,
            "row": 1,
            "col": 7
        },
        {
            "w": "NICE",
            "v": true,
            "row": 0,
            "col": 5
        },
        {
            "w": "TINE",
            "v": false,
            "row": 0,
            "col": 3
        },
        {
            "w": "CLIENT",
            "v": true,
            "row": 3,
            "col": 4
        }
    ]
}