{
    "id": "e08b51f8-0d40-11eb-a781-34363b5fdca4",
    "type": 0,
    "letters": "EEFRST",
    "mov": 31,
    "shovels": 1,
    "coins": 5,
    "rows": 13,
    "cols": 2,
    "c": 0,
    "b": -1,
    "dws": [
        "FES",
        "EFS",
        "FET",
        "EFT",
        "TEF",
        "FER",
        "ERF",
        "REF",
        "EST",
        "TES",
        "ESE",
        "ERS",
        "SER",
        "RES",
        "RET",
        "ERE",
        "REE",
        "FETS",
        "EFTS",
        "TEFS",
        "REFS",
        "TERF",
        "TREF",
        "REFT",
        "FEER",
        "FERE",
        "STEE",
        "ERST",
        "TRES",
        "RETS",
        "ERES",
        "SERE",
        "REES",
        "TEER",
        "RETE",
        "TERFS",
        "FEERS",
        "FERES",
        "FREET",
        "ESTER",
        "STERE",
        "TEERS",
        "TERES",
        "RETES",
        "REEST",
        "FREEST",
        "FETES",
        "FREES",
        "REEFS",
        "RESET",
        "FEST",
        "FETE",
        "FREE",
        "REEF",
        "SEE"
    ],
    "ws": [
        {
            "w": "FEE",
            "v": true,
            "row": 0,
            "col": 2
        },
        {
            "w": "SET",
            "v": true,
            "row": 7,
            "col": 8
        },
        {
            "w": "TEE",
            "v": false,
            "row": 5,
            "col": 0
        },
        {
            "w": "FEES",
            "v": true,
            "row": 5,
            "col": 6
        },
        {
            "w": "FEET",
            "v": true,
            "row": 2,
            "col": 0
        },
        {
            "w": "FRET",
            "v": false,
            "row": 2,
            "col": 0
        },
        {
            "w": "REST",
            "v": false,
            "row": 2,
            "col": 6
        },
        {
            "w": "SEER",
            "v": false,
            "row": 8,
            "col": 6
        },
        {
            "w": "SERF",
            "v": true,
            "row": 0,
            "col": 6
        },
        {
            "w": "TEES",
            "v": false,
            "row": 6,
            "col": 4
        },
        {
            "w": "TREE",
            "v": false,
            "row": 4,
            "col": 2
        },
        {
            "w": "FRETS",
            "v": false,
            "row": 0,
            "col": 2
        },
        {
            "w": "STEER",
            "v": false,
            "row": 8,
            "col": 0
        },
        {
            "w": "TERSE",
            "v": true,
            "row": 4,
            "col": 2
        },
        {
            "w": "TREES",
            "v": true,
            "row": 2,
            "col": 9
        },
        {
            "w": "FESTER",
            "v": true,
            "row": 3,
            "col": 4
        }
    ]
}