{
    "id": "e4d9a006-0d41-11eb-a781-34363b5fdca4",
    "type": 0,
    "letters": "AEEGNT",
    "mov": 25,
    "shovels": 1,
    "coins": 5,
    "rows": 10,
    "cols": 2,
    "c": 0,
    "b": -1,
    "dws": [
        "NEG",
        "ENG",
        "GEN",
        "NAE",
        "EAN",
        "ANE",
        "NEE",
        "ENE",
        "EEN",
        "GAN",
        "NAT",
        "GAE",
        "TEG",
        "GEE",
        "ETA",
        "TAE",
        "GAT",
        "GENA",
        "GEAN",
        "GANE",
        "GAEN",
        "AGEN",
        "GENT",
        "ETNA",
        "ANTE",
        "TANE",
        "NETE",
        "ETEN",
        "TENE",
        "GANT",
        "TANG",
        "GEAT",
        "GETA",
        "AGEE",
        "AGENE",
        "GENET",
        "TENGE",
        "ENATE",
        "GATE",
        "TEEN",
        "ANT",
        "GET"
    ],
    "ws": [
        {
            "w": "AGE",
            "v": false,
            "row": 2,
            "col": 6
        },
        {
            "w": "ATE",
            "v": false,
            "row": 1,
            "col": 2
        },
        {
            "w": "EAT",
            "v": true,
            "row": 7,
            "col": 1
        },
        {
            "w": "NAG",
            "v": false,
            "row": 6,
            "col": 6
        },
        {
            "w": "NET",
            "v": false,
            "row": 0,
            "col": 4
        },
        {
            "w": "TAG",
            "v": false,
            "row": 6,
            "col": 2
        },
        {
            "w": "TAN",
            "v": true,
            "row": 2,
            "col": 0
        },
        {
            "w": "TEA",
            "v": true,
            "row": 0,
            "col": 6
        },
        {
            "w": "TEE",
            "v": false,
            "row": 4,
            "col": 6
        },
        {
            "w": "TEN",
            "v": true,
            "row": 4,
            "col": 6
        },
        {
            "w": "GENE",
            "v": true,
            "row": 1,
            "col": 8
        },
        {
            "w": "GNAT",
            "v": true,
            "row": 6,
            "col": 8
        },
        {
            "w": "NEAT",
            "v": true,
            "row": 0,
            "col": 4
        },
        {
            "w": "AGENT",
            "v": false,
            "row": 3,
            "col": 0
        },
        {
            "w": "EATEN",
            "v": false,
            "row": 8,
            "col": 0
        },
        {
            "w": "NEGATE",
            "v": true,
            "row": 3,
            "col": 3
        }
    ]
}