{
    "id": "e918aed8-0d40-11eb-a781-34363b5fdca4",
    "type": 0,
    "letters": "ACEHKR",
    "mov": 27,
    "shovels": 1,
    "coins": 5,
    "rows": 11,
    "cols": 2,
    "c": 0,
    "b": -1,
    "dws": [
        "ACH",
        "CHA",
        "HAE",
        "RAH",
        "CHE",
        "ECH",
        "HER",
        "REH",
        "AKE",
        "KAE",
        "KEA",
        "ARK",
        "REC",
        "ERK",
        "RACH",
        "HARK",
        "RHEA",
        "HECK",
        "CHER",
        "CARK",
        "ACER",
        "ACRE",
        "REAK",
        "RECK",
        "HACEK",
        "CHARK",
        "CHARE",
        "RACHE",
        "ACKER",
        "CRAKE",
        "CREAK",
        "CAKE",
        "CARE",
        "CHAR",
        "HACK",
        "ARE"
    ],
    "ws": [
        {
            "w": "ACE",
            "v": true,
            "row": 6,
            "col": 2
        },
        {
            "w": "ARC",
            "v": false,
            "row": 3,
            "col": 0
        },
        {
            "w": "CAR",
            "v": true,
            "row": 7,
            "col": 6
        },
        {
            "w": "EAR",
            "v": false,
            "row": 8,
            "col": 2
        },
        {
            "w": "ERA",
            "v": true,
            "row": 0,
            "col": 5
        },
        {
            "w": "ACHE",
            "v": false,
            "row": 2,
            "col": 5
        },
        {
            "w": "ARCH",
            "v": true,
            "row": 4,
            "col": 7
        },
        {
            "w": "EACH",
            "v": false,
            "row": 7,
            "col": 4
        },
        {
            "w": "HAKE",
            "v": true,
            "row": 2,
            "col": 0
        },
        {
            "w": "HARE",
            "v": true,
            "row": 6,
            "col": 9
        },
        {
            "w": "HEAR",
            "v": false,
            "row": 4,
            "col": 2
        },
        {
            "w": "RACE",
            "v": false,
            "row": 9,
            "col": 6
        },
        {
            "w": "RACK",
            "v": false,
            "row": 6,
            "col": 1
        },
        {
            "w": "RAKE",
            "v": false,
            "row": 0,
            "col": 2
        },
        {
            "w": "REACH",
            "v": true,
            "row": 0,
            "col": 2
        },
        {
            "w": "HACKER",
            "v": true,
            "row": 3,
            "col": 4
        }
    ]
}