{
    "id": "ee6e7250-0d40-11eb-a781-34363b5fdca4",
    "type": 0,
    "letters": "AHLPSS",
    "mov": 23,
    "shovels": 1,
    "coins": 5,
    "rows": 9,
    "cols": 2,
    "c": 0,
    "b": -1,
    "dws": [
        "PAS",
        "ASP",
        "SAL",
        "LAS",
        "ALS",
        "ASS",
        "SHA",
        "AHS",
        "ALP",
        "PAH",
        "HAP",
        "LAH",
        "SALP",
        "ALPS",
        "SPAS",
        "ASPS",
        "PASH",
        "PAHS",
        "HAPS",
        "SALS",
        "LAHS",
        "HASS",
        "SALPS",
        "PLASH",
        "SHAPS",
        "HASPS",
        "PALS",
        "SAPS"
    ],
    "ws": [
        {
            "w": "ASH",
            "v": false,
            "row": 8,
            "col": 6
        },
        {
            "w": "HAS",
            "v": false,
            "row": 4,
            "col": 6
        },
        {
            "w": "LAP",
            "v": true,
            "row": 7,
            "col": 6
        },
        {
            "w": "PAL",
            "v": false,
            "row": 6,
            "col": 7
        },
        {
            "w": "SAP",
            "v": false,
            "row": 5,
            "col": 0
        },
        {
            "w": "SPA",
            "v": true,
            "row": 2,
            "col": 7
        },
        {
            "w": "HASP",
            "v": true,
            "row": 3,
            "col": 0
        },
        {
            "w": "LAPS",
            "v": true,
            "row": 3,
            "col": 2
        },
        {
            "w": "LASH",
            "v": false,
            "row": 8,
            "col": 1
        },
        {
            "w": "LASS",
            "v": false,
            "row": 3,
            "col": 2
        },
        {
            "w": "PASS",
            "v": true,
            "row": 0,
            "col": 5
        },
        {
            "w": "SASH",
            "v": false,
            "row": 2,
            "col": 5
        },
        {
            "w": "SLAP",
            "v": false,
            "row": 6,
            "col": 2
        },
        {
            "w": "SLAPS",
            "v": false,
            "row": 0,
            "col": 2
        },
        {
            "w": "SLASH",
            "v": true,
            "row": 4,
            "col": 8
        },
        {
            "w": "SPLASH",
            "v": true,
            "row": 3,
            "col": 4
        }
    ]
}