{
    "id": "f37603ec-0d42-11eb-a781-34363b5fdca4",
    "type": 0,
    "letters": "EFGLOR",
    "mov": 29,
    "shovels": 1,
    "coins": 5,
    "rows": 12,
    "cols": 2,
    "c": 0,
    "b": -1,
    "dws": [
        "GOE",
        "GEO",
        "GOR",
        "ORG",
        "FEG",
        "GER",
        "ERG",
        "REG",
        "OLE",
        "LOR",
        "ORF",
        "REO",
        "FER",
        "ERF",
        "REF",
        "GOLE",
        "GOEL",
        "LOGE",
        "ERGO",
        "REGO",
        "FLEG",
        "FLOR",
        "ROLF",
        "ORLE",
        "EORL",
        "ORFE",
        "FROE",
        "FOGLE",
        "OGLER",
        "GOFER",
        "FOREL",
        "FLOE",
        "FORE",
        "FROG",
        "LORE",
        "OGLE",
        "FRO",
        "LEG",
        "LOG"
    ],
    "ws": [
        {
            "w": "EGO",
            "v": true,
            "row": 1,
            "col": 3
        },
        {
            "w": "ELF",
            "v": true,
            "row": 4,
            "col": 6
        },
        {
            "w": "FOE",
            "v": false,
            "row": 6,
            "col": 6
        },
        {
            "w": "FOG",
            "v": false,
            "row": 3,
            "col": 7
        },
        {
            "w": "FOR",
            "v": true,
            "row": 7,
            "col": 0
        },
        {
            "w": "GEL",
            "v": true,
            "row": 7,
            "col": 2
        },
        {
            "w": "ORE",
            "v": false,
            "row": 4,
            "col": 4
        },
        {
            "w": "ROE",
            "v": false,
            "row": 8,
            "col": 7
        },
        {
            "w": "FLOG",
            "v": false,
            "row": 3,
            "col": 1
        },
        {
            "w": "GOER",
            "v": false,
            "row": 7,
            "col": 2
        },
        {
            "w": "GOLF",
            "v": true,
            "row": 0,
            "col": 1
        },
        {
            "w": "GORE",
            "v": false,
            "row": 1,
            "col": 0
        },
        {
            "w": "OGRE",
            "v": true,
            "row": 6,
            "col": 7
        },
        {
            "w": "ROLE",
            "v": false,
            "row": 9,
            "col": 0
        },
        {
            "w": "FORGE",
            "v": true,
            "row": 2,
            "col": 8
        },
        {
            "w": "GOLFER",
            "v": true,
            "row": 3,
            "col": 4
        }
    ]
}