{
    "id": "f9831ecc-0d43-11eb-a781-34363b5fdca4",
    "type": 0,
    "letters": "AACELP",
    "mov": 23,
    "shovels": 1,
    "coins": 5,
    "rows": 9,
    "cols": 2,
    "c": 0,
    "b": -1,
    "dws": [
        "ALP",
        "PAC",
        "PEL",
        "LEP",
        "PEC",
        "CEP",
        "ALA",
        "AAL",
        "LAC",
        "CAL",
        "LEA",
        "CAA",
        "CEL",
        "PAAL",
        "ALAP",
        "CALP",
        "PELA",
        "PACA",
        "CAPA",
        "ALAE",
        "ALEC",
        "CALPA",
        "PALEA",
        "CAPLE",
        "ALE",
        "LAP"
    ],
    "ws": [
        {
            "w": "ACE",
            "v": false,
            "row": 8,
            "col": 7
        },
        {
            "w": "APE",
            "v": true,
            "row": 0,
            "col": 3
        },
        {
            "w": "CAP",
            "v": false,
            "row": 4,
            "col": 3
        },
        {
            "w": "PAL",
            "v": false,
            "row": 3,
            "col": 6
        },
        {
            "w": "PEA",
            "v": true,
            "row": 5,
            "col": 6
        },
        {
            "w": "CAPE",
            "v": false,
            "row": 8,
            "col": 1
        },
        {
            "w": "CLAP",
            "v": true,
            "row": 0,
            "col": 6
        },
        {
            "w": "LACE",
            "v": true,
            "row": 5,
            "col": 9
        },
        {
            "w": "LEAP",
            "v": false,
            "row": 1,
            "col": 0
        },
        {
            "w": "PACE",
            "v": true,
            "row": 6,
            "col": 1
        },
        {
            "w": "PALE",
            "v": false,
            "row": 6,
            "col": 3
        },
        {
            "w": "PEAL",
            "v": false,
            "row": 5,
            "col": 6
        },
        {
            "w": "PLEA",
            "v": true,
            "row": 2,
            "col": 8
        },
        {
            "w": "APACE",
            "v": false,
            "row": 0,
            "col": 3
        },
        {
            "w": "PLACE",
            "v": true,
            "row": 0,
            "col": 0
        },
        {
            "w": "PALACE",
            "v": true,
            "row": 3,
            "col": 4
        }
    ]
}