{
    "id": "fa618ae0-0d39-11eb-a781-34363b5fdca4",
    "type": 0,
    "letters": "EHLOST",
    "mov": 35,
    "shovels": 1,
    "coins": 5,
    "rows": 15,
    "cols": 2,
    "c": 0,
    "b": -1,
    "dws": [
        "HOS",
        "OHS",
        "SOH",
        "SHO",
        "THO",
        "HOE",
        "HES",
        "EHS",
        "HET",
        "ETH",
        "SOT",
        "OSE",
        "OES",
        "SOL",
        "LOS",
        "OLE",
        "TES",
        "EST",
        "SEL",
        "ELS",
        "LES",
        "TEL",
        "ELT",
        "HOTS",
        "SOTH",
        "TOSH",
        "HOLS",
        "LOSH",
        "HOTE",
        "HOLT",
        "HELO",
        "HETS",
        "HEST",
        "SHET",
        "ETHS",
        "TOSE",
        "OLES",
        "SLOE",
        "TOLE",
        "LOTE",
        "TELS",
        "ELTS",
        "SHOTE",
        "HOLTS",
        "HOSEL",
        "HELOS",
        "SHEOL",
        "HELOT",
        "THOLE",
        "TOLES",
        "TELOS",
        "LOTES",
        "HELOTS",
        "THOLES",
        "HOTELS",
        "HOLES",
        "HOTEL",
        "SLOTH",
        "THOSE",
        "HOSE",
        "HOST",
        "LEST",
        "LOTH",
        "LOTS",
        "SHOE",
        "SHOT",
        "SOLE",
        "TOE"
    ],
    "ws": [
        {
            "w": "HOT",
            "v": false,
            "row": 4,
            "col": 3
        },
        {
            "w": "LET",
            "v": false,
            "row": 3,
            "col": 0
        },
        {
            "w": "LOT",
            "v": true,
            "row": 3,
            "col": 0
        },
        {
            "w": "SET",
            "v": true,
            "row": 0,
            "col": 3
        },
        {
            "w": "SHE",
            "v": true,
            "row": 6,
            "col": 7
        },
        {
            "w": "THE",
            "v": false,
            "row": 5,
            "col": 0
        },
        {
            "w": "HOES",
            "v": true,
            "row": 5,
            "col": 1
        },
        {
            "w": "HOLE",
            "v": false,
            "row": 1,
            "col": 0
        },
        {
            "w": "LETS",
            "v": false,
            "row": 2,
            "col": 5
        },
        {
            "w": "LOSE",
            "v": true,
            "row": 0,
            "col": 1
        },
        {
            "w": "LOST",
            "v": true,
            "row": 0,
            "col": 8
        },
        {
            "w": "SLOT",
            "v": false,
            "row": 0,
            "col": 3
        },
        {
            "w": "TOES",
            "v": true,
            "row": 0,
            "col": 6
        },
        {
            "w": "ETHOS",
            "v": false,
            "row": 6,
            "col": 3
        },
        {
            "w": "STOLE",
            "v": false,
            "row": 8,
            "col": 1
        },
        {
            "w": "HOSTEL",
            "v": true,
            "row": 3,
            "col": 4
        }
    ]
}