{
    "id": "00961e50-0d42-11eb-a781-34363b5fdca4",
    "type": 0,
    "letters": "AAEGRV",
    "mov": 17,
    "shovels": 1,
    "coins": 5,
    "rows": 6,
    "cols": 2,
    "c": 0,
    "b": -1,
    "dws": [
        "RAV",
        "VAR",
        "GAR",
        "ARE",
        "REV",
        "REG",
        "GER",
        "ERG",
        "AVA",
        "VAG",
        "AVE",
        "VAE",
        "AGA",
        "GAE",
        "VEG",
        "VARA",
        "GRAV",
        "VARE",
        "VERA",
        "RAGA",
        "AGAR",
        "AREG",
        "AGER",
        "GARE",
        "VEGA",
        "AGAVE"
    ],
    "ws": [
        {
            "w": "AGE",
            "v": false,
            "row": 3,
            "col": 3
        },
        {
            "w": "EAR",
            "v": true,
            "row": 4,
            "col": 6
        },
        {
            "w": "ERA",
            "v": false,
            "row": 7,
            "col": 3
        },
        {
            "w": "RAG",
            "v": false,
            "row": 6,
            "col": 1
        },
        {
            "w": "AREA",
            "v": false,
            "row": 5,
            "col": 3
        },
        {
            "w": "AVER",
            "v": false,
            "row": 2,
            "col": 0
        },
        {
            "w": "GAVE",
            "v": false,
            "row": 0,
            "col": 0
        },
        {
            "w": "GEAR",
            "v": true,
            "row": 0,
            "col": 7
        },
        {
            "w": "RAGE",
            "v": false,
            "row": 1,
            "col": 4
        },
        {
            "w": "RAVE",
            "v": true,
            "row": 0,
            "col": 5
        },
        {
            "w": "GRAVE",
            "v": true,
            "row": 0,
            "col": 0
        },
        {
            "w": "RAVAGE",
            "v": true,
            "row": 2,
            "col": 3
        }
    ]
}