{
    "id": "062570b0-0d46-11eb-a781-34363b5fdca4",
    "type": 0,
    "letters": "BDEMOO",
    "mov": 19,
    "shovels": 1,
    "coins": 5,
    "rows": 7,
    "cols": 2,
    "c": 0,
    "b": -1,
    "dws": [
        "OBO",
        "OBE",
        "BOD",
        "DOB",
        "DEB",
        "OOM",
        "MOO",
        "DOO",
        "MOE",
        "EMO",
        "MOD",
        "DOM",
        "MED",
        "DOOB",
        "MOBE",
        "DOBE",
        "MODO",
        "DEMO",
        "DEMOB",
        "MOOED"
    ],
    "ws": [
        {
            "w": "BED",
            "v": false,
            "row": 3,
            "col": 4
        },
        {
            "w": "BOO",
            "v": false,
            "row": 1,
            "col": 3
        },
        {
            "w": "DOE",
            "v": false,
            "row": 6,
            "col": 0
        },
        {
            "w": "MOB",
            "v": false,
            "row": 9,
            "col": 6
        },
        {
            "w": "ODE",
            "v": true,
            "row": 4,
            "col": 7
        },
        {
            "w": "BODE",
            "v": true,
            "row": 0,
            "col": 5
        },
        {
            "w": "BOOM",
            "v": false,
            "row": 0,
            "col": 5
        },
        {
            "w": "DOME",
            "v": true,
            "row": 3,
            "col": 2
        },
        {
            "w": "DOOM",
            "v": true,
            "row": 6,
            "col": 6
        },
        {
            "w": "MODE",
            "v": false,
            "row": 6,
            "col": 4
        },
        {
            "w": "MOOD",
            "v": true,
            "row": 0,
            "col": 8
        },
        {
            "w": "OBOE",
            "v": true,
            "row": 6,
            "col": 1
        },
        {
            "w": "BOOED",
            "v": false,
            "row": 8,
            "col": 0
        },
        {
            "w": "BOOMED",
            "v": true,
            "row": 3,
            "col": 4
        }
    ]
}