{
    "id": "07f48f20-0d41-11eb-a781-34363b5fdca4",
    "type": 0,
    "letters": "FHIINS",
    "mov": 11,
    "shovels": 1,
    "coins": 5,
    "rows": 3,
    "cols": 2,
    "c": 0,
    "b": -1,
    "dws": [
        "IFS",
        "SIF",
        "INS",
        "NIS",
        "HIN",
        "ISH",
        "FINS",
        "NISI",
        "NISH",
        "SINH",
        "HISN",
        "HINS",
        "FINIS"
    ],
    "ws": [
        {
            "w": "FIN",
            "v": true,
            "row": 2,
            "col": 5
        },
        {
            "w": "HIS",
            "v": true,
            "row": 0,
            "col": 0
        },
        {
            "w": "SIN",
            "v": false,
            "row": 2,
            "col": 0
        },
        {
            "w": "FISH",
            "v": false,
            "row": 0,
            "col": 2
        },
        {
            "w": "SHIN",
            "v": false,
            "row": 4,
            "col": 2
        },
        {
            "w": "FINISH",
            "v": true,
            "row": 0,
            "col": 2
        }
    ]
}