{
    "id": "0b583676-0d41-11eb-a781-34363b5fdca4",
    "type": 0,
    "letters": "AOOPTT",
    "mov": 15,
    "shovels": 1,
    "coins": 5,
    "rows": 5,
    "cols": 2,
    "c": 0,
    "b": -1,
    "dws": [
        "OPT",
        "POA",
        "OPA",
        "APO",
        "POO",
        "OOP",
        "APT",
        "TAO",
        "OOT",
        "TAT",
        "ATT",
        "POTT",
        "POOT",
        "TOPO",
        "OTTO",
        "POTTO",
        "PATOOT"
    ],
    "ws": [
        {
            "w": "OAT",
            "v": true,
            "row": 0,
            "col": 1
        },
        {
            "w": "PAT",
            "v": false,
            "row": 5,
            "col": 5
        },
        {
            "w": "POT",
            "v": true,
            "row": 4,
            "col": 1
        },
        {
            "w": "TAP",
            "v": false,
            "row": 2,
            "col": 1
        },
        {
            "w": "TOO",
            "v": false,
            "row": 4,
            "col": 3
        },
        {
            "w": "TOP",
            "v": true,
            "row": 3,
            "col": 5
        },
        {
            "w": "TOT",
            "v": false,
            "row": 6,
            "col": 1
        },
        {
            "w": "ATOP",
            "v": true,
            "row": 4,
            "col": 7
        },
        {
            "w": "TOOT",
            "v": false,
            "row": 0,
            "col": 0
        },
        {
            "w": "POTATO",
            "v": true,
            "row": 2,
            "col": 3
        }
    ]
}