{
    "id": "0be8a0a0-0d44-11eb-a781-34363b5fdca4",
    "type": 0,
    "letters": "DEINNT",
    "mov": 27,
    "shovels": 1,
    "coins": 5,
    "rows": 11,
    "cols": 2,
    "c": 0,
    "b": -1,
    "dws": [
        "NID",
        "NIE",
        "IDE",
        "DEI",
        "DIT",
        "TID",
        "NED",
        "TED",
        "NIDE",
        "NIED",
        "DENI",
        "TIND",
        "NITE",
        "TEIN",
        "TINE",
        "DITE",
        "INNED",
        "IDENT",
        "TEIND",
        "TINED",
        "DENTIN",
        "TINNED",
        "DINE",
        "DEN",
        "END",
        "NET",
        "TEN",
        "TIE"
    ],
    "ws": [
        {
            "w": "DIE",
            "v": false,
            "row": 4,
            "col": 6
        },
        {
            "w": "DIN",
            "v": true,
            "row": 0,
            "col": 6
        },
        {
            "w": "INN",
            "v": false,
            "row": 8,
            "col": 6
        },
        {
            "w": "NIT",
            "v": false,
            "row": 3,
            "col": 3
        },
        {
            "w": "TIN",
            "v": true,
            "row": 1,
            "col": 3
        },
        {
            "w": "DENT",
            "v": false,
            "row": 8,
            "col": 1
        },
        {
            "w": "DIET",
            "v": false,
            "row": 1,
            "col": 5
        },
        {
            "w": "DINT",
            "v": false,
            "row": 1,
            "col": 0
        },
        {
            "w": "EDIT",
            "v": false,
            "row": 6,
            "col": 4
        },
        {
            "w": "NINE",
            "v": true,
            "row": 0,
            "col": 1
        },
        {
            "w": "TEND",
            "v": false,
            "row": 5,
            "col": 1
        },
        {
            "w": "TIDE",
            "v": true,
            "row": 1,
            "col": 8
        },
        {
            "w": "TIED",
            "v": true,
            "row": 5,
            "col": 1
        },
        {
            "w": "INDENT",
            "v": true,
            "row": 3,
            "col": 4
        },
        {
            "w": "INTEND",
            "v": true,
            "row": 4,
            "col": 7
        }
    ]
}