{
    "id": "0d6a5836-0d41-11eb-a781-34363b5fdca4",
    "type": 0,
    "letters": "HLLOOW",
    "mov": 13,
    "shovels": 1,
    "coins": 5,
    "rows": 4,
    "cols": 2,
    "c": 0,
    "b": -1,
    "dws": [
        "HOO",
        "OHO",
        "OOH",
        "LOL",
        "LOO",
        "HOLO",
        "HOLLO"
    ],
    "ws": [
        {
            "w": "HOW",
            "v": true,
            "row": 2,
            "col": 7
        },
        {
            "w": "LOW",
            "v": true,
            "row": 1,
            "col": 5
        },
        {
            "w": "OWL",
            "v": false,
            "row": 5,
            "col": 2
        },
        {
            "w": "WHO",
            "v": true,
            "row": 3,
            "col": 0
        },
        {
            "w": "WOO",
            "v": false,
            "row": 3,
            "col": 5
        },
        {
            "w": "HOWL",
            "v": false,
            "row": 1,
            "col": 2
        },
        {
            "w": "WOOL",
            "v": false,
            "row": 3,
            "col": 0
        },
        {
            "w": "HOLLOW",
            "v": true,
            "row": 0,
            "col": 3
        }
    ]
}