{
    "id": 1019,
    "sub_category": "Air Pack",
    "category": "Lake Group",
    "type": 0,
    "letters": "INNOSU",
    "mov": 20,
    "shovels": 1,
    "coins": 5,
    "rows": 15,
    "cols": 15,
    "c": 0,
    "b": -1,
    "w": 8,
    "h": 8,
    "dws": [
        "UNI",
        "NUS",
        "ISO",
        "INNS",
        "IONS",
        "NONI",
        "ONS",
        "NONIS",
        "SUNN",
        "UNS",
        "OIS",
        "NOUS",
        "OUS",
        "NON",
        "NIS",
        "IOS",
        "NOS",
        "SOU",
        "SUI",
        "UNIS",
        "NOUNS",
        "UNIONS",
        "INS",
        "NUNS"
    ],
    "ws": [
        {
            "w": "INN",
            "v": false,
            "row": 4,
            "col": 3,
            "def": "Any establishment where travellers can procure lodging, food, and drink."
        },
        {
            "w": "ION",
            "v": true,
            "row": 0,
            "col": 2,
            "def": "An atom or group of atoms bearing an electrical charge such as the sodium and chlorine atoms in a salt solution."
        },
        {
            "w": "NUN",
            "v": true,
            "row": 0,
            "col": 4,
            "def": "A member of a Christian religious community of women who live by certain vows and usually wear a habit, in some cases living together in a cloister."
        },
        {
            "w": "SIN",
            "v": true,
            "row": 3,
            "col": 3,
            "def": "A violation of God's will or religious law."
        },
        {
            "w": "SON",
            "v": false,
            "row": 5,
            "col": 1,
            "def": "A male child, a boy or man in relation to his parents; one's male offspring."
        },
        {
            "w": "SUN",
            "v": false,
            "row": 2,
            "col": 0,
            "def": "To expose the eyes to the sun as part of the Bates method."
        },
        {
            "w": "NOUN",
            "v": true,
            "row": 4,
            "col": 5,
            "def": "A word that can be used to refer to a person, animal, place, thing, phenomenon, substance, quality, or idea; one of the basic parts of speech in many languages, including English."
        },
        {
            "w": "ONUS",
            "v": false,
            "row": 7,
            "col": 0,
            "def": "A legal obligation."
        },
        {
            "w": "UNION",
            "v": false,
            "row": 0,
            "col": 0,
            "def": "The act of uniting or joining two or more things into one."
        },
        {
            "w": "UNISON",
            "v": true,
            "row": 2,
            "col": 1,
            "def": "The state of being together, in harmony, at the same time, as one, synchronized."
        }
    ]
}