{
    "id": 1055,
    "sub_category": "Climb Packx",
    "category": "Vista Group",
    "type": 0,
    "letters": "EIMSSX",
    "mov": 18,
    "shovels": 1,
    "coins": 5,
    "rows": 15,
    "cols": 15,
    "c": 0,
    "b": -1,
    "w": 8,
    "h": 6,
    "dws": [
        "SEMIS",
        "SIS",
        "SIMS",
        "SEI",
        "MISE",
        "MISS",
        "XIS",
        "SEISM",
        "MES",
        "ESS",
        "SIES",
        "MISES",
        "MIS",
        "ISMS",
        "SEIS",
        "SIXES",
        "EMS",
        "ISM"
    ],
    "ws": [
        {
            "w": "MIX",
            "v": false,
            "row": 5,
            "col": 3,
            "def": "To stir two or more substances together."
        },
        {
            "w": "SIM",
            "v": true,
            "row": 3,
            "col": 0,
            "def": "A simulation."
        },
        {
            "w": "SIX",
            "v": true,
            "row": 3,
            "col": 5,
            "def": "A numerical value equal to 6; the number occurring after five and before seven."
        },
        {
            "w": "SEX",
            "v": false,
            "row": 3,
            "col": 5,
            "def": "Either of two main divisions (either female or male) into which many organisms can be placed, according to reproductive function or organs."
        },
        {
            "w": "MESS",
            "v": false,
            "row": 1,
            "col": 2,
            "def": "Mass; church service."
        },
        {
            "w": "SEMI",
            "v": false,
            "row": 3,
            "col": 0,
            "def": "A semi-detached house."
        },
        {
            "w": "MIXES",
            "v": true,
            "row": 1,
            "col": 7,
            "def": "Plural form of mix."
        },
        {
            "w": "SEXISM",
            "v": true,
            "row": 0,
            "col": 3,
            "def": "Disadvantage or unequal opportunity arising from the cultural dominance of one gender over the other."
        }
    ]
}