{
    "id": 1111,
    "sub_category": "Arrive Pack",
    "category": "Vista Group",
    "type": 0,
    "letters": "ACCILT",
    "mov": 22,
    "shovels": 1,
    "coins": 5,
    "rows": 15,
    "cols": 15,
    "c": 0,
    "b": -1,
    "w": 9,
    "h": 7,
    "dws": [
        "ALIT",
        "CITAL",
        "CIT",
        "LAC",
        "AIT",
        "TAI",
        "ITA",
        "ICTAL",
        "TALI",
        "LAIC",
        "LATI",
        "CAL",
        "TICCA",
        "CLAT",
        "CLIT",
        "TICAL"
    ],
    "ws": [
        {
            "w": "ACT",
            "v": false,
            "row": 2,
            "col": 5,
            "def": "Something done, a deed."
        },
        {
            "w": "CAT",
            "v": true,
            "row": 5,
            "col": 5,
            "def": "Any similar animal of the family Felidae, which includes lions, tigers, bobcats, etc."
        },
        {
            "w": "LIT",
            "v": true,
            "row": 0,
            "col": 7,
            "def": "Little."
        },
        {
            "w": "TIC",
            "v": false,
            "row": 5,
            "col": 3,
            "def": "A local and habitual convulsive motion of certain muscles."
        },
        {
            "w": "TIL",
            "v": false,
            "row": 7,
            "col": 5,
            "def": "Until, till."
        },
        {
            "w": "AIL",
            "v": false,
            "row": 2,
            "col": 1,
            "def": "Painful; troublesome."
        },
        {
            "w": "ALT",
            "v": false,
            "row": 3,
            "col": 3,
            "def": "A state of excitement, conveyed by a high pitched voice."
        },
        {
            "w": "LAT",
            "v": true,
            "row": 1,
            "col": 5,
            "def": "A Latvian coin and national monetary unit."
        },
        {
            "w": "TAIL",
            "v": true,
            "row": 4,
            "col": 7,
            "def": "The caudal appendage of an animal that is attached to its posterior and near the anus."
        },
        {
            "w": "TALC",
            "v": false,
            "row": 7,
            "col": 0,
            "def": "A soft mineral of a soapy feel and a greenish, whitish, or grayish color, usually occurring in foliated masses."
        },
        {
            "w": "CACTI",
            "v": true,
            "row": 1,
            "col": 1,
            "def": "Plural form of cactus."
        },
        {
            "w": "LACTIC",
            "v": true,
            "row": 2,
            "col": 3,
            "def": "Of, relating to, or derived from milk."
        }
    ]
}