{
    "id": 1118,
    "sub_category": "Arrive Pack",
    "category": "Vista Group",
    "type": 0,
    "letters": "EHRSSU",
    "mov": 20,
    "shovels": 1,
    "coins": 5,
    "rows": 15,
    "cols": 15,
    "c": 0,
    "b": -1,
    "w": 9,
    "h": 8,
    "dws": [
        "REHS",
        "SUER",
        "USERS",
        "HES",
        "SER",
        "SERS",
        "HUSS",
        "RHUS",
        "SUERS",
        "RHUSES",
        "ERS",
        "RUSES",
        "EHS",
        "SUE",
        "SHE",
        "URES",
        "ESS",
        "ERHU",
        "RUE",
        "HUER",
        "RUSHES",
        "URE",
        "HUE",
        "SESH",
        "REH",
        "HUERS",
        "HER",
        "USHERS",
        "SUS",
        "RES",
        "RUES",
        "SHES",
        "USE",
        "RESH"
    ],
    "ws": [
        {
            "w": "HERS",
            "v": false,
            "row": 5,
            "col": 0,
            "def": "That which belongs to her; the possessive case of she, used without a following noun."
        },
        {
            "w": "HUES",
            "v": true,
            "row": 0,
            "col": 7,
            "def": "Plural form of hue."
        },
        {
            "w": "RUSH",
            "v": false,
            "row": 0,
            "col": 4,
            "def": "Any of several stiff aquatic or marsh plants of the genus Juncus, having hollow or pithy stems and small flowers."
        },
        {
            "w": "SUES",
            "v": false,
            "row": 7,
            "col": 0,
            "def": "Third-person singular simple present indicative form of sue."
        },
        {
            "w": "SURE",
            "v": true,
            "row": 2,
            "col": 1,
            "def": "Physically secure and certain, non-failing, reliable."
        },
        {
            "w": "USER",
            "v": true,
            "row": 0,
            "col": 5,
            "def": "One who uses or makes use of something, a consumer."
        },
        {
            "w": "USES",
            "v": false,
            "row": 6,
            "col": 3,
            "def": "Plural form of use."
        },
        {
            "w": "RUSE",
            "v": true,
            "row": 4,
            "col": 6,
            "def": "A trick."
        },
        {
            "w": "USHER",
            "v": false,
            "row": 3,
            "col": 1,
            "def": "A person, in a church, cinema etc., who escorts people to their seats."
        },
        {
            "w": "RHESUS",
            "v": true,
            "row": 2,
            "col": 3,
            "def": "A macaque monkey native of southern and southeastern Asia; Macaca mulatta."
        }
    ]
}