{
    "id": 1139,
    "sub_category": "Bright Pack",
    "category": "Cliff Group",
    "type": 0,
    "letters": "MOPPRT",
    "mov": 24,
    "shovels": 1,
    "coins": 5,
    "rows": 15,
    "cols": 15,
    "c": 0,
    "b": -1,
    "w": 11,
    "h": 8,
    "dws": [
        "MORT",
        "ROM",
        "MOT",
        "MOR",
        "TOM",
        "TROP",
        "ORT",
        "POM",
        "TOR"
    ],
    "ws": [
        {
            "w": "MOP",
            "v": false,
            "row": 8,
            "col": 7,
            "def": "An implement for washing floors, or the like, made of a piece of cloth, or a collection of thrums, or coarse yarn, fastened to a handle."
        },
        {
            "w": "POP",
            "v": true,
            "row": 5,
            "col": 6,
            "def": "A loud, sharp sound as of a cork coming out of a bottle."
        },
        {
            "w": "POT",
            "v": false,
            "row": 0,
            "col": 1,
            "def": "A vessel used for cooking or storing food."
        },
        {
            "w": "PRO",
            "v": true,
            "row": 4,
            "col": 2,
            "def": "An advantage of something, especially when contrasted with its disadvantages (cons)."
        },
        {
            "w": "ROT",
            "v": true,
            "row": 6,
            "col": 1,
            "def": "To suffer decomposition due to biological action, especially by fungi or bacteria."
        },
        {
            "w": "TOP",
            "v": false,
            "row": 7,
            "col": 4,
            "def": "That part of an object furthest away in the opposite direction from that in which an unsupported object would fall."
        },
        {
            "w": "OPT",
            "v": true,
            "row": 4,
            "col": 0,
            "def": "To choose; to select."
        },
        {
            "w": "PORT",
            "v": true,
            "row": 0,
            "col": 1,
            "def": "A place on the coast at which ships can shelter, or dock to load and unload cargo or passengers."
        },
        {
            "w": "PROM",
            "v": false,
            "row": 4,
            "col": 2,
            "def": "A promenade concert."
        },
        {
            "w": "PROP",
            "v": false,
            "row": 5,
            "col": 6,
            "def": "An object placed against or under another, to support it; anything that supports."
        },
        {
            "w": "ROMP",
            "v": false,
            "row": 2,
            "col": 1,
            "def": "To play about roughly, energetically or boisterously."
        },
        {
            "w": "POMP",
            "v": true,
            "row": 5,
            "col": 9,
            "def": "Show of magnificence; parade; display; power."
        },
        {
            "w": "TROMP",
            "v": false,
            "row": 6,
            "col": 0,
            "def": "To tread heavily, especially to crush underfoot."
        },
        {
            "w": "PROMPT",
            "v": true,
            "row": 2,
            "col": 4,
            "def": "Ready, willing (to act)."
        }
    ]
}