{
    "id": 1147,
    "sub_category": "Bright Pack",
    "category": "Cliff Group",
    "type": 0,
    "letters": "ACLRSW",
    "mov": 22,
    "shovels": 1,
    "coins": 5,
    "rows": 15,
    "cols": 15,
    "c": 0,
    "b": -1,
    "w": 9,
    "h": 7,
    "dws": [
        "CARL",
        "SAL",
        "LARS",
        "CAW",
        "SLAW",
        "AWLS",
        "CLAWS",
        "CARS",
        "CAL",
        "ARCS",
        "CRAWS",
        "LAWS",
        "SCRAW",
        "LAS",
        "LACS",
        "SAR",
        "ARS",
        "CAWS",
        "ALS",
        "SCAW",
        "CALS",
        "LAR",
        "LAC",
        "AWL",
        "CRAW",
        "CRAWLS",
        "RAS",
        "RAWS",
        "CARLS",
        "WARS"
    ],
    "ws": [
        {
            "w": "ARC",
            "v": false,
            "row": 6,
            "col": 4,
            "def": "A directed edge."
        },
        {
            "w": "CAR",
            "v": false,
            "row": 4,
            "col": 4,
            "def": "A wheeled vehicle, drawn by a horse or other animal."
        },
        {
            "w": "LAW",
            "v": false,
            "row": 7,
            "col": 2,
            "def": "The body of rules and standards issued by a government, or to be applied by courts and similar authorities."
        },
        {
            "w": "RAW",
            "v": false,
            "row": 6,
            "col": 0,
            "def": "Of weather: unpleasantly damp or cold."
        },
        {
            "w": "SAW",
            "v": false,
            "row": 2,
            "col": 4,
            "def": "A tool with a toothed blade used for cutting hard substances, in particular wood or metal."
        },
        {
            "w": "WAR",
            "v": true,
            "row": 2,
            "col": 6,
            "def": "Organized, large-scale, armed conflict between countries or between national, ethnic, or other sizeable groups, usually involving the engagement of military forces."
        },
        {
            "w": "WAS",
            "v": true,
            "row": 0,
            "col": 4,
            "def": "First-person singular simple past tense indicative of be."
        },
        {
            "w": "SAC",
            "v": false,
            "row": 3,
            "col": 0,
            "def": "A bag or pouch inside a plant or animal that typically contains a fluid."
        },
        {
            "w": "CLAW",
            "v": true,
            "row": 4,
            "col": 4,
            "def": "A curved, pointed horny nail on each digit of the foot of a mammal, reptile, or bird."
        },
        {
            "w": "SCAR",
            "v": true,
            "row": 3,
            "col": 0,
            "def": "A permanent mark on the skin sometimes caused by the healing of a wound."
        },
        {
            "w": "CRAWL",
            "v": false,
            "row": 0,
            "col": 1,
            "def": "To creep; to move slowly on hands and knees, or by dragging the body along the ground."
        },
        {
            "w": "SCRAWL",
            "v": true,
            "row": 2,
            "col": 2,
            "def": "An Irregular, possibly illegible handwriting."
        }
    ]
}