{
    "id": 1162,
    "sub_category": "Dawn Pack",
    "category": "Cliff Group",
    "type": 0,
    "letters": "AAILMS",
    "mov": 20,
    "shovels": 1,
    "coins": 5,
    "rows": 15,
    "cols": 15,
    "c": 0,
    "b": -1,
    "w": 9,
    "h": 8,
    "dws": [
        "MAA",
        "LAMAS",
        "LIMAS",
        "SAL",
        "AMA",
        "AALS",
        "AMIS",
        "SIMA",
        "MAILS",
        "SAI",
        "LAMIA",
        "SAMA",
        "MAS",
        "LIS",
        "AIS",
        "AMAS",
        "AIAS",
        "SIM",
        "AMLA",
        "MASA",
        "AIM",
        "AMI",
        "AAS",
        "MIS",
        "SMA",
        "MALA",
        "MALS",
        "LAMIAS",
        "AIA",
        "ISM",
        "LIAS",
        "ALMA",
        "AAL",
        "SALMI",
        "MALI",
        "ALMAS",
        "AMIAS",
        "LAS",
        "LAMS",
        "SAM",
        "MIL",
        "LIMA",
        "MILS",
        "ALA",
        "ALS",
        "MALIS",
        "AMIA",
        "AIL",
        "MAAS",
        "LAM",
        "MALAS",
        "AMLAS",
        "MAL",
        "LAMA",
        "SAIM",
        "SIAL"
    ],
    "ws": [
        {
            "w": "AIMS",
            "v": true,
            "row": 0,
            "col": 6,
            "def": "Plural form of aim."
        },
        {
            "w": "MAIL",
            "v": true,
            "row": 4,
            "col": 5,
            "def": "To send (a letter or parcel) through the mail."
        },
        {
            "w": "SAIL",
            "v": false,
            "row": 4,
            "col": 0,
            "def": "A piece of fabric attached to a boat and arranged such that it causes the wind to drive the boat along. The sail may be attached to the boat via a combination of mast, spars and ropes."
        },
        {
            "w": "SLAM",
            "v": false,
            "row": 6,
            "col": 0,
            "def": "To shut with sudden force so as to produce a shock and noise."
        },
        {
            "w": "SLIM",
            "v": false,
            "row": 2,
            "col": 3,
            "def": "Slender, thin."
        },
        {
            "w": "AILS",
            "v": true,
            "row": 4,
            "col": 1,
            "def": "Plural form of ail."
        },
        {
            "w": "ALAS",
            "v": false,
            "row": 5,
            "col": 3,
            "def": "Used to express sorrow, regret, compassion or grief."
        },
        {
            "w": "ALMS",
            "v": true,
            "row": 1,
            "col": 0,
            "def": "Something given to the poor as charity, such as money, clothing or food."
        },
        {
            "w": "ALIAS",
            "v": false,
            "row": 0,
            "col": 3,
            "def": "Otherwise; at another time; in other circumstances; otherwise called."
        },
        {
            "w": "SALAMI",
            "v": true,
            "row": 2,
            "col": 3,
            "def": "A highly seasoned type of large sausage of Italian origin, typically made from chopped pork or beef and often garlic, and served in slices."
        }
    ]
}