{
    "id": 1165,
    "sub_category": "Dawn Pack",
    "category": "Cliff Group",
    "type": 0,
    "letters": "ENRSUU",
    "mov": 18,
    "shovels": 1,
    "coins": 5,
    "rows": 15,
    "cols": 15,
    "c": 0,
    "b": -1,
    "w": 8,
    "h": 8,
    "dws": [
        "NUS",
        "SUER",
        "NUR",
        "NURS",
        "URUS",
        "ERN",
        "SER",
        "UNS",
        "RUNES",
        "SUN",
        "SEN",
        "ERS",
        "RUN",
        "RENS",
        "SUE",
        "URES",
        "REN",
        "RUE",
        "URE",
        "ENS",
        "USURE",
        "ERNS",
        "URN",
        "RUES",
        "RES",
        "USE"
    ],
    "ws": [
        {
            "w": "RUNS",
            "v": false,
            "row": 3,
            "col": 1,
            "def": "Plural form of run."
        },
        {
            "w": "SURE",
            "v": false,
            "row": 7,
            "col": 0,
            "def": "Physically secure and certain, non-failing, reliable."
        },
        {
            "w": "URNS",
            "v": true,
            "row": 4,
            "col": 0,
            "def": "Plural form of urn."
        },
        {
            "w": "USER",
            "v": true,
            "row": 0,
            "col": 1,
            "def": "One who uses or makes use of something, a consumer."
        },
        {
            "w": "RUSE",
            "v": false,
            "row": 6,
            "col": 3,
            "def": "A trick."
        },
        {
            "w": "RUNE",
            "v": true,
            "row": 3,
            "col": 6,
            "def": "A letter, or character, belonging to the written language of various ancient Germanic peoples, especially the Scandinavians and the Anglo-Saxons."
        },
        {
            "w": "NURSE",
            "v": false,
            "row": 0,
            "col": 0,
            "def": "A wet-nurse."
        },
        {
            "w": "UNSURE",
            "v": true,
            "row": 2,
            "col": 3,
            "def": "Uncertain of the facts."
        }
    ]
}