{
    "id": 1169,
    "sub_category": "Brood Pack",
    "category": "Cliff Group",
    "type": 0,
    "letters": "CLRTUY",
    "mov": 20,
    "shovels": 1,
    "coins": 5,
    "rows": 15,
    "cols": 15,
    "c": 0,
    "b": -1,
    "w": 8,
    "h": 8,
    "dws": [
        "CLY",
        "CRU",
        "LUR",
        "YURT",
        "RUC",
        "CURLY",
        "CULTY",
        "RULY",
        "RYU"
    ],
    "ws": [
        {
            "w": "CRY",
            "v": true,
            "row": 3,
            "col": 6,
            "def": "To shed tears; to weep."
        },
        {
            "w": "CUT",
            "v": false,
            "row": 2,
            "col": 2,
            "def": "Having been cut."
        },
        {
            "w": "RUT",
            "v": true,
            "row": 0,
            "col": 4,
            "def": "Sexual desire or oestrus of cattle, and various other mammals."
        },
        {
            "w": "TRY",
            "v": false,
            "row": 7,
            "col": 0,
            "def": "To attempt. Followed by infinitive."
        },
        {
            "w": "CUR",
            "v": false,
            "row": 4,
            "col": 0,
            "def": "A mongrel or inferior dog."
        },
        {
            "w": "CULT",
            "v": true,
            "row": 4,
            "col": 0,
            "def": "A group of people with a religious, philosophical or cultural identity sometimes viewed as a sect, often existing on the margins of society or exploitative towards its members."
        },
        {
            "w": "CURL",
            "v": true,
            "row": 4,
            "col": 4,
            "def": "A piece or lock of curling hair; a ringlet."
        },
        {
            "w": "CURT",
            "v": false,
            "row": 0,
            "col": 2,
            "def": "Brief or terse, especially to the point of being rude."
        },
        {
            "w": "TRULY",
            "v": false,
            "row": 5,
            "col": 2,
            "def": "In accordance with the facts; truthfully, accurately."
        },
        {
            "w": "CURTLY",
            "v": true,
            "row": 2,
            "col": 2,
            "def": "In a curt manner; tersely, almost rudely."
        }
    ]
}