{
    "id": 1193,
    "sub_category": "View Pack",
    "category": "Cliff Group",
    "type": 0,
    "letters": "GORTUY",
    "mov": 16,
    "shovels": 1,
    "coins": 5,
    "rows": 15,
    "cols": 15,
    "c": 0,
    "b": -1,
    "w": 7,
    "h": 7,
    "dws": [
        "TUG",
        "ROT",
        "GYRO",
        "ROGUY",
        "TROY",
        "OUR",
        "GOUTY",
        "YURT",
        "TYRO",
        "GOR",
        "TOR",
        "RUT",
        "GROT",
        "RUG",
        "YOUR",
        "GUR",
        "YUG",
        "TORY",
        "GOY",
        "ORGY",
        "YOU",
        "GUYOT",
        "TRY",
        "GUY",
        "YGO",
        "TROG",
        "GROUTY",
        "TOG",
        "TYG",
        "ORG",
        "RYOT",
        "OUT",
        "TROU",
        "GUT",
        "RYU",
        "ORT",
        "TOY",
        "GOT",
        "TRUG",
        "YOGURT",
        "GROUT",
        "TOUR",
        "GORY",
        "ROUT",
        "GOUT"
    ],
    "ws": []
}