{
    "id": 1201,
    "sub_category": "Fresh Pack",
    "category": "Beach Group",
    "type": 0,
    "letters": "HIRSTT",
    "mov": 20,
    "shovels": 1,
    "coins": 5,
    "rows": 15,
    "cols": 15,
    "c": 0,
    "b": -1,
    "w": 8,
    "h": 7,
    "dws": [
        "RIT",
        "RITTS",
        "SITH",
        "SHRI",
        "SRI",
        "TRIST",
        "HIST",
        "TIT",
        "SIHR",
        "HITS",
        "TITS",
        "RITT",
        "SHIR",
        "SHIT",
        "RITS",
        "ISH",
        "THIR"
    ],
    "ws": [
        {
            "w": "HIS",
            "v": true,
            "row": 0,
            "col": 4,
            "def": "Belonging to him."
        },
        {
            "w": "HIT",
            "v": false,
            "row": 7,
            "col": 0,
            "def": "To administer a blow to."
        },
        {
            "w": "ITS",
            "v": false,
            "row": 1,
            "col": 4,
            "def": "The one (or ones) belonging to it."
        },
        {
            "w": "SIR",
            "v": true,
            "row": 5,
            "col": 4,
            "def": "A man of a higher rank or position."
        },
        {
            "w": "SIT",
            "v": false,
            "row": 0,
            "col": 0,
            "def": "To be in a position in which the upper body is upright and the legs (especially the upper legs) are supported by some object."
        },
        {
            "w": "TIS",
            "v": false,
            "row": 2,
            "col": 2,
            "def": "Plural of til."
        },
        {
            "w": "STIR",
            "v": false,
            "row": 6,
            "col": 2,
            "def": "To change the place of in any manner; to move."
        },
        {
            "w": "THIS",
            "v": false,
            "row": 4,
            "col": 0,
            "def": "The (thing) here (used in indicating something or someone nearby)."
        },
        {
            "w": "SHIRT",
            "v": true,
            "row": 0,
            "col": 0,
            "def": "An article of clothing that is worn on the upper part of the body, and often has sleeves, either long or short, that cover the arms."
        },
        {
            "w": "THIRST",
            "v": true,
            "row": 2,
            "col": 2,
            "def": "A sensation of dryness in the throat associated with a craving for liquids, produced by deprivation of drink, or by some other cause (as fear, excitement, etc.) which arrests the secretion of the pharyngeal mucous membrane; hence, the condition producing this sensation."
        }
    ]
}