{
    "id": 1202,
    "sub_category": "Fresh Pack",
    "category": "Beach Group",
    "type": 0,
    "letters": "AEHNSV",
    "mov": 22,
    "shovels": 1,
    "coins": 5,
    "rows": 15,
    "cols": 15,
    "c": 0,
    "b": -1,
    "w": 10,
    "h": 9,
    "dws": [
        "AVENS",
        "HANSE",
        "VAN",
        "ANS",
        "SHA",
        "NAE",
        "SAV",
        "NAV",
        "HES",
        "HAEN",
        "VAES",
        "HAVENS",
        "SENA",
        "ANE",
        "NAH",
        "NAVES",
        "AVE",
        "SEN",
        "HAE",
        "EANS",
        "VAS",
        "SHEA",
        "EAN",
        "SHEN",
        "HAN",
        "HAES",
        "HAS",
        "NAS",
        "EHS",
        "HEN",
        "SHE",
        "AVES",
        "SAE",
        "SEAN",
        "NAVS",
        "ASH",
        "SHEVA",
        "AHS",
        "NAES",
        "ENS",
        "SHAN",
        "SAN",
        "VANES",
        "VAE",
        "VENA",
        "SEV",
        "EAS",
        "SEA",
        "ANES",
        "NESH",
        "HAVES",
        "SHAVEN",
        "ASHEN",
        "HAVEN",
        "SHAVE",
        "HAVE",
        "HENS",
        "SANE",
        "SAVE",
        "VANS",
        "VASE",
        "VANE",
        "NAVE"
    ],
    "ws": []
}