{
    "id": 1210,
    "sub_category": "Fresh Pack",
    "category": "Beach Group",
    "type": 0,
    "letters": "CIMNOR",
    "mov": 18,
    "shovels": 1,
    "coins": 5,
    "rows": 15,
    "cols": 15,
    "c": 0,
    "b": -1,
    "w": 9,
    "h": 7,
    "dws": [
        "CION",
        "MIR",
        "COIR",
        "CON",
        "ION",
        "MIRO",
        "NORI",
        "CONI",
        "COM",
        "RIN",
        "CORM",
        "ROIN",
        "NIM",
        "CRIM",
        "ORC",
        "MOI",
        "MIC",
        "INRO",
        "MOC",
        "MINO",
        "MORN",
        "MOR",
        "MON",
        "NOMIC",
        "NOR",
        "ROM",
        "MICO",
        "COR",
        "ORCIN",
        "MONIC",
        "RIM",
        "NOM",
        "ROC",
        "NOIR"
    ],
    "ws": [
        {
            "w": "COIN",
            "v": false,
            "row": 4,
            "col": 3,
            "def": "A piece of currency, usually metallic and in the shape of a disc, but sometimes polygonal, or with a hole in the middle."
        },
        {
            "w": "CORN",
            "v": true,
            "row": 1,
            "col": 6,
            "def": "A cereal plant grown for its grain, specifically the main such plant grown in a given region, such as oats in parts of Scotland and Ireland, wheat or barley in England and Wales, and maize or sweetcorn in the Americas."
        },
        {
            "w": "ICON",
            "v": false,
            "row": 7,
            "col": 0,
            "def": "An image, symbol, picture, or other representation usually as an object of religious devotion."
        },
        {
            "w": "IRON",
            "v": true,
            "row": 4,
            "col": 5,
            "def": "A common, inexpensive metal, often black in color, that rusts, is attracted by magnets, and is used in making steel."
        },
        {
            "w": "NORM",
            "v": false,
            "row": 2,
            "col": 0,
            "def": "That which is regarded as normal or typical."
        },
        {
            "w": "MINOR",
            "v": true,
            "row": 0,
            "col": 0,
            "def": "Of little significance or importance."
        },
        {
            "w": "MICRO",
            "v": false,
            "row": 0,
            "col": 0,
            "def": "Small, relatively small; used to contrast levels of the noun modified."
        },
        {
            "w": "MICRON",
            "v": true,
            "row": 2,
            "col": 3,
            "def": "A unit of length; the thousandth part of one millimeter; the millionth part of a meter."
        }
    ]
}