{
    "id": 1232,
    "sub_category": "Shell Pack",
    "category": "Beach Group",
    "type": 0,
    "letters": "EEINRT",
    "mov": 22,
    "shovels": 1,
    "coins": 5,
    "rows": 15,
    "cols": 15,
    "c": 0,
    "b": -1,
    "w": 11,
    "h": 9,
    "dws": [
        "RET",
        "RIT",
        "TEIN",
        "TEEN",
        "NIT",
        "ERN",
        "REI",
        "ERE",
        "ETEN",
        "RENTE",
        "TEE",
        "RETE",
        "RIN",
        "ENE",
        "NITER",
        "TENE",
        "NITE",
        "EEN",
        "RETINE",
        "NIE",
        "TRINE",
        "REN",
        "TIE",
        "TREEN",
        "NEE",
        "TRIE",
        "NERITE",
        "REE",
        "REEN",
        "NITRE",
        "ERNE",
        "TRIENE",
        "TIN",
        "RETIE",
        "TERNE",
        "TRIN",
        "TEER",
        "NET",
        "TEN",
        "NETE",
        "IRE",
        "RINE",
        "ENTIRE",
        "ENTER",
        "INERT",
        "INTER",
        "RENT",
        "TIRE",
        "TREE",
        "REIN",
        "RITE",
        "TIER",
        "TERN",
        "TINE"
    ],
    "ws": []
}