{
    "id": 1234,
    "sub_category": "Wash Pack",
    "category": "Beach Group",
    "type": 0,
    "letters": "EGIORT",
    "mov": 22,
    "shovels": 1,
    "coins": 5,
    "rows": 15,
    "cols": 15,
    "c": 0,
    "b": -1,
    "w": 10,
    "h": 10,
    "dws": [
        "RET",
        "RIT",
        "GIE",
        "TOE",
        "REGO",
        "ERGOT",
        "ROT",
        "ERGO",
        "REG",
        "GIRT",
        "TRIG",
        "GORI",
        "GIRO",
        "REI",
        "TORI",
        "GEIT",
        "TOGE",
        "GIT",
        "REO",
        "EGO",
        "ERG",
        "GRIOT",
        "ORE",
        "GERT",
        "GOR",
        "TEG",
        "TOR",
        "GET",
        "GROT",
        "RIG",
        "GOE",
        "TRIGO",
        "TIE",
        "GEO",
        "GITE",
        "TRIE",
        "TROG",
        "ROE",
        "GOER",
        "TOG",
        "ORG",
        "ROTI",
        "TIRO",
        "GER",
        "TIG",
        "GOITRE",
        "GIO",
        "ORT",
        "GOT",
        "IRE",
        "TIGE",
        "GOITER",
        "TIGER",
        "RIOT",
        "TIRE",
        "TORE",
        "TRIO",
        "GRIT",
        "OGRE",
        "RITE",
        "TIER",
        "ROTE",
        "GORE"
    ],
    "ws": []
}