{
    "id": 1262,
    "sub_category": "Aqua Pack",
    "category": "Beach Group",
    "type": 0,
    "letters": "CEIKLN",
    "mov": 20,
    "shovels": 1,
    "coins": 5,
    "rows": 15,
    "cols": 15,
    "c": 0,
    "b": -1,
    "w": 9,
    "h": 8,
    "dws": [
        "CIEL",
        "NEK",
        "ELK",
        "LEI",
        "LIE",
        "CEIL",
        "CEL",
        "CLINE",
        "CLEIK",
        "NIE",
        "LINE",
        "LIN",
        "CINE",
        "INK",
        "INCLE",
        "NICKLE",
        "ICE",
        "INKLE",
        "NIL",
        "EIK",
        "ICK",
        "LIEN",
        "KILN",
        "ICKLE",
        "KIN",
        "LEK",
        "KINE",
        "ILK",
        "KEN",
        "NICKEL",
        "CLINK",
        "LIKEN",
        "LICK",
        "LIKE",
        "LINK",
        "NECK",
        "NICE",
        "NICK",
        "LICE"
    ],
    "ws": []
}