{
    "id": 1267,
    "sub_category": "Pebble Pack",
    "category": "Beach Group",
    "type": 0,
    "letters": "BDESUU",
    "mov": 18,
    "shovels": 1,
    "coins": 5,
    "rows": 15,
    "cols": 15,
    "c": 0,
    "b": -1,
    "w": 9,
    "h": 7,
    "dws": [
        "DUE",
        "SUE",
        "DEBUS",
        "DUB",
        "DEB",
        "BUS",
        "UDS",
        "SED",
        "EDS",
        "BED",
        "SUD",
        "USE",
        "DEBS",
        "BES",
        "DEUS",
        "SUB",
        "BUD",
        "BEDU"
    ],
    "ws": [
        {
            "w": "BEDS",
            "v": false,
            "row": 2,
            "col": 0,
            "def": "Plural form of bed."
        },
        {
            "w": "BUDS",
            "v": false,
            "row": 5,
            "col": 1,
            "def": "Plural form of bud."
        },
        {
            "w": "DUES",
            "v": true,
            "row": 0,
            "col": 1,
            "def": "Plural form of due."
        },
        {
            "w": "USED",
            "v": false,
            "row": 3,
            "col": 3,
            "def": "Simple past tense and past participle of use."
        },
        {
            "w": "DUBS",
            "v": false,
            "row": 0,
            "col": 3,
            "def": "Plural form of dub."
        },
        {
            "w": "SUED",
            "v": true,
            "row": 0,
            "col": 6,
            "def": "Simple past tense and past participle of sue."
        },
        {
            "w": "BUSED",
            "v": false,
            "row": 7,
            "col": 0,
            "def": "Simple past tense and past participle of bus."
        },
        {
            "w": "SUBDUE",
            "v": true,
            "row": 2,
            "col": 3,
            "def": "To overcome, quieten, or bring under control."
        }
    ]
}