{
    "id": 129,
    "sub_category": "Cliff Pack",
    "category": "Canyon Group",
    "type": 0,
    "letters": "DEEEGR",
    "mov": 16,
    "shovels": 1,
    "coins": 5,
    "rows": 15,
    "cols": 15,
    "c": 0,
    "b": -1,
    "w": 6,
    "h": 6,
    "dws": [
        "REG",
        "DERE",
        "GEE",
        "ERE",
        "ERG",
        "ERED",
        "DREG",
        "GED",
        "GREE",
        "DEE",
        "DREE",
        "GEED",
        "GERE",
        "EGRE",
        "REE",
        "GER",
        "EDGER",
        "REDE",
        "EGER",
        "DEG"
    ],
    "ws": [
        {
            "w": "RED",
            "v": false,
            "row": 1,
            "col": 0,
            "def": "Having red as its colour."
        },
        {
            "w": "DEER",
            "v": false,
            "row": 5,
            "col": 1,
            "def": "A beast, usually a quadruped as opposed to birds, fish, etc."
        },
        {
            "w": "EDGE",
            "v": false,
            "row": 2,
            "col": 2,
            "def": "The boundary line of a surface."
        },
        {
            "w": "REED",
            "v": true,
            "row": 1,
            "col": 5,
            "def": "Any of various types of tall stiff perennial grass-like plants growing together in groups near water."
        },
        {
            "w": "GREED",
            "v": true,
            "row": 0,
            "col": 0,
            "def": "A selfish or excessive desire for more than is needed or deserved, especially of money, wealth, food, or other possessions."
        },
        {
            "w": "DEGREE",
            "v": true,
            "row": 1,
            "col": 2,
            "def": "The number of edges that a vertex takes part in; a valency."
        }
    ]
}