{
    "id": 141,
    "sub_category": "Cliff Pack",
    "category": "Canyon Group",
    "type": 0,
    "letters": "EEENRT",
    "mov": 18,
    "shovels": 1,
    "coins": 5,
    "rows": 15,
    "cols": 15,
    "c": 0,
    "b": -1,
    "w": 7,
    "h": 7,
    "dws": [
        "RET",
        "ETERNE",
        "ERN",
        "ERE",
        "ETEN",
        "RENTE",
        "RETE",
        "ENE",
        "TENE",
        "TERN",
        "RETENE",
        "TEENER",
        "REN",
        "TREEN",
        "NEE",
        "REE",
        "REEN",
        "ERNE",
        "TERNE",
        "TEER",
        "NETE",
        "EEN"
    ],
    "ws": [
        {
            "w": "NET",
            "v": true,
            "row": 0,
            "col": 0,
            "def": "A mesh of string, cord or rope."
        },
        {
            "w": "TEE",
            "v": false,
            "row": 4,
            "col": 2,
            "def": "The name of the Latin script letter T/t."
        },
        {
            "w": "TEN",
            "v": true,
            "row": 0,
            "col": 3,
            "def": "A numerical value equal to 10; the number occurring after nine and before eleven, represented in Roman numerals as X, in Arabic numerals as 10, and in the hexadecimal system (base 16) as A."
        },
        {
            "w": "RENT",
            "v": false,
            "row": 7,
            "col": 1,
            "def": "A payment made by a tenant at intervals in order to occupy a property."
        },
        {
            "w": "TEEN",
            "v": false,
            "row": 2,
            "col": 0,
            "def": "A teenager, a person between 13 and 19 years old."
        },
        {
            "w": "TREE",
            "v": false,
            "row": 0,
            "col": 3,
            "def": "A large plant, not exactly defined, but typically over four meters in height, a single trunk which grows in girth with age and branches (which also grow in circumference with age)."
        },
        {
            "w": "ENTER",
            "v": true,
            "row": 0,
            "col": 6,
            "def": "To go into (a room, etc.)."
        },
        {
            "w": "ENTREE",
            "v": true,
            "row": 2,
            "col": 2,
            "def": "The main course or main dish of a meal."
        }
    ]
}