{
    "id": 1418,
    "sub_category": "Polar Pack",
    "category": "Celestial Group",
    "type": 0,
    "letters": "EEERSV",
    "mov": 16,
    "shovels": 1,
    "coins": 5,
    "rows": 15,
    "cols": 15,
    "c": 0,
    "b": -1,
    "w": 7,
    "h": 6,
    "dws": [
        "RESEE",
        "REEVE",
        "VEERS",
        "SER",
        "REES",
        "ERE",
        "EREV",
        "EVES",
        "VERS",
        "VEE",
        "EREVS",
        "ERES",
        "SERE",
        "ERS",
        "REV",
        "ESE",
        "REEVES",
        "EVE",
        "REE",
        "SEV",
        "RES",
        "REVS",
        "SEE",
        "SEER",
        "VEES",
        "SEVERE",
        "SERVE",
        "VERSE",
        "SEVER",
        "EVER",
        "VEER"
    ],
    "ws": []
}