{
    "id": 144,
    "sub_category": "Cliff Pack",
    "category": "Canyon Group",
    "type": 0,
    "letters": "ACGILR",
    "mov": 20,
    "shovels": 1,
    "coins": 5,
    "rows": 15,
    "cols": 15,
    "c": 0,
    "b": -1,
    "w": 9,
    "h": 7,
    "dws": [
        "CARL",
        "RAI",
        "LIG",
        "CAR",
        "GARI",
        "LAIC",
        "CAG",
        "GAR",
        "RIA",
        "CRIA",
        "GLIA",
        "ARGIL",
        "ARC",
        "CIRL",
        "LAIR",
        "CAL",
        "ARIL",
        "GAL",
        "GILA",
        "LIRA",
        "CRAG",
        "GLAIR",
        "RIAL",
        "CIG",
        "LAR",
        "AIL",
        "LAC",
        "CLAG",
        "LARI",
        "RAGI",
        "GAIR"
    ],
    "ws": [
        {
            "w": "AIR",
            "v": false,
            "row": 3,
            "col": 3,
            "def": "The atmospheric substance above the surface of the earth which animals breathe, formerly considered to be a single substance, one of the four basic elements of ancient philosophy and one of the five basic elements of Eastern traditions."
        },
        {
            "w": "LAG",
            "v": true,
            "row": 3,
            "col": 7,
            "def": "Late."
        },
        {
            "w": "RAG",
            "v": true,
            "row": 5,
            "col": 5,
            "def": "A coarse kind of rock, somewhat cellular in texture; ragstone."
        },
        {
            "w": "RIG",
            "v": false,
            "row": 5,
            "col": 5,
            "def": "The rigging of a sailing ship or other such craft."
        },
        {
            "w": "GIRL",
            "v": false,
            "row": 5,
            "col": 0,
            "def": "A young female human; (in contrast to boy), a female child or young adult."
        },
        {
            "w": "LIAR",
            "v": true,
            "row": 0,
            "col": 5,
            "def": "One who tells lies."
        },
        {
            "w": "RAIL",
            "v": false,
            "row": 0,
            "col": 2,
            "def": "A horizontal bar extending between supports and used for support or as a barrier; a railing."
        },
        {
            "w": "CIGAR",
            "v": false,
            "row": 7,
            "col": 3,
            "def": "Tobacco, rolled and wrapped with an outer covering of tobacco leaves, intended to be smoked."
        },
        {
            "w": "GRAIL",
            "v": true,
            "row": 2,
            "col": 1,
            "def": "The Holy Grail."
        },
        {
            "w": "GARLIC",
            "v": true,
            "row": 2,
            "col": 3,
            "def": "A plant, Allium sativum, related to the onion), having a pungent bulbous root much used in cooking."
        }
    ]
}