{
    "id": 1446,
    "sub_category": "Ray Pack",
    "category": "Woodland Group",
    "type": 0,
    "letters": "ACERRV",
    "mov": 22,
    "shovels": 1,
    "coins": 5,
    "rows": 15,
    "cols": 15,
    "c": 0,
    "b": -1,
    "w": 12,
    "h": 9,
    "dws": [
        "REC",
        "ARE",
        "ACER",
        "CAR",
        "AVER",
        "VERA",
        "VAREC",
        "CAVER",
        "ERA",
        "ARC",
        "RAV",
        "AVE",
        "CARR",
        "REV",
        "ERR",
        "CRARE",
        "EAR",
        "ACE",
        "VARE",
        "RAVER",
        "VAR",
        "VAE",
        "VAC",
        "CRAVER",
        "CARVER",
        "CARER",
        "RACER",
        "CARVE",
        "CRAVE",
        "CARE",
        "CAVE",
        "RACE",
        "RARE",
        "REAR",
        "ACRE",
        "RAVE"
    ],
    "ws": []
}