{
    "id": 1451,
    "sub_category": "Ray Pack",
    "category": "Woodland Group",
    "type": 0,
    "letters": "ILMPSY",
    "mov": 22,
    "shovels": 1,
    "coins": 5,
    "rows": 15,
    "cols": 15,
    "c": 0,
    "b": -1,
    "w": 9,
    "h": 9,
    "dws": [
        "SLIMY",
        "PSI",
        "PIS",
        "LIMY",
        "LIS",
        "LYM",
        "PLIMS",
        "PILY",
        "IMP",
        "LIMPS",
        "IMPS",
        "SPIM",
        "SYLI",
        "MIS",
        "ISM",
        "LYMS",
        "MIPS",
        "LIMPSY",
        "SIMP",
        "YIP",
        "MIL",
        "PLIM",
        "MILS",
        "LIPS",
        "YIPS"
    ],
    "ws": [
        {
            "w": "LIP",
            "v": false,
            "row": 6,
            "col": 3,
            "def": "Either of the two fleshy protrusions around the opening of the mouth."
        },
        {
            "w": "SIM",
            "v": false,
            "row": 3,
            "col": 5,
            "def": "A simulation."
        },
        {
            "w": "SIP",
            "v": true,
            "row": 0,
            "col": 4,
            "def": "A small mouthful of drink."
        },
        {
            "w": "SLY",
            "v": true,
            "row": 4,
            "col": 0,
            "def": "Artfully cunning; secretly mischievous; wily."
        },
        {
            "w": "SPY",
            "v": false,
            "row": 7,
            "col": 1,
            "def": "A person who secretly watches and examines the actions of other individuals or organizations and gathers information on them (usually to gain an advantage)."
        },
        {
            "w": "PLY",
            "v": true,
            "row": 1,
            "col": 1,
            "def": "A layer of material. (two-ply toilet paper)."
        },
        {
            "w": "LIMP",
            "v": false,
            "row": 5,
            "col": 0,
            "def": "Flaccid; flabby, as flesh."
        },
        {
            "w": "SLIM",
            "v": false,
            "row": 0,
            "col": 4,
            "def": "Slender, thin."
        },
        {
            "w": "SLIP",
            "v": true,
            "row": 3,
            "col": 5,
            "def": "Mud, slime."
        },
        {
            "w": "LISP",
            "v": false,
            "row": 2,
            "col": 1,
            "def": "The habit or an act of lisping."
        },
        {
            "w": "IMPLY",
            "v": true,
            "row": 2,
            "col": 7,
            "def": "To enfold, entangle."
        },
        {
            "w": "SIMPLY",
            "v": true,
            "row": 2,
            "col": 3,
            "def": "In a simple way or state; considered in or by itself; without addition; alone."
        }
    ]
}