{
    "id": 149,
    "sub_category": "Pillar Pack",
    "category": "Canyon Group",
    "type": 0,
    "letters": "ACCIRT",
    "mov": 20,
    "shovels": 1,
    "coins": 5,
    "rows": 15,
    "cols": 15,
    "c": 0,
    "b": -1,
    "w": 8,
    "h": 7,
    "dws": [
        "RAI",
        "RIT",
        "AIT",
        "ARTIC",
        "TIAR",
        "RAIT",
        "TIC",
        "CRIT",
        "RIA",
        "CRIA",
        "TAI",
        "CACTI",
        "CIRC",
        "ITA",
        "AIRT",
        "TRIAC",
        "CIT",
        "AIR",
        "TICCA",
        "ARTI",
        "CRAIC"
    ],
    "ws": [
        {
            "w": "ACT",
            "v": false,
            "row": 3,
            "col": 5,
            "def": "Something done, a deed."
        },
        {
            "w": "ARC",
            "v": true,
            "row": 0,
            "col": 1,
            "def": "A directed edge."
        },
        {
            "w": "ART",
            "v": true,
            "row": 3,
            "col": 5,
            "def": "Human effort to imitate, supplement, alter, or counteract the work of nature."
        },
        {
            "w": "CAR",
            "v": false,
            "row": 1,
            "col": 5,
            "def": "A wheeled vehicle, drawn by a horse or other animal."
        },
        {
            "w": "CAT",
            "v": false,
            "row": 0,
            "col": 0,
            "def": "Any similar animal of the family Felidae, which includes lions, tigers, bobcats, etc."
        },
        {
            "w": "RAT",
            "v": true,
            "row": 1,
            "col": 7,
            "def": "A medium-sized rodent belonging to the genus Rattus."
        },
        {
            "w": "TAR",
            "v": false,
            "row": 4,
            "col": 3,
            "def": "A black, oily, sticky, viscous substance, consisting mainly of hydrocarbons derived from organic materials such as wood, peat, or coal."
        },
        {
            "w": "CART",
            "v": false,
            "row": 2,
            "col": 1,
            "def": "A small, open, wheeled vehicle, drawn or pushed by a person or animal, more often used for transporting goods than passengers."
        },
        {
            "w": "CIRCA",
            "v": false,
            "row": 6,
            "col": 0,
            "def": "Approximately, about."
        },
        {
            "w": "ARCTIC",
            "v": true,
            "row": 1,
            "col": 3,
            "def": "Being extremely cold, snowy, or having other properties of extreme winter associated with the Arctic."
        }
    ]
}