{
    "id": 1506,
    "sub_category": "Leaf Pack",
    "category": "Woodland Group",
    "type": 0,
    "letters": "EHINTZ",
    "mov": 16,
    "shovels": 1,
    "coins": 5,
    "rows": 15,
    "cols": 15,
    "c": 0,
    "b": -1,
    "w": 7,
    "h": 7,
    "dws": [
        "NTH",
        "NIT",
        "ZINE",
        "ZIN",
        "HIN",
        "HENT",
        "THEIN",
        "ZIT",
        "NITE",
        "ZEIN",
        "HEN",
        "HIE",
        "NIE",
        "HET",
        "ZITE",
        "TIE",
        "THE",
        "ETH",
        "TIN",
        "HIT",
        "TIZ",
        "NET",
        "TEN",
        "TEIN",
        "ZENITH",
        "THINE",
        "HINT",
        "THEN",
        "THIN",
        "TINE"
    ],
    "ws": []
}