{
    "id": 1531,
    "sub_category": "Flat Pack",
    "category": "Outback Group",
    "type": 0,
    "letters": "EIMNTU",
    "mov": 30,
    "shovels": 1,
    "coins": 5,
    "rows": 15,
    "cols": 15,
    "c": 0,
    "b": -1,
    "w": 12,
    "h": 11,
    "dws": [
        "UNI",
        "MENT",
        "MEU",
        "MENU",
        "UTE",
        "TUI",
        "MUNT",
        "MEINT",
        "TUM",
        "MUT",
        "MIEN",
        "MEIN",
        "NUT",
        "NITE",
        "NIM",
        "TINE",
        "TUN",
        "NIE",
        "ETUI",
        "MUTINE",
        "NEUM",
        "MUTI",
        "MINUET",
        "MUN",
        "MUNI",
        "TEN",
        "TEIN",
        "UNMET",
        "UNIT",
        "EMIT",
        "MITE",
        "EMU"
    ],
    "ws": [
        {
            "w": "MEN",
            "v": false,
            "row": 0,
            "col": 5,
            "def": "Plural form of man."
        },
        {
            "w": "MET",
            "v": false,
            "row": 4,
            "col": 6,
            "def": "Simple past tense and past participle of meet."
        },
        {
            "w": "NET",
            "v": false,
            "row": 7,
            "col": 0,
            "def": "A mesh of string, cord or rope."
        },
        {
            "w": "TIE",
            "v": true,
            "row": 7,
            "col": 2,
            "def": "A necktie (item of clothing consisting of a strip of cloth tied around the neck)."
        },
        {
            "w": "TIN",
            "v": false,
            "row": 5,
            "col": 2,
            "def": "A malleable, ductile, metallic element, resistant to corrosion, with atomic number 50 and symbol Sn."
        },
        {
            "w": "NIT",
            "v": false,
            "row": 8,
            "col": 7,
            "def": "The egg of a louse."
        },
        {
            "w": "ITEM",
            "v": false,
            "row": 8,
            "col": 2,
            "def": "A distinct physical object."
        },
        {
            "w": "MINE",
            "v": true,
            "row": 5,
            "col": 0,
            "def": "Non-premodifying possessive case of I. My; belonging to me; that which belongs to me."
        },
        {
            "w": "MINT",
            "v": true,
            "row": 0,
            "col": 2,
            "def": "To try, attempt; take aim."
        },
        {
            "w": "MUTE",
            "v": true,
            "row": 0,
            "col": 5,
            "def": "To silence, to make quiet."
        },
        {
            "w": "TIME",
            "v": false,
            "row": 3,
            "col": 2,
            "def": "Reminder by the umpire for the players to continue playing after their pause."
        },
        {
            "w": "TUNE",
            "v": true,
            "row": 6,
            "col": 7,
            "def": "A melody."
        },
        {
            "w": "UNITE",
            "v": false,
            "row": 6,
            "col": 4,
            "def": "To come or bring together as one."
        },
        {
            "w": "UNTIE",
            "v": true,
            "row": 2,
            "col": 8,
            "def": "To loosen, as something interlaced or knotted; to disengage the parts of; as, to untie a knot."
        },
        {
            "w": "MINUTE",
            "v": true,
            "row": 3,
            "col": 4,
            "def": "A unit of time equal to sixty seconds (one-sixtieth of an hour)."
        }
    ]
}