{
    "id": 1574,
    "sub_category": "Lime Pack",
    "category": "Outback Group",
    "type": 0,
    "letters": "EFILPR",
    "mov": 30,
    "shovels": 1,
    "coins": 5,
    "rows": 15,
    "cols": 15,
    "c": 0,
    "b": -1,
    "w": 13,
    "h": 11,
    "dws": [
        "PIE",
        "PLIER",
        "PRIEF",
        "PIRL",
        "FIER",
        "LEI",
        "REI",
        "LERP",
        "RIEL",
        "LIEF",
        "REIF",
        "PEL",
        "LIRE",
        "FER",
        "PILER",
        "RIF",
        "LIPE",
        "LEIR",
        "PLIE",
        "ELF",
        "LIFER",
        "FLIR",
        "PELF",
        "PREIF",
        "FILER",
        "FIL",
        "PERI",
        "PIR",
        "LEP",
        "ERF",
        "FIE",
        "LIER",
        "PRE",
        "IRE",
        "RIFLE",
        "LIFE",
        "RILE",
        "PER",
        "REF"
    ],
    "ws": [
        {
            "w": "FIR",
            "v": false,
            "row": 0,
            "col": 7,
            "def": "A conifer of the genus Abies."
        },
        {
            "w": "LIE",
            "v": false,
            "row": 4,
            "col": 0,
            "def": "To be in a horizontal position."
        },
        {
            "w": "LIP",
            "v": true,
            "row": 3,
            "col": 8,
            "def": "Either of the two fleshy protrusions around the opening of the mouth."
        },
        {
            "w": "RIP",
            "v": true,
            "row": 1,
            "col": 6,
            "def": "A tear (in paper, etc.)."
        },
        {
            "w": "REP",
            "v": false,
            "row": 3,
            "col": 2,
            "def": "Short form of reputation."
        },
        {
            "w": "FILE",
            "v": true,
            "row": 6,
            "col": 9,
            "def": "A collection of papers collated and archived together."
        },
        {
            "w": "FIRE",
            "v": true,
            "row": 1,
            "col": 2,
            "def": "A (usually self-sustaining) chemical reaction involving the bonding of oxygen with carbon or other fuel, with the production of heat and the presence of flame or smouldering."
        },
        {
            "w": "PIER",
            "v": true,
            "row": 6,
            "col": 6,
            "def": "A raised platform built from the shore out over water, supported on piles; used to secure, or provide access to shipping; a jetty."
        },
        {
            "w": "PILE",
            "v": false,
            "row": 3,
            "col": 6,
            "def": "A dart; an arrow."
        },
        {
            "w": "RIPE",
            "v": true,
            "row": 0,
            "col": 9,
            "def": "Ready for reaping or gathering; having attained perfection; mature; -- said of fruits, seeds, etc.; as, ripe grain."
        },
        {
            "w": "FLIP",
            "v": true,
            "row": 3,
            "col": 0,
            "def": "A maneuver which rotates an object end-over-end."
        },
        {
            "w": "RIFE",
            "v": false,
            "row": 9,
            "col": 6,
            "def": "Widespread, common (especially of unpleasant or harmful things)."
        },
        {
            "w": "PERIL",
            "v": false,
            "row": 7,
            "col": 3,
            "def": "A situation of serious and immediate danger."
        },
        {
            "w": "FLIER",
            "v": false,
            "row": 1,
            "col": 2,
            "def": "Something that flies."
        },
        {
            "w": "PILFER",
            "v": true,
            "row": 3,
            "col": 4,
            "def": "To steal in small quantities, or articles of small value; to practise petty theft."
        }
    ]
}