{
    "id": "157c963e-0d45-11eb-a781-34363b5fdca4",
    "type": 0,
    "letters": "ADERRW",
    "mov": 33,
    "shovels": 1,
    "coins": 5,
    "rows": 14,
    "cols": 2,
    "c": 0,
    "b": -1,
    "dws": [
        "REW",
        "RAD",
        "ARD",
        "WAE",
        "DAE",
        "DAW",
        "AREW",
        "RADE",
        "EARD",
        "ARED",
        "DEAW",
        "RAWER",
        "WARRE",
        "WARED",
        "DEWAR",
        "RARED",
        "DARER",
        "DREAR",
        "WARRED",
        "WARDER",
        "WADER",
        "AWED",
        "DARE",
        "DRAW",
        "DREW",
        "WARD",
        "ARE",
        "DEW",
        "EAR",
        "ERR",
        "WAD",
        "WAR"
    ],
    "ws": [
        {
            "w": "AWE",
            "v": false,
            "row": 7,
            "col": 2
        },
        {
            "w": "ERA",
            "v": true,
            "row": 6,
            "col": 8
        },
        {
            "w": "RAW",
            "v": true,
            "row": 6,
            "col": 2
        },
        {
            "w": "RED",
            "v": true,
            "row": 3,
            "col": 1
        },
        {
            "w": "WED",
            "v": false,
            "row": 6,
            "col": 7
        },
        {
            "w": "DEAR",
            "v": false,
            "row": 1,
            "col": 0
        },
        {
            "w": "RARE",
            "v": false,
            "row": 5,
            "col": 3
        },
        {
            "w": "READ",
            "v": false,
            "row": 3,
            "col": 1
        },
        {
            "w": "REAR",
            "v": true,
            "row": 0,
            "col": 7
        },
        {
            "w": "WADE",
            "v": true,
            "row": 0,
            "col": 2
        },
        {
            "w": "WARE",
            "v": false,
            "row": 2,
            "col": 6
        },
        {
            "w": "WEAR",
            "v": false,
            "row": 0,
            "col": 4
        },
        {
            "w": "DRAWER",
            "v": true,
            "row": 3,
            "col": 4
        },
        {
            "w": "REDRAW",
            "v": false,
            "row": 8,
            "col": 4
        },
        {
            "w": "REWARD",
            "v": true,
            "row": 1,
            "col": 9
        }
    ]
}