{
    "id": 1596,
    "sub_category": "Arch Packx",
    "category": "Outback Group",
    "type": 0,
    "letters": "EIMRSS",
    "mov": 20,
    "shovels": 1,
    "coins": 5,
    "rows": 15,
    "cols": 15,
    "c": 0,
    "b": -1,
    "w": 9,
    "h": 9,
    "dws": [
        "SIMS",
        "SEI",
        "REM",
        "REIM",
        "EMIR",
        "MIR",
        "SMIR",
        "REIS",
        "REI",
        "MIRE",
        "SER",
        "SEIS",
        "SERS",
        "SEMIS",
        "SEIR",
        "SIRES",
        "RIEM",
        "SIM",
        "MISE",
        "REMS",
        "RIEMS",
        "RISES",
        "RIME",
        "SIES",
        "ERS",
        "MIS",
        "RIMES",
        "EMS",
        "ISM",
        "SRIS",
        "SMIRS",
        "SIR",
        "SEISM",
        "ESS",
        "ISMS",
        "ERM",
        "EMIRS",
        "MISERS",
        "SRI",
        "MES",
        "MIRS",
        "MIRES",
        "RES",
        "RIM",
        "MISES",
        "MERI",
        "IRE",
        "SIS"
    ],
    "ws": [
        {
            "w": "MESS",
            "v": true,
            "row": 0,
            "col": 5,
            "def": "Mass; church service."
        },
        {
            "w": "MISS",
            "v": false,
            "row": 7,
            "col": 1,
            "def": "To fail to hit."
        },
        {
            "w": "RIMS",
            "v": false,
            "row": 0,
            "col": 3,
            "def": "Plural form of rim."
        },
        {
            "w": "RISE",
            "v": false,
            "row": 2,
            "col": 3,
            "def": "The process of or an action or instance of moving upwards or becoming greater."
        },
        {
            "w": "SIRS",
            "v": true,
            "row": 3,
            "col": 0,
            "def": "Plural form of sir."
        },
        {
            "w": "SIRE",
            "v": false,
            "row": 3,
            "col": 0,
            "def": "A lord, master, or other person in authority, most commonly used vocatively."
        },
        {
            "w": "IRES",
            "v": true,
            "row": 4,
            "col": 6,
            "def": "Third-person singular simple present indicative form of ire."
        },
        {
            "w": "SEMI",
            "v": true,
            "row": 0,
            "col": 1,
            "def": "A semi-detached house."
        },
        {
            "w": "MISER",
            "v": false,
            "row": 5,
            "col": 2,
            "def": "A person who hoards money rather than spending it; one who is cheap or extremely parsimonious."
        },
        {
            "w": "REMISS",
            "v": true,
            "row": 2,
            "col": 3,
            "def": "At fault; failing to fulfill responsibility, duty, or obligations."
        }
    ]
}