{
    "id": 1633,
    "sub_category": "Lake Packx",
    "category": "Frost Group",
    "type": 0,
    "letters": "NOSTTY",
    "mov": 20,
    "shovels": 1,
    "coins": 5,
    "rows": 15,
    "cols": 15,
    "c": 0,
    "b": -1,
    "w": 8,
    "h": 7,
    "dws": [
        "OYS",
        "SOT",
        "TOST",
        "ONS",
        "TONY",
        "NOYS",
        "YTOST",
        "TOYS",
        "TONS",
        "NYS",
        "NOY",
        "NOTT",
        "STOT",
        "STY",
        "ONST",
        "NOS",
        "SYN",
        "NOSY",
        "TOTS",
        "SNY",
        "ONY",
        "YONT"
    ],
    "ws": [
        {
            "w": "NOT",
            "v": false,
            "row": 0,
            "col": 2,
            "def": "Negates the meaning of the modified verb."
        },
        {
            "w": "SON",
            "v": false,
            "row": 4,
            "col": 4,
            "def": "A male child, a boy or man in relation to his parents; one's male offspring."
        },
        {
            "w": "SOY",
            "v": false,
            "row": 2,
            "col": 2,
            "def": "A Chinese and Japanese liquid sauce for fish, made by subjecting boiled beans to long fermentation and then long digestion in salt and water. US preference is the term soy sauce."
        },
        {
            "w": "TON",
            "v": false,
            "row": 5,
            "col": 2,
            "def": "A unit of weight (mass) equal to 2240 pounds (a long ton) or 2000 pounds (a short ton) or 1000 kilograms (a metric ton)."
        },
        {
            "w": "TOY",
            "v": true,
            "row": 0,
            "col": 4,
            "def": "An inferior graffiti artist."
        },
        {
            "w": "TOT",
            "v": false,
            "row": 6,
            "col": 0,
            "def": "A small child."
        },
        {
            "w": "YON",
            "v": false,
            "row": 3,
            "col": 0,
            "def": "Distant, but within sight."
        },
        {
            "w": "SNOT",
            "v": true,
            "row": 4,
            "col": 4,
            "def": "Mucus, especially mucus from the nose."
        },
        {
            "w": "STONY",
            "v": true,
            "row": 1,
            "col": 6,
            "def": "As hard as stone."
        },
        {
            "w": "SNOTTY",
            "v": true,
            "row": 2,
            "col": 2,
            "def": "Running or dirtied with snot."
        }
    ]
}