{
    "id": 1681,
    "sub_category": "Mist Packx",
    "category": "Timberland Group",
    "type": 0,
    "letters": "DILLMY",
    "mov": 18,
    "shovels": 1,
    "coins": 5,
    "rows": 15,
    "cols": 15,
    "c": 0,
    "b": -1,
    "w": 9,
    "h": 8,
    "dws": [
        "LYM",
        "LID",
        "IDYL",
        "YILL",
        "ILL",
        "YID",
        "DILLY",
        "MIL",
        "ILLY",
        "MID",
        "DIM",
        "LIMY"
    ],
    "ws": [
        {
            "w": "DILL",
            "v": false,
            "row": 0,
            "col": 3,
            "def": "Anethum graveolens (the sole species of the genus Anethum), is a herb, the seeds of which are moderately warming, pungent, and aromatic, and were formerly used as a soothing medicine for children; also known as dillseed."
        },
        {
            "w": "MILD",
            "v": false,
            "row": 2,
            "col": 3,
            "def": "Gentle and not easily provoked:."
        },
        {
            "w": "MILL",
            "v": false,
            "row": 4,
            "col": 0,
            "def": "A grinding apparatus for substances such as grains, seeds, etc."
        },
        {
            "w": "IDLY",
            "v": false,
            "row": 7,
            "col": 0,
            "def": "In an idle manner."
        },
        {
            "w": "LILY",
            "v": true,
            "row": 0,
            "col": 5,
            "def": "Any of several flowers in the genus Lilium of the family Liliaceae, which includes a great many ornamental species."
        },
        {
            "w": "DIMLY",
            "v": false,
            "row": 5,
            "col": 3,
            "def": "In a dim manner."
        },
        {
            "w": "IDYLL",
            "v": true,
            "row": 3,
            "col": 7,
            "def": "Any poem or short written piece composed in the style of Theocritus's short pastoral poems, the Idylls."
        },
        {
            "w": "MILDLY",
            "v": true,
            "row": 2,
            "col": 3,
            "def": "In a mild manner."
        }
    ]
}