{
    "id": 1685,
    "sub_category": "Mist Packx",
    "category": "Timberland Group",
    "type": 0,
    "letters": "BCEEHR",
    "mov": 16,
    "shovels": 1,
    "coins": 5,
    "rows": 15,
    "cols": 15,
    "c": 0,
    "b": -1,
    "w": 8,
    "h": 7,
    "dws": [
        "REC",
        "REBEC",
        "HEBE",
        "ECHE",
        "CERE",
        "ERE",
        "CHE",
        "BREE",
        "CEE",
        "BEE",
        "CHER",
        "CREE",
        "REECH",
        "EECH",
        "BERE",
        "REE",
        "REB",
        "REH",
        "HER",
        "ECH",
        "BREECH",
        "CHEER",
        "BEECH",
        "BEER",
        "HERB",
        "HERE"
    ],
    "ws": []
}