{
    "id": 1711,
    "sub_category": "Bright Packx",
    "category": "Timberland Group",
    "type": 0,
    "letters": "CEHRTW",
    "mov": 16,
    "shovels": 1,
    "coins": 5,
    "rows": 15,
    "cols": 15,
    "c": 0,
    "b": -1,
    "w": 6,
    "h": 6,
    "dws": [
        "REC",
        "RET",
        "TEW",
        "WHET",
        "REWTH",
        "CHERT",
        "CHE",
        "EWT",
        "TEC",
        "RETCH",
        "CHER",
        "CRWTH",
        "HEW",
        "REW",
        "WET",
        "HET",
        "TEHR",
        "WERT",
        "WECHT",
        "THE",
        "TREW",
        "THEW",
        "ETH",
        "ECHT",
        "REH",
        "CERT",
        "HER",
        "ECH",
        "WRETCH",
        "THREW",
        "CHEW",
        "CREW",
        "TECH",
        "ETCH"
    ],
    "ws": []
}