{
    "id": 1717,
    "sub_category": "Dawn Packx",
    "category": "Timberland Group",
    "type": 0,
    "letters": "EEGIRV",
    "mov": 16,
    "shovels": 1,
    "coins": 5,
    "rows": 15,
    "cols": 15,
    "c": 0,
    "b": -1,
    "w": 6,
    "h": 6,
    "dws": [
        "GIE",
        "REIVE",
        "VIRGE",
        "REG",
        "GREVE",
        "REGIVE",
        "REI",
        "RIVE",
        "GEE",
        "ERE",
        "EREV",
        "REGIE",
        "VEE",
        "VIER",
        "ERG",
        "VIRE",
        "GREE",
        "REVIE",
        "REV",
        "RIG",
        "VEG",
        "EVE",
        "GERE",
        "EGRE",
        "REE",
        "GER",
        "VIG",
        "EGER",
        "VIE",
        "IRE",
        "VEGIE",
        "GRIEVE",
        "VERGE",
        "GIVER",
        "EVER",
        "GIVE",
        "VEER"
    ],
    "ws": []
}