{
    "id": 1719,
    "sub_category": "Dawn Packx",
    "category": "Timberland Group",
    "type": 0,
    "letters": "ACCESU",
    "mov": 16,
    "shovels": 1,
    "coins": 5,
    "rows": 15,
    "cols": 15,
    "c": 0,
    "b": -1,
    "w": 8,
    "h": 6,
    "dws": [
        "SUE",
        "CECA",
        "SEC",
        "CUSEC",
        "EAU",
        "SAE",
        "EAS",
        "SEA",
        "ECU",
        "ACE",
        "ECUS",
        "SAU",
        "CUE",
        "USE",
        "AUE",
        "EAUS",
        "AESC",
        "SAC",
        "ACCUSE",
        "CAUSE",
        "SAUCE",
        "ACES",
        "CASE",
        "CUES"
    ],
    "ws": []
}