{
    "id": 1730,
    "sub_category": "Brood Packx",
    "category": "Timberland Group",
    "type": 0,
    "letters": "CEENRS",
    "mov": 16,
    "shovels": 1,
    "coins": 5,
    "rows": 15,
    "cols": 15,
    "c": 0,
    "b": -1,
    "w": 7,
    "h": 7,
    "dws": [
        "REC",
        "CENSER",
        "CREES",
        "CERE",
        "ERN",
        "ERNES",
        "ERE",
        "REES",
        "SER",
        "CERES",
        "ERES",
        "CEE",
        "SEN",
        "SERE",
        "ENE",
        "CENSE",
        "ERS",
        "CEES",
        "EEN",
        "REENS",
        "CREE",
        "RENS",
        "CERNE",
        "ESE",
        "REN",
        "ENES",
        "NEE",
        "CENS",
        "REE",
        "SENE",
        "REEN",
        "ENS",
        "ERNE",
        "RECS",
        "SEC",
        "ERNS",
        "SECERN",
        "RES",
        "SNEE",
        "SEE",
        "ESNE",
        "SCREEN",
        "SCENE",
        "SNEER",
        "SCREE",
        "SEEN",
        "SEER"
    ],
    "ws": []
}