{
    "id": 174,
    "sub_category": "Wind Pack",
    "category": "Sky Group",
    "type": 0,
    "letters": "AORRSY",
    "mov": 22,
    "shovels": 1,
    "coins": 5,
    "rows": 15,
    "cols": 15,
    "c": 0,
    "b": -1,
    "w": 11,
    "h": 8,
    "dws": [
        "ROARY",
        "YAR",
        "OYS",
        "RYA",
        "ARY",
        "SORRA",
        "AYS",
        "YARR",
        "OARY",
        "OSAR",
        "RYAS",
        "SOYA",
        "ORRA",
        "ORA",
        "ARS",
        "SAR",
        "ARSY",
        "YAS",
        "ORS",
        "RAS",
        "SORA",
        "YARRS",
        "RORY"
    ],
    "ws": [
        {
            "w": "OAR",
            "v": true,
            "row": 5,
            "col": 1,
            "def": "An implement used to propel a boat or a ship in the water, having a flat blade at one end, being rowed from the other end and being normally fastened to the vessel."
        },
        {
            "w": "RAY",
            "v": false,
            "row": 6,
            "col": 5,
            "def": "A beam of light or radiation."
        },
        {
            "w": "SAY",
            "v": true,
            "row": 1,
            "col": 7,
            "def": "To pronounce."
        },
        {
            "w": "SOY",
            "v": true,
            "row": 0,
            "col": 4,
            "def": "A Chinese and Japanese liquid sauce for fish, made by subjecting boiled beans to long fermentation and then long digestion in salt and water. US preference is the term soy sauce."
        },
        {
            "w": "OARS",
            "v": false,
            "row": 1,
            "col": 4,
            "def": "Plural form of oar."
        },
        {
            "w": "RAYS",
            "v": false,
            "row": 7,
            "col": 1,
            "def": "Plural form of ray."
        },
        {
            "w": "ROAR",
            "v": true,
            "row": 4,
            "col": 6,
            "def": "To make a loud, deep cry, especially from pain, anger, or other strong emotion."
        },
        {
            "w": "ROSY",
            "v": true,
            "row": 0,
            "col": 0,
            "def": "Rose-coloured."
        },
        {
            "w": "SOAR",
            "v": false,
            "row": 4,
            "col": 3,
            "def": "To fly aloft with little effort, as a bird."
        },
        {
            "w": "ROARS",
            "v": false,
            "row": 0,
            "col": 0,
            "def": "Plural form of roar."
        },
        {
            "w": "SORRY",
            "v": false,
            "row": 2,
            "col": 0,
            "def": "Regretful for an action; grieved or saddened, especially by the loss of something or someone."
        },
        {
            "w": "ROSARY",
            "v": true,
            "row": 2,
            "col": 3,
            "def": "A series of prayers, usually made up of five, fifteen, or twenty decades of Hail Marys, each decade beginning with Our Father and ending with a Glory Be to the Father, sometimes including other prayers used in Roman Catholicism, and the Anglican, Lutheran, and Old Catholic churches."
        }
    ]
}