{
    "id": 1743,
    "sub_category": "Brood Packx",
    "category": "Timberland Group",
    "type": 0,
    "letters": "EGGHRU",
    "mov": 20,
    "shovels": 1,
    "coins": 5,
    "rows": 15,
    "cols": 15,
    "c": 0,
    "b": -1,
    "w": 8,
    "h": 7,
    "dws": [
        "URE",
        "GURGE",
        "GUR",
        "REH",
        "GER",
        "UGH",
        "ERG",
        "GRUE",
        "EUGH",
        "REG",
        "ERHU",
        "GUE",
        "HUER"
    ],
    "ws": [
        {
            "w": "EGG",
            "v": true,
            "row": 0,
            "col": 4,
            "def": "An approximately spherical or ellipsoidal body produced by birds, snakes, insects and other animals housing the embryo during its development."
        },
        {
            "w": "HER",
            "v": false,
            "row": 0,
            "col": 3,
            "def": "Belonging to her."
        },
        {
            "w": "HUE",
            "v": true,
            "row": 5,
            "col": 4,
            "def": "Form; appearance; guise."
        },
        {
            "w": "HUG",
            "v": false,
            "row": 5,
            "col": 4,
            "def": "An affectionate close embrace."
        },
        {
            "w": "RUG",
            "v": false,
            "row": 5,
            "col": 0,
            "def": "A partial covering for a floor."
        },
        {
            "w": "RUE",
            "v": false,
            "row": 7,
            "col": 2,
            "def": "Repentance, regret."
        },
        {
            "w": "HUGE",
            "v": false,
            "row": 2,
            "col": 2,
            "def": "Distinctly interesting, significant, important, likeable, well regarded."
        },
        {
            "w": "URGE",
            "v": true,
            "row": 4,
            "col": 0,
            "def": "A strong desire; an itch to do something."
        },
        {
            "w": "HUGER",
            "v": true,
            "row": 3,
            "col": 6,
            "def": "Comparative form of huge: more huge."
        },
        {
            "w": "HUGGER",
            "v": true,
            "row": 2,
            "col": 2,
            "def": "Agent noun of hug; one that hugs."
        }
    ]
}