{
    "id": 1753,
    "sub_category": "View Packx",
    "category": "Timberland Group",
    "type": 0,
    "letters": "AEFNSU",
    "mov": 22,
    "shovels": 1,
    "coins": 5,
    "rows": 15,
    "cols": 15,
    "c": 0,
    "b": -1,
    "w": 9,
    "h": 8,
    "dws": [
        "NUS",
        "AUFS",
        "USNEA",
        "ANS",
        "FEU",
        "NAE",
        "FANE",
        "FAUNS",
        "FANS",
        "AUF",
        "FAE",
        "FAUN",
        "UNS",
        "SENA",
        "FEUS",
        "FES",
        "ANE",
        "ENUF",
        "FANES",
        "EAU",
        "SEN",
        "EANS",
        "EAN",
        "EAUS",
        "ANUS",
        "NAS",
        "FENS",
        "FAS",
        "FUNS",
        "SAE",
        "SEAN",
        "NEFS",
        "SAU",
        "NAES",
        "ENS",
        "AUNE",
        "EFS",
        "SAN",
        "EAS",
        "NEF",
        "AUE",
        "ANES",
        "AUNES"
    ],
    "ws": [
        {
            "w": "FAN",
            "v": false,
            "row": 4,
            "col": 5,
            "def": "A hand-held device consisting of concertinaed material, or slats of material, gathered together at one end, that may be opened out into the shape of a sector of a circle and waved back and forth in order to move air towards oneself and cool oneself."
        },
        {
            "w": "FUN",
            "v": false,
            "row": 3,
            "col": 1,
            "def": "Enjoyable, amusing."
        },
        {
            "w": "SEA",
            "v": false,
            "row": 0,
            "col": 5,
            "def": "A large body of salty water. (Major seas are known as oceans.)."
        },
        {
            "w": "SUE",
            "v": true,
            "row": 0,
            "col": 5,
            "def": "To follow."
        },
        {
            "w": "SUN",
            "v": false,
            "row": 0,
            "col": 1,
            "def": "To expose the eyes to the sun as part of the Bates method."
        },
        {
            "w": "USE",
            "v": false,
            "row": 2,
            "col": 3,
            "def": "The act of using."
        },
        {
            "w": "FEN",
            "v": true,
            "row": 4,
            "col": 5,
            "def": "A type of wetland fed by ground water and runoff, containing peat below the waterline."
        },
        {
            "w": "FUSE",
            "v": false,
            "row": 7,
            "col": 0,
            "def": "A cord that, when lit, conveys the fire to some explosive device."
        },
        {
            "w": "SAFE",
            "v": false,
            "row": 5,
            "col": 2,
            "def": "Not in danger; free from harm's reach."
        },
        {
            "w": "SANE",
            "v": true,
            "row": 2,
            "col": 7,
            "def": "Being in a healthy condition; not deranged; acting rationally; -- regarding the mind."
        },
        {
            "w": "SNAFU",
            "v": true,
            "row": 0,
            "col": 1,
            "def": "A ridiculously chaotic situation."
        },
        {
            "w": "UNSAFE",
            "v": true,
            "row": 2,
            "col": 3,
            "def": "Not safe; dangerous."
        }
    ]
}