{
    "id": 1765,
    "sub_category": "Climb Packx",
    "category": "Hills Group",
    "type": 0,
    "letters": "EELSSV",
    "mov": 16,
    "shovels": 1,
    "coins": 5,
    "rows": 15,
    "cols": 15,
    "c": 0,
    "b": -1,
    "w": 8,
    "h": 6,
    "dws": [
        "SEES",
        "LEVS",
        "EEL",
        "LES",
        "VELES",
        "ELVE",
        "SLEE",
        "EVES",
        "VEE",
        "SELE",
        "SEL",
        "LEV",
        "LEVE",
        "LESES",
        "ESE",
        "VELE",
        "SELES",
        "LEES",
        "ESS",
        "EVE",
        "LEE",
        "SELS",
        "ELS",
        "SESE",
        "ESES",
        "SEEL",
        "SEELS",
        "SEV",
        "ESSE",
        "SEVS",
        "SEE",
        "VEES",
        "VESSEL",
        "SELVES",
        "ELVES",
        "ELSE",
        "LESS",
        "EELS"
    ],
    "ws": []
}