{
    "id": 182,
    "sub_category": "Rays Pack",
    "category": "Sky Group",
    "type": 0,
    "letters": "EILRTT",
    "mov": 22,
    "shovels": 1,
    "coins": 5,
    "rows": 15,
    "cols": 15,
    "c": 0,
    "b": -1,
    "w": 10,
    "h": 9,
    "dws": [
        "RET",
        "RIT",
        "RELIT",
        "LEI",
        "TETRI",
        "TITE",
        "RITT",
        "REI",
        "TET",
        "RIEL",
        "ELT",
        "LIRE",
        "TIRL",
        "TELT",
        "LEIR",
        "TEL",
        "TIT",
        "TILTER",
        "TILER",
        "TIE",
        "TRET",
        "RITE",
        "TEIL",
        "TITRE",
        "TRIE",
        "TIRE",
        "LITRE",
        "TITLER",
        "TIER",
        "LIER",
        "TITER",
        "IRE"
    ],
    "ws": [
        {
            "w": "LET",
            "v": false,
            "row": 2,
            "col": 5,
            "def": "To allow to, not to prevent (+ infinitive, but usually without to)."
        },
        {
            "w": "LIE",
            "v": true,
            "row": 0,
            "col": 1,
            "def": "To be in a horizontal position."
        },
        {
            "w": "LIT",
            "v": true,
            "row": 5,
            "col": 5,
            "def": "Little."
        },
        {
            "w": "TIL",
            "v": false,
            "row": 7,
            "col": 5,
            "def": "Until, till."
        },
        {
            "w": "TILE",
            "v": false,
            "row": 6,
            "col": 0,
            "def": "A regularly-shaped slab of clay or other material, affixed to cover or decorate a surface, as in a roof-tile, glazed tile, stove tile, etc."
        },
        {
            "w": "TILT",
            "v": false,
            "row": 5,
            "col": 3,
            "def": "To point or thrust a weapon at."
        },
        {
            "w": "RILE",
            "v": true,
            "row": 0,
            "col": 5,
            "def": "To make angry."
        },
        {
            "w": "LITE",
            "v": false,
            "row": 3,
            "col": 2,
            "def": "Light in composition, notably low in fat, calories etc.:."
        },
        {
            "w": "LITER",
            "v": false,
            "row": 0,
            "col": 1,
            "def": "US spelling of litre: One cubic decimeter."
        },
        {
            "w": "TITLE",
            "v": true,
            "row": 0,
            "col": 7,
            "def": "A prefix (honorific) or suffix (post-nominal) added to a person's name to signify either veneration, official position or a professional or academic qualification."
        },
        {
            "w": "TRITE",
            "v": true,
            "row": 3,
            "col": 0,
            "def": "Worn out; hackneyed; used so many times that it is no longer interesting or effective (often in reference to a word or phrase)."
        },
        {
            "w": "LITTER",
            "v": true,
            "row": 2,
            "col": 3,
            "def": "A platform mounted on two shafts, or a more elaborate construction, designed to be carried by two (or more) people to transport one (in luxury models sometimes more) third person(s) or (occasionally in the elaborate version) a cargo, such as a religious idol."
        }
    ]
}