{
    "id": 183,
    "sub_category": "Rays Pack",
    "category": "Sky Group",
    "type": 0,
    "letters": "BBEGLO",
    "mov": 16,
    "shovels": 1,
    "coins": 5,
    "rows": 15,
    "cols": 15,
    "c": 0,
    "b": -1,
    "w": 6,
    "h": 6,
    "dws": [
        "BEL",
        "EBB",
        "OLE",
        "EGO",
        "GOEL",
        "LOB",
        "BEG",
        "BOG",
        "OGLE",
        "LOGE",
        "LOG",
        "GOE",
        "OBE",
        "BOLE",
        "BEGO",
        "GEL",
        "GOB",
        "GEO",
        "LEG",
        "BLEB",
        "GOLE",
        "BOB",
        "BOGLE",
        "GOBBLE",
        "GLOBE",
        "BLOG",
        "LOBE",
        "GLOB",
        "BLOB"
    ],
    "ws": []
}