{
    "id": "18ba9b52-0d45-11eb-a781-34363b5fdca4",
    "type": 0,
    "letters": "CHOTUY",
    "mov": 17,
    "shovels": 1,
    "coins": 5,
    "rows": 6,
    "cols": 2,
    "c": 0,
    "b": -1,
    "dws": [
        "TOC",
        "THO",
        "OCH",
        "HOC",
        "HOY",
        "THOU",
        "HOUT",
        "COTH",
        "CHUT",
        "OUCH",
        "CHOU",
        "YUCH",
        "COUTH",
        "CHOUT",
        "COUTHY"
    ],
    "ws": [
        {
            "w": "COT",
            "v": true,
            "row": 2,
            "col": 1
        },
        {
            "w": "COY",
            "v": false,
            "row": 0,
            "col": 0
        },
        {
            "w": "CUT",
            "v": false,
            "row": 2,
            "col": 1
        },
        {
            "w": "HOT",
            "v": true,
            "row": 4,
            "col": 5
        },
        {
            "w": "HUT",
            "v": false,
            "row": 6,
            "col": 3
        },
        {
            "w": "OUT",
            "v": false,
            "row": 5,
            "col": 5
        },
        {
            "w": "THY",
            "v": false,
            "row": 7,
            "col": 1
        },
        {
            "w": "TOY",
            "v": false,
            "row": 2,
            "col": 5
        },
        {
            "w": "YOU",
            "v": true,
            "row": 0,
            "col": 2
        },
        {
            "w": "TOUCH",
            "v": false,
            "row": 4,
            "col": 1
        },
        {
            "w": "YOUTH",
            "v": true,
            "row": 2,
            "col": 7
        },
        {
            "w": "TOUCHY",
            "v": true,
            "row": 2,
            "col": 3
        }
    ]
}