{
    "id": 19,
    "sub_category": "Pine Pack",
    "category": "Forest Group",
    "type": 0,
    "letters": "AEEGL",
    "mov": 18,
    "shovels": 1,
    "coins": 5,
    "rows": 15,
    "cols": 15,
    "c": 0,
    "b": -1,
    "w": 7,
    "h": 7,
    "dws": [
        "EALE",
        "ALEE",
        "AGLEE",
        "EEL",
        "AGEE",
        "GEAL",
        "LEE",
        "EGAL",
        "GALE",
        "GEE",
        "GAE",
        "LEA"
    ],
    "ws": [
        {
            "w": "AGE",
            "v": false,
            "row": 6,
            "col": 1,
            "def": "The whole duration of a being, whether animal, vegetable, or other kind; lifetime."
        },
        {
            "w": "ALE",
            "v": false,
            "row": 1,
            "col": 0,
            "def": "An intoxicating liquor made from an infusion of malt by fermentation and the addition of a bitter, usually hops."
        },
        {
            "w": "GAL",
            "v": false,
            "row": 4,
            "col": 3,
            "def": "A gallon."
        },
        {
            "w": "GEL",
            "v": false,
            "row": 2,
            "col": 2,
            "def": "A semi-solid to almost solid colloid of a solid and a liquid, such as jelly, cheese or opal."
        },
        {
            "w": "LAG",
            "v": false,
            "row": 0,
            "col": 2,
            "def": "Late."
        },
        {
            "w": "LEG",
            "v": true,
            "row": 0,
            "col": 2,
            "def": "The lower limb of a human being or animal that extends from the groin to the ankle."
        },
        {
            "w": "EAGLE",
            "v": true,
            "row": 2,
            "col": 3,
            "def": "Any of several large carnivorous and carrion-eating birds in the family Accipitridae, having a powerful hooked bill and keen vision."
        },
        {
            "w": "GLEE",
            "v": true,
            "row": 3,
            "col": 5,
            "def": "Joy; merriment; mirth; gaiety; particularly, the mirth enjoyed at a feast."
        }
    ]
}