{
    "id": 1996,
    "sub_category": "Grace Packx",
    "category": "Formation Group",
    "type": 0,
    "letters": "AELNRU",
    "mov": 24,
    "shovels": 1,
    "coins": 5,
    "rows": 15,
    "cols": 15,
    "c": 0,
    "b": -1,
    "w": 12,
    "h": 12,
    "dws": [
        "LUNE",
        "URENA",
        "ARE",
        "NUR",
        "NAE",
        "ERA",
        "LARE",
        "ERN",
        "NURL",
        "NEAL",
        "LUN",
        "LARN",
        "UREAL",
        "ANE",
        "ULNA",
        "RAUN",
        "ULNARE",
        "EAU",
        "EAN",
        "ALE",
        "RALE",
        "RAN",
        "RUN",
        "LEA",
        "ULNAE",
        "LAER",
        "LUNA",
        "RNA",
        "UREA",
        "URNAL",
        "EAR",
        "ELAN",
        "REN",
        "LEAR",
        "ARLE",
        "ULE",
        "RUE",
        "LEU",
        "ULNAR",
        "ALU",
        "REAN",
        "URE",
        "AUNE",
        "LAR",
        "NARE",
        "LUR",
        "ALURE",
        "URN",
        "AUE",
        "NERAL",
        "ULAN"
    ],
    "ws": [
        {
            "w": "EARL",
            "v": true,
            "row": 6,
            "col": 1,
            "def": "A British nobleman next in rank above a viscount and below a marquess; equivalent to a European count. A female using the style is termed a countess."
        },
        {
            "w": "EARN",
            "v": false,
            "row": 9,
            "col": 6,
            "def": "To gain (success, reward, recognition) through applied effort or work."
        },
        {
            "w": "LANE",
            "v": false,
            "row": 2,
            "col": 0,
            "def": "A narrow passageway between fences, walls, hedges or trees."
        },
        {
            "w": "LEAN",
            "v": true,
            "row": 2,
            "col": 0,
            "def": "To hang outwards."
        },
        {
            "w": "LURE",
            "v": true,
            "row": 6,
            "col": 6,
            "def": "Something that tempts or attracts, especially one with a promise of reward or pleasure."
        },
        {
            "w": "NEAR",
            "v": false,
            "row": 2,
            "col": 6,
            "def": "Physically close."
        },
        {
            "w": "REAL",
            "v": false,
            "row": 8,
            "col": 1,
            "def": "A commodity; see reality."
        },
        {
            "w": "RULE",
            "v": false,
            "row": 6,
            "col": 4,
            "def": "A regulation, law, guideline."
        },
        {
            "w": "RUNE",
            "v": true,
            "row": 0,
            "col": 2,
            "def": "A letter, or character, belonging to the written language of various ancient Germanic peoples, especially the Scandinavians and the Anglo-Saxons."
        },
        {
            "w": "LEARN",
            "v": false,
            "row": 4,
            "col": 3,
            "def": "To acquire, or attempt to acquire knowledge or an ability to do something."
        },
        {
            "w": "LUNAR",
            "v": true,
            "row": 0,
            "col": 6,
            "def": "Of, or pertaining to, the Moon; moonly."
        },
        {
            "w": "RENAL",
            "v": false,
            "row": 0,
            "col": 2,
            "def": "Pertaining to the kidneys."
        },
        {
            "w": "NEURAL",
            "v": true,
            "row": 3,
            "col": 4,
            "def": "Of, or relating to the nerves, neurons or the nervous system."
        },
        {
            "w": "UNREAL",
            "v": true,
            "row": 0,
            "col": 9,
            "def": "Fake; not real."
        }
    ]
}