{
    "id": 1999,
    "sub_category": "Grace Packx",
    "category": "Formation Group",
    "type": 0,
    "letters": "AEKPTU",
    "mov": 30,
    "shovels": 1,
    "coins": 5,
    "rows": 15,
    "cols": 15,
    "c": 0,
    "b": -1,
    "w": 13,
    "h": 10,
    "dws": [
        "KUTA",
        "KAE",
        "UTA",
        "PAK",
        "KEP",
        "TUPEK",
        "KAT",
        "KAPUT",
        "TEPA",
        "UTE",
        "TAKEUP",
        "TAE",
        "EAU",
        "EUK",
        "PATU",
        "UKE",
        "PUKE",
        "TAK",
        "KETA",
        "AUK",
        "KET",
        "ETA",
        "KAPU",
        "TAPU",
        "AKE",
        "TUP",
        "PUKA",
        "AUE",
        "KUE",
        "KEA",
        "TAUPE",
        "KEPT",
        "EAT",
        "PUT",
        "TAU"
    ],
    "ws": [
        {
            "w": "APE",
            "v": true,
            "row": 7,
            "col": 7,
            "def": "A primate of the clade Hominoidea, generally larger than monkeys and distinguished from them by having no tail."
        },
        {
            "w": "ATE",
            "v": true,
            "row": 5,
            "col": 6,
            "def": "Simple past of eat."
        },
        {
            "w": "PAT",
            "v": false,
            "row": 0,
            "col": 6,
            "def": "The sound of a light slap or tap with a soft flat object, especially of a footstep."
        },
        {
            "w": "PEA",
            "v": false,
            "row": 4,
            "col": 3,
            "def": "A plant, member of the legume (Fabaceae) family."
        },
        {
            "w": "PET",
            "v": true,
            "row": 0,
            "col": 6,
            "def": "An animal kept as a companion."
        },
        {
            "w": "TAP",
            "v": false,
            "row": 5,
            "col": 5,
            "def": "A tapering cylindrical pin or peg used to stop the vent in a cask; a spigot."
        },
        {
            "w": "TEA",
            "v": false,
            "row": 6,
            "col": 1,
            "def": "The dried leaves or buds of the tea plant, Camellia sinensis."
        },
        {
            "w": "APT",
            "v": false,
            "row": 2,
            "col": 4,
            "def": "Suitable; appropriate; fit or fitted; suited."
        },
        {
            "w": "PEAK",
            "v": false,
            "row": 7,
            "col": 5,
            "def": "A point; the sharp end or top of anything that terminates in a point; as, the peak, or front, of a cap."
        },
        {
            "w": "PEAT",
            "v": true,
            "row": 2,
            "col": 5,
            "def": "A pet, a darling; a woman."
        },
        {
            "w": "TAKE",
            "v": true,
            "row": 0,
            "col": 8,
            "def": "To grasp with the hands."
        },
        {
            "w": "TAPE",
            "v": false,
            "row": 8,
            "col": 0,
            "def": "Flexible material in a roll with a sticky surface on one or both sides, adhesive tape."
        },
        {
            "w": "PATE",
            "v": false,
            "row": 9,
            "col": 4,
            "def": "The head, particularly the top or crown."
        },
        {
            "w": "TEAK",
            "v": true,
            "row": 6,
            "col": 1,
            "def": "An extremely durable timber highly valued for shipbuilding and other purposes, yielded by Tectona grandis (and Tectona spp.)."
        },
        {
            "w": "UPTAKE",
            "v": true,
            "row": 3,
            "col": 3,
            "def": "Understanding, comprehension."
        }
    ]
}