{
    "id": "1a907408-0d48-11eb-a781-34363b5fdca4",
    "type": 0,
    "letters": "DEFMOR",
    "mov": 27,
    "shovels": 1,
    "coins": 5,
    "rows": 11,
    "cols": 2,
    "c": 0,
    "b": -1,
    "dws": [
        "FRO",
        "ORF",
        "DOF",
        "FER",
        "REF",
        "ERF",
        "FEM",
        "EMF",
        "DEF",
        "ROM",
        "MOR",
        "REO",
        "ORD",
        "DOR",
        "MOE",
        "EMO",
        "DOM",
        "REM",
        "ERM",
        "MED",
        "FROE",
        "ORFE",
        "FORD",
        "FEOD",
        "DEFO",
        "FERM",
        "OMER",
        "DORM",
        "ROED",
        "DERO",
        "DORE",
        "DERM",
        "FORME",
        "FREMD",
        "MODER",
        "DROME",
        "FROM",
        "RODE",
        "FED",
        "FOR",
        "ODE",
        "RED",
        "ROD"
    ],
    "ws": [
        {
            "w": "DOE",
            "v": false,
            "row": 9,
            "col": 0
        },
        {
            "w": "FOE",
            "v": false,
            "row": 9,
            "col": 7
        },
        {
            "w": "MOD",
            "v": false,
            "row": 2,
            "col": 7
        },
        {
            "w": "ORE",
            "v": true,
            "row": 7,
            "col": 9
        },
        {
            "w": "ROE",
            "v": false,
            "row": 4,
            "col": 7
        },
        {
            "w": "DEMO",
            "v": false,
            "row": 7,
            "col": 6
        },
        {
            "w": "DOER",
            "v": false,
            "row": 7,
            "col": 1
        },
        {
            "w": "DOME",
            "v": true,
            "row": 6,
            "col": 2
        },
        {
            "w": "FORE",
            "v": false,
            "row": 5,
            "col": 4
        },
        {
            "w": "FORM",
            "v": true,
            "row": 0,
            "col": 2
        },
        {
            "w": "MODE",
            "v": false,
            "row": 3,
            "col": 2
        },
        {
            "w": "MORE",
            "v": true,
            "row": 2,
            "col": 7
        },
        {
            "w": "REDO",
            "v": true,
            "row": 5,
            "col": 6
        },
        {
            "w": "DEFORM",
            "v": true,
            "row": 3,
            "col": 4
        },
        {
            "w": "FORMED",
            "v": false,
            "row": 1,
            "col": 1
        }
    ]
}