{
    "id": "1b8bb6f2-0d42-11eb-a781-34363b5fdca4",
    "type": 0,
    "letters": "DIOPRT",
    "mov": 31,
    "shovels": 1,
    "coins": 5,
    "rows": 13,
    "cols": 2,
    "c": 0,
    "b": -1,
    "dws": [
        "RIT",
        "ORT",
        "TID",
        "DIT",
        "TOD",
        "PIR",
        "ORD",
        "DOR",
        "POI",
        "DOP",
        "RIPT",
        "TIRO",
        "ROTI",
        "TROP",
        "DORT",
        "TOPI",
        "DIPT",
        "DOIT",
        "DORP",
        "DRIPT",
        "DROIT",
        "DROPT",
        "DIRT",
        "DROP",
        "PORT",
        "PROD",
        "RIOT",
        "TRIO",
        "DIP",
        "POT",
        "TIP",
        "TOP",
        "TOR"
    ],
    "ws": [
        {
            "w": "DOT",
            "v": false,
            "row": 8,
            "col": 4
        },
        {
            "w": "OPT",
            "v": false,
            "row": 5,
            "col": 0
        },
        {
            "w": "PIT",
            "v": false,
            "row": 3,
            "col": 0
        },
        {
            "w": "POD",
            "v": false,
            "row": 8,
            "col": 0
        },
        {
            "w": "PRO",
            "v": true,
            "row": 3,
            "col": 0
        },
        {
            "w": "RID",
            "v": true,
            "row": 2,
            "col": 6
        },
        {
            "w": "RIP",
            "v": false,
            "row": 6,
            "col": 2
        },
        {
            "w": "ROD",
            "v": false,
            "row": 6,
            "col": 6
        },
        {
            "w": "ROT",
            "v": true,
            "row": 6,
            "col": 6
        },
        {
            "w": "DRIP",
            "v": true,
            "row": 6,
            "col": 8
        },
        {
            "w": "TORI",
            "v": true,
            "row": 0,
            "col": 1
        },
        {
            "w": "TRIP",
            "v": false,
            "row": 3,
            "col": 4
        },
        {
            "w": "TROD",
            "v": true,
            "row": 5,
            "col": 2
        },
        {
            "w": "TORPID",
            "v": true,
            "row": 3,
            "col": 4
        },
        {
            "w": "TRIPOD",
            "v": false,
            "row": 0,
            "col": 1
        }
    ]
}