{
    "id": 2019,
    "sub_category": "Shell Packx",
    "category": "Coast Group",
    "type": 0,
    "letters": "ADHLRY",
    "mov": 16,
    "shovels": 1,
    "coins": 5,
    "rows": 15,
    "cols": 15,
    "c": 0,
    "b": -1,
    "w": 7,
    "h": 6,
    "dws": [
        "YAR",
        "DHAL",
        "LARDY",
        "RYA",
        "ARD",
        "ARY",
        "RAY",
        "DAHL",
        "LAY",
        "DRY",
        "YAD",
        "DAH",
        "RAD",
        "YAH",
        "LAD",
        "ARYL",
        "DRAY",
        "YALD",
        "HAY",
        "HAD",
        "LYARD",
        "RAH",
        "ADRY",
        "LAR",
        "DAY",
        "RYAL",
        "LYRA",
        "HARDY",
        "DAL",
        "HARL",
        "LAH",
        "HYLA",
        "HARDLY",
        "HYDRA",
        "HARD",
        "LADY",
        "YARD",
        "LARD"
    ],
    "ws": []
}