{
    "id": 2039,
    "sub_category": "Wash Packx",
    "category": "Coast Group",
    "type": 0,
    "letters": "AMORRT",
    "mov": 18,
    "shovels": 1,
    "coins": 5,
    "rows": 15,
    "cols": 15,
    "c": 0,
    "b": -1,
    "w": 8,
    "h": 8,
    "dws": [
        "MAR",
        "TAR",
        "ROT",
        "ARM",
        "MAROR",
        "RATO",
        "ROMA",
        "TAM",
        "TARO",
        "MOA",
        "TORA",
        "MORRA",
        "MOT",
        "TORR",
        "TOM",
        "RORT",
        "MAT",
        "RAM",
        "TAO",
        "ORRA",
        "ORA",
        "TOR",
        "OAT",
        "MOR",
        "MORA",
        "ART",
        "MORT",
        "ROM",
        "RAT",
        "ROTA",
        "AMORT",
        "OAR",
        "ORT",
        "MORAT",
        "OMA"
    ],
    "ws": [
        {
            "w": "ATOM",
            "v": false,
            "row": 6,
            "col": 3,
            "def": "The smallest, indivisible constituent part or unit of something."
        },
        {
            "w": "ROAM",
            "v": true,
            "row": 0,
            "col": 5,
            "def": "To wander or travel freely and with no specific destination."
        },
        {
            "w": "ROAR",
            "v": false,
            "row": 7,
            "col": 0,
            "def": "To make a loud, deep cry, especially from pain, anger, or other strong emotion."
        },
        {
            "w": "MART",
            "v": false,
            "row": 5,
            "col": 0,
            "def": "A market."
        },
        {
            "w": "MOAT",
            "v": false,
            "row": 2,
            "col": 3,
            "def": "A deep, wide defensive ditch, normally filled with water, surrounding a fortified habitation."
        },
        {
            "w": "TRAM",
            "v": false,
            "row": 0,
            "col": 4,
            "def": "A passenger vehicle for public use that runs on tracks in the road."
        },
        {
            "w": "ARMOR",
            "v": true,
            "row": 3,
            "col": 0,
            "def": "A protective layer over a body, vehicle, or other object intended to deflect or diffuse damaging forces."
        },
        {
            "w": "MORTAR",
            "v": true,
            "row": 2,
            "col": 3,
            "def": "A mixture of lime or cement, sand and water used for bonding bricks and stones."
        }
    ]
}