{
    "id": 2045,
    "sub_category": "Wash Packx",
    "category": "Coast Group",
    "type": 0,
    "letters": "DDEGOR",
    "mov": 18,
    "shovels": 1,
    "coins": 5,
    "rows": 15,
    "cols": 15,
    "c": 0,
    "b": -1,
    "w": 8,
    "h": 8,
    "dws": [
        "RED",
        "REDD",
        "DERO",
        "REGO",
        "ERGO",
        "REG",
        "GORED",
        "ODD",
        "DOD",
        "GOD",
        "DORE",
        "REO",
        "EGO",
        "ERG",
        "EDDO",
        "DOE",
        "DOR",
        "ORE",
        "GED",
        "DOGE",
        "DREG",
        "GOR",
        "ROD",
        "DOG",
        "GOE",
        "GEO",
        "ORD",
        "ROE",
        "ODE",
        "GOER",
        "ORG",
        "GER",
        "ROED",
        "DEG"
    ],
    "ws": [
        {
            "w": "RODE",
            "v": true,
            "row": 3,
            "col": 0,
            "def": "The line from the vessel to its anchor. Also warp."
        },
        {
            "w": "OGRE",
            "v": true,
            "row": 0,
            "col": 5,
            "def": "A type of brutish giant from folk tales that eats human flesh."
        },
        {
            "w": "REDO",
            "v": true,
            "row": 0,
            "col": 7,
            "def": "To do again."
        },
        {
            "w": "GORE",
            "v": false,
            "row": 7,
            "col": 1,
            "def": "Dirt, filth."
        },
        {
            "w": "DOER",
            "v": false,
            "row": 0,
            "col": 4,
            "def": "Someone who does, performs, or executes; an active person, an agent."
        },
        {
            "w": "DODGE",
            "v": false,
            "row": 5,
            "col": 0,
            "def": "To avoid by moving out of the way (often suddenly)."
        },
        {
            "w": "ODDER",
            "v": false,
            "row": 2,
            "col": 1,
            "def": "Comparative form of odd: more odd."
        },
        {
            "w": "DODGER",
            "v": true,
            "row": 2,
            "col": 3,
            "def": "One who dodges."
        }
    ]
}