{
    "id": 2051,
    "sub_category": "Aqua Packx",
    "category": "Coast Group",
    "type": 0,
    "letters": "EIRTUV",
    "mov": 16,
    "shovels": 1,
    "coins": 5,
    "rows": 15,
    "cols": 15,
    "c": 0,
    "b": -1,
    "w": 6,
    "h": 6,
    "dws": [
        "RET",
        "VITE",
        "RIT",
        "VIRTU",
        "REI",
        "RIVE",
        "UTE",
        "TUI",
        "VIER",
        "ERUV",
        "VIRE",
        "VET",
        "RUT",
        "REV",
        "VERT",
        "UTERI",
        "ETUI",
        "URITE",
        "TIE",
        "RUE",
        "TRIE",
        "URE",
        "VERTU",
        "VIE",
        "IRE",
        "VIRTUE",
        "RIVET",
        "TIRE",
        "TRUE",
        "RITE",
        "TIER"
    ],
    "ws": []
}