{
    "id": 2082,
    "sub_category": "Mist Packx",
    "category": "Twilight Group",
    "type": 0,
    "letters": "CEEHNW",
    "mov": 16,
    "shovels": 1,
    "coins": 5,
    "rows": 15,
    "cols": 15,
    "c": 0,
    "b": -1,
    "w": 8,
    "h": 6,
    "dws": [
        "ECHE",
        "WEE",
        "WHEE",
        "WEEN",
        "CHE",
        "EWE",
        "CEE",
        "ENE",
        "EEW",
        "HEN",
        "HEW",
        "EECH",
        "NEE",
        "NEW",
        "ENEW",
        "WEN",
        "ECH",
        "WHEEN",
        "EEN",
        "WHENCE",
        "HENCE",
        "WENCH",
        "CHEW",
        "WHEN",
        "HEWN"
    ],
    "ws": []
}