{
    "id": 2094,
    "sub_category": "Mist Packx",
    "category": "Twilight Group",
    "type": 0,
    "letters": "ENRSTY",
    "mov": 20,
    "shovels": 1,
    "coins": 5,
    "rows": 15,
    "cols": 15,
    "c": 0,
    "b": -1,
    "w": 10,
    "h": 8,
    "dws": [
        "RET",
        "YEST",
        "TREYS",
        "NYES",
        "TERNS",
        "SYEN",
        "YER",
        "TYES",
        "YET",
        "YES",
        "TYER",
        "ERST",
        "NYE",
        "RYES",
        "TRES",
        "ERN",
        "SER",
        "STEN",
        "SEY",
        "STEY",
        "TYRES",
        "TREY",
        "SYREN",
        "SEN",
        "NYS",
        "ERS",
        "STYE",
        "RETS",
        "YRENT",
        "EST",
        "RENS",
        "TYERS",
        "SYNE",
        "RYE",
        "STY",
        "TYNES",
        "TES",
        "TRYE",
        "REN",
        "TRY",
        "SNYE",
        "ENS",
        "TYRE",
        "NERTS",
        "TYE",
        "SYN",
        "SET",
        "RENY",
        "YEN",
        "TYNE",
        "ERNS",
        "SNY",
        "RES",
        "RESTY",
        "NET",
        "YENS",
        "TEN",
        "SYE",
        "RENTS",
        "SENTRY",
        "ENTRY",
        "STERN",
        "NEST",
        "NETS",
        "RENT",
        "REST",
        "SENT",
        "TENS",
        "TERN"
    ],
    "ws": []
}