{
    "id": 2098,
    "sub_category": "Bright Packx",
    "category": "Twilight Group",
    "type": 0,
    "letters": "EHOOST",
    "mov": 24,
    "shovels": 1,
    "coins": 5,
    "rows": 15,
    "cols": 15,
    "c": 0,
    "b": -1,
    "w": 11,
    "h": 11,
    "dws": [
        "HEST",
        "OOH",
        "TOE",
        "SOT",
        "HETS",
        "TOO",
        "TOHO",
        "HES",
        "OOS",
        "THO",
        "OSE",
        "SOTH",
        "SOH",
        "HOOTS",
        "EHS",
        "TOSE",
        "SHET",
        "HOTE",
        "EST",
        "SHOTE",
        "SHE",
        "OHS",
        "HET",
        "OES",
        "OOT",
        "HOS",
        "TES",
        "HOTS",
        "SOHO",
        "OHOS",
        "THE",
        "HOT",
        "OHO",
        "ETH",
        "TOSH",
        "OOSE",
        "SET",
        "OOTS",
        "ETHS",
        "OOHS",
        "TOHOS",
        "HOE",
        "HOO",
        "SHO"
    ],
    "ws": [
        {
            "w": "HOSE",
            "v": true,
            "row": 0,
            "col": 4,
            "def": "A flexible tube conveying water or other fluid, pl. hoses."
        },
        {
            "w": "HOST",
            "v": true,
            "row": 6,
            "col": 0,
            "def": "A person who allows a guest, particularly into the host's home."
        },
        {
            "w": "SHOE",
            "v": false,
            "row": 8,
            "col": 0,
            "def": "A protective covering for the foot, with a bottom part composed of thick leather or plastic sole and often a thicker heel, and a softer upper part made of leather or synthetic material. Shoes generally do not extend above the ankle, as opposed to boots, which do."
        },
        {
            "w": "SHOT",
            "v": true,
            "row": 2,
            "col": 1,
            "def": "Worn out."
        },
        {
            "w": "SOOT",
            "v": true,
            "row": 0,
            "col": 6,
            "def": "Fine black or dull brown particles of amorphous carbon and tar, produced by the incomplete combustion of coal, oil etc."
        },
        {
            "w": "TOES",
            "v": false,
            "row": 9,
            "col": 5,
            "def": "Plural form of toe."
        },
        {
            "w": "SHOO",
            "v": false,
            "row": 5,
            "col": 5,
            "def": "To induce someone or something to leave."
        },
        {
            "w": "HOOT",
            "v": false,
            "row": 7,
            "col": 3,
            "def": "A derisive cry or shout."
        },
        {
            "w": "HOES",
            "v": true,
            "row": 4,
            "col": 8,
            "def": "Undefined"
        },
        {
            "w": "SHOOT",
            "v": true,
            "row": 5,
            "col": 5,
            "def": "To fire a projectile or energy weapon at."
        },
        {
            "w": "THOSE",
            "v": false,
            "row": 3,
            "col": 0,
            "def": "Plural form of that."
        },
        {
            "w": "ETHOS",
            "v": false,
            "row": 0,
            "col": 2,
            "def": "The character or fundamental values of a person, people, culture, or movement."
        },
        {
            "w": "SOOTH",
            "v": false,
            "row": 2,
            "col": 4,
            "def": "Truth."
        },
        {
            "w": "SOOTHE",
            "v": true,
            "row": 3,
            "col": 3,
            "def": "To prove true; verify; confirm as true."
        }
    ]
}