{
    "id": 2102,
    "sub_category": "Bright Packx",
    "category": "Twilight Group",
    "type": 0,
    "letters": "BDEORR",
    "mov": 30,
    "shovels": 1,
    "coins": 5,
    "rows": 15,
    "cols": 15,
    "c": 0,
    "b": -1,
    "w": 12,
    "h": 10,
    "dws": [
        "DERO",
        "DORR",
        "BRER",
        "RORE",
        "DERRO",
        "DORE",
        "BORED",
        "ROBED",
        "REO",
        "DOR",
        "ORE",
        "BRR",
        "BOR",
        "ORBED",
        "OBE",
        "DOBE",
        "ORD",
        "ROE",
        "REB",
        "DEB",
        "BORD",
        "DORB",
        "ROED",
        "BROD",
        "BORDE",
        "DOB",
        "REDO",
        "DOER",
        "ROD",
        "BRO",
        "ODE"
    ],
    "ws": [
        {
            "w": "BED",
            "v": true,
            "row": 7,
            "col": 0,
            "def": "A piece of furniture, usually flat and soft, to sleep on."
        },
        {
            "w": "RED",
            "v": false,
            "row": 7,
            "col": 6,
            "def": "Having red as its colour."
        },
        {
            "w": "ROB",
            "v": false,
            "row": 8,
            "col": 4,
            "def": "To steal from, especially using force or violence."
        },
        {
            "w": "BOD",
            "v": false,
            "row": 5,
            "col": 7,
            "def": "The body."
        },
        {
            "w": "DOE",
            "v": false,
            "row": 9,
            "col": 0,
            "def": "A female deer; also used of similar animals such as reindeer, antelope, goat."
        },
        {
            "w": "ORB",
            "v": true,
            "row": 6,
            "col": 6,
            "def": "A spherical body; a globe; especially, one of the celestial spheres; a sun, planet, or star."
        },
        {
            "w": "ERR",
            "v": false,
            "row": 9,
            "col": 7,
            "def": "To make a mistake."
        },
        {
            "w": "BORE",
            "v": true,
            "row": 0,
            "col": 9,
            "def": "To make a hole through something."
        },
        {
            "w": "BRED",
            "v": false,
            "row": 6,
            "col": 1,
            "def": "Simple past tense and past participle of breed."
        },
        {
            "w": "ROBE",
            "v": false,
            "row": 4,
            "col": 3,
            "def": "A long loose outer garment, often signifying honorary stature."
        },
        {
            "w": "RODE",
            "v": true,
            "row": 6,
            "col": 2,
            "def": "The line from the vessel to its anchor. Also warp."
        },
        {
            "w": "BODE",
            "v": true,
            "row": 1,
            "col": 6,
            "def": "To indicate by signs, as future events; to be the omen of; to portend to presage; to foreshow."
        },
        {
            "w": "ORDER",
            "v": true,
            "row": 5,
            "col": 8,
            "def": "Arrangement, disposition, sequence."
        },
        {
            "w": "BORER",
            "v": false,
            "row": 2,
            "col": 5,
            "def": "A person who bores, who drills."
        },
        {
            "w": "BORDER",
            "v": true,
            "row": 3,
            "col": 4,
            "def": "The outer edge of something."
        }
    ]
}