{
    "id": 2157,
    "sub_category": "View Packx",
    "category": "Twilight Group",
    "type": 0,
    "letters": "DORSWY",
    "mov": 18,
    "shovels": 1,
    "coins": 5,
    "rows": 15,
    "cols": 15,
    "c": 0,
    "b": -1,
    "w": 9,
    "h": 7,
    "dws": [
        "YOD",
        "OYS",
        "DOW",
        "DORY",
        "DOWS",
        "SOD",
        "DOS",
        "ODS",
        "DRY",
        "DOR",
        "WORDY",
        "SORD",
        "ROW",
        "ROD",
        "DORS",
        "DOYS",
        "DOY",
        "SOW",
        "ORD",
        "YOW",
        "SOY",
        "DROWS",
        "WOS",
        "YOWS",
        "ORS",
        "YODS",
        "WRY",
        "SWY",
        "WORDS",
        "DROW",
        "DRYS",
        "DSO",
        "ORDS"
    ],
    "ws": [
        {
            "w": "RODS",
            "v": false,
            "row": 0,
            "col": 4,
            "def": "Plural form of rod."
        },
        {
            "w": "ROSY",
            "v": false,
            "row": 7,
            "col": 0,
            "def": "Rose-coloured."
        },
        {
            "w": "ROWS",
            "v": true,
            "row": 0,
            "col": 0,
            "def": "Plural form of row."
        },
        {
            "w": "WORD",
            "v": false,
            "row": 2,
            "col": 0,
            "def": "A distinct unit of language which is approved by some authority."
        },
        {
            "w": "ROWDY",
            "v": false,
            "row": 4,
            "col": 2,
            "def": "Rough and disorderly; riotous or just boisterous."
        },
        {
            "w": "SWORD",
            "v": false,
            "row": 6,
            "col": 3,
            "def": "A long-bladed weapon having a handle and sometimes a hilt and designed to stab, cut or slash."
        },
        {
            "w": "DOWRY",
            "v": true,
            "row": 0,
            "col": 6,
            "def": "Property or payment given by one spouse or his/her family to the other spouse or her/his family at time of marriage. (In some cultures, the dowry is given from wife to husband, in others vice versa.)."
        },
        {
            "w": "DROWSY",
            "v": true,
            "row": 2,
            "col": 3,
            "def": "Inclined to drowse; heavy with sleepiness; lethargic; dozy."
        }
    ]
}