{
    "id": 2175,
    "sub_category": "Fall Packx",
    "category": "Marsh Group",
    "type": 0,
    "letters": "DEINRV",
    "mov": 24,
    "shovels": 1,
    "coins": 5,
    "rows": 15,
    "cols": 15,
    "c": 0,
    "b": -1,
    "w": 13,
    "h": 10,
    "dws": [
        "RED",
        "VINER",
        "DIE",
        "NID",
        "NIDE",
        "END",
        "ERN",
        "REI",
        "RIVE",
        "DEV",
        "VIDE",
        "RID",
        "DIN",
        "DEVI",
        "VIER",
        "DEN",
        "RIN",
        "DERN",
        "RIDE",
        "VERDIN",
        "VIRE",
        "NIED",
        "DIRE",
        "DEI",
        "VIN",
        "REV",
        "IDE",
        "VERD",
        "VINED",
        "NIE",
        "DERV",
        "VID",
        "REN",
        "RIVED",
        "DIV",
        "IRED",
        "NED",
        "RIVEN",
        "DENI",
        "RINE",
        "VIE",
        "IRE",
        "NEVI"
    ],
    "ws": [
        {
            "w": "DINE",
            "v": false,
            "row": 5,
            "col": 6,
            "def": "To eat; to eat dinner or supper."
        },
        {
            "w": "DIVE",
            "v": false,
            "row": 3,
            "col": 6,
            "def": "To swim under water."
        },
        {
            "w": "RIND",
            "v": true,
            "row": 0,
            "col": 6,
            "def": "Tree bark."
        },
        {
            "w": "VEIN",
            "v": true,
            "row": 1,
            "col": 2,
            "def": "A blood vessel that transports blood from the capillaries back to the heart."
        },
        {
            "w": "VINE",
            "v": true,
            "row": 2,
            "col": 0,
            "def": "The climbing plant that produces grapes."
        },
        {
            "w": "REIN",
            "v": false,
            "row": 8,
            "col": 1,
            "def": "A strap or rope attached to the bridle or bit, used to control a horse, animal or young child."
        },
        {
            "w": "NERD",
            "v": false,
            "row": 4,
            "col": 2,
            "def": "A person who is intellectual but generally introverted."
        },
        {
            "w": "REND",
            "v": false,
            "row": 9,
            "col": 5,
            "def": "To separate into parts with force or sudden violence; to tear asunder; to split; to burst."
        },
        {
            "w": "VEND",
            "v": true,
            "row": 3,
            "col": 8,
            "def": "To sell."
        },
        {
            "w": "VIED",
            "v": false,
            "row": 2,
            "col": 0,
            "def": "Simple past tense and past participle of vie."
        },
        {
            "w": "DINER",
            "v": false,
            "row": 1,
            "col": 5,
            "def": "Agent noun of dine; one who dines; one who eats a meal, especially dinner."
        },
        {
            "w": "DIVER",
            "v": false,
            "row": 6,
            "col": 2,
            "def": "Someone who dives, especially as a sport."
        },
        {
            "w": "DRIVE",
            "v": true,
            "row": 5,
            "col": 6,
            "def": "To herd (animals) in a particular direction."
        },
        {
            "w": "DRIVEN",
            "v": true,
            "row": 3,
            "col": 4,
            "def": "Past participle of drive."
        }
    ]
}