{
    "id": 2188,
    "sub_category": "Bark Packx",
    "category": "Marsh Group",
    "type": 0,
    "letters": "EHLOSV",
    "mov": 22,
    "shovels": 1,
    "coins": 5,
    "rows": 15,
    "cols": 15,
    "c": 0,
    "b": -1,
    "w": 10,
    "h": 10,
    "dws": [
        "VOES",
        "HOLES",
        "VOL",
        "LEVS",
        "EVO",
        "HOVES",
        "LES",
        "HELOS",
        "SLOE",
        "EVOS",
        "HOSEL",
        "LOVES",
        "HOVELS",
        "HES",
        "LEVO",
        "OSE",
        "LOSH",
        "SOH",
        "OLE",
        "VOE",
        "SEL",
        "LEV",
        "EHS",
        "HOLS",
        "SHE",
        "OHS",
        "LOS",
        "OVEL",
        "OES",
        "VOLES",
        "HOS",
        "OLES",
        "ELS",
        "SOV",
        "SHEOL",
        "HELO",
        "OVELS",
        "SEV",
        "HOVE",
        "VOLS",
        "SOL",
        "HOE",
        "SHO",
        "SHOVEL",
        "SHOVE",
        "SOLVE",
        "HOVEL",
        "HOLE",
        "HOSE",
        "LOSE",
        "LOVE",
        "SHOE",
        "SOLE",
        "HOES",
        "VOLE"
    ],
    "ws": []
}