{
    "id": 2212,
    "sub_category": "Vivid Packx",
    "category": "Marsh Group",
    "type": 0,
    "letters": "BELRTU",
    "mov": 22,
    "shovels": 1,
    "coins": 5,
    "rows": 15,
    "cols": 15,
    "c": 0,
    "b": -1,
    "w": 10,
    "h": 10,
    "dws": [
        "BLUET",
        "BUTE",
        "RET",
        "BURET",
        "TUB",
        "TRUE",
        "LUTER",
        "BEL",
        "UTE",
        "BUT",
        "ELT",
        "TULE",
        "BLET",
        "RUB",
        "TEL",
        "BUR",
        "RUT",
        "BURL",
        "BRUT",
        "RUBEL",
        "ULE",
        "BUTLE",
        "RUE",
        "LEU",
        "URE",
        "BRU",
        "REB",
        "REBUT",
        "LUR",
        "BET",
        "LET",
        "RUBLE",
        "BRULE",
        "LUTE",
        "RUBE",
        "URB",
        "BUTLER",
        "BRUTE",
        "TUBER",
        "BLUER",
        "BLURT",
        "BELT",
        "BLUE",
        "BLUR",
        "LURE",
        "RULE",
        "TUBE",
        "LUBE"
    ],
    "ws": []
}