{
    "id": 2246,
    "sub_category": "Fir Pack",
    "category": "Woods Group",
    "type": 0,
    "letters": "ADDENW",
    "mov": 22,
    "shovels": 1,
    "coins": 5,
    "rows": 15,
    "cols": 15,
    "c": 0,
    "b": -1,
    "w": 10,
    "h": 8,
    "dws": [
        "DEWAN",
        "NAE",
        "DAD",
        "END",
        "WED",
        "DAWED",
        "NAW",
        "DAE",
        "ANE",
        "WEND",
        "DAW",
        "DNA",
        "DEN",
        "EAN",
        "DEW",
        "DEAW",
        "AWE",
        "DAN",
        "WADD",
        "ADD",
        "NEW",
        "NED",
        "DAWEN",
        "WEN",
        "WAN",
        "DAWD",
        "WAE",
        "AND",
        "WAD",
        "AWN",
        "AWNED",
        "DAWNED",
        "WADED",
        "WANED",
        "DAWN",
        "DEAD",
        "DEAN",
        "WADE",
        "WAND",
        "ANEW",
        "AWED",
        "WANE",
        "WEAN"
    ],
    "ws": []
}