{
    "id": 2251,
    "sub_category": "Fir Pack",
    "category": "Woods Group",
    "type": 0,
    "letters": "BDEKNO",
    "mov": 20,
    "shovels": 1,
    "coins": 5,
    "rows": 15,
    "cols": 15,
    "c": 0,
    "b": -1,
    "w": 8,
    "h": 8,
    "dws": [
        "ONE",
        "EON",
        "NEK",
        "BED",
        "DOEK",
        "END",
        "DON",
        "DOEN",
        "KEN",
        "KENDO",
        "BOK",
        "NOB",
        "DEN",
        "DOE",
        "KOB",
        "BOD",
        "KED",
        "EBON",
        "BOKE",
        "NEB",
        "OBE",
        "NOD",
        "BON",
        "OKE",
        "KEB",
        "DOBE",
        "KENO",
        "KON",
        "NED",
        "ODE",
        "BEN",
        "DEB",
        "DOB",
        "BONKED",
        "BONED",
        "BEND",
        "BOND",
        "BONE",
        "DONE",
        "KNOB",
        "NODE",
        "BODE",
        "BONK"
    ],
    "ws": []
}