{
    "id": 2277,
    "sub_category": "Fall Packx",
    "category": "Woods Group",
    "type": 0,
    "letters": "ADRTWY",
    "mov": 30,
    "shovels": 1,
    "coins": 5,
    "rows": 15,
    "cols": 15,
    "c": 0,
    "b": -1,
    "w": 12,
    "h": 11,
    "dws": [
        "YAR",
        "DAWT",
        "TAW",
        "RYA",
        "ARD",
        "ARY",
        "TWAY",
        "TRAD",
        "DAW",
        "WAR",
        "DRY",
        "WAT",
        "TRAY",
        "DRAT",
        "YAD",
        "WADT",
        "DRAY",
        "TWA",
        "WARTY",
        "ADRY",
        "TAY",
        "WADY",
        "WRY",
        "ARTY",
        "YAW",
        "YARD",
        "WART",
        "ART",
        "DAY",
        "TAR"
    ],
    "ws": [
        {
            "w": "RAT",
            "v": false,
            "row": 7,
            "col": 4,
            "def": "A medium-sized rodent belonging to the genus Rattus."
        },
        {
            "w": "RAW",
            "v": false,
            "row": 2,
            "col": 7,
            "def": "Of weather: unpleasantly damp or cold."
        },
        {
            "w": "RAY",
            "v": false,
            "row": 8,
            "col": 6,
            "def": "A beam of light or radiation."
        },
        {
            "w": "TAD",
            "v": false,
            "row": 4,
            "col": 3,
            "def": "A small amount; a little bit."
        },
        {
            "w": "TRY",
            "v": true,
            "row": 7,
            "col": 6,
            "def": "To attempt. Followed by infinitive."
        },
        {
            "w": "WAD",
            "v": false,
            "row": 5,
            "col": 7,
            "def": "An amorphous, compact mass."
        },
        {
            "w": "WAY",
            "v": false,
            "row": 8,
            "col": 2,
            "def": "A road, a direction, a (physical or conceptual) path from one place to another."
        },
        {
            "w": "RAD",
            "v": false,
            "row": 5,
            "col": 0,
            "def": "Excellent, short for radical."
        },
        {
            "w": "DART",
            "v": true,
            "row": 0,
            "col": 7,
            "def": "A pointed missile weapon, intended to be thrown by the hand; a short lance; a javelin; any sharp-pointed missile weapon, as an arrow."
        },
        {
            "w": "DRAW",
            "v": true,
            "row": 5,
            "col": 2,
            "def": "To sketch; depict with lines; to produce a picture with pencil, crayon, chalk, etc. on paper, cardboard, etc."
        },
        {
            "w": "WARD",
            "v": true,
            "row": 2,
            "col": 9,
            "def": "Protection, defence."
        },
        {
            "w": "WARY",
            "v": true,
            "row": 3,
            "col": 0,
            "def": "Cautious of danger; carefully watching and guarding against deception, artifices, and dangers; timorously or suspiciously prudent; circumspect; scrupulous; careful."
        },
        {
            "w": "AWRY",
            "v": true,
            "row": 5,
            "col": 8,
            "def": "Obliquely, crookedly; askew."
        },
        {
            "w": "TARDY",
            "v": false,
            "row": 0,
            "col": 4,
            "def": "Late; overdue or delayed."
        },
        {
            "w": "TAWDRY",
            "v": true,
            "row": 3,
            "col": 4,
            "def": "Cheap and gaudy; showy."
        }
    ]
}