{
    "id": "227cd296-0d44-11eb-a781-34363b5fdca4",
    "type": 0,
    "letters": "AILRV",
    "mov": 13,
    "shovels": 1,
    "coins": 5,
    "rows": 4,
    "cols": 2,
    "c": 0,
    "b": -1,
    "dws": [
        "RIA",
        "RAI",
        "RAV",
        "VAR",
        "LAR",
        "LAV",
        "RIVA",
        "VAIR",
        "VIRL",
        "VRIL",
        "RIAL",
        "ARIL",
        "LIRA",
        "LARI",
        "VAIL",
        "VALI",
        "VIRAL"
    ],
    "ws": [
        {
            "w": "AIL",
            "v": true,
            "row": 2,
            "col": 4
        },
        {
            "w": "AIR",
            "v": true,
            "row": 0,
            "col": 3
        },
        {
            "w": "VIA",
            "v": false,
            "row": 6,
            "col": 0
        },
        {
            "w": "LAIR",
            "v": false,
            "row": 7,
            "col": 2
        },
        {
            "w": "LIAR",
            "v": false,
            "row": 0,
            "col": 1
        },
        {
            "w": "RAIL",
            "v": false,
            "row": 2,
            "col": 3
        },
        {
            "w": "VIAL",
            "v": false,
            "row": 4,
            "col": 1
        },
        {
            "w": "RIVAL",
            "v": true,
            "row": 3,
            "col": 2
        }
    ]
}