{
    "id": 2297,
    "sub_category": "Mossy Pack",
    "category": "Woods Group",
    "type": 0,
    "letters": "ABDEGN",
    "mov": 20,
    "shovels": 1,
    "coins": 5,
    "rows": 15,
    "cols": 15,
    "c": 0,
    "b": -1,
    "w": 10,
    "h": 9,
    "dws": [
        "ABED",
        "BAG",
        "GANE",
        "GENA",
        "NAE",
        "BED",
        "GAEN",
        "END",
        "NEG",
        "BAN",
        "EGAD",
        "GADE",
        "DAE",
        "NAB",
        "ANE",
        "GEAN",
        "GAE",
        "BENGA",
        "DNA",
        "GAED",
        "DEN",
        "BEG",
        "EAN",
        "GED",
        "BANED",
        "BEGAD",
        "DAG",
        "AGEN",
        "NABE",
        "NEB",
        "GEN",
        "DAN",
        "NAG",
        "ABEND",
        "GAB",
        "BEAD",
        "AGE",
        "GAN",
        "NED",
        "GAD",
        "BEN",
        "DEB",
        "DAB",
        "DEBAG",
        "ENG",
        "DANG",
        "AND",
        "BADE",
        "BAD",
        "DEG",
        "BANGED",
        "BEGAN",
        "BADGE",
        "AGED",
        "BAND",
        "BANG",
        "BEAN",
        "BEND",
        "DEAN",
        "BANE"
    ],
    "ws": []
}