{
    "id": 2315,
    "sub_category": "Bright Packx",
    "category": "Woods Group",
    "type": 0,
    "letters": "CDINOR",
    "mov": 24,
    "shovels": 1,
    "coins": 5,
    "rows": 15,
    "cols": 15,
    "c": 0,
    "b": -1,
    "w": 10,
    "h": 9,
    "dws": [
        "CION",
        "NID",
        "CID",
        "COIR",
        "RIND",
        "RID",
        "NORI",
        "CONI",
        "RIN",
        "DOR",
        "ROIN",
        "ORC",
        "ODIC",
        "INRO",
        "NIDOR",
        "NODI",
        "NOR",
        "ORD",
        "COND",
        "COR",
        "ORCIN",
        "DINO",
        "ROC",
        "NOIR"
    ],
    "ws": [
        {
            "w": "COD",
            "v": false,
            "row": 5,
            "col": 2,
            "def": "A bag."
        },
        {
            "w": "CON",
            "v": false,
            "row": 5,
            "col": 6,
            "def": "To study, especially in order to gain knowledge of."
        },
        {
            "w": "DOC",
            "v": true,
            "row": 0,
            "col": 6,
            "def": "A doctor."
        },
        {
            "w": "ION",
            "v": false,
            "row": 7,
            "col": 0,
            "def": "An atom or group of atoms bearing an electrical charge such as the sodium and chlorine atoms in a salt solution."
        },
        {
            "w": "NOD",
            "v": false,
            "row": 3,
            "col": 3,
            "def": "To incline the head up and down, as to indicate agreement."
        },
        {
            "w": "ROD",
            "v": false,
            "row": 0,
            "col": 4,
            "def": "A straight, round stick, shaft, bar, cane, or staff."
        },
        {
            "w": "DIN",
            "v": true,
            "row": 6,
            "col": 0,
            "def": "A loud noise; a cacophony or loud commotion."
        },
        {
            "w": "DON",
            "v": true,
            "row": 0,
            "col": 9,
            "def": "A university professor, particularly one at Oxford or Cambridge."
        },
        {
            "w": "COIN",
            "v": false,
            "row": 2,
            "col": 6,
            "def": "A piece of currency, usually metallic and in the shape of a disc, but sometimes polygonal, or with a hole in the middle."
        },
        {
            "w": "CORD",
            "v": false,
            "row": 7,
            "col": 4,
            "def": "A long, thin, flexible length of twisted yarns (strands) of fiber."
        },
        {
            "w": "CORN",
            "v": true,
            "row": 5,
            "col": 6,
            "def": "A cereal plant grown for its grain, specifically the main such plant grown in a given region, such as oats in parts of Scotland and Ireland, wheat or barley in England and Wales, and maize or sweetcorn in the Americas."
        },
        {
            "w": "ICON",
            "v": true,
            "row": 4,
            "col": 2,
            "def": "An image, symbol, picture, or other representation usually as an object of religious devotion."
        },
        {
            "w": "IRON",
            "v": true,
            "row": 2,
            "col": 8,
            "def": "A common, inexpensive metal, often black in color, that rusts, is attracted by magnets, and is used in making steel."
        },
        {
            "w": "NORDIC",
            "v": true,
            "row": 2,
            "col": 4,
            "def": "Of or relating to cross-country skiing (Compare alpine)."
        }
    ]
}