{
    "id": 2317,
    "sub_category": "Bright Packx",
    "category": "Woods Group",
    "type": 0,
    "letters": "ADILNN",
    "mov": 16,
    "shovels": 1,
    "coins": 5,
    "rows": 15,
    "cols": 15,
    "c": 0,
    "b": -1,
    "w": 8,
    "h": 6,
    "dws": [
        "NID",
        "ANIL",
        "NAN",
        "NAIN",
        "AID",
        "LIND",
        "LID",
        "DIN",
        "DNA",
        "ANN",
        "DALI",
        "LINN",
        "INN",
        "ANI",
        "LAD",
        "DAN",
        "AIN",
        "LIN",
        "DINNA",
        "AIL",
        "NIL",
        "DAL",
        "AND",
        "NIDAL"
    ],
    "ws": [
        {
            "w": "DIAL",
            "v": false,
            "row": 0,
            "col": 1,
            "def": "A graduated, circular scale over which a needle moves to show a measurement (such as speed)."
        },
        {
            "w": "LAID",
            "v": false,
            "row": 2,
            "col": 2,
            "def": "Simple past tense and past participle of lay."
        },
        {
            "w": "LAND",
            "v": false,
            "row": 4,
            "col": 0,
            "def": "The part of Earth which is not covered by oceans or other bodies of water."
        },
        {
            "w": "NAIL",
            "v": true,
            "row": 1,
            "col": 0,
            "def": "To drive a nail."
        },
        {
            "w": "LAIN",
            "v": true,
            "row": 0,
            "col": 4,
            "def": "Past participle of lie (oriented in a horizontal position, situated)."
        },
        {
            "w": "INLAND",
            "v": true,
            "row": 0,
            "col": 2,
            "def": "Within the land; more or less remote from the ocean or from open water; interior; as, an inland town."
        }
    ]
}