{
    "id": 2325,
    "sub_category": "Rise Packx",
    "category": "Arid Group",
    "type": 0,
    "letters": "DEHINR",
    "mov": 30,
    "shovels": 1,
    "coins": 5,
    "rows": 15,
    "cols": 15,
    "c": 0,
    "b": -1,
    "w": 12,
    "h": 10,
    "dws": [
        "DIE",
        "NID",
        "RHINE",
        "REND",
        "HEID",
        "NIDE",
        "EDH",
        "ERN",
        "REI",
        "HERN",
        "HEND",
        "HIN",
        "DIN",
        "RIN",
        "DERN",
        "DINE",
        "NIED",
        "DEI",
        "IDE",
        "HIE",
        "NIE",
        "REN",
        "IRED",
        "NED",
        "REH",
        "DENI",
        "HIDER",
        "HEIR",
        "HIED",
        "RINE",
        "HIRED",
        "HERD",
        "RIDE",
        "HIND",
        "IRE"
    ],
    "ws": [
        {
            "w": "DEN",
            "v": false,
            "row": 3,
            "col": 6,
            "def": "The home of certain animals."
        },
        {
            "w": "END",
            "v": false,
            "row": 6,
            "col": 6,
            "def": "The final point of something in space or time."
        },
        {
            "w": "HEN",
            "v": true,
            "row": 1,
            "col": 8,
            "def": "Hence."
        },
        {
            "w": "HER",
            "v": true,
            "row": 7,
            "col": 1,
            "def": "Belonging to her."
        },
        {
            "w": "HID",
            "v": true,
            "row": 0,
            "col": 3,
            "def": "Simple past of hide."
        },
        {
            "w": "RED",
            "v": false,
            "row": 9,
            "col": 1,
            "def": "Having red as its colour."
        },
        {
            "w": "RID",
            "v": false,
            "row": 8,
            "col": 4,
            "def": "Released from an obligation, problem, etc. (usually followed by \"of\")."
        },
        {
            "w": "DIRE",
            "v": true,
            "row": 3,
            "col": 6,
            "def": "Ill-boding; portentous."
        },
        {
            "w": "HIDE",
            "v": false,
            "row": 0,
            "col": 3,
            "def": "To put (something) in a place where it will be harder to discover or out of sight."
        },
        {
            "w": "HIRE",
            "v": false,
            "row": 7,
            "col": 1,
            "def": "Payment for the temporary use of something."
        },
        {
            "w": "RIND",
            "v": false,
            "row": 2,
            "col": 0,
            "def": "Tree bark."
        },
        {
            "w": "REIN",
            "v": true,
            "row": 2,
            "col": 0,
            "def": "A strap or rope attached to the bridle or bit, used to control a horse, animal or young child."
        },
        {
            "w": "NERD",
            "v": true,
            "row": 2,
            "col": 2,
            "def": "A person who is intellectual but generally introverted."
        },
        {
            "w": "DINER",
            "v": false,
            "row": 5,
            "col": 2,
            "def": "Agent noun of dine; one who dines; one who eats a meal, especially dinner."
        },
        {
            "w": "HINDER",
            "v": true,
            "row": 3,
            "col": 4,
            "def": "To make difficult to accomplish; to frustrate, act as obstacle."
        }
    ]
}