{
    "id": 2332,
    "sub_category": "Rise Packx",
    "category": "Arid Group",
    "type": 0,
    "letters": "ABDELL",
    "mov": 22,
    "shovels": 1,
    "coins": 5,
    "rows": 15,
    "cols": 15,
    "c": 0,
    "b": -1,
    "w": 10,
    "h": 9,
    "dws": [
        "ABED",
        "BLAE",
        "BED",
        "LADE",
        "BEL",
        "BEAL",
        "DAE",
        "LAB",
        "ELL",
        "ALE",
        "DALE",
        "LEA",
        "ELD",
        "BLED",
        "BALED",
        "LAD",
        "LEAD",
        "DALLE",
        "ABLED",
        "ALL",
        "ALB",
        "LED",
        "BAEL",
        "LEAL",
        "ALBE",
        "BLAD",
        "DEB",
        "BAL",
        "DAB",
        "DEAL",
        "DAL",
        "BAD",
        "DEL",
        "BALLED",
        "BLADE",
        "LABEL",
        "LADLE",
        "ABLE",
        "BALD",
        "BALL",
        "BELL",
        "BEAD",
        "BALE",
        "BADE",
        "DELL"
    ],
    "ws": []
}