{
    "id": 2346,
    "sub_category": "Sand Packx",
    "category": "Arid Group",
    "type": 0,
    "letters": "ACIMOT",
    "mov": 18,
    "shovels": 1,
    "coins": 5,
    "rows": 15,
    "cols": 15,
    "c": 0,
    "b": -1,
    "w": 8,
    "h": 7,
    "dws": [
        "CAMI",
        "TOMIA",
        "AIT",
        "MOAT",
        "OCA",
        "TIC",
        "MOTI",
        "TAM",
        "ACT",
        "MOA",
        "ATOM",
        "TOC",
        "OCTA",
        "MAC",
        "MOT",
        "TAI",
        "COM",
        "ITA",
        "TOM",
        "CITO",
        "AIM",
        "AMI",
        "TAO",
        "MAT",
        "MOI",
        "MIC",
        "CIAO",
        "MOAI",
        "MOC",
        "CAT",
        "MOIT",
        "CIT",
        "MATICO",
        "OAT",
        "ATOC",
        "OTIC",
        "COIT",
        "CAM",
        "COT",
        "MICO",
        "COATI",
        "OMA"
    ],
    "ws": [
        {
            "w": "COAT",
            "v": false,
            "row": 1,
            "col": 4,
            "def": "An outer garment covering the upper torso and arms."
        },
        {
            "w": "COMA",
            "v": false,
            "row": 7,
            "col": 3,
            "def": "A state of sleep from which one may not wake up, usually induced by some form of trauma."
        },
        {
            "w": "OMIT",
            "v": false,
            "row": 5,
            "col": 2,
            "def": "To leave out or exclude."
        },
        {
            "w": "CAMO",
            "v": true,
            "row": 0,
            "col": 6,
            "def": "A pattern on clothing consisting of irregularly shaped patches that are either greenish/brownish, brownish/whitish, or bluish/whitish, as used by ground combat forces."
        },
        {
            "w": "IOTA",
            "v": false,
            "row": 2,
            "col": 0,
            "def": "The ninth, and smallest, letter of the Greek alphabet."
        },
        {
            "w": "TACO",
            "v": false,
            "row": 3,
            "col": 3,
            "def": "A Mexican snack food; a small tortilla with some rice, beans, cheese, diced vegetables (usually tomatoes and lettuce, as served in the United States) and salsa."
        },
        {
            "w": "MICA",
            "v": true,
            "row": 1,
            "col": 0,
            "def": "Any of a group of hydrous aluminosilicate minerals characterized by highly perfect cleavage, so that they readily separate into very thin leaves, more or less elastic."
        },
        {
            "w": "ATOMIC",
            "v": true,
            "row": 2,
            "col": 3,
            "def": "Of, or relating to atoms."
        }
    ]
}