{
    "id": 2350,
    "sub_category": "Sand Packx",
    "category": "Arid Group",
    "type": 0,
    "letters": "BCISTU",
    "mov": 20,
    "shovels": 1,
    "coins": 5,
    "rows": 15,
    "cols": 15,
    "c": 0,
    "b": -1,
    "w": 9,
    "h": 7,
    "dws": [
        "CITS",
        "BUIST",
        "SIC",
        "ICTUS",
        "BIST",
        "TUB",
        "CIST",
        "TIC",
        "CUBIT",
        "SUB",
        "BUSTIC",
        "TIS",
        "TUI",
        "BIS",
        "BUT",
        "TUIS",
        "CUB",
        "SCUT",
        "SIB",
        "CIT",
        "UTS",
        "SITU",
        "CIS",
        "BUS",
        "CUIT",
        "UTIS",
        "CUITS",
        "BIT",
        "SUI",
        "CUT",
        "ITS",
        "SIT",
        "CUBITS",
        "CUTIS",
        "CUBIST",
        "BITS",
        "BUST",
        "BUTS",
        "CUBS",
        "CUTS",
        "SUIT",
        "TICS",
        "TUBS",
        "STUB"
    ],
    "ws": []
}