{
    "id": 2416,
    "sub_category": "Ripple Pack",
    "category": "Tide Group",
    "type": 0,
    "letters": "DEEILV",
    "mov": 24,
    "shovels": 1,
    "coins": 5,
    "rows": 15,
    "cols": 15,
    "c": 0,
    "b": -1,
    "w": 12,
    "h": 12,
    "dws": [
        "LEED",
        "DIE",
        "EIDE",
        "EEL",
        "VLEI",
        "VILD",
        "LEI",
        "LIE",
        "ELVE",
        "DEV",
        "VIDE",
        "LID",
        "VEE",
        "DEVI",
        "VELD",
        "ELIDE",
        "LEV",
        "DEIL",
        "LIEVE",
        "DEI",
        "DEE",
        "DEEV",
        "LEVE",
        "IDE",
        "ELD",
        "VELE",
        "DIEL",
        "IDEE",
        "EVE",
        "VID",
        "LEE",
        "DEVEL",
        "EILD",
        "LED",
        "EDILE",
        "DIV",
        "LEDE",
        "DELE",
        "VIE",
        "DEL"
    ],
    "ws": [
        {
            "w": "DIVE",
            "v": true,
            "row": 2,
            "col": 9,
            "def": "To swim under water."
        },
        {
            "w": "EVIL",
            "v": false,
            "row": 6,
            "col": 1,
            "def": "Intending to harm; malevolent."
        },
        {
            "w": "LIED",
            "v": false,
            "row": 0,
            "col": 6,
            "def": "An art song, sung in German and accompanied on the piano."
        },
        {
            "w": "LIVE",
            "v": true,
            "row": 5,
            "col": 8,
            "def": "To be alive; to have life."
        },
        {
            "w": "VILE",
            "v": false,
            "row": 5,
            "col": 6,
            "def": "Morally low; base; despicable."
        },
        {
            "w": "DELI",
            "v": false,
            "row": 3,
            "col": 6,
            "def": "A shop that sells cooked or prepared food ready for serving."
        },
        {
            "w": "IDLE",
            "v": true,
            "row": 0,
            "col": 7,
            "def": "Empty, vacant."
        },
        {
            "w": "VEIL",
            "v": true,
            "row": 5,
            "col": 6,
            "def": "Something hung up, or spread out, to intercept the view, and hide an object; a cover; a curtain; esp., a screen, usually of gauze, crape, or similar diaphanous material, to hide or protect the face."
        },
        {
            "w": "VIED",
            "v": true,
            "row": 6,
            "col": 2,
            "def": "Simple past tense and past participle of vie."
        },
        {
            "w": "DEVIL",
            "v": true,
            "row": 0,
            "col": 1,
            "def": "A creature of hell."
        },
        {
            "w": "LIVED",
            "v": false,
            "row": 4,
            "col": 1,
            "def": "Simple past tense and past participle of live."
        },
        {
            "w": "DELVE",
            "v": false,
            "row": 8,
            "col": 4,
            "def": "To dig the ground, especially with a shovel."
        },
        {
            "w": "VEILED",
            "v": true,
            "row": 3,
            "col": 4,
            "def": "Hidden, such as by a veil."
        },
        {
            "w": "LEVIED",
            "v": false,
            "row": 1,
            "col": 0,
            "def": "Simple past tense and past participle of levy."
        }
    ]
}