{
    "id": 2421,
    "sub_category": "Wave Packx",
    "category": "Tide Group",
    "type": 0,
    "letters": "ENOPTT",
    "mov": 18,
    "shovels": 1,
    "coins": 5,
    "rows": 15,
    "cols": 15,
    "c": 0,
    "b": -1,
    "w": 8,
    "h": 7,
    "dws": [
        "TOE",
        "ONE",
        "POTT",
        "EON",
        "POT",
        "PONT",
        "TOP",
        "NETOP",
        "OPE",
        "TET",
        "PETTO",
        "NOTT",
        "POTE",
        "NOTE",
        "NEP",
        "PET",
        "TONE",
        "PEN",
        "NETT",
        "PONE",
        "TON",
        "NOT",
        "OPT",
        "NET",
        "TOPE",
        "TEN",
        "TOT"
    ],
    "ws": [
        {
            "w": "NOPE",
            "v": true,
            "row": 0,
            "col": 5,
            "def": "To hit someone on the head."
        },
        {
            "w": "OPEN",
            "v": false,
            "row": 3,
            "col": 3,
            "def": "Which is not closed; accessible; unimpeded; as, an open gate."
        },
        {
            "w": "POET",
            "v": true,
            "row": 1,
            "col": 0,
            "def": "A person who writes poems."
        },
        {
            "w": "TENT",
            "v": false,
            "row": 4,
            "col": 0,
            "def": "A pavilion or portable lodge consisting of skins, canvas, or some strong cloth, stretched and sustained by poles, used for sheltering persons from the weather."
        },
        {
            "w": "PEON",
            "v": false,
            "row": 6,
            "col": 0,
            "def": "A lowly person, a peasant or serf, a labourer who is obliged to do menial work."
        },
        {
            "w": "TOTE",
            "v": false,
            "row": 7,
            "col": 3,
            "def": "A bag, specifically a tote bag."
        },
        {
            "w": "PENT",
            "v": false,
            "row": 0,
            "col": 3,
            "def": "Confined in a pen, imprisoned."
        },
        {
            "w": "POTENT",
            "v": true,
            "row": 2,
            "col": 3,
            "def": "Possessing strength."
        }
    ]
}