{
    "id": 2425,
    "sub_category": "Wave Packx",
    "category": "Tide Group",
    "type": 0,
    "letters": "ACDELW",
    "mov": 30,
    "shovels": 1,
    "coins": 5,
    "rows": 15,
    "cols": 15,
    "c": 0,
    "b": -1,
    "w": 14,
    "h": 11,
    "dws": [
        "CLEW",
        "AWDL",
        "ALEC",
        "CAW",
        "LAWED",
        "LADE",
        "DACE",
        "DAE",
        "CAWED",
        "LAWE",
        "DAW",
        "DWALE",
        "CEL",
        "LEW",
        "CAL",
        "WEALD",
        "CADE",
        "DALE",
        "WALD",
        "WEAL",
        "LEA",
        "ELD",
        "DEAW",
        "LEAD",
        "CLADE",
        "WALE",
        "DECLAW",
        "ALEW",
        "LAC",
        "AWL",
        "DEAL",
        "ECAD",
        "DAL",
        "WAE",
        "CAD",
        "WALED",
        "DEL",
        "LACE",
        "AWE",
        "DEW",
        "LAW",
        "WAD"
    ],
    "ws": [
        {
            "w": "ACE",
            "v": true,
            "row": 0,
            "col": 3,
            "def": "A single point or spot on a playing card or die."
        },
        {
            "w": "ALE",
            "v": false,
            "row": 7,
            "col": 0,
            "def": "An intoxicating liquor made from an infusion of malt by fermentation and the addition of a bitter, usually hops."
        },
        {
            "w": "LAD",
            "v": false,
            "row": 8,
            "col": 2,
            "def": "A boy or young man."
        },
        {
            "w": "LED",
            "v": false,
            "row": 9,
            "col": 0,
            "def": "Simple past tense and past participle of lead."
        },
        {
            "w": "WED",
            "v": true,
            "row": 0,
            "col": 8,
            "def": "To perform the marriage ceremony for; to join in matrimony."
        },
        {
            "w": "CLAW",
            "v": false,
            "row": 0,
            "col": 1,
            "def": "A curved, pointed horny nail on each digit of the foot of a mammal, reptile, or bird."
        },
        {
            "w": "WADE",
            "v": false,
            "row": 2,
            "col": 0,
            "def": "To walk through water or something that impedes progress."
        },
        {
            "w": "WELD",
            "v": true,
            "row": 6,
            "col": 2,
            "def": "A herb (Reseda luteola) related to mignonette, growing in Europe, and to some extent in America, used to make a yellow dye; dyer's broom; dyer's rocket; dyer's weed; wild woad."
        },
        {
            "w": "CLAD",
            "v": false,
            "row": 2,
            "col": 5,
            "def": "To clothe."
        },
        {
            "w": "AWED",
            "v": true,
            "row": 1,
            "col": 0,
            "def": "Simple past tense and past participle of awe."
        },
        {
            "w": "LEWD",
            "v": false,
            "row": 0,
            "col": 6,
            "def": "Lascivious, sexually promiscuous, rude."
        },
        {
            "w": "ACED",
            "v": false,
            "row": 5,
            "col": 4,
            "def": "Simple past tense and past participle of ace."
        },
        {
            "w": "LACED",
            "v": true,
            "row": 2,
            "col": 6,
            "def": "Tainted with something, especially a drug."
        },
        {
            "w": "DECAL",
            "v": false,
            "row": 4,
            "col": 0,
            "def": "A design or picture produced in order to be transferred to another surface either permanently or temporarily."
        },
        {
            "w": "CLAWED",
            "v": true,
            "row": 3,
            "col": 4,
            "def": "Simple past tense and past participle of claw."
        }
    ]
}