{
    "id": 2445,
    "sub_category": "Calm Packx",
    "category": "Tide Group",
    "type": 0,
    "letters": "ADEGGS",
    "mov": 16,
    "shovels": 1,
    "coins": 5,
    "rows": 15,
    "cols": 15,
    "c": 0,
    "b": -1,
    "w": 7,
    "h": 6,
    "dws": [
        "DAGS",
        "EGG",
        "GAG",
        "GAGE",
        "SED",
        "GEDS",
        "DEGAS",
        "DAS",
        "GADS",
        "GAGED",
        "SEG",
        "GADGE",
        "EGAD",
        "GADE",
        "DAE",
        "GAE",
        "DAES",
        "GAED",
        "ADS",
        "GAS",
        "AGS",
        "GED",
        "GAGES",
        "DAG",
        "SAG",
        "SAD",
        "GAES",
        "GADES",
        "SADE",
        "SAE",
        "AGE",
        "GAD",
        "EDS",
        "EAS",
        "SEA",
        "EGADS",
        "DEGS",
        "DEG",
        "SAGGED",
        "AGED",
        "AGES",
        "EGGS",
        "GAGS",
        "SAGE"
    ],
    "ws": []
}