{
    "id": 2455,
    "sub_category": "Breeze Pack",
    "category": "Tide Group",
    "type": 0,
    "letters": "EGHNRU",
    "mov": 16,
    "shovels": 1,
    "coins": 5,
    "rows": 15,
    "cols": 15,
    "c": 0,
    "b": -1,
    "w": 7,
    "h": 7,
    "dws": [
        "GNU",
        "NUR",
        "GRUE",
        "REG",
        "ERN",
        "HUG",
        "GUE",
        "NEG",
        "HERN",
        "NUG",
        "HUN",
        "ERG",
        "RUN",
        "HEN",
        "GREN",
        "RUG",
        "GUR",
        "REHUNG",
        "UGH",
        "GEN",
        "GUN",
        "REN",
        "ERHU",
        "RUE",
        "HUER",
        "URE",
        "HUE",
        "GURN",
        "REH",
        "GER",
        "RUNE",
        "ENG",
        "HER",
        "URN",
        "EUGH",
        "GENU",
        "HUNGER",
        "HUGER",
        "HUGE",
        "HUNG",
        "RUNG",
        "URGE"
    ],
    "ws": []
}