{
    "id": 2469,
    "sub_category": "Float Pack",
    "category": "Tide Group",
    "type": 0,
    "letters": "ADEMNN",
    "mov": 18,
    "shovels": 1,
    "coins": 5,
    "rows": 15,
    "cols": 15,
    "c": 0,
    "b": -1,
    "w": 9,
    "h": 7,
    "dws": [
        "DAMN",
        "NEMA",
        "MANE",
        "NAE",
        "MAE",
        "END",
        "MEN",
        "NAN",
        "MEAN",
        "DAM",
        "DAE",
        "ANE",
        "ADMEN",
        "ANN",
        "DNA",
        "DEN",
        "AMEN",
        "MED",
        "EAN",
        "MANED",
        "AME",
        "NAM",
        "DAN",
        "NANE",
        "MAD",
        "MAND",
        "MENAD",
        "NED",
        "MNA",
        "MAN",
        "AND",
        "NAME"
    ],
    "ws": [
        {
            "w": "DEAN",
            "v": false,
            "row": 5,
            "col": 0,
            "def": "A senior official in a college or university, who may be in charge of a division or faculty (for example, the dean of science) or have some other advisory or disciplinary function (for example, the dean of students)."
        },
        {
            "w": "MADE",
            "v": false,
            "row": 1,
            "col": 4,
            "def": "A maggot or grub."
        },
        {
            "w": "DAME",
            "v": false,
            "row": 3,
            "col": 2,
            "def": "The equivalent title to Sir for a female knight."
        },
        {
            "w": "MEAD",
            "v": true,
            "row": 0,
            "col": 7,
            "def": "An alcoholic drink fermented from honey and water."
        },
        {
            "w": "MEND",
            "v": false,
            "row": 7,
            "col": 0,
            "def": "A place, as in clothing, which has been repaired by mending."
        },
        {
            "w": "NAMED",
            "v": true,
            "row": 1,
            "col": 0,
            "def": "Having a name."
        },
        {
            "w": "AMEND",
            "v": true,
            "row": 1,
            "col": 5,
            "def": "To make better."
        },
        {
            "w": "MANNED",
            "v": true,
            "row": 2,
            "col": 3,
            "def": "Operated by, performed by, or transporting a person; crewed."
        }
    ]
}