{
    "id": 248,
    "sub_category": "Shore Pack",
    "category": "Tropic Group",
    "type": 0,
    "letters": "AFLLOW",
    "mov": 18,
    "shovels": 1,
    "coins": 5,
    "rows": 15,
    "cols": 15,
    "c": 0,
    "b": -1,
    "w": 9,
    "h": 7,
    "dws": [
        "LAW",
        "WOF",
        "AWL",
        "OWL",
        "OLLA",
        "AWOL",
        "ALF",
        "LOL",
        "ALL",
        "ALOW",
        "OAF",
        "FOAL",
        "LOW",
        "FAW",
        "WALL"
    ],
    "ws": [
        {
            "w": "FALL",
            "v": false,
            "row": 3,
            "col": 2,
            "def": "To move to a lower position under the effect of gravity."
        },
        {
            "w": "FLAW",
            "v": false,
            "row": 7,
            "col": 0,
            "def": "A crack or breach, a gap or fissure; a defect of continuity or cohesion."
        },
        {
            "w": "FLOW",
            "v": true,
            "row": 1,
            "col": 7,
            "def": "The movement of a fluid."
        },
        {
            "w": "LOAF",
            "v": false,
            "row": 1,
            "col": 4,
            "def": "A block of bread after baking."
        },
        {
            "w": "WOLF",
            "v": true,
            "row": 4,
            "col": 0,
            "def": "A large wild canid of certain subspecies of Canis lupus."
        },
        {
            "w": "FOWL",
            "v": true,
            "row": 0,
            "col": 5,
            "def": "A bird."
        },
        {
            "w": "ALLOW",
            "v": false,
            "row": 5,
            "col": 2,
            "def": "To grant, give, admit, accord, afford, or yield; to let one have."
        },
        {
            "w": "FALLOW",
            "v": true,
            "row": 2,
            "col": 3,
            "def": "Ground ploughed and harrowed but left unseeded for one year."
        }
    ]
}