{
    "id": 2481,
    "sub_category": "River Packx",
    "category": "Passage Group",
    "type": 0,
    "letters": "AACLNO",
    "mov": 16,
    "shovels": 1,
    "coins": 5,
    "rows": 15,
    "cols": 15,
    "c": 0,
    "b": -1,
    "w": 8,
    "h": 6,
    "dws": [
        "COALA",
        "OCA",
        "CON",
        "CAA",
        "NALA",
        "ANAL",
        "CLON",
        "CAL",
        "COL",
        "ANA",
        "CAN",
        "AAL",
        "ALCO",
        "ALAN",
        "ALA",
        "ANOA",
        "LAC",
        "LOCA",
        "LANA",
        "CALO",
        "CANOLA",
        "CANAL",
        "CLAN",
        "COAL",
        "COLA",
        "LOAN"
    ],
    "ws": []
}