{
    "id": 2487,
    "sub_category": "River Packx",
    "category": "Passage Group",
    "type": 0,
    "letters": "BDEMNU",
    "mov": 16,
    "shovels": 1,
    "coins": 5,
    "rows": 15,
    "cols": 15,
    "c": 0,
    "b": -1,
    "w": 6,
    "h": 6,
    "dws": [
        "UNBED",
        "UNBE",
        "MUD",
        "DUN",
        "BED",
        "END",
        "MEN",
        "MEU",
        "BUND",
        "BUM",
        "DEN",
        "DUM",
        "MED",
        "DUE",
        "UMBE",
        "NEB",
        "NUB",
        "NEUM",
        "DUMB",
        "BUN",
        "UNDE",
        "EMU",
        "MEND",
        "NED",
        "DUB",
        "BEN",
        "DEB",
        "BEMUD",
        "MUN",
        "BUD",
        "BEDU"
    ],
    "ws": [
        {
            "w": "BEND",
            "v": true,
            "row": 0,
            "col": 5,
            "def": "To cause (something) to change its shape into a curve, by physical force, chemical action, or any other means."
        },
        {
            "w": "DUNE",
            "v": true,
            "row": 1,
            "col": 0,
            "def": "A ridge or hill of sand piled up by the wind."
        },
        {
            "w": "MENU",
            "v": false,
            "row": 5,
            "col": 1,
            "def": "The details of the food to be served at a banquet; a bill of fare."
        },
        {
            "w": "NUMB",
            "v": false,
            "row": 3,
            "col": 0,
            "def": "Without the power of sensation and motion or feeling; insensible."
        },
        {
            "w": "NUDE",
            "v": false,
            "row": 1,
            "col": 2,
            "def": "Without clothing or other covering of the skin."
        },
        {
            "w": "NUMBED",
            "v": true,
            "row": 1,
            "col": 2,
            "def": "Simple past tense and past participle of numb."
        }
    ]
}