{
    "id": 25,
    "sub_category": "Dew Pack",
    "category": "Forest Group",
    "type": 0,
    "letters": "ALPPY",
    "mov": 16,
    "shovels": 1,
    "coins": 5,
    "rows": 15,
    "cols": 15,
    "c": 0,
    "b": -1,
    "w": 6,
    "h": 5,
    "dws": [
        "PYA",
        "PALP",
        "YAP",
        "PAP",
        "LAY",
        "ALP",
        "PALY",
        "YAPP",
        "PLAP",
        "PLY"
    ],
    "ws": [
        {
            "w": "APP",
            "v": true,
            "row": 1,
            "col": 0,
            "def": "An application (program), especially a small one designed for a mobile device."
        },
        {
            "w": "LAP",
            "v": false,
            "row": 0,
            "col": 1,
            "def": "The loose part of a coat; the lower part of a garment that plays loosely; a skirt; an apron."
        },
        {
            "w": "PAL",
            "v": false,
            "row": 4,
            "col": 2,
            "def": "A friend, buddy, mate, cobber, someone to hang around with."
        },
        {
            "w": "PAY",
            "v": true,
            "row": 0,
            "col": 3,
            "def": "To give money or other compensation to in exchange for goods or services."
        },
        {
            "w": "PLAY",
            "v": false,
            "row": 2,
            "col": 0,
            "def": "To act in a manner such that one has fun; to engage in activities expressly for the purpose of recreation."
        },
        {
            "w": "APPLY",
            "v": true,
            "row": 2,
            "col": 2,
            "def": "To lay or place; to put or adjust (one thing to another);\u2014with to; as, to apply the hand to the breast; to apply medicaments to a diseased part of the body."
        }
    ]
}