{
    "id": 2501,
    "sub_category": "Curve Pack",
    "category": "Passage Group",
    "type": 0,
    "letters": "FHORTY",
    "mov": 22,
    "shovels": 1,
    "coins": 5,
    "rows": 15,
    "cols": 15,
    "c": 0,
    "b": -1,
    "w": 10,
    "h": 8,
    "dws": [
        "RHO",
        "FOH",
        "ORF",
        "RYOT",
        "FOR",
        "HOY",
        "FOY",
        "TORY",
        "TROY",
        "TYRO",
        "ORT",
        "FORTHY",
        "THO",
        "THRO",
        "FRO",
        "TOR",
        "FROTHY",
        "FORTH",
        "FORTY",
        "FROTH",
        "FORT",
        "FRY",
        "HOT",
        "ROT",
        "TOY",
        "TRY",
        "THY",
        "OFT"
    ],
    "ws": []
}