{
    "id": 2542,
    "sub_category": "Mist Packx",
    "category": "Passage Group",
    "type": 0,
    "letters": "ADEHTW",
    "mov": 22,
    "shovels": 1,
    "coins": 5,
    "rows": 15,
    "cols": 15,
    "c": 0,
    "b": -1,
    "w": 11,
    "h": 8,
    "dws": [
        "TEW",
        "DAWT",
        "HAET",
        "AHED",
        "ATE",
        "HAWED",
        "TAW",
        "TEA",
        "WED",
        "EDH",
        "WHET",
        "TWAE",
        "DAE",
        "TAE",
        "TEAD",
        "DAW",
        "WAT",
        "HAW",
        "HAE",
        "EWT",
        "EAT",
        "WHAE",
        "DAH",
        "HEW",
        "WHA",
        "TAD",
        "WET",
        "WADT",
        "HET",
        "DEW",
        "DEAW",
        "AWE",
        "EATH",
        "THE",
        "TWA",
        "HAD",
        "TAED",
        "THEW",
        "TED",
        "WAH",
        "ETH",
        "ETA",
        "WATE",
        "WETA",
        "HAT",
        "HADE",
        "TAWED",
        "THAE",
        "WAE",
        "HAED",
        "WAD",
        "THAWED",
        "DEATH",
        "HATED",
        "WHEAT",
        "DATE",
        "HATE",
        "HEAD",
        "HEAT",
        "WADE",
        "WHAT",
        "AWED",
        "THAW"
    ],
    "ws": []
}