{
    "id": 2547,
    "sub_category": "Spire Packx",
    "category": "Passage Group",
    "type": 0,
    "letters": "DELSTU",
    "mov": 24,
    "shovels": 1,
    "coins": 5,
    "rows": 15,
    "cols": 15,
    "c": 0,
    "b": -1,
    "w": 11,
    "h": 8,
    "dws": [
        "SLED",
        "DUES",
        "LUES",
        "LES",
        "LEUDS",
        "SED",
        "DUETS",
        "SLUT",
        "USED",
        "SLUE",
        "UTE",
        "UTES",
        "LEUD",
        "DULSE",
        "ELT",
        "ULES",
        "UDS",
        "DELTS",
        "TULE",
        "SEL",
        "DEUS",
        "DELS",
        "TEL",
        "STED",
        "LUTES",
        "LUDES",
        "SLUED",
        "SUET",
        "TEDS",
        "LUTED",
        "EST",
        "ELD",
        "ELTS",
        "LSD",
        "UTS",
        "TES",
        "DULE",
        "TELS",
        "ELS",
        "ULE",
        "LEU",
        "LUDS",
        "TED",
        "DELT",
        "TULES",
        "SELD",
        "LUDE",
        "DUELS",
        "EDS",
        "SUED",
        "LUD",
        "ELDS",
        "SUD",
        "LETS",
        "TELD",
        "DULES",
        "DEL"
    ],
    "ws": [
        {
            "w": "DUE",
            "v": false,
            "row": 8,
            "col": 0,
            "def": "Owed or owing."
        },
        {
            "w": "LED",
            "v": true,
            "row": 1,
            "col": 1,
            "def": "Simple past tense and past participle of lead."
        },
        {
            "w": "LET",
            "v": false,
            "row": 3,
            "col": 6,
            "def": "To allow to, not to prevent (+ infinitive, but usually without to)."
        },
        {
            "w": "SET",
            "v": false,
            "row": 5,
            "col": 4,
            "def": "To put (something) down, to rest."
        },
        {
            "w": "SUE",
            "v": false,
            "row": 7,
            "col": 2,
            "def": "To follow."
        },
        {
            "w": "USE",
            "v": true,
            "row": 6,
            "col": 2,
            "def": "The act of using."
        },
        {
            "w": "DUEL",
            "v": false,
            "row": 3,
            "col": 1,
            "def": "Arranged, regular combat between two private persons, often over a matter of honor."
        },
        {
            "w": "DUST",
            "v": false,
            "row": 8,
            "col": 4,
            "def": "Fine, dry particles of matter found in the air and covering the surface of objects, typically consisting of soil lifted up by the wind, pollen, hair, etc."
        },
        {
            "w": "LUST",
            "v": false,
            "row": 1,
            "col": 1,
            "def": "To very strongly desire."
        },
        {
            "w": "STUD",
            "v": true,
            "row": 5,
            "col": 0,
            "def": "A male animal, especially a stud horse (stallion), kept for breeding."
        },
        {
            "w": "LEST",
            "v": true,
            "row": 0,
            "col": 8,
            "def": "For fear that; that . . . not; in order that . . . not; in case."
        },
        {
            "w": "DUET",
            "v": false,
            "row": 1,
            "col": 6,
            "def": "A musical composition in two parts, each performed by a single voice (singer, instrument or univoce ensemble)."
        },
        {
            "w": "LUTE",
            "v": true,
            "row": 3,
            "col": 6,
            "def": "A fretted stringed instrument, similar to a guitar, having a bowl-shaped body or soundbox."
        },
        {
            "w": "LUSTED",
            "v": true,
            "row": 3,
            "col": 4,
            "def": "Undefined"
        }
    ]
}