{
    "id": 2565,
    "sub_category": "Valley Packx",
    "category": "Air Group",
    "type": 0,
    "letters": "ABHMSU",
    "mov": 20,
    "shovels": 1,
    "coins": 5,
    "rows": 15,
    "cols": 15,
    "c": 0,
    "b": -1,
    "w": 9,
    "h": 7,
    "dws": [
        "SUBA",
        "HABU",
        "HUMAS",
        "BAMS",
        "SHA",
        "MUS",
        "SUB",
        "MAS",
        "BUM",
        "BAHU",
        "MASU",
        "UMS",
        "HAS",
        "BAH",
        "SMA",
        "AMUS",
        "SUBAH",
        "HABUS",
        "HUB",
        "MUSHA",
        "ASH",
        "HUMA",
        "HAM",
        "SAU",
        "SAM",
        "AHS",
        "BUS",
        "BAM",
        "AMU",
        "HUM",
        "SUM",
        "SAB",
        "ABS",
        "BAS",
        "AMBUSH",
        "BUSH",
        "HAMS",
        "HUBS",
        "HUMS",
        "SHAM",
        "BASH",
        "MASH",
        "MUSH",
        "BUMS"
    ],
    "ws": []
}