{
    "id": 259,
    "sub_category": "Frond Pack",
    "category": "Tropic Group",
    "type": 0,
    "letters": "DDEELU",
    "mov": 18,
    "shovels": 1,
    "coins": 5,
    "rows": 15,
    "cols": 15,
    "c": 0,
    "b": -1,
    "w": 8,
    "h": 6,
    "dws": [
        "DUE",
        "LEUD",
        "ELD",
        "DUEL",
        "LEED",
        "DELUDE",
        "LEDE",
        "DELED",
        "DUED",
        "LUDE",
        "LEE",
        "LUD",
        "DELE",
        "DULE",
        "ULE",
        "LEU",
        "DEE",
        "DEL"
    ],
    "ws": [
        {
            "w": "DUD",
            "v": true,
            "row": 0,
            "col": 0,
            "def": "A device or machine that is useless because it does not work properly or has failed to work, such as a bomb, or explosive projectile."
        },
        {
            "w": "LED",
            "v": false,
            "row": 7,
            "col": 0,
            "def": "Simple past tense and past participle of lead."
        },
        {
            "w": "EEL",
            "v": false,
            "row": 4,
            "col": 1,
            "def": "Any fish of the order Anguilliformes which are elongated and resemble snakes. There are freshwater and marine species."
        },
        {
            "w": "DEED",
            "v": false,
            "row": 0,
            "col": 0,
            "def": "An action or act; something that is done."
        },
        {
            "w": "DUDE",
            "v": false,
            "row": 2,
            "col": 0,
            "def": "A man."
        },
        {
            "w": "ELUDE",
            "v": false,
            "row": 6,
            "col": 2,
            "def": "To evade, or escape from someone or something, especially by using cunning or skill."
        },
        {
            "w": "DUELED",
            "v": true,
            "row": 2,
            "col": 2,
            "def": "Simple past tense and past participle of duel."
        },
        {
            "w": "ELUDED",
            "v": true,
            "row": 1,
            "col": 5,
            "def": "Simple past tense and past participle of elude."
        }
    ]
}