{
    "id": 2603,
    "sub_category": "Lake Packx",
    "category": "Air Group",
    "type": 0,
    "letters": "AEFLLN",
    "mov": 18,
    "shovels": 1,
    "coins": 5,
    "rows": 15,
    "cols": 15,
    "c": 0,
    "b": -1,
    "w": 8,
    "h": 7,
    "dws": [
        "FAN",
        "FANE",
        "ALF",
        "NAE",
        "NEAL",
        "FAE",
        "FELLA",
        "ANE",
        "FEAL",
        "EAN",
        "ELL",
        "ALE",
        "ELF",
        "LEA",
        "ALEF",
        "ELAN",
        "ALL",
        "LEAL",
        "FEN",
        "NEF"
    ],
    "ws": [
        {
            "w": "FALL",
            "v": false,
            "row": 2,
            "col": 3,
            "def": "To move to a lower position under the effect of gravity."
        },
        {
            "w": "FELL",
            "v": false,
            "row": 5,
            "col": 1,
            "def": "To make something fall; especially to chop down a tree."
        },
        {
            "w": "FLEA",
            "v": false,
            "row": 3,
            "col": 0,
            "def": "A small, wingless, parasitic insect of the order Siphonaptera, renowned for its bloodsucking habits and jumping abilities."
        },
        {
            "w": "LANE",
            "v": false,
            "row": 7,
            "col": 1,
            "def": "A narrow passageway between fences, walls, hedges or trees."
        },
        {
            "w": "LEAF",
            "v": true,
            "row": 0,
            "col": 0,
            "def": "The usually green and flat organ that represents the most prominent feature of most vegetative plants."
        },
        {
            "w": "LEAN",
            "v": false,
            "row": 0,
            "col": 0,
            "def": "To hang outwards."
        },
        {
            "w": "FLAN",
            "v": true,
            "row": 1,
            "col": 6,
            "def": "Baked tart with sweet or savoury filling in an open-topped pastry case (the only meaning in UK)."
        },
        {
            "w": "FALLEN",
            "v": true,
            "row": 2,
            "col": 3,
            "def": "Past participle of fall."
        }
    ]
}