{
    "id": 2621,
    "sub_category": "Vast Packx",
    "category": "Air Group",
    "type": 0,
    "letters": "BDEHSU",
    "mov": 22,
    "shovels": 1,
    "coins": 5,
    "rows": 15,
    "cols": 15,
    "c": 0,
    "b": -1,
    "w": 11,
    "h": 9,
    "dws": [
        "SED",
        "BED",
        "EDH",
        "HES",
        "SUB",
        "EDHS",
        "UDS",
        "HUED",
        "DEUS",
        "BES",
        "EHS",
        "DUE",
        "SUE",
        "HUB",
        "SHE",
        "BUS",
        "DEBS",
        "HUE",
        "DEBUS",
        "DUB",
        "DEB",
        "DUSH",
        "EDS",
        "DUH",
        "SUD",
        "USE",
        "BUD",
        "BEDU",
        "BUSHED",
        "BUSED",
        "BEDS",
        "BUDS",
        "BUSH",
        "DUES",
        "HUBS",
        "HUES",
        "SHED",
        "USED",
        "DUBS",
        "SUED"
    ],
    "ws": []
}