{
    "id": 2679,
    "sub_category": "Clear Pack",
    "category": "Lagoon Group",
    "type": 0,
    "letters": "EEEKRS",
    "mov": 16,
    "shovels": 1,
    "coins": 5,
    "rows": 15,
    "cols": 15,
    "c": 0,
    "b": -1,
    "w": 6,
    "h": 5,
    "dws": [
        "RESEE",
        "REEKS",
        "RESEEK",
        "SER",
        "ERE",
        "REES",
        "ERES",
        "SERE",
        "SKER",
        "ERS",
        "REKES",
        "ESKER",
        "SERK",
        "ESE",
        "ERKS",
        "EKES",
        "REE",
        "REKE",
        "SKEER",
        "SKEE",
        "ERK",
        "RES",
        "SEER"
    ],
    "ws": [
        {
            "w": "SEE",
            "v": true,
            "row": 1,
            "col": 0,
            "def": "To perceive or detect with the eyes, or as if by sight."
        },
        {
            "w": "EEK",
            "v": false,
            "row": 5,
            "col": 1,
            "def": "Representing a scream or shriek (especially in comic strips)."
        },
        {
            "w": "EKE",
            "v": false,
            "row": 3,
            "col": 0,
            "def": "To increase; to add to, augment, lengthen."
        },
        {
            "w": "SEEK",
            "v": false,
            "row": 1,
            "col": 2,
            "def": "To try to find, to look for, to search."
        },
        {
            "w": "REEK",
            "v": true,
            "row": 0,
            "col": 4,
            "def": "A strong unpleasant smell."
        },
        {
            "w": "SEEKER",
            "v": true,
            "row": 1,
            "col": 2,
            "def": "One who seeks."
        }
    ]
}