{
    "id": 2687,
    "sub_category": "Clear Pack",
    "category": "Lagoon Group",
    "type": 0,
    "letters": "ACEGNY",
    "mov": 16,
    "shovels": 1,
    "coins": 5,
    "rows": 15,
    "cols": 15,
    "c": 0,
    "b": -1,
    "w": 6,
    "h": 6,
    "dws": [
        "YAGE",
        "GANE",
        "YANG",
        "GENA",
        "NAE",
        "CAG",
        "NYE",
        "GAEN",
        "NEG",
        "ANE",
        "GEY",
        "GEAN",
        "YAG",
        "CANG",
        "CAGY",
        "EAN",
        "CAN",
        "AGEN",
        "GEN",
        "NAG",
        "ANCE",
        "CAY",
        "ACE",
        "AGE",
        "NAY",
        "AYE",
        "YAE",
        "GAN",
        "CANY",
        "YEA",
        "YEN",
        "ENG",
        "YEAN",
        "GAY",
        "GAE",
        "ANY",
        "AGENCY",
        "CAGEY",
        "ACNE",
        "CAGE",
        "CANE",
        "CYAN"
    ],
    "ws": []
}