{
    "id": 2690,
    "sub_category": "Star Pack",
    "category": "Lagoon Group",
    "type": 0,
    "letters": "CDELOO",
    "mov": 18,
    "shovels": 1,
    "coins": 5,
    "rows": 15,
    "cols": 15,
    "c": 0,
    "b": -1,
    "w": 8,
    "h": 8,
    "dws": [
        "OLDE",
        "ECO",
        "LOCOED",
        "OLE",
        "DOE",
        "CEL",
        "DOL",
        "COL",
        "LOO",
        "DOOLE",
        "COLE",
        "DECO",
        "ELD",
        "LOD",
        "OLEO",
        "DOC",
        "OLD",
        "DELO",
        "COD",
        "DOOL",
        "COLED",
        "LED",
        "LOCO",
        "LOOED",
        "ODE",
        "DOO",
        "ECOD",
        "COOL",
        "COO",
        "DOCO",
        "DOLCE",
        "CODLE",
        "DEL"
    ],
    "ws": [
        {
            "w": "CODE",
            "v": false,
            "row": 6,
            "col": 0,
            "def": "A short symbol, often with little relation to the item it represents."
        },
        {
            "w": "COLD",
            "v": false,
            "row": 0,
            "col": 4,
            "def": "Having a low temperature."
        },
        {
            "w": "CLOD",
            "v": true,
            "row": 4,
            "col": 1,
            "def": "A lump of something, especially of earth or clay."
        },
        {
            "w": "LODE",
            "v": true,
            "row": 0,
            "col": 6,
            "def": "A way or path; a road."
        },
        {
            "w": "COED",
            "v": false,
            "row": 2,
            "col": 3,
            "def": "Alternative spelling of co-ed."
        },
        {
            "w": "DOLE",
            "v": false,
            "row": 7,
            "col": 3,
            "def": "To distribute in small amounts; to share out small portions of a meager resource."
        },
        {
            "w": "COOED",
            "v": false,
            "row": 4,
            "col": 1,
            "def": "Simple past tense and past participle of coo."
        },
        {
            "w": "COOLED",
            "v": true,
            "row": 2,
            "col": 3,
            "def": "At a lower temperature."
        }
    ]
}