{
    "id": 2698,
    "sub_category": "Star Pack",
    "category": "Lagoon Group",
    "type": 0,
    "letters": "AABDES",
    "mov": 18,
    "shovels": 1,
    "coins": 5,
    "rows": 15,
    "cols": 15,
    "c": 0,
    "b": -1,
    "w": 8,
    "h": 8,
    "dws": [
        "ABED",
        "SED",
        "BED",
        "BAAS",
        "DAS",
        "DAE",
        "ABA",
        "DAES",
        "ADS",
        "AAS",
        "ASEA",
        "BES",
        "ABAS",
        "SABED",
        "SAD",
        "SADE",
        "SAE",
        "BAA",
        "DEBS",
        "SABE",
        "BAAED",
        "BEADS",
        "DEB",
        "DAB",
        "EDS",
        "EAS",
        "SEA",
        "BADS",
        "SAB",
        "ABS",
        "BAD",
        "BAS"
    ],
    "ws": [
        {
            "w": "BASE",
            "v": true,
            "row": 1,
            "col": 1,
            "def": "Something from which other things extend; a foundation."
        },
        {
            "w": "BEDS",
            "v": false,
            "row": 4,
            "col": 0,
            "def": "Plural form of bed."
        },
        {
            "w": "BEAD",
            "v": false,
            "row": 1,
            "col": 1,
            "def": "A small round object."
        },
        {
            "w": "DABS",
            "v": true,
            "row": 2,
            "col": 5,
            "def": "Plural form of dab."
        },
        {
            "w": "BADE",
            "v": false,
            "row": 6,
            "col": 1,
            "def": "Simple past of bid."
        },
        {
            "w": "BASED",
            "v": true,
            "row": 0,
            "col": 7,
            "def": "Founded on; having a basis; often used in combining forms."
        },
        {
            "w": "ABASE",
            "v": false,
            "row": 3,
            "col": 3,
            "def": "To lower or depress; to throw or cast down."
        },
        {
            "w": "ABASED",
            "v": true,
            "row": 1,
            "col": 3,
            "def": "Humbled; lowered, especially in rank, position, or prestige."
        }
    ]
}