{
    "id": 270,
    "sub_category": "Frond Pack",
    "category": "Tropic Group",
    "type": 0,
    "letters": "AGINRY",
    "mov": 20,
    "shovels": 1,
    "coins": 5,
    "rows": 15,
    "cols": 15,
    "c": 0,
    "b": -1,
    "w": 10,
    "h": 9,
    "dws": [
        "RAI",
        "YAR",
        "GRAY",
        "YANG",
        "AIRN",
        "RAG",
        "GARI",
        "RAYING",
        "RANI",
        "RYA",
        "GAR",
        "GYRI",
        "RING",
        "ARY",
        "RAY",
        "RIA",
        "YIN",
        "YAG",
        "GIRN",
        "RIN",
        "GIN",
        "AIRY",
        "AYIN",
        "GNAR",
        "RAN",
        "ANI",
        "YAGI",
        "RIG",
        "AGRIN",
        "AGIN",
        "AIR",
        "RNA",
        "YARN",
        "NAG",
        "AIN",
        "NAY",
        "GAN",
        "RAGI",
        "GAIR",
        "GAY",
        "GRAN",
        "GARNI",
        "ING",
        "ANY",
        "GRAINY",
        "ANGRY",
        "GRAIN",
        "RAINY",
        "RANGY",
        "GAIN",
        "GRIN",
        "RAIN",
        "RANG",
        "NARY"
    ],
    "ws": []
}