{
    "id": 2702,
    "sub_category": "Star Pack",
    "category": "Lagoon Group",
    "type": 0,
    "letters": "EIQRSU",
    "mov": 22,
    "shovels": 1,
    "coins": 5,
    "rows": 15,
    "cols": 15,
    "c": 0,
    "b": -1,
    "w": 11,
    "h": 8,
    "dws": [
        "SUER",
        "SEI",
        "SIEUR",
        "REIS",
        "REI",
        "SER",
        "SEIR",
        "SUQ",
        "QIS",
        "ERS",
        "QUIRE",
        "IRES",
        "URES",
        "SQUIER",
        "QUIRES",
        "URE",
        "SUI",
        "SRI",
        "RUES",
        "RES"
    ],
    "ws": [
        {
            "w": "SIR",
            "v": false,
            "row": 2,
            "col": 5,
            "def": "A man of a higher rank or position."
        },
        {
            "w": "SUE",
            "v": false,
            "row": 1,
            "col": 0,
            "def": "To follow."
        },
        {
            "w": "USE",
            "v": true,
            "row": 5,
            "col": 5,
            "def": "The act of using."
        },
        {
            "w": "RUE",
            "v": true,
            "row": 2,
            "col": 7,
            "def": "Repentance, regret."
        },
        {
            "w": "IRE",
            "v": true,
            "row": 3,
            "col": 1,
            "def": "Iron."
        },
        {
            "w": "RISE",
            "v": true,
            "row": 0,
            "col": 5,
            "def": "The process of or an action or instance of moving upwards or becoming greater."
        },
        {
            "w": "SURE",
            "v": false,
            "row": 0,
            "col": 3,
            "def": "Physically secure and certain, non-failing, reliable."
        },
        {
            "w": "USER",
            "v": true,
            "row": 0,
            "col": 0,
            "def": "One who uses or makes use of something, a consumer."
        },
        {
            "w": "RUSE",
            "v": false,
            "row": 6,
            "col": 3,
            "def": "A trick."
        },
        {
            "w": "SIRE",
            "v": false,
            "row": 7,
            "col": 0,
            "def": "A lord, master, or other person in authority, most commonly used vocatively."
        },
        {
            "w": "SQUIRE",
            "v": true,
            "row": 2,
            "col": 3,
            "def": "A shield-bearer or armor-bearer who attended a knight."
        },
        {
            "w": "RISQUE",
            "v": false,
            "row": 3,
            "col": 0,
            "def": "Undefined"
        }
    ]
}