{
    "id": 271,
    "sub_category": "Frond Pack",
    "category": "Tropic Group",
    "type": 0,
    "letters": "EINSUW",
    "mov": 24,
    "shovels": 1,
    "coins": 5,
    "rows": 15,
    "cols": 15,
    "c": 0,
    "b": -1,
    "w": 10,
    "h": 9,
    "dws": [
        "UNI",
        "NUS",
        "SEI",
        "SIEN",
        "UNS",
        "SEN",
        "NIS",
        "UNSEW",
        "WENS",
        "SUE",
        "SINEW",
        "NIE",
        "WUS",
        "SEWIN",
        "ENS",
        "WIS",
        "SUI",
        "UNIS",
        "WEN",
        "USE",
        "INS",
        "NIES"
    ],
    "ws": [
        {
            "w": "NEW",
            "v": false,
            "row": 8,
            "col": 3,
            "def": "Recently made, or created."
        },
        {
            "w": "SEW",
            "v": true,
            "row": 5,
            "col": 2,
            "def": "To use a needle to pass thread repeatedly through (pieces of fabric) in order to join them together."
        },
        {
            "w": "SIN",
            "v": false,
            "row": 6,
            "col": 7,
            "def": "A violation of God's will or religious law."
        },
        {
            "w": "SUN",
            "v": false,
            "row": 3,
            "col": 3,
            "def": "To expose the eyes to the sun as part of the Bates method."
        },
        {
            "w": "WIN",
            "v": true,
            "row": 1,
            "col": 5,
            "def": "Pleasure; joy; delight."
        },
        {
            "w": "NEWS",
            "v": true,
            "row": 0,
            "col": 3,
            "def": "New information of interest."
        },
        {
            "w": "WINE",
            "v": false,
            "row": 4,
            "col": 6,
            "def": "An alcoholic beverage made by fermenting juice of grapes."
        },
        {
            "w": "WINS",
            "v": true,
            "row": 3,
            "col": 7,
            "def": "Plural form of win."
        },
        {
            "w": "WISE",
            "v": true,
            "row": 0,
            "col": 1,
            "def": "Showing good judgement or the benefit of experience."
        },
        {
            "w": "SEWN",
            "v": false,
            "row": 5,
            "col": 2,
            "def": "Past participle of sew."
        },
        {
            "w": "SWINE",
            "v": false,
            "row": 0,
            "col": 0,
            "def": "Any of various omnivorous, even-toed ungulates of the family Suidae."
        },
        {
            "w": "WINES",
            "v": false,
            "row": 1,
            "col": 5,
            "def": "Plural form of wine."
        },
        {
            "w": "UNWISE",
            "v": true,
            "row": 3,
            "col": 4,
            "def": "Not wise; defective in wisdom; injudicious; indiscreet; foolish."
        },
        {
            "w": "SINE",
            "v": true,
            "row": 1,
            "col": 9,
            "def": "In a right triangle, the ratio of the length of the side opposite an angle to the length of the hypotenuse."
        }
    ]
}