{
    "id": "27133bce-0d3a-11eb-a781-34363b5fdca4",
    "type": 0,
    "letters": "DEEIRS",
    "mov": 29,
    "shovels": 1,
    "coins": 5,
    "rows": 12,
    "cols": 2,
    "c": 0,
    "b": -1,
    "dws": [
        "EDS",
        "SED",
        "DEI",
        "IDE",
        "DEE",
        "DIS",
        "IDS",
        "SEI",
        "ERS",
        "SER",
        "RES",
        "ESE",
        "REI",
        "ERE",
        "REE",
        "SRI",
        "DESI",
        "IDES",
        "DEES",
        "IRED",
        "EIDE",
        "IDEE",
        "DERE",
        "DREE",
        "ERED",
        "REDE",
        "SEIR",
        "IRES",
        "REIS",
        "ERES",
        "SERE",
        "REES",
        "SIDER",
        "RESID",
        "IDEES",
        "DERES",
        "DEERS",
        "DREES",
        "SEDER",
        "SERED",
        "REDES",
        "EIDER",
        "SIREE",
        "EIDERS",
        "DRIES",
        "SIRED",
        "DIES",
        "RIDE",
        "SEED",
        "SIRE",
        "DIE",
        "IRE",
        "SIR"
    ],
    "ws": [
        {
            "w": "RED",
            "v": true,
            "row": 7,
            "col": 9
        },
        {
            "w": "RID",
            "v": true,
            "row": 0,
            "col": 3
        },
        {
            "w": "SEE",
            "v": true,
            "row": 5,
            "col": 8
        },
        {
            "w": "DEER",
            "v": false,
            "row": 7,
            "col": 6
        },
        {
            "w": "DIRE",
            "v": false,
            "row": 3,
            "col": 4
        },
        {
            "w": "REDS",
            "v": false,
            "row": 0,
            "col": 3
        },
        {
            "w": "REED",
            "v": false,
            "row": 2,
            "col": 0
        },
        {
            "w": "RIDS",
            "v": true,
            "row": 5,
            "col": 6
        },
        {
            "w": "RISE",
            "v": false,
            "row": 5,
            "col": 6
        },
        {
            "w": "SEER",
            "v": true,
            "row": 0,
            "col": 6
        },
        {
            "w": "SIDE",
            "v": true,
            "row": 4,
            "col": 1
        },
        {
            "w": "REEDS",
            "v": false,
            "row": 8,
            "col": 2
        },
        {
            "w": "RIDES",
            "v": false,
            "row": 5,
            "col": 0
        },
        {
            "w": "DESIRE",
            "v": true,
            "row": 3,
            "col": 4
        },
        {
            "w": "RESIDE",
            "v": true,
            "row": 0,
            "col": 9
        }
    ]
}