{
    "id": 2727,
    "sub_category": "Valley Packx",
    "category": "Peak Group",
    "type": 0,
    "letters": "ACDIOZ",
    "mov": 18,
    "shovels": 1,
    "coins": 5,
    "rows": 15,
    "cols": 15,
    "c": 0,
    "b": -1,
    "w": 8,
    "h": 6,
    "dws": [
        "AZOIC",
        "CAID",
        "ZOIC",
        "CID",
        "ADZ",
        "ODA",
        "CADI",
        "OCA",
        "DZO",
        "AZO",
        "DIAZO",
        "AZIDO",
        "COZ",
        "ZOA",
        "ODIC",
        "CIAO",
        "CAZ"
    ],
    "ws": [
        {
            "w": "AID",
            "v": true,
            "row": 1,
            "col": 7,
            "def": "Help; assistance; succor, relief."
        },
        {
            "w": "COD",
            "v": false,
            "row": 3,
            "col": 5,
            "def": "A bag."
        },
        {
            "w": "DOC",
            "v": false,
            "row": 1,
            "col": 2,
            "def": "A doctor."
        },
        {
            "w": "CAD",
            "v": false,
            "row": 5,
            "col": 3,
            "def": "A person who stands at the door of an omnibus to open and shut it, and to receive fares; an idle hanger-on about innyards."
        },
        {
            "w": "ADO",
            "v": true,
            "row": 2,
            "col": 1,
            "def": "To do; in doing; as, there is nothing ado."
        },
        {
            "w": "ACID",
            "v": true,
            "row": 2,
            "col": 5,
            "def": "Sour, sharp, or biting to the taste; tart; having the taste of vinegar."
        },
        {
            "w": "CODA",
            "v": false,
            "row": 4,
            "col": 0,
            "def": "A passage which brings a movement or piece to a conclusion through prolongation."
        },
        {
            "w": "ZODIAC",
            "v": true,
            "row": 0,
            "col": 3,
            "def": "The belt-like region of the celestial sphere approximately eight degrees north and south of the ecliptic, which thousands of years ago included the apparent path of the sun, moon, and planets."
        }
    ]
}