{
    "id": 2742,
    "sub_category": "Up Pack",
    "category": "Peak Group",
    "type": 0,
    "letters": "EELSTY",
    "mov": 20,
    "shovels": 1,
    "coins": 5,
    "rows": 15,
    "cols": 15,
    "c": 0,
    "b": -1,
    "w": 9,
    "h": 9,
    "dws": [
        "YEST",
        "EEL",
        "LES",
        "TYES",
        "YET",
        "SLEETY",
        "YES",
        "EELY",
        "LYTES",
        "TYEE",
        "TYEES",
        "TEE",
        "SLEE",
        "SEY",
        "STEY",
        "YELT",
        "ELT",
        "SELE",
        "SEELY",
        "TEELS",
        "SEL",
        "STYE",
        "TEL",
        "TELE",
        "SLY",
        "LYTE",
        "TEEL",
        "EST",
        "ESE",
        "ELTS",
        "SEE",
        "STY",
        "LYSE",
        "LYES",
        "LEES",
        "TES",
        "LEE",
        "LEETS",
        "TELS",
        "ELS",
        "STEE",
        "YELTS",
        "TYE",
        "LYE",
        "SET",
        "LEET",
        "LET",
        "TELES",
        "SEEL",
        "SLEY",
        "LEYS",
        "EYE",
        "STELE",
        "SYE",
        "LEY"
    ],
    "ws": [
        {
            "w": "ELSE",
            "v": false,
            "row": 5,
            "col": 0,
            "def": "Other; in addition to previously mentioned items."
        },
        {
            "w": "EYES",
            "v": false,
            "row": 7,
            "col": 2,
            "def": "Plural form of eye."
        },
        {
            "w": "LETS",
            "v": true,
            "row": 4,
            "col": 5,
            "def": "Plural form of let."
        },
        {
            "w": "TEES",
            "v": true,
            "row": 0,
            "col": 7,
            "def": "Plural form of tee."
        },
        {
            "w": "LEST",
            "v": false,
            "row": 3,
            "col": 0,
            "def": "For fear that; that . . . not; in order that . . . not; in case."
        },
        {
            "w": "EELS",
            "v": false,
            "row": 4,
            "col": 3,
            "def": "Plural form of eel."
        },
        {
            "w": "STEEL",
            "v": true,
            "row": 1,
            "col": 1,
            "def": "A metal alloy of mostly iron plus carbon, harder than pure elemental iron but malleable when hot."
        },
        {
            "w": "STYLE",
            "v": false,
            "row": 2,
            "col": 3,
            "def": "A manner of doing things, especially in a fashionable one."
        },
        {
            "w": "SLEET",
            "v": false,
            "row": 0,
            "col": 3,
            "def": "A mixture of rain and snow."
        },
        {
            "w": "STEELY",
            "v": true,
            "row": 2,
            "col": 3,
            "def": "Having qualities resembling those of steel, especially hard and resolute."
        }
    ]
}