{
    "id": 276,
    "sub_category": "Palm Pack",
    "category": "Tropic Group",
    "type": 0,
    "letters": "EEFRSU",
    "mov": 24,
    "shovels": 1,
    "coins": 5,
    "rows": 15,
    "cols": 15,
    "c": 0,
    "b": -1,
    "w": 12,
    "h": 9,
    "dws": [
        "SUER",
        "FEU",
        "SER",
        "ERE",
        "REES",
        "FEUS",
        "FES",
        "FUSEE",
        "FUR",
        "FERES",
        "ERES",
        "FER",
        "SERE",
        "FREES",
        "ERS",
        "FEER",
        "SUE",
        "ESE",
        "URES",
        "FEERS",
        "FERE",
        "FEE",
        "RUE",
        "REE",
        "REF",
        "URE",
        "EFS",
        "SERF",
        "RUES",
        "ERF",
        "RES",
        "USE",
        "SEE"
    ],
    "ws": [
        {
            "w": "FEES",
            "v": false,
            "row": 2,
            "col": 5,
            "def": "Plural form of fee."
        },
        {
            "w": "FREE",
            "v": true,
            "row": 0,
            "col": 0,
            "def": "Not imprisoned or enslaved."
        },
        {
            "w": "FURS",
            "v": false,
            "row": 3,
            "col": 2,
            "def": "Plural form of fur."
        },
        {
            "w": "FUSE",
            "v": false,
            "row": 5,
            "col": 4,
            "def": "A cord that, when lit, conveys the fire to some explosive device."
        },
        {
            "w": "REEF",
            "v": false,
            "row": 1,
            "col": 0,
            "def": "Scabby; scurvy."
        },
        {
            "w": "SURE",
            "v": true,
            "row": 5,
            "col": 6,
            "def": "Physically secure and certain, non-failing, reliable."
        },
        {
            "w": "SURF",
            "v": false,
            "row": 7,
            "col": 4,
            "def": "Waves that break on an ocean shoreline."
        },
        {
            "w": "USER",
            "v": true,
            "row": 0,
            "col": 7,
            "def": "One who uses or makes use of something, a consumer."
        },
        {
            "w": "REFS",
            "v": true,
            "row": 0,
            "col": 5,
            "def": "Plural form of ref."
        },
        {
            "w": "SEER",
            "v": true,
            "row": 5,
            "col": 1,
            "def": "Agent noun of see; one who sees something; an eyewitness."
        },
        {
            "w": "RUSE",
            "v": false,
            "row": 8,
            "col": 1,
            "def": "A trick."
        },
        {
            "w": "REEFS",
            "v": true,
            "row": 0,
            "col": 2,
            "def": "Plural form of reef."
        },
        {
            "w": "REUSE",
            "v": false,
            "row": 0,
            "col": 5,
            "def": "The act of salvaging or in some manner returning a discarded item into something usable."
        },
        {
            "w": "REFUSE",
            "v": true,
            "row": 3,
            "col": 4,
            "def": "Discarded, rejected."
        }
    ]
}