{
    "id": 2775,
    "sub_category": "Peace Pack",
    "category": "Peak Group",
    "type": 0,
    "letters": "AHILYZ",
    "mov": 16,
    "shovels": 1,
    "coins": 5,
    "rows": 15,
    "cols": 15,
    "c": 0,
    "b": -1,
    "w": 6,
    "h": 6,
    "dws": [
        "ZILA",
        "AIL",
        "YAH",
        "HIYA",
        "AHI",
        "HILA",
        "LAH",
        "HAILY",
        "HYLA"
    ],
    "ws": [
        {
            "w": "HAY",
            "v": true,
            "row": 2,
            "col": 0,
            "def": "Grass cut and dried for use as animal fodder."
        },
        {
            "w": "LAY",
            "v": false,
            "row": 4,
            "col": 2,
            "def": "To place down in a position of rest, or in a horizontal position."
        },
        {
            "w": "HAIL",
            "v": false,
            "row": 0,
            "col": 2,
            "def": "Balls or pieces of ice falling as precipitation, often in connection with a thunderstorm."
        },
        {
            "w": "HAZY",
            "v": false,
            "row": 2,
            "col": 0,
            "def": "Thick with haze; somewhat obscured with haze."
        },
        {
            "w": "LAZY",
            "v": true,
            "row": 0,
            "col": 5,
            "def": "Unwilling to do work or make an effort."
        },
        {
            "w": "HAZILY",
            "v": true,
            "row": 0,
            "col": 2,
            "def": "In a hazy manner."
        }
    ]
}