{
    "id": 2811,
    "sub_category": "Frost Packx",
    "category": "Ice Group",
    "type": 0,
    "letters": "FLOPPY",
    "mov": 16,
    "shovels": 1,
    "coins": 5,
    "rows": 15,
    "cols": 15,
    "c": 0,
    "b": -1,
    "w": 7,
    "h": 6,
    "dws": [
        "FOP",
        "POL",
        "FOY",
        "LOPPY",
        "LOY",
        "FLY",
        "POP",
        "LOP",
        "PLY",
        "FLOPPY",
        "POLYP",
        "FLOP",
        "PLOY",
        "PLOP",
        "POLY"
    ],
    "ws": []
}