{
    "id": 2839,
    "sub_category": "Light Pack",
    "category": "Ice Group",
    "type": 0,
    "letters": "DENPTU",
    "mov": 28,
    "shovels": 1,
    "coins": 5,
    "rows": 15,
    "cols": 15,
    "c": 0,
    "b": -1,
    "w": 11,
    "h": 10,
    "dws": [
        "DEP",
        "END",
        "DUNT",
        "UTE",
        "TUND",
        "UPEND",
        "PEND",
        "DEN",
        "NUDE",
        "NEP",
        "PED",
        "TUN",
        "TENDU",
        "UNDE",
        "TED",
        "DUNE",
        "NED",
        "TUP",
        "PUD",
        "DUP",
        "TUNE",
        "PEN",
        "TEN"
    ],
    "ws": [
        {
            "w": "DUE",
            "v": false,
            "row": 7,
            "col": 2,
            "def": "Owed or owing."
        },
        {
            "w": "NET",
            "v": true,
            "row": 3,
            "col": 6,
            "def": "A mesh of string, cord or rope."
        },
        {
            "w": "NUT",
            "v": false,
            "row": 5,
            "col": 4,
            "def": "A hard-shelled seed."
        },
        {
            "w": "PET",
            "v": false,
            "row": 6,
            "col": 7,
            "def": "An animal kept as a companion."
        },
        {
            "w": "PUT",
            "v": true,
            "row": 6,
            "col": 7,
            "def": "To place something somewhere."
        },
        {
            "w": "PUN",
            "v": false,
            "row": 0,
            "col": 7,
            "def": "To beat; strike with force; ram; pound, as in a mortar; reduce to powder."
        },
        {
            "w": "DUN",
            "v": false,
            "row": 6,
            "col": 0,
            "def": "A brownish grey colour."
        },
        {
            "w": "DENT",
            "v": false,
            "row": 8,
            "col": 4,
            "def": "A shallow deformation in the surface of an object, produced by an impact."
        },
        {
            "w": "PUNT",
            "v": true,
            "row": 0,
            "col": 7,
            "def": "A pontoon; a narrow shallow boat propelled by a pole."
        },
        {
            "w": "TEND",
            "v": true,
            "row": 4,
            "col": 2,
            "def": "To kindle; ignite; set on fire; light; inflame; burn."
        },
        {
            "w": "DUPE",
            "v": true,
            "row": 0,
            "col": 5,
            "def": "To swindle, deceive, or trick."
        },
        {
            "w": "DUET",
            "v": true,
            "row": 3,
            "col": 9,
            "def": "A musical composition in two parts, each performed by a single voice (singer, instrument or univoce ensemble)."
        },
        {
            "w": "PENT",
            "v": false,
            "row": 3,
            "col": 4,
            "def": "Confined in a pen, imprisoned."
        },
        {
            "w": "TUNED",
            "v": false,
            "row": 0,
            "col": 1,
            "def": "Adjusted in pitch or resonance."
        },
        {
            "w": "PUNTED",
            "v": true,
            "row": 3,
            "col": 4,
            "def": "Simple past tense and past participle of punt."
        }
    ]
}