{
    "id": 2845,
    "sub_category": "Light Pack",
    "category": "Ice Group",
    "type": 0,
    "letters": "ADDEHS",
    "mov": 18,
    "shovels": 1,
    "coins": 5,
    "rows": 15,
    "cols": 15,
    "c": 0,
    "b": -1,
    "w": 8,
    "h": 8,
    "dws": [
        "HADS",
        "AHED",
        "SHA",
        "SED",
        "HADES",
        "DAD",
        "EDH",
        "DAS",
        "HES",
        "DEASH",
        "DEAD",
        "DAE",
        "DAHS",
        "EDHS",
        "DAES",
        "ADS",
        "HAE",
        "SHEA",
        "HAES",
        "HAS",
        "DAH",
        "EHS",
        "ASHED",
        "SHE",
        "SAD",
        "SADE",
        "SAE",
        "ASH",
        "SADHE",
        "AHS",
        "ADD",
        "HAD",
        "HEADS",
        "SHAD",
        "HADED",
        "HADE",
        "EDS",
        "EAS",
        "SEA",
        "DEADS",
        "HAED"
    ],
    "ws": [
        {
            "w": "ADDS",
            "v": false,
            "row": 3,
            "col": 3,
            "def": "Plural form of add."
        },
        {
            "w": "DADS",
            "v": true,
            "row": 0,
            "col": 6,
            "def": "Plural form of dad."
        },
        {
            "w": "DASH",
            "v": false,
            "row": 7,
            "col": 3,
            "def": "A mark or line [- or \u2014], in writing or printing, denoting a sudden break, stop, or transition in a sentence, or an abrupt change in its construction, a long or significant pause, or an unexpected or epigrammatic turn of sentiment. Dashes are also sometimes used instead of marks or parenthesis."
        },
        {
            "w": "HEAD",
            "v": false,
            "row": 5,
            "col": 3,
            "def": "The part of the body of an animal or human which contains the brain, mouth, and main sense organs."
        },
        {
            "w": "SHED",
            "v": false,
            "row": 2,
            "col": 0,
            "def": "To part or divide."
        },
        {
            "w": "SHADE",
            "v": false,
            "row": 0,
            "col": 3,
            "def": "Darkness where light, particularly sunlight, is blocked."
        },
        {
            "w": "DASHED",
            "v": true,
            "row": 2,
            "col": 3,
            "def": "Past participle of dash."
        },
        {
            "w": "SHADED",
            "v": true,
            "row": 1,
            "col": 1,
            "def": "Being in the shade, not in direct light."
        }
    ]
}