{
    "id": 2859,
    "sub_category": "Melt Pack",
    "category": "Ice Group",
    "type": 0,
    "letters": "DEOPPP",
    "mov": 16,
    "shovels": 1,
    "coins": 5,
    "rows": 15,
    "cols": 15,
    "c": 0,
    "b": -1,
    "w": 6,
    "h": 5,
    "dws": [
        "OPED",
        "PEPO",
        "PED",
        "POD",
        "DEP",
        "DOP",
        "PEP",
        "OPE"
    ],
    "ws": [
        {
            "w": "POP",
            "v": false,
            "row": 3,
            "col": 2,
            "def": "A loud, sharp sound as of a cork coming out of a bottle."
        },
        {
            "w": "DOE",
            "v": true,
            "row": 0,
            "col": 0,
            "def": "A female deer; also used of similar animals such as reindeer, antelope, goat."
        },
        {
            "w": "ODE",
            "v": false,
            "row": 4,
            "col": 0,
            "def": "A short poetical composition proper to be set to music or sung; a lyric poem; esp., now, a poem characterized by sustained noble sentiment and appropriate dignity of style."
        },
        {
            "w": "DOPE",
            "v": false,
            "row": 0,
            "col": 0,
            "def": "Any viscous liquid or paste, such as a lubricant, used in preparing a surface."
        },
        {
            "w": "POPE",
            "v": true,
            "row": 1,
            "col": 4,
            "def": "The bishop of Rome; the head of the Roman Catholic church."
        },
        {
            "w": "POPPED",
            "v": true,
            "row": 0,
            "col": 2,
            "def": "Simple past tense and past participle of pop."
        }
    ]
}