{
    "id": 287,
    "sub_category": "Palm Pack",
    "category": "Tropic Group",
    "type": 0,
    "letters": "AIINRS",
    "mov": 18,
    "shovels": 1,
    "coins": 5,
    "rows": 15,
    "cols": 15,
    "c": 0,
    "b": -1,
    "w": 8,
    "h": 7,
    "dws": [
        "RAI",
        "SARIN",
        "AIRN",
        "ANS",
        "SIN",
        "RANI",
        "SAI",
        "RAIS",
        "RIA",
        "AIS",
        "SNAR",
        "RANIS",
        "RIN",
        "ANIS",
        "NIS",
        "SAIR",
        "SAIN",
        "NAS",
        "ANI",
        "RIAS",
        "SIRI",
        "INIA",
        "RNA",
        "ARS",
        "SAR",
        "ARIS",
        "SARI",
        "AIN",
        "NISI",
        "SAN",
        "SRI",
        "AIRNS",
        "RAS",
        "AINS",
        "NARIS",
        "INS",
        "RINS"
    ],
    "ws": [
        {
            "w": "AIR",
            "v": true,
            "row": 4,
            "col": 0,
            "def": "The atmospheric substance above the surface of the earth which animals breathe, formerly considered to be a single substance, one of the four basic elements of ancient philosophy and one of the five basic elements of Eastern traditions."
        },
        {
            "w": "SIR",
            "v": false,
            "row": 3,
            "col": 2,
            "def": "A man of a higher rank or position."
        },
        {
            "w": "AIRS",
            "v": false,
            "row": 1,
            "col": 1,
            "def": "Plural form of air."
        },
        {
            "w": "IRIS",
            "v": false,
            "row": 5,
            "col": 3,
            "def": "A plant of the genus Iris, common in the northern hemisphere, and generally having attractive blooms."
        },
        {
            "w": "RAINS",
            "v": true,
            "row": 1,
            "col": 6,
            "def": "Plural form of rain."
        },
        {
            "w": "RAISIN",
            "v": true,
            "row": 1,
            "col": 3,
            "def": "A dried grape."
        },
        {
            "w": "RAIN",
            "v": false,
            "row": 6,
            "col": 0,
            "def": "Condensed water falling from a cloud."
        },
        {
            "w": "RAN",
            "v": true,
            "row": 0,
            "col": 1,
            "def": "Simple past of run."
        }
    ]
}