{
    "id": 2877,
    "sub_category": "Snow Pack",
    "category": "Ice Group",
    "type": 0,
    "letters": "CEEFIR",
    "mov": 16,
    "shovels": 1,
    "coins": 5,
    "rows": 15,
    "cols": 15,
    "c": 0,
    "b": -1,
    "w": 6,
    "h": 6,
    "dws": [
        "REC",
        "FIER",
        "CERE",
        "REI",
        "ERE",
        "REIF",
        "CEE",
        "FER",
        "RIF",
        "FEER",
        "CREE",
        "CIRE",
        "FIR",
        "FERE",
        "FEE",
        "REE",
        "REF",
        "ICE",
        "ICER",
        "ERIC",
        "FICE",
        "ERF",
        "FIE",
        "IRE",
        "FIERCE",
        "FIRE",
        "FREE",
        "REEF",
        "RICE",
        "RIFE"
    ],
    "ws": []
}