{
    "id": 2906,
    "sub_category": "Pond Pack",
    "category": "Bloom Group",
    "type": 0,
    "letters": "EGJLNU",
    "mov": 16,
    "shovels": 1,
    "coins": 5,
    "rows": 15,
    "cols": 15,
    "c": 0,
    "b": -1,
    "w": 7,
    "h": 7,
    "dws": [
        "GNU",
        "LUNE",
        "JUG",
        "JEU",
        "LUN",
        "NEG",
        "GUE",
        "JUN",
        "NUG",
        "GUL",
        "GJU",
        "GEN",
        "LENG",
        "GUN",
        "GULE",
        "GEL",
        "ULE",
        "LEU",
        "LEG",
        "LUG",
        "ENG",
        "GENU",
        "JUNGLE",
        "LUNGE",
        "GLUE",
        "LUNG",
        "GLEN",
        "LUGE"
    ],
    "ws": []
}