{
    "id": 2910,
    "sub_category": "Pond Pack",
    "category": "Bloom Group",
    "type": 0,
    "letters": "CEGNOT",
    "mov": 18,
    "shovels": 1,
    "coins": 5,
    "rows": 15,
    "cols": 15,
    "c": 0,
    "b": -1,
    "w": 8,
    "h": 7,
    "dws": [
        "TOE",
        "ONE",
        "EON",
        "NOG",
        "ECO",
        "GENT",
        "CON",
        "NEG",
        "TOC",
        "TOGE",
        "EGO",
        "CONGE",
        "GOT",
        "TEC",
        "GET",
        "TEG",
        "CENTO",
        "COG",
        "GON",
        "GOE",
        "ONCET",
        "GEN",
        "GEO",
        "COT",
        "TOG",
        "TON",
        "NOT",
        "ENG",
        "COTE",
        "NET",
        "TEN",
        "CONTE"
    ],
    "ws": [
        {
            "w": "CENT",
            "v": false,
            "row": 2,
            "col": 3,
            "def": "A coin having face value of one cent (in either of the above senses)."
        },
        {
            "w": "CONE",
            "v": true,
            "row": 4,
            "col": 0,
            "def": "A surface of revolution formed by rotating a segment of a line around another line that intersects the first line."
        },
        {
            "w": "GONE",
            "v": true,
            "row": 0,
            "col": 5,
            "def": "Past participle of go."
        },
        {
            "w": "NOTE",
            "v": true,
            "row": 4,
            "col": 6,
            "def": "Use; employment."
        },
        {
            "w": "ONCE",
            "v": false,
            "row": 5,
            "col": 0,
            "def": "One and only one time."
        },
        {
            "w": "TONE",
            "v": false,
            "row": 7,
            "col": 3,
            "def": "A specific pitch."
        },
        {
            "w": "TONG",
            "v": false,
            "row": 0,
            "col": 2,
            "def": "An instrument or tool used for manipulating things in a fire without touching them with the hands."
        },
        {
            "w": "COGENT",
            "v": true,
            "row": 2,
            "col": 3,
            "def": "Reasonable and convincing; based on evidence."
        }
    ]
}