{
    "id": 2918,
    "sub_category": "Shine Packx",
    "category": "Bloom Group",
    "type": 0,
    "letters": "CEIMRT",
    "mov": 30,
    "shovels": 1,
    "coins": 5,
    "rows": 15,
    "cols": 15,
    "c": 0,
    "b": -1,
    "w": 13,
    "h": 12,
    "dws": [
        "REC",
        "RET",
        "RIT",
        "MITRE",
        "REIM",
        "RECTI",
        "EMIR",
        "MIR",
        "CRIT",
        "REI",
        "MIRE",
        "TRICE",
        "RIEM",
        "RICE",
        "RIME",
        "TEC",
        "CRIM",
        "MIC",
        "CIRE",
        "EMIC",
        "CIT",
        "MICE",
        "ETIC",
        "MERC",
        "CREM",
        "TICE",
        "TRIE",
        "ERIC",
        "ICE",
        "ICER",
        "ERM",
        "METIC",
        "RECIT",
        "CERT",
        "REMIT",
        "CITER",
        "TREM",
        "MERI",
        "IRE",
        "CRIME",
        "MERIT",
        "TIMER",
        "RITE",
        "MET"
    ],
    "ws": [
        {
            "w": "RIM",
            "v": true,
            "row": 0,
            "col": 2,
            "def": "An edge around something, especially when circular."
        },
        {
            "w": "TIE",
            "v": false,
            "row": 5,
            "col": 3,
            "def": "A necktie (item of clothing consisting of a strip of cloth tied around the neck)."
        },
        {
            "w": "REM",
            "v": true,
            "row": 7,
            "col": 5,
            "def": "Rapid eye movement, a sleep state."
        },
        {
            "w": "TIC",
            "v": false,
            "row": 6,
            "col": 6,
            "def": "A local and habitual convulsive motion of certain muscles."
        },
        {
            "w": "CITE",
            "v": true,
            "row": 6,
            "col": 8,
            "def": "To quote; to repeat, as a passage from a book, or the words of another."
        },
        {
            "w": "ITEM",
            "v": false,
            "row": 3,
            "col": 5,
            "def": "A distinct physical object."
        },
        {
            "w": "TERM",
            "v": true,
            "row": 1,
            "col": 0,
            "def": "Limitation, restriction or regulation."
        },
        {
            "w": "TIME",
            "v": false,
            "row": 0,
            "col": 5,
            "def": "Reminder by the umpire for the players to continue playing after their pause."
        },
        {
            "w": "TIRE",
            "v": true,
            "row": 2,
            "col": 5,
            "def": "To become sleepy or weary."
        },
        {
            "w": "TRIM",
            "v": false,
            "row": 1,
            "col": 0,
            "def": "To reduce slightly; to cut; especially, to remove excess; e.g. 'trim a hedge', 'trim a beard'."
        },
        {
            "w": "EMIT",
            "v": false,
            "row": 8,
            "col": 5,
            "def": "To send out or give off."
        },
        {
            "w": "TIER",
            "v": false,
            "row": 7,
            "col": 2,
            "def": "One who ties (knots, etc)."
        },
        {
            "w": "MITE",
            "v": false,
            "row": 4,
            "col": 0,
            "def": "A minute arachnid, of the order Acarina, of which there are many species; as, the cheese mite, sugar mite, harvest mite, etc."
        },
        {
            "w": "MITER",
            "v": true,
            "row": 0,
            "col": 7,
            "def": "To finish a material at an angle, frequently 45 degrees, or sometimes with some specific shape, so that it will fit up tightly against another piece of material, as with a picture frame."
        },
        {
            "w": "METRIC",
            "v": true,
            "row": 3,
            "col": 3,
            "def": "Of or relating to the metric system of measurement."
        }
    ]
}