{
    "id": 2920,
    "sub_category": "Shine Packx",
    "category": "Bloom Group",
    "type": 0,
    "letters": "AEFITX",
    "mov": 16,
    "shovels": 1,
    "coins": 5,
    "rows": 15,
    "cols": 15,
    "c": 0,
    "b": -1,
    "w": 6,
    "h": 6,
    "dws": [
        "AFT",
        "TAX",
        "AIT",
        "ATE",
        "TEA",
        "FIXT",
        "FAE",
        "EFT",
        "FIAT",
        "TEX",
        "TAE",
        "TAI",
        "ITA",
        "EAT",
        "AXE",
        "FIT",
        "FAT",
        "AXITE",
        "TEF",
        "TIE",
        "TIX",
        "FAX",
        "ETA",
        "FET",
        "FIX",
        "FAIX",
        "FIE"
    ],
    "ws": [
        {
            "w": "EXIT",
            "v": true,
            "row": 1,
            "col": 5,
            "def": "A way out."
        },
        {
            "w": "FATE",
            "v": false,
            "row": 1,
            "col": 2,
            "def": "The cause, force, principle, or divine will that predetermines events."
        },
        {
            "w": "TAXI",
            "v": false,
            "row": 3,
            "col": 0,
            "def": "A vehicle that may be hired for single journeys by members of the public, driven by a taxi driver."
        },
        {
            "w": "FEAT",
            "v": true,
            "row": 0,
            "col": 0,
            "def": "A relatively rare or difficult accomplishment."
        },
        {
            "w": "FETA",
            "v": false,
            "row": 5,
            "col": 0,
            "def": "A variety of curd cheese made from sheep's or goat's milk and originating from Greece."
        },
        {
            "w": "FIXATE",
            "v": true,
            "row": 1,
            "col": 2,
            "def": "To make something fixed and stable; to fix."
        }
    ]
}