{
    "id": 2923,
    "sub_category": "Shine Packx",
    "category": "Bloom Group",
    "type": 0,
    "letters": "BCDERU",
    "mov": 30,
    "shovels": 1,
    "coins": 5,
    "rows": 15,
    "cols": 15,
    "c": 0,
    "b": -1,
    "w": 13,
    "h": 11,
    "dws": [
        "REC",
        "CRU",
        "RUC",
        "CUBER",
        "URD",
        "DURE",
        "ECRU",
        "CRUE",
        "DUCE",
        "CRED",
        "BURD",
        "RUED",
        "CUB",
        "ECU",
        "CURE",
        "BUR",
        "DEBUR",
        "REDUB",
        "CUD",
        "URE",
        "BRU",
        "REB",
        "DEB",
        "RUD",
        "CUED",
        "URDE",
        "RUBE",
        "BEDU",
        "URB",
        "BRED",
        "RUDE",
        "CRUD",
        "RED",
        "RUB"
    ],
    "ws": [
        {
            "w": "BED",
            "v": true,
            "row": 4,
            "col": 9,
            "def": "A piece of furniture, usually flat and soft, to sleep on."
        },
        {
            "w": "BUD",
            "v": true,
            "row": 0,
            "col": 9,
            "def": "A newly formed leaf or flower that has not yet unfolded."
        },
        {
            "w": "CUE",
            "v": false,
            "row": 3,
            "col": 4,
            "def": "An action or event that is a signal for somebody to do something."
        },
        {
            "w": "DUE",
            "v": false,
            "row": 9,
            "col": 0,
            "def": "Owed or owing."
        },
        {
            "w": "DUB",
            "v": false,
            "row": 8,
            "col": 4,
            "def": "To confer knighthood; the conclusion of the ceremony was marked by a tap on the shoulder with the sword."
        },
        {
            "w": "RUE",
            "v": true,
            "row": 6,
            "col": 8,
            "def": "Repentance, regret."
        },
        {
            "w": "CUR",
            "v": false,
            "row": 5,
            "col": 2,
            "def": "A mongrel or inferior dog."
        },
        {
            "w": "CUBE",
            "v": true,
            "row": 6,
            "col": 6,
            "def": "A regular polyhedron having six identical square faces."
        },
        {
            "w": "CURB",
            "v": false,
            "row": 0,
            "col": 6,
            "def": "A row of concrete along the edge of a road; a kerb (UK)."
        },
        {
            "w": "CURD",
            "v": false,
            "row": 6,
            "col": 6,
            "def": "The part of milk that coagulates when it sours or is treated with enzymes; used to make cottage cheese."
        },
        {
            "w": "DRUB",
            "v": false,
            "row": 4,
            "col": 6,
            "def": "To beat (someone or something) with a stick."
        },
        {
            "w": "CRUDE",
            "v": true,
            "row": 5,
            "col": 2,
            "def": "Being in a natural state."
        },
        {
            "w": "CUBED",
            "v": true,
            "row": 5,
            "col": 0,
            "def": "Simple past tense and past participle of cube."
        },
        {
            "w": "CURED",
            "v": true,
            "row": 0,
            "col": 6,
            "def": "Simple past tense and past participle of cure."
        },
        {
            "w": "CURBED",
            "v": true,
            "row": 3,
            "col": 4,
            "def": "Restrained."
        }
    ]
}