{
    "id": 2929,
    "sub_category": "Grass Pack",
    "category": "Bloom Group",
    "type": 0,
    "letters": "ADEMNU",
    "mov": 30,
    "shovels": 1,
    "coins": 5,
    "rows": 15,
    "cols": 15,
    "c": 0,
    "b": -1,
    "w": 14,
    "h": 11,
    "dws": [
        "DAMN",
        "NEMA",
        "DUN",
        "MADE",
        "NAE",
        "MAE",
        "MAUN",
        "MEU",
        "ANE",
        "DAE",
        "ADMEN",
        "MAUND",
        "DNA",
        "EAU",
        "DUM",
        "MED",
        "EAN",
        "DUAN",
        "MANED",
        "NAMU",
        "DUMA",
        "DUE",
        "AME",
        "UNDAM",
        "NAM",
        "DAN",
        "DEAN",
        "NEUM",
        "UNDE",
        "MAND",
        "EMU",
        "AUNE",
        "MEND",
        "MENAD",
        "NED",
        "DUNAM",
        "MNA",
        "AMU",
        "MUN",
        "AUE",
        "MAUD",
        "AMEN",
        "NAME",
        "NUDE",
        "AND",
        "DAM"
    ],
    "ws": [
        {
            "w": "DEN",
            "v": true,
            "row": 4,
            "col": 8,
            "def": "The home of certain animals."
        },
        {
            "w": "END",
            "v": true,
            "row": 6,
            "col": 9,
            "def": "The final point of something in space or time."
        },
        {
            "w": "MAD",
            "v": false,
            "row": 8,
            "col": 7,
            "def": "Insane; crazy, mentally deranged."
        },
        {
            "w": "MAN",
            "v": true,
            "row": 0,
            "col": 3,
            "def": "An adult male human."
        },
        {
            "w": "MEN",
            "v": true,
            "row": 0,
            "col": 5,
            "def": "Plural form of man."
        },
        {
            "w": "MUD",
            "v": true,
            "row": 4,
            "col": 6,
            "def": "A mixture of water and soil or fine grained sediment."
        },
        {
            "w": "DUNE",
            "v": false,
            "row": 6,
            "col": 6,
            "def": "A ridge or hill of sand piled up by the wind."
        },
        {
            "w": "MANE",
            "v": true,
            "row": 2,
            "col": 0,
            "def": "Longer hair growth on back of neck of an animal, especially a horse or lion."
        },
        {
            "w": "MEAN",
            "v": false,
            "row": 2,
            "col": 0,
            "def": "To intend."
        },
        {
            "w": "MENU",
            "v": true,
            "row": 6,
            "col": 2,
            "def": "The details of the food to be served at a banquet; a bill of fare."
        },
        {
            "w": "DAME",
            "v": true,
            "row": 1,
            "col": 7,
            "def": "The equivalent title to Sir for a female knight."
        },
        {
            "w": "MEAD",
            "v": false,
            "row": 7,
            "col": 1,
            "def": "An alcoholic drink fermented from honey and water."
        },
        {
            "w": "NAMED",
            "v": false,
            "row": 4,
            "col": 4,
            "def": "Having a name."
        },
        {
            "w": "AMEND",
            "v": false,
            "row": 1,
            "col": 3,
            "def": "To make better."
        },
        {
            "w": "UNMADE",
            "v": true,
            "row": 3,
            "col": 4,
            "def": "Not (yet) made."
        }
    ]
}