{
    "id": 2937,
    "sub_category": "Grass Pack",
    "category": "Bloom Group",
    "type": 0,
    "letters": "DEMRRU",
    "mov": 18,
    "shovels": 1,
    "coins": 5,
    "rows": 15,
    "cols": 15,
    "c": 0,
    "b": -1,
    "w": 7,
    "h": 6,
    "dws": [
        "DURR",
        "DEMUR",
        "MUD",
        "URD",
        "DURE",
        "MEU",
        "MURED",
        "RUED",
        "RUM",
        "DUM",
        "MURR",
        "MED",
        "MURRE",
        "RUDER",
        "EMU",
        "URE",
        "MURE",
        "DERM",
        "RUD",
        "RUER",
        "RUME",
        "ERM",
        "URDE"
    ],
    "ws": [
        {
            "w": "DUE",
            "v": false,
            "row": 3,
            "col": 3,
            "def": "Owed or owing."
        },
        {
            "w": "RED",
            "v": false,
            "row": 5,
            "col": 3,
            "def": "Having red as its colour."
        },
        {
            "w": "RUE",
            "v": true,
            "row": 1,
            "col": 5,
            "def": "Repentance, regret."
        },
        {
            "w": "ERR",
            "v": false,
            "row": 2,
            "col": 1,
            "def": "To make a mistake."
        },
        {
            "w": "REM",
            "v": false,
            "row": 1,
            "col": 5,
            "def": "Rapid eye movement, a sleep state."
        },
        {
            "w": "DRUM",
            "v": false,
            "row": 0,
            "col": 0,
            "def": "A percussive musical instrument spanned with a thin covering on at least one end for striking, forming an acoustic chamber, affecting what materials are used to make it."
        },
        {
            "w": "RUDE",
            "v": false,
            "row": 4,
            "col": 0,
            "def": "Bad mannered."
        },
        {
            "w": "MURDER",
            "v": true,
            "row": 0,
            "col": 3,
            "def": "An act of deliberate killing of another human being."
        }
    ]
}