{
    "id": 2939,
    "sub_category": "Grass Pack",
    "category": "Bloom Group",
    "type": 0,
    "letters": "AFILMY",
    "mov": 16,
    "shovels": 1,
    "coins": 5,
    "rows": 15,
    "cols": 15,
    "c": 0,
    "b": -1,
    "w": 8,
    "h": 7,
    "dws": [
        "MAY",
        "ALF",
        "FLY",
        "LIMY",
        "FLIM",
        "LYM",
        "LAY",
        "AMYL",
        "FLAM",
        "AIM",
        "AMI",
        "MALI",
        "MYAL",
        "MIL",
        "LIMA",
        "ALIF",
        "FILA",
        "FIL",
        "FAY",
        "AIL",
        "LAM",
        "YAM",
        "MAL",
        "LYAM",
        "FLAMY",
        "FAMILY",
        "FILMY",
        "FAIL",
        "FILM",
        "MAIL",
        "FLAY"
    ],
    "ws": []
}