{
    "id": 2941,
    "sub_category": "Grass Pack",
    "category": "Bloom Group",
    "type": 0,
    "letters": "AENNOY",
    "mov": 20,
    "shovels": 1,
    "coins": 5,
    "rows": 15,
    "cols": 15,
    "c": 0,
    "b": -1,
    "w": 7,
    "h": 7,
    "dws": [
        "EON",
        "NANO",
        "NYE",
        "NAE",
        "ANYON",
        "ANE",
        "NONA",
        "ANN",
        "OYE",
        "NON",
        "NONE",
        "EAN",
        "NOY",
        "EOAN",
        "ANNO",
        "NANE",
        "AEON",
        "YAE",
        "NEON",
        "YEAN",
        "ONY",
        "ANON"
    ],
    "ws": [
        {
            "w": "ANY",
            "v": false,
            "row": 2,
            "col": 3,
            "def": "To even the slightest extent, at all."
        },
        {
            "w": "AYE",
            "v": false,
            "row": 4,
            "col": 5,
            "def": "Ever, always."
        },
        {
            "w": "ONE",
            "v": false,
            "row": 7,
            "col": 1,
            "def": "A numerical value equal to 1; the first number in the set of natural numbers (especially in number theory); the cardinality of the smallest nonempty set. Ordinal: first."
        },
        {
            "w": "YEN",
            "v": false,
            "row": 3,
            "col": 1,
            "def": "The unit of Japanese currency, equal to 100 sen."
        },
        {
            "w": "NAN",
            "v": true,
            "row": 0,
            "col": 4,
            "def": "Affectionate name for a grandmother."
        },
        {
            "w": "NAY",
            "v": false,
            "row": 0,
            "col": 4,
            "def": "No."
        },
        {
            "w": "YEA",
            "v": true,
            "row": 2,
            "col": 5,
            "def": "Yes."
        },
        {
            "w": "YON",
            "v": true,
            "row": 3,
            "col": 1,
            "def": "Distant, but within sight."
        },
        {
            "w": "ANNOY",
            "v": false,
            "row": 5,
            "col": 0,
            "def": "To disturb or irritate, especially by continued or repeated acts; to bother with unpleasant deeds."
        },
        {
            "w": "ANYONE",
            "v": true,
            "row": 2,
            "col": 3,
            "def": "One person chosen without thought; anybody."
        }
    ]
}