{
    "id": 295,
    "sub_category": "Beach Pack",
    "category": "Tropic Group",
    "type": 0,
    "letters": "ACORRT",
    "mov": 24,
    "shovels": 1,
    "coins": 5,
    "rows": 15,
    "cols": 15,
    "c": 0,
    "b": -1,
    "w": 9,
    "h": 9,
    "dws": [
        "CAR",
        "TORC",
        "ARCO",
        "OCA",
        "RATO",
        "TARO",
        "TORA",
        "TOC",
        "OCTA",
        "ARC",
        "TORR",
        "CARR",
        "RORT",
        "TROCAR",
        "TAO",
        "ORC",
        "ORRA",
        "ORA",
        "TOR",
        "ORCA",
        "ATOC",
        "ACRO",
        "TAROC",
        "COR",
        "ROTA",
        "OAR",
        "ORT",
        "ROC"
    ],
    "ws": [
        {
            "w": "ACT",
            "v": true,
            "row": 2,
            "col": 2,
            "def": "Something done, a deed."
        },
        {
            "w": "ART",
            "v": true,
            "row": 3,
            "col": 6,
            "def": "Human effort to imitate, supplement, alter, or counteract the work of nature."
        },
        {
            "w": "CAT",
            "v": false,
            "row": 4,
            "col": 0,
            "def": "Any similar animal of the family Felidae, which includes lions, tigers, bobcats, etc."
        },
        {
            "w": "RAT",
            "v": false,
            "row": 5,
            "col": 4,
            "def": "A medium-sized rodent belonging to the genus Rattus."
        },
        {
            "w": "ROT",
            "v": true,
            "row": 1,
            "col": 7,
            "def": "To suffer decomposition due to biological action, especially by fungi or bacteria."
        },
        {
            "w": "TAR",
            "v": true,
            "row": 0,
            "col": 3,
            "def": "A black, oily, sticky, viscous substance, consisting mainly of hydrocarbons derived from organic materials such as wood, peat, or coal."
        },
        {
            "w": "COT",
            "v": false,
            "row": 7,
            "col": 3,
            "def": "A symbol of the trigonometric function cotangent."
        },
        {
            "w": "OAT",
            "v": false,
            "row": 2,
            "col": 7,
            "def": "Widely cultivated cereal grass, typically Avena sativa."
        },
        {
            "w": "CART",
            "v": false,
            "row": 0,
            "col": 0,
            "def": "A small, open, wheeled vehicle, drawn or pushed by a person or animal, more often used for transporting goods than passengers."
        },
        {
            "w": "COAT",
            "v": false,
            "row": 3,
            "col": 4,
            "def": "An outer garment covering the upper torso and arms."
        },
        {
            "w": "ROAR",
            "v": false,
            "row": 2,
            "col": 0,
            "def": "To make a loud, deep cry, especially from pain, anger, or other strong emotion."
        },
        {
            "w": "TACO",
            "v": true,
            "row": 2,
            "col": 9,
            "def": "A Mexican snack food; a small tortilla with some rice, beans, cheese, diced vegetables (usually tomatoes and lettuce, as served in the United States) and salsa."
        },
        {
            "w": "ACTOR",
            "v": false,
            "row": 1,
            "col": 3,
            "def": "A person who performs in a theatrical play or film."
        },
        {
            "w": "CARROT",
            "v": true,
            "row": 3,
            "col": 4,
            "def": "A vegetable with a nutritious, juicy, orange, sweet root, Daucus carota in the family Apiaceae."
        }
    ]
}