{
    "id": 2951,
    "sub_category": "Frond Packx",
    "category": "Bloom Group",
    "type": 0,
    "letters": "ADKLRY",
    "mov": 16,
    "shovels": 1,
    "coins": 5,
    "rows": 15,
    "cols": 15,
    "c": 0,
    "b": -1,
    "w": 6,
    "h": 6,
    "dws": [
        "YAR",
        "YARK",
        "LARDY",
        "DARKY",
        "RYA",
        "ARD",
        "ARY",
        "DAK",
        "YAK",
        "RAY",
        "KAY",
        "ARK",
        "LAY",
        "DRY",
        "LAKY",
        "YAD",
        "KYAR",
        "RAD",
        "ARYL",
        "LAD",
        "DRAY",
        "YALD",
        "ALKYD",
        "LYARD",
        "ADRY",
        "LAR",
        "KRAY",
        "DAY",
        "RYAL",
        "LYRA",
        "DAL",
        "LARKY",
        "ALKY",
        "DARKLY",
        "DARK",
        "LADY",
        "LARK",
        "YARD",
        "LARD"
    ],
    "ws": []
}