{
    "id": 2993,
    "sub_category": "Ruby Pack",
    "category": "Fall Group",
    "type": 0,
    "letters": "EILSWY",
    "mov": 16,
    "shovels": 1,
    "coins": 5,
    "rows": 15,
    "cols": 15,
    "c": 0,
    "b": -1,
    "w": 7,
    "h": 7,
    "dws": [
        "WEILS",
        "SEI",
        "LES",
        "SWEY",
        "YES",
        "LEI",
        "YWIS",
        "LIE",
        "LEIS",
        "WEIL",
        "LIS",
        "SILE",
        "WEYS",
        "SEY",
        "LEWIS",
        "LWEI",
        "LEW",
        "SEL",
        "SYLI",
        "WELS",
        "SLY",
        "WILES",
        "WILE",
        "SEW",
        "WIELS",
        "WYES",
        "LYSE",
        "LWEIS",
        "WIEL",
        "LYES",
        "WYLES",
        "WEY",
        "ELS",
        "WIS",
        "YEWS",
        "YEW",
        "LYE",
        "SLEY",
        "LEYS",
        "WYLE",
        "SWY",
        "SWILE",
        "SEIL",
        "SYE",
        "WYE",
        "LEY",
        "WISELY",
        "LIES",
        "WISE",
        "ISLE",
        "SLEW",
        "WILY"
    ],
    "ws": []
}