{
    "id": "29ccd030-0d41-11eb-a781-34363b5fdca4",
    "type": 0,
    "letters": "DLORW",
    "mov": 13,
    "shovels": 1,
    "coins": 5,
    "rows": 4,
    "cols": 2,
    "c": 0,
    "b": -1,
    "dws": [
        "DOW",
        "LOR",
        "ORD",
        "DOR",
        "LOD",
        "DOL",
        "DROW",
        "WOLD",
        "DOWL"
    ],
    "ws": [
        {
            "w": "LOW",
            "v": false,
            "row": 1,
            "col": 0
        },
        {
            "w": "OLD",
            "v": true,
            "row": 0,
            "col": 0
        },
        {
            "w": "OWL",
            "v": false,
            "row": 4,
            "col": 0
        },
        {
            "w": "ROD",
            "v": false,
            "row": 3,
            "col": 2
        },
        {
            "w": "ROW",
            "v": false,
            "row": 2,
            "col": 4
        },
        {
            "w": "LORD",
            "v": true,
            "row": 0,
            "col": 4
        },
        {
            "w": "WORD",
            "v": true,
            "row": 2,
            "col": 6
        },
        {
            "w": "WORLD",
            "v": true,
            "row": 1,
            "col": 2
        }
    ]
}