{
    "id": "2b942786-0d43-11eb-a781-34363b5fdca4",
    "type": 0,
    "letters": "IKRSST",
    "mov": 25,
    "shovels": 1,
    "coins": 5,
    "rows": 10,
    "cols": 2,
    "c": 0,
    "b": -1,
    "dws": [
        "SIK",
        "KIS",
        "TSK",
        "SRI",
        "TIS",
        "SIS",
        "KIR",
        "TIK",
        "RIT",
        "KIRS",
        "KRIS",
        "KIST",
        "TSKS",
        "RITS",
        "SRIS",
        "SIST",
        "STIRK",
        "KISTS",
        "STIRKS",
        "RISKS",
        "SKITS",
        "IRK",
        "KIT"
    ],
    "ws": [
        {
            "w": "ITS",
            "v": false,
            "row": 2,
            "col": 4
        },
        {
            "w": "SIR",
            "v": false,
            "row": 9,
            "col": 0
        },
        {
            "w": "SIT",
            "v": false,
            "row": 3,
            "col": 6
        },
        {
            "w": "SKI",
            "v": true,
            "row": 0,
            "col": 4
        },
        {
            "w": "IRKS",
            "v": false,
            "row": 3,
            "col": 0
        },
        {
            "w": "KISS",
            "v": true,
            "row": 0,
            "col": 6
        },
        {
            "w": "KITS",
            "v": true,
            "row": 5,
            "col": 6
        },
        {
            "w": "RISK",
            "v": false,
            "row": 6,
            "col": 5
        },
        {
            "w": "SIRS",
            "v": false,
            "row": 0,
            "col": 1
        },
        {
            "w": "SITS",
            "v": true,
            "row": 6,
            "col": 0
        },
        {
            "w": "SKIS",
            "v": false,
            "row": 8,
            "col": 3
        },
        {
            "w": "SKIT",
            "v": true,
            "row": 0,
            "col": 8
        },
        {
            "w": "STIR",
            "v": false,
            "row": 6,
            "col": 0
        },
        {
            "w": "SKIRT",
            "v": true,
            "row": 5,
            "col": 8
        },
        {
            "w": "STIRS",
            "v": true,
            "row": 0,
            "col": 1
        },
        {
            "w": "SKIRTS",
            "v": true,
            "row": 3,
            "col": 3
        }
    ]
}