{
    "id": 3011,
    "sub_category": "Oak Pack",
    "category": "Fall Group",
    "type": 0,
    "letters": "DEERVV",
    "mov": 16,
    "shovels": 1,
    "coins": 5,
    "rows": 15,
    "cols": 15,
    "c": 0,
    "b": -1,
    "w": 7,
    "h": 7,
    "dws": [
        "DEEV",
        "DEV",
        "RED",
        "REV",
        "EREV",
        "VERD",
        "DERV",
        "VEE",
        "DEE",
        "DREE",
        "ERED",
        "REDE",
        "EVE",
        "DERE",
        "ERE",
        "REE",
        "REVVED",
        "VERVE",
        "DEER",
        "EVER",
        "REED",
        "VEER"
    ],
    "ws": []
}