{
    "id": 3074,
    "sub_category": "Curl Pack",
    "category": "Rain+forest Group",
    "type": 0,
    "letters": "AEGLPU",
    "mov": 22,
    "shovels": 1,
    "coins": 5,
    "rows": 15,
    "cols": 15,
    "c": 0,
    "b": -1,
    "w": 9,
    "h": 9,
    "dws": [
        "PUL",
        "PUG",
        "GAP",
        "PELAU",
        "PLU",
        "ALP",
        "PEAG",
        "PAGLE",
        "GUE",
        "PEA",
        "PAUL",
        "PEL",
        "PULE",
        "EAU",
        "PLAGE",
        "GEAL",
        "ALE",
        "GUL",
        "PULA",
        "AGUE",
        "GAU",
        "LEA",
        "PELA",
        "GAL",
        "GAUP",
        "LAP",
        "EGAL",
        "GULE",
        "GEL",
        "ULE",
        "LEU",
        "AGE",
        "ALU",
        "LEG",
        "LUG",
        "LAG",
        "GULA",
        "PLUE",
        "LEP",
        "PAL",
        "GUP",
        "APE",
        "AUE",
        "PEG",
        "AGLU",
        "GAE",
        "PLAGUE",
        "GLUE",
        "LEAP",
        "PAGE",
        "PALE",
        "PLEA",
        "PLUG",
        "GAPE",
        "GALE",
        "GULP",
        "LUGE",
        "PEAL"
    ],
    "ws": []
}