{
    "id": 3075,
    "sub_category": "Curl Pack",
    "category": "Rain+forest Group",
    "type": 0,
    "letters": "ACIPRY",
    "mov": 30,
    "shovels": 1,
    "coins": 5,
    "rows": 15,
    "cols": 15,
    "c": 0,
    "b": -1,
    "w": 11,
    "h": 11,
    "dws": [
        "RAI",
        "YAR",
        "CAPI",
        "CAPRI",
        "RYA",
        "CRAPY",
        "ARY",
        "PYRIC",
        "RICY",
        "RIA",
        "PYA",
        "CRIA",
        "YAP",
        "PICRA",
        "PIA",
        "CRAY",
        "PACY",
        "CRIP",
        "PAC",
        "YIP",
        "PRICY",
        "PIR",
        "CRAP",
        "PYIC",
        "PICA",
        "CARPI",
        "PAIR",
        "PRAY",
        "CARP",
        "PRY",
        "CAY"
    ],
    "ws": [
        {
            "w": "AIR",
            "v": false,
            "row": 6,
            "col": 6,
            "def": "The atmospheric substance above the surface of the earth which animals breathe, formerly considered to be a single substance, one of the four basic elements of ancient philosophy and one of the five basic elements of Eastern traditions."
        },
        {
            "w": "ARC",
            "v": true,
            "row": 0,
            "col": 2,
            "def": "A directed edge."
        },
        {
            "w": "CAP",
            "v": false,
            "row": 5,
            "col": 4,
            "def": "A close-fitting head covering either without a brim or with a peak."
        },
        {
            "w": "CAR",
            "v": true,
            "row": 4,
            "col": 8,
            "def": "A wheeled vehicle, drawn by a horse or other animal."
        },
        {
            "w": "CRY",
            "v": false,
            "row": 3,
            "col": 3,
            "def": "To shed tears; to weep."
        },
        {
            "w": "ICY",
            "v": false,
            "row": 4,
            "col": 7,
            "def": "Pertaining to, resembling, or abounding in ice; cold; frosty."
        },
        {
            "w": "PAR",
            "v": false,
            "row": 4,
            "col": 0,
            "def": "By; with."
        },
        {
            "w": "PAY",
            "v": true,
            "row": 5,
            "col": 6,
            "def": "To give money or other compensation to in exchange for goods or services."
        },
        {
            "w": "RAP",
            "v": true,
            "row": 0,
            "col": 0,
            "def": "A sharp blow with something hard."
        },
        {
            "w": "RAY",
            "v": true,
            "row": 2,
            "col": 9,
            "def": "A beam of light or radiation."
        },
        {
            "w": "RIP",
            "v": false,
            "row": 1,
            "col": 2,
            "def": "A tear (in paper, etc.)."
        },
        {
            "w": "PIC",
            "v": false,
            "row": 2,
            "col": 0,
            "def": "A picture, especially a photographic image."
        },
        {
            "w": "AIRY",
            "v": true,
            "row": 4,
            "col": 1,
            "def": "Consisting of air; as, an airy substance; the airy parts of bodies."
        },
        {
            "w": "RACY",
            "v": false,
            "row": 6,
            "col": 1,
            "def": "Having a strong flavor indicating origin; of distinct characteristic taste; tasting of the soil; hence, fresh; rich."
        },
        {
            "w": "PIRACY",
            "v": true,
            "row": 1,
            "col": 4,
            "def": "Robbery at sea, a violation of international law; taking a ship away from the control of those who are legally entitled to it."
        }
    ]
}