{
    "id": 3094,
    "sub_category": "Frond Packx",
    "category": "Rain+forest Group",
    "type": 0,
    "letters": "ACDELL",
    "mov": 22,
    "shovels": 1,
    "coins": 5,
    "rows": 15,
    "cols": 15,
    "c": 0,
    "b": -1,
    "w": 11,
    "h": 9,
    "dws": [
        "ALEC",
        "LADE",
        "DACE",
        "DAE",
        "CEL",
        "CAL",
        "ELL",
        "ALE",
        "CELLA",
        "CADE",
        "LEA",
        "ELD",
        "LAD",
        "CLADE",
        "DALLE",
        "ACE",
        "ALL",
        "LACE",
        "LED",
        "LEAL",
        "LAC",
        "ECAD",
        "DAL",
        "CAD",
        "DEL",
        "CALLED",
        "LACED",
        "LADLE",
        "DECAL",
        "CALL",
        "CELL",
        "DEAL",
        "LEAD",
        "CLAD",
        "ACED",
        "DALE",
        "DELL"
    ],
    "ws": []
}