{
    "id": 3114,
    "sub_category": "Lush Packx",
    "category": "Rain+forest Group",
    "type": 0,
    "letters": "ADFMNO",
    "mov": 24,
    "shovels": 1,
    "coins": 5,
    "rows": 15,
    "cols": 15,
    "c": 0,
    "b": -1,
    "w": 9,
    "h": 9,
    "dws": [
        "DAMN",
        "FADO",
        "NOMA",
        "FAND",
        "ODA",
        "FANO",
        "MOA",
        "MONA",
        "DNA",
        "MOD",
        "OAF",
        "DONA",
        "NAM",
        "DAN",
        "MON",
        "DOF",
        "FON",
        "MAND",
        "MANO",
        "MONAD",
        "MNA",
        "DOM",
        "NOM",
        "OMA"
    ],
    "ws": [
        {
            "w": "AND",
            "v": false,
            "row": 4,
            "col": 0,
            "def": "As a coordinating conjunction; expressing two elements to be taken together or in addition to each other."
        },
        {
            "w": "DAM",
            "v": true,
            "row": 4,
            "col": 2,
            "def": "Structure placed across a flowing body of water to stop the flow."
        },
        {
            "w": "FAD",
            "v": false,
            "row": 0,
            "col": 0,
            "def": "A phenomenon that becomes popular for a very short time."
        },
        {
            "w": "FAN",
            "v": false,
            "row": 2,
            "col": 6,
            "def": "A hand-held device consisting of concertinaed material, or slats of material, gathered together at one end, that may be opened out into the shape of a sector of a circle and waved back and forth in order to move air towards oneself and cool oneself."
        },
        {
            "w": "MAD",
            "v": false,
            "row": 6,
            "col": 2,
            "def": "Insane; crazy, mentally deranged."
        },
        {
            "w": "MAN",
            "v": false,
            "row": 2,
            "col": 0,
            "def": "An adult male human."
        },
        {
            "w": "NOD",
            "v": false,
            "row": 5,
            "col": 4,
            "def": "To incline the head up and down, as to indicate agreement."
        },
        {
            "w": "ADO",
            "v": false,
            "row": 6,
            "col": 7,
            "def": "To do; in doing; as, there is nothing ado."
        },
        {
            "w": "DON",
            "v": true,
            "row": 0,
            "col": 2,
            "def": "A university professor, particularly one at Oxford or Cambridge."
        },
        {
            "w": "FOAM",
            "v": false,
            "row": 8,
            "col": 1,
            "def": "A substance composed of a large collection of bubbles or their solidified remains."
        },
        {
            "w": "FOND",
            "v": true,
            "row": 2,
            "col": 6,
            "def": "Having a liking or affection (for)."
        },
        {
            "w": "MOAN",
            "v": true,
            "row": 2,
            "col": 0,
            "def": "A low, mournful cry of pain, sorrow or pleasure."
        },
        {
            "w": "NOMAD",
            "v": true,
            "row": 2,
            "col": 8,
            "def": "A member of a group of people who, having no fixed home, move around seasonally in search of food, water and grazing etc."
        },
        {
            "w": "FANDOM",
            "v": true,
            "row": 3,
            "col": 4,
            "def": "The fans of a sport, activity, work, person etc., taken as a group."
        }
    ]
}