{
    "id": 312,
    "sub_category": "Coast Pack",
    "category": "Tropic Group",
    "type": 0,
    "letters": "EENRSU",
    "mov": 22,
    "shovels": 1,
    "coins": 5,
    "rows": 15,
    "cols": 15,
    "c": 0,
    "b": -1,
    "w": 10,
    "h": 9,
    "dws": [
        "NUS",
        "SUER",
        "NUR",
        "NURS",
        "ERN",
        "ERNES",
        "SER",
        "ERE",
        "UNS",
        "REES",
        "RUNES",
        "ERES",
        "SUN",
        "SEN",
        "SERE",
        "ENE",
        "ERS",
        "EEN",
        "REENS",
        "RUN",
        "RENS",
        "SUE",
        "ESE",
        "URES",
        "REN",
        "ENES",
        "NEE",
        "ENURE",
        "RUE",
        "SENE",
        "REE",
        "REEN",
        "ENS",
        "URE",
        "ENURES",
        "ERNE",
        "RUNE",
        "ERNS",
        "URN",
        "RUES",
        "RES",
        "USE",
        "SNEE",
        "SEE",
        "ESNE",
        "ENSURE",
        "NURSE",
        "ENSUE",
        "REUSE",
        "SNEER",
        "RUNS",
        "SEEN",
        "SURE",
        "URNS",
        "USER",
        "SEER",
        "RUSE"
    ],
    "ws": []
}