{
    "id": 3143,
    "sub_category": "Lines Pack",
    "category": "Rows Group",
    "type": 0,
    "letters": "ERSTUU",
    "mov": 22,
    "shovels": 1,
    "coins": 5,
    "rows": 15,
    "cols": 15,
    "c": 0,
    "b": -1,
    "w": 8,
    "h": 8,
    "dws": [
        "RET",
        "SUER",
        "STURE",
        "ERST",
        "UTU",
        "URUS",
        "TRES",
        "SER",
        "UTE",
        "UTES",
        "TRUES",
        "RUTS",
        "ERS",
        "RETS",
        "SUET",
        "EST",
        "URES",
        "UTS",
        "UTUS",
        "TES",
        "UTERUS",
        "URE",
        "USURE",
        "RUES",
        "RES"
    ],
    "ws": [
        {
            "w": "RUT",
            "v": true,
            "row": 3,
            "col": 5,
            "def": "Sexual desire or oestrus of cattle, and various other mammals."
        },
        {
            "w": "SET",
            "v": false,
            "row": 0,
            "col": 4,
            "def": "To put (something) down, to rest."
        },
        {
            "w": "SUE",
            "v": true,
            "row": 0,
            "col": 4,
            "def": "To follow."
        },
        {
            "w": "USE",
            "v": false,
            "row": 0,
            "col": 0,
            "def": "The act of using."
        },
        {
            "w": "RUE",
            "v": false,
            "row": 3,
            "col": 5,
            "def": "Repentance, regret."
        },
        {
            "w": "REST",
            "v": true,
            "row": 4,
            "col": 0,
            "def": "Relief from work or activity by sleeping; sleep."
        },
        {
            "w": "RUST",
            "v": false,
            "row": 5,
            "col": 2,
            "def": "The deteriorated state of iron or steel as a result of moisture and oxidation."
        },
        {
            "w": "SURE",
            "v": true,
            "row": 0,
            "col": 1,
            "def": "Physically secure and certain, non-failing, reliable."
        },
        {
            "w": "TRUE",
            "v": false,
            "row": 7,
            "col": 0,
            "def": "Conforming to the actual state of reality or fact; factually correct."
        },
        {
            "w": "USER",
            "v": true,
            "row": 1,
            "col": 7,
            "def": "One who uses or makes use of something, a consumer."
        },
        {
            "w": "RUSE",
            "v": false,
            "row": 2,
            "col": 1,
            "def": "A trick."
        },
        {
            "w": "SUTURE",
            "v": true,
            "row": 2,
            "col": 3,
            "def": "Seam formed by sewing two edges (especially of skin) together."
        }
    ]
}