{
    "id": "315c8320-0d43-11eb-a781-34363b5fdca4",
    "type": 0,
    "letters": "BEELPS",
    "mov": 19,
    "shovels": 1,
    "coins": 5,
    "rows": 7,
    "cols": 2,
    "c": 0,
    "b": -1,
    "dws": [
        "BEL",
        "BES",
        "LEE",
        "LEP",
        "PEL",
        "LES",
        "ELS",
        "SEL",
        "PEE",
        "ESE",
        "PES",
        "BLEE",
        "PLEB",
        "BELS",
        "SLEB",
        "LEEP",
        "PELE",
        "LEES",
        "SEEL",
        "SELE",
        "SLEE",
        "LEPS",
        "PELS",
        "PEES",
        "PLEBE",
        "BLEES",
        "PLEBS",
        "LEEPS",
        "PELES",
        "SPEEL",
        "PLEBES"
    ],
    "ws": [
        {
            "w": "BEE",
            "v": true,
            "row": 0,
            "col": 1
        },
        {
            "w": "EEL",
            "v": false,
            "row": 3,
            "col": 7
        },
        {
            "w": "SEE",
            "v": true,
            "row": 0,
            "col": 5
        },
        {
            "w": "BEEP",
            "v": true,
            "row": 5,
            "col": 1
        },
        {
            "w": "BEES",
            "v": true,
            "row": 6,
            "col": 6
        },
        {
            "w": "EELS",
            "v": false,
            "row": 1,
            "col": 5
        },
        {
            "w": "ELSE",
            "v": false,
            "row": 6,
            "col": 1
        },
        {
            "w": "PEEL",
            "v": false,
            "row": 2,
            "col": 0
        },
        {
            "w": "SEEP",
            "v": false,
            "row": 9,
            "col": 6
        },
        {
            "w": "BEEPS",
            "v": false,
            "row": 0,
            "col": 1
        },
        {
            "w": "BLEEP",
            "v": true,
            "row": 0,
            "col": 7
        },
        {
            "w": "PEELS",
            "v": false,
            "row": 7,
            "col": 4
        },
        {
            "w": "SLEEP",
            "v": false,
            "row": 4,
            "col": 3
        },
        {
            "w": "BLEEPS",
            "v": true,
            "row": 3,
            "col": 4
        }
    ]
}