{
    "id": 3161,
    "sub_category": "Far Pack",
    "category": "Rows Group",
    "type": 0,
    "letters": "AACNRY",
    "mov": 22,
    "shovels": 1,
    "coins": 5,
    "rows": 15,
    "cols": 15,
    "c": 0,
    "b": -1,
    "w": 9,
    "h": 9,
    "dws": [
        "YAR",
        "CAR",
        "RYA",
        "CAA",
        "ARY",
        "YAAR",
        "RANA",
        "NARC",
        "CRAY",
        "RAYA",
        "ARNA",
        "CRAN",
        "CARN",
        "ANA",
        "RNA",
        "RACA",
        "CANY",
        "CARNY",
        "CRY"
    ],
    "ws": [
        {
            "w": "ANY",
            "v": false,
            "row": 3,
            "col": 2,
            "def": "To even the slightest extent, at all."
        },
        {
            "w": "ARC",
            "v": false,
            "row": 5,
            "col": 2,
            "def": "A directed edge."
        },
        {
            "w": "CAN",
            "v": true,
            "row": 5,
            "col": 4,
            "def": "To know how to; to be able to."
        },
        {
            "w": "RAN",
            "v": false,
            "row": 4,
            "col": 0,
            "def": "Simple past of run."
        },
        {
            "w": "RAY",
            "v": true,
            "row": 5,
            "col": 6,
            "def": "A beam of light or radiation."
        },
        {
            "w": "NAY",
            "v": false,
            "row": 7,
            "col": 4,
            "def": "No."
        },
        {
            "w": "CAY",
            "v": false,
            "row": 7,
            "col": 0,
            "def": "A small, low island largely made of sand or coral."
        },
        {
            "w": "YARN",
            "v": true,
            "row": 2,
            "col": 0,
            "def": "A twisted strand of fiber used for knitting or weaving."
        },
        {
            "w": "RACY",
            "v": true,
            "row": 0,
            "col": 4,
            "def": "Having a strong flavor indicating origin; of distinct characteristic taste; tasting of the soil; hence, fresh; rich."
        },
        {
            "w": "NARY",
            "v": false,
            "row": 1,
            "col": 3,
            "def": "Not one."
        },
        {
            "w": "CYAN",
            "v": true,
            "row": 0,
            "col": 6,
            "def": "A colour between blue and green in the visible spectrum; the complementary colour of red; the colour obtained by subtracting red from white light."
        },
        {
            "w": "CANARY",
            "v": true,
            "row": 2,
            "col": 2,
            "def": "A small, usually yellow, finch (genus Serinus), a songbird native to the Canary Islands."
        }
    ]
}