{
    "id": 3203,
    "sub_category": "Chill Packx",
    "category": "Basin Group",
    "type": 0,
    "letters": "DEFNRU",
    "mov": 30,
    "shovels": 1,
    "coins": 5,
    "rows": 15,
    "cols": 15,
    "c": 0,
    "b": -1,
    "w": 14,
    "h": 10,
    "dws": [
        "FERN",
        "NUR",
        "URD",
        "DURE",
        "FEU",
        "FED",
        "ERN",
        "ENUF",
        "FUR",
        "RUED",
        "FER",
        "DERN",
        "UNFED",
        "UNRED",
        "RUND",
        "DUE",
        "RUNED",
        "REN",
        "NUDER",
        "UNDE",
        "URE",
        "DEF",
        "NURD",
        "NED",
        "FUNDER",
        "RUD",
        "FEN",
        "NEF",
        "ERF",
        "FUD",
        "URDE",
        "DURN",
        "FEUD",
        "NUDE",
        "REND",
        "RED",
        "RUE"
    ],
    "ws": [
        {
            "w": "DEN",
            "v": true,
            "row": 3,
            "col": 2,
            "def": "The home of certain animals."
        },
        {
            "w": "END",
            "v": false,
            "row": 4,
            "col": 4,
            "def": "The final point of something in space or time."
        },
        {
            "w": "FUN",
            "v": true,
            "row": 1,
            "col": 1,
            "def": "Enjoyable, amusing."
        },
        {
            "w": "RUN",
            "v": false,
            "row": 5,
            "col": 0,
            "def": "Act or instance of running, of moving rapidly using the feet."
        },
        {
            "w": "URN",
            "v": true,
            "row": 5,
            "col": 1,
            "def": "A vase with a footed base."
        },
        {
            "w": "REF",
            "v": false,
            "row": 0,
            "col": 3,
            "def": "Referee."
        },
        {
            "w": "DUN",
            "v": false,
            "row": 8,
            "col": 4,
            "def": "A brownish grey colour."
        },
        {
            "w": "DUNE",
            "v": true,
            "row": 3,
            "col": 9,
            "def": "A ridge or hill of sand piled up by the wind."
        },
        {
            "w": "FUND",
            "v": false,
            "row": 1,
            "col": 6,
            "def": "A sum or source of money."
        },
        {
            "w": "RUDE",
            "v": true,
            "row": 0,
            "col": 3,
            "def": "Bad mannered."
        },
        {
            "w": "FEND",
            "v": true,
            "row": 1,
            "col": 6,
            "def": "An enemy; fiend; the Devil."
        },
        {
            "w": "NERD",
            "v": false,
            "row": 3,
            "col": 6,
            "def": "A person who is intellectual but generally introverted."
        },
        {
            "w": "RUNE",
            "v": false,
            "row": 6,
            "col": 3,
            "def": "A letter, or character, belonging to the written language of various ancient Germanic peoples, especially the Scandinavians and the Anglo-Saxons."
        },
        {
            "w": "UNDER",
            "v": false,
            "row": 3,
            "col": 0,
            "def": "In a lower level than."
        },
        {
            "w": "REFUND",
            "v": true,
            "row": 3,
            "col": 4,
            "def": "To return (money) to (someone)."
        }
    ]
}