{
    "id": 3227,
    "sub_category": "Slope Pack",
    "category": "Basin Group",
    "type": 0,
    "letters": "EKLNRU",
    "mov": 16,
    "shovels": 1,
    "coins": 5,
    "rows": 15,
    "cols": 15,
    "c": 0,
    "b": -1,
    "w": 7,
    "h": 6,
    "dws": [
        "LUNE",
        "KERN",
        "NUR",
        "NEK",
        "NURL",
        "ERN",
        "LUN",
        "NERK",
        "KUE",
        "KNUR",
        "LUNK",
        "RUNKLE",
        "LUKE",
        "RUN",
        "EUK",
        "NEUK",
        "UKE",
        "REN",
        "KUNE",
        "RENK",
        "LEKU",
        "ULE",
        "RUE",
        "LEU",
        "URE",
        "LUR",
        "KNURL",
        "RUNE",
        "URN",
        "ERK",
        "LEK",
        "KEN",
        "LUNKER",
        "LURE",
        "RULE",
        "NUKE",
        "LURK",
        "ELK"
    ],
    "ws": []
}