{
    "id": 323,
    "sub_category": "Crest Pack",
    "category": "Mountain Group",
    "type": 0,
    "letters": "EKMORS",
    "mov": 18,
    "shovels": 1,
    "coins": 5,
    "rows": 15,
    "cols": 15,
    "c": 0,
    "b": -1,
    "w": 7,
    "h": 6,
    "dws": [
        "OKES",
        "KORES",
        "EMO",
        "KEROS",
        "REOS",
        "MOKES",
        "ROES",
        "MERKS",
        "MOKE",
        "SER",
        "SMORE",
        "OSE",
        "OMS",
        "MOS",
        "MOSK",
        "OMER",
        "MORES",
        "MOE",
        "REO",
        "REMS",
        "MORSE",
        "KOSE",
        "ORE",
        "KOS",
        "SKER",
        "ERS",
        "OMERS",
        "SOKE",
        "ROKS",
        "MOES",
        "EMS",
        "ROKES",
        "SERK",
        "KERO",
        "EMOS",
        "SKEO",
        "KORE",
        "OES",
        "MOR",
        "ROK",
        "MOSE",
        "OKE",
        "ERKS",
        "KORS",
        "SMERK",
        "EROS",
        "ROE",
        "ROM",
        "KOR",
        "ORS",
        "MES",
        "ROMS",
        "ROKE",
        "RES",
        "ERK",
        "MORS",
        "MERK",
        "ERM",
        "SOM"
    ],
    "ws": [
        {
            "w": "REM",
            "v": true,
            "row": 4,
            "col": 0,
            "def": "Rapid eye movement, a sleep state."
        },
        {
            "w": "MORE",
            "v": false,
            "row": 6,
            "col": 0,
            "def": "Comparative form of many: in greater number. (Used for a discrete quantity.)."
        },
        {
            "w": "ORES",
            "v": true,
            "row": 0,
            "col": 1,
            "def": "Plural form of ore."
        },
        {
            "w": "ROSE",
            "v": false,
            "row": 7,
            "col": 3,
            "def": "A shrub of the genus Rosa, with red, pink, white or yellow flowers."
        },
        {
            "w": "SOME",
            "v": false,
            "row": 3,
            "col": 1,
            "def": "A certain number, at least one."
        },
        {
            "w": "SORE",
            "v": false,
            "row": 0,
            "col": 0,
            "def": "Causing pain or discomfort; painfully sensitive."
        },
        {
            "w": "SMOKE",
            "v": true,
            "row": 3,
            "col": 6,
            "def": "The visible vapor/vapour, gases, and fine particles given off by burning or smoldering material."
        },
        {
            "w": "SMOKER",
            "v": true,
            "row": 2,
            "col": 3,
            "def": "A person who smokes tobacco habitually."
        }
    ]
}