{
    "id": 3239,
    "sub_category": "Rock Packx",
    "category": "Basin Group",
    "type": 0,
    "letters": "ELMSSU",
    "mov": 20,
    "shovels": 1,
    "coins": 5,
    "rows": 15,
    "cols": 15,
    "c": 0,
    "b": -1,
    "w": 9,
    "h": 7,
    "dws": [
        "MUSS",
        "LUES",
        "ELMS",
        "LES",
        "MEU",
        "MUS",
        "MUSES",
        "SLUE",
        "LUM",
        "SUMS",
        "ULES",
        "MULSE",
        "UMS",
        "SEL",
        "LUMS",
        "EMS",
        "EMUS",
        "MEL",
        "MEUS",
        "ESS",
        "SELS",
        "ELS",
        "ULE",
        "SLUES",
        "LEU",
        "EMU",
        "MULES",
        "USES",
        "MES",
        "SUS",
        "MELS",
        "SLUMS",
        "SUES"
    ],
    "ws": [
        {
            "w": "ELM",
            "v": false,
            "row": 7,
            "col": 4,
            "def": "A tree of the genus Ulmus of the family Ulmaceae, large deciduous trees with alternate stipulate leaves and small apetalous flowers."
        },
        {
            "w": "SUE",
            "v": true,
            "row": 0,
            "col": 5,
            "def": "To follow."
        },
        {
            "w": "SUM",
            "v": true,
            "row": 5,
            "col": 6,
            "def": "A quantity obtained by addition or aggregation."
        },
        {
            "w": "USE",
            "v": true,
            "row": 5,
            "col": 4,
            "def": "The act of using."
        },
        {
            "w": "LESS",
            "v": false,
            "row": 0,
            "col": 2,
            "def": "To smaller extent."
        },
        {
            "w": "MESS",
            "v": false,
            "row": 6,
            "col": 1,
            "def": "Mass; church service."
        },
        {
            "w": "MULE",
            "v": false,
            "row": 2,
            "col": 2,
            "def": "A generally sterile male or female hybrid offspring of a male donkey and a female horse."
        },
        {
            "w": "SLUM",
            "v": true,
            "row": 1,
            "col": 0,
            "def": "A dilapidated neighborhood where many people live in a state of poverty."
        },
        {
            "w": "MUSE",
            "v": false,
            "row": 4,
            "col": 0,
            "def": "A source of inspiration."
        },
        {
            "w": "MUSSEL",
            "v": true,
            "row": 2,
            "col": 2,
            "def": "A small edible bivalve shellfish of the families Unionidae (fresh water mussels) and Mytilidae (salt water mussels)."
        }
    ]
}