{
    "id": 3269,
    "sub_category": "Marsh Pack",
    "category": "Basin Group",
    "type": 0,
    "letters": "CLMPUY",
    "mov": 18,
    "shovels": 1,
    "coins": 5,
    "rows": 15,
    "cols": 15,
    "c": 0,
    "b": -1,
    "w": 8,
    "h": 7,
    "dws": [
        "PUY",
        "CUM",
        "PUL",
        "CULM",
        "LYM",
        "PUMY",
        "LUM",
        "YUMP",
        "PLUMY",
        "CLY",
        "MYC",
        "PLU",
        "UMP",
        "YUM",
        "UMPY",
        "PULY"
    ],
    "ws": [
        {
            "w": "CUP",
            "v": false,
            "row": 0,
            "col": 5,
            "def": "A concave vessel for drinking from, usually made of opaque material (as opposed to a glass)."
        },
        {
            "w": "YUP",
            "v": true,
            "row": 5,
            "col": 1,
            "def": "A yes; an affirmative answer."
        },
        {
            "w": "PLY",
            "v": false,
            "row": 4,
            "col": 5,
            "def": "A layer of material. (two-ply toilet paper)."
        },
        {
            "w": "LUMP",
            "v": true,
            "row": 4,
            "col": 6,
            "def": "Something that protrudes, sticks out, or sticks together; a cluster or blob; a mound, hill, or group."
        },
        {
            "w": "PLUM",
            "v": false,
            "row": 3,
            "col": 2,
            "def": "The edible, fleshy stone fruit of Prunus domestica, often of a dark red or purple colour."
        },
        {
            "w": "CLUMP",
            "v": true,
            "row": 0,
            "col": 5,
            "def": "A cluster or lump."
        },
        {
            "w": "LUMPY",
            "v": false,
            "row": 6,
            "col": 0,
            "def": "Full of lumps, not smooth."
        },
        {
            "w": "CLUMPY",
            "v": true,
            "row": 2,
            "col": 3,
            "def": "Forming or tending to form clumps."
        }
    ]
}