{
    "id": 3272,
    "sub_category": "Marsh Pack",
    "category": "Basin Group",
    "type": 0,
    "letters": "ADNOPR",
    "mov": 20,
    "shovels": 1,
    "coins": 5,
    "rows": 15,
    "cols": 15,
    "c": 0,
    "b": -1,
    "w": 11,
    "h": 8,
    "dws": [
        "PAR",
        "ODA",
        "RAP",
        "APOD",
        "RAND",
        "DON",
        "ARD",
        "PROA",
        "POA",
        "NARD",
        "PRAO",
        "PRO",
        "DNA",
        "APO",
        "ORAD",
        "DOR",
        "POD",
        "NAP",
        "DONA",
        "PAD",
        "RAN",
        "ROD",
        "ORA",
        "PAND",
        "RAD",
        "RNA",
        "DAN",
        "NOD",
        "ADO",
        "ANDRO",
        "DRAP",
        "PAN",
        "DOP",
        "OPA",
        "PORN",
        "NOR",
        "ORD",
        "DORP",
        "DOPA",
        "DAP",
        "AND",
        "OAR",
        "PARD",
        "PRAD",
        "PARDON",
        "APRON",
        "ADORN",
        "RADON",
        "DARN",
        "DROP",
        "POND",
        "ROAD",
        "PROD",
        "ROAN"
    ],
    "ws": []
}