{
    "id": 329,
    "sub_category": "Crest Pack",
    "category": "Mountain Group",
    "type": 0,
    "letters": "EIMOTV",
    "mov": 24,
    "shovels": 1,
    "coins": 5,
    "rows": 15,
    "cols": 15,
    "c": 0,
    "b": -1,
    "w": 12,
    "h": 9,
    "dws": [
        "VITE",
        "MOIT",
        "EMO",
        "MOT",
        "MOE",
        "EVO",
        "VOE",
        "VIM",
        "TOM",
        "VOMIT",
        "TIE",
        "MOTI",
        "TIME",
        "MOI",
        "VET"
    ],
    "ws": [
        {
            "w": "MET",
            "v": false,
            "row": 5,
            "col": 0,
            "def": "Simple past tense and past participle of meet."
        },
        {
            "w": "VIE",
            "v": true,
            "row": 0,
            "col": 0,
            "def": "To rival; to struggle for superiority; to contend; to compete eagerly so as to gain something."
        },
        {
            "w": "MOVE",
            "v": true,
            "row": 2,
            "col": 1,
            "def": "To change place or posture; to stir; to go, in any manner, from one place or position to another."
        },
        {
            "w": "OMIT",
            "v": false,
            "row": 3,
            "col": 3,
            "def": "To leave out or exclude."
        },
        {
            "w": "VOTE",
            "v": false,
            "row": 0,
            "col": 3,
            "def": "A formalized choice on matters of administration or other democratic activities."
        },
        {
            "w": "TOME",
            "v": true,
            "row": 3,
            "col": 6,
            "def": "One in a series of volumes."
        },
        {
            "w": "MOVIE",
            "v": true,
            "row": 5,
            "col": 0,
            "def": "A motion picture."
        },
        {
            "w": "MOTIVE",
            "v": true,
            "row": 3,
            "col": 4,
            "def": "An incentive to act; a reason for doing something; anything that prompted a choice of action."
        },
        {
            "w": "MITE",
            "v": false,
            "row": 6,
            "col": 3,
            "def": "A minute arachnid, of the order Acarina, of which there are many species; as, the cheese mite, sugar mite, harvest mite, etc."
        },
        {
            "w": "VETO",
            "v": true,
            "row": 0,
            "col": 3,
            "def": "A political right to disapprove of (and thereby stop) the process of a decision, a law etc."
        },
        {
            "w": "TOE",
            "v": false,
            "row": 8,
            "col": 2,
            "def": "Each of the five digits on the end of the foot."
        },
        {
            "w": "MOTE",
            "v": false,
            "row": 5,
            "col": 6,
            "def": "A small particle; a speck."
        },
        {
            "w": "ITEM",
            "v": true,
            "row": 4,
            "col": 8,
            "def": "A distinct physical object."
        },
        {
            "w": "EMIT",
            "v": false,
            "row": 2,
            "col": 0,
            "def": "To send out or give off."
        }
    ]
}