{
    "id": 3315,
    "sub_category": "Cliff Packx",
    "category": "View Group",
    "type": 0,
    "letters": "AEGNRR",
    "mov": 20,
    "shovels": 1,
    "coins": 5,
    "rows": 15,
    "cols": 15,
    "c": 0,
    "b": -1,
    "w": 8,
    "h": 8,
    "dws": [
        "ARE",
        "GANE",
        "AREG",
        "GARRE",
        "RERAN",
        "RAG",
        "GENA",
        "RENGA",
        "NAE",
        "REG",
        "GAEN",
        "ERA",
        "GAR",
        "ERN",
        "NEG",
        "REGNA",
        "NARRE",
        "ANE",
        "GARE",
        "GEAN",
        "ERG",
        "GNARR",
        "EAN",
        "GNAR",
        "RAN",
        "GREN",
        "GRR",
        "AGER",
        "AGEN",
        "ERR",
        "RNA",
        "GEN",
        "REGAR",
        "EAR",
        "NAG",
        "REN",
        "RAGER",
        "AGE",
        "REAN",
        "GAN",
        "NARE",
        "GER",
        "ENG",
        "GARNER",
        "GRAN",
        "GAE"
    ],
    "ws": [
        {
            "w": "EARN",
            "v": true,
            "row": 4,
            "col": 1,
            "def": "To gain (success, reward, recognition) through applied effort or work."
        },
        {
            "w": "GEAR",
            "v": false,
            "row": 2,
            "col": 0,
            "def": "Equipment or paraphernalia, especially that used for an athletic endeavor."
        },
        {
            "w": "NEAR",
            "v": false,
            "row": 1,
            "col": 4,
            "def": "Physically close."
        },
        {
            "w": "RAGE",
            "v": true,
            "row": 0,
            "col": 0,
            "def": "Violent uncontrolled anger."
        },
        {
            "w": "RANG",
            "v": false,
            "row": 5,
            "col": 0,
            "def": "Simple past of ring."
        },
        {
            "w": "RARE",
            "v": true,
            "row": 0,
            "col": 6,
            "def": "Cooked very lightly, so the meat is still red (in the case of steak or beef in the general sense)."
        },
        {
            "w": "REAR",
            "v": false,
            "row": 0,
            "col": 0,
            "def": "To raise physically; to lift up; to cause to rise, to elevate."
        },
        {
            "w": "ANGER",
            "v": false,
            "row": 3,
            "col": 3,
            "def": "A strong feeling of displeasure, hostility or antagonism towards someone or something, usually combined with an urge to harm."
        },
        {
            "w": "RANGE",
            "v": false,
            "row": 7,
            "col": 3,
            "def": "Line or series of mountains."
        },
        {
            "w": "RANGER",
            "v": true,
            "row": 2,
            "col": 3,
            "def": "One who ranges; a rover."
        }
    ]
}