{
    "id": 334,
    "sub_category": "Crest Pack",
    "category": "Mountain Group",
    "type": 0,
    "letters": "AEINTU",
    "mov": 20,
    "shovels": 1,
    "coins": 5,
    "rows": 15,
    "cols": 15,
    "c": 0,
    "b": -1,
    "w": 11,
    "h": 8,
    "dws": [
        "UNI",
        "UTA",
        "AIT",
        "TAN",
        "ANTE",
        "UNAI",
        "ATE",
        "NIT",
        "NAE",
        "TEA",
        "TAIN",
        "UTE",
        "TUI",
        "ANE",
        "TAE",
        "TAI",
        "NAT",
        "ITA",
        "EAU",
        "NUT",
        "EINA",
        "EAT",
        "TAU",
        "EAN",
        "NITE",
        "TENIA",
        "ANI",
        "AINE",
        "TUN",
        "AITU",
        "NIE",
        "ANT",
        "ETUI",
        "AIN",
        "TIE",
        "TUAN",
        "ETNA",
        "ETA",
        "AUNE",
        "TIN",
        "ENTIA",
        "TINEA",
        "AUE",
        "TANE",
        "NET",
        "TINA",
        "TIAN",
        "TEN",
        "TEIN",
        "AUNTIE",
        "UNITE",
        "UNTIE",
        "AUNT",
        "NEAT",
        "TUNA",
        "TUNE",
        "UNIT",
        "ANTI",
        "TINE"
    ],
    "ws": []
}