{
    "id": 3367,
    "sub_category": "Below Packx",
    "category": "Precipice Group",
    "type": 0,
    "letters": "ADOPRY",
    "mov": 16,
    "shovels": 1,
    "coins": 5,
    "rows": 15,
    "cols": 15,
    "c": 0,
    "b": -1,
    "w": 6,
    "h": 6,
    "dws": [
        "YAR",
        "YOD",
        "PAYOR",
        "DORY",
        "ROPY",
        "PAR",
        "RAP",
        "RYA",
        "ODA",
        "APOD",
        "ARD",
        "ARY",
        "PROA",
        "PARDY",
        "RAY",
        "PYA",
        "POA",
        "YAP",
        "PRAO",
        "PRO",
        "OARY",
        "DRY",
        "APO",
        "ORAD",
        "DOR",
        "POD",
        "PRY",
        "YAD",
        "PAD",
        "ROD",
        "YORP",
        "ORA",
        "PYRO",
        "RAD",
        "DRAY",
        "ADO",
        "DRAP",
        "DOP",
        "OPA",
        "PORY",
        "DOY",
        "ORD",
        "DORP",
        "ADRY",
        "DAY",
        "DOPY",
        "PAY",
        "DOPA",
        "DAP",
        "OAR",
        "PARD",
        "PRAD",
        "PARODY",
        "DROP",
        "PRAY",
        "ROAD",
        "YARD",
        "PROD"
    ],
    "ws": []
}