{
    "id": 3377,
    "sub_category": "Coast Packx",
    "category": "Precipice Group",
    "type": 0,
    "letters": "DEENOP",
    "mov": 20,
    "shovels": 1,
    "coins": 5,
    "rows": 15,
    "cols": 15,
    "c": 0,
    "b": -1,
    "w": 9,
    "h": 7,
    "dws": [
        "ONE",
        "EON",
        "DEP",
        "END",
        "DON",
        "DOEN",
        "OPE",
        "PEND",
        "DOE",
        "DEN",
        "ENE",
        "PEE",
        "POD",
        "EPODE",
        "DEPONE",
        "DEE",
        "NEP",
        "PED",
        "PEED",
        "OPED",
        "DONEE",
        "NOD",
        "PEEN",
        "PENE",
        "PEN",
        "DOP",
        "NEE",
        "PONE",
        "ODE",
        "NED",
        "NEEP",
        "DEEN",
        "DENE",
        "EEN"
    ],
    "ws": [
        {
            "w": "DEEP",
            "v": false,
            "row": 3,
            "col": 0,
            "def": "Having its bottom far down."
        },
        {
            "w": "DONE",
            "v": false,
            "row": 7,
            "col": 3,
            "def": "Ready, fully cooked."
        },
        {
            "w": "DOPE",
            "v": false,
            "row": 0,
            "col": 4,
            "def": "Any viscous liquid or paste, such as a lubricant, used in preparing a surface."
        },
        {
            "w": "NEED",
            "v": false,
            "row": 5,
            "col": 3,
            "def": "A requirement for something."
        },
        {
            "w": "NODE",
            "v": true,
            "row": 0,
            "col": 1,
            "def": "A knot, knob, protuberance or swelling."
        },
        {
            "w": "NOPE",
            "v": false,
            "row": 6,
            "col": 0,
            "def": "To hit someone on the head."
        },
        {
            "w": "OPEN",
            "v": false,
            "row": 2,
            "col": 3,
            "def": "Which is not closed; accessible; unimpeded; as, an open gate."
        },
        {
            "w": "POND",
            "v": true,
            "row": 0,
            "col": 6,
            "def": "An inland body of standing water, either natural or man-made, that is smaller than a lake."
        },
        {
            "w": "PEON",
            "v": true,
            "row": 4,
            "col": 5,
            "def": "A lowly person, a peasant or serf, a labourer who is obliged to do menial work."
        },
        {
            "w": "OPENED",
            "v": true,
            "row": 2,
            "col": 3,
            "def": "Simple past tense and past participle of open."
        }
    ]
}