{
    "id": 3387,
    "sub_category": "Coast Packx",
    "category": "Precipice Group",
    "type": 0,
    "letters": "BEMOOR",
    "mov": 20,
    "shovels": 1,
    "coins": 5,
    "rows": 15,
    "cols": 15,
    "c": 0,
    "b": -1,
    "w": 10,
    "h": 8,
    "dws": [
        "EMO",
        "MOO",
        "ROB",
        "REM",
        "OOR",
        "BROME",
        "MOBE",
        "BOO",
        "MOB",
        "REO",
        "MOE",
        "OMER",
        "ORB",
        "ORE",
        "BOOR",
        "BROO",
        "BOR",
        "OMBRE",
        "OBO",
        "BRO",
        "OBE",
        "MOR",
        "BORM",
        "ROMEO",
        "ERM",
        "ROO",
        "ROE",
        "ROM",
        "REB",
        "BROMO",
        "OMBER",
        "OOM"
    ],
    "ws": [
        {
            "w": "BOOM",
            "v": true,
            "row": 4,
            "col": 0,
            "def": "To make a loud, resonant sound."
        },
        {
            "w": "BORE",
            "v": true,
            "row": 4,
            "col": 6,
            "def": "To make a hole through something."
        },
        {
            "w": "MORE",
            "v": true,
            "row": 0,
            "col": 5,
            "def": "Comparative form of many: in greater number. (Used for a discrete quantity.)."
        },
        {
            "w": "ROBE",
            "v": false,
            "row": 7,
            "col": 3,
            "def": "A long loose outer garment, often signifying honorary stature."
        },
        {
            "w": "ROOM",
            "v": false,
            "row": 0,
            "col": 2,
            "def": "Wide; spacious; roomy."
        },
        {
            "w": "BERM",
            "v": false,
            "row": 2,
            "col": 3,
            "def": "A narrow ledge or shelf, as along the top or bottom of a slope."
        },
        {
            "w": "MOOR",
            "v": true,
            "row": 1,
            "col": 1,
            "def": "An extensive waste covered with patches of heath, and having a poor, light soil, but sometimes marshy, and abounding in peat; a heath."
        },
        {
            "w": "OBOE",
            "v": false,
            "row": 6,
            "col": 0,
            "def": "A soprano and melody wind instrument in the modern orchestra and wind ensemble. It is a smaller instrument and generally made of grendilla wood. It is a member of the double reed family."
        },
        {
            "w": "BROOM",
            "v": false,
            "row": 4,
            "col": 0,
            "def": "A domestic utensil with fibers bound together at the end of a long handle, used for sweeping."
        },
        {
            "w": "BOOMER",
            "v": true,
            "row": 2,
            "col": 3,
            "def": "An adult male kangaroo."
        }
    ]
}