{
    "id": 339,
    "sub_category": "Fjord Pack",
    "category": "Mountain Group",
    "type": 0,
    "letters": "GLNSUY",
    "mov": 22,
    "shovels": 1,
    "coins": 5,
    "rows": 15,
    "cols": 15,
    "c": 0,
    "b": -1,
    "w": 9,
    "h": 8,
    "dws": [
        "NUS",
        "NUGS",
        "YUGS",
        "LUNY",
        "LUN",
        "GULY",
        "UNS",
        "NUG",
        "LUGS",
        "NYS",
        "GNUS",
        "SUG",
        "GUL",
        "SLY",
        "UGS",
        "GUNS",
        "YUG",
        "LUNG",
        "GUS",
        "SYN",
        "SNY",
        "GUYS",
        "GULS",
        "LUNS",
        "YUS"
    ],
    "ws": [
        {
            "w": "GUN",
            "v": false,
            "row": 3,
            "col": 1,
            "def": "A very portable, short firearm, for hand use, which fires bullets or projectiles, such as a handgun, revolver, pistol, or Derringer."
        },
        {
            "w": "GUY",
            "v": false,
            "row": 1,
            "col": 0,
            "def": "A guide; a leader or conductor."
        },
        {
            "w": "LUG",
            "v": false,
            "row": 6,
            "col": 5,
            "def": "A lug nut."
        },
        {
            "w": "SUN",
            "v": false,
            "row": 0,
            "col": 5,
            "def": "To expose the eyes to the sun as part of the Bates method."
        },
        {
            "w": "GNU",
            "v": false,
            "row": 4,
            "col": 5,
            "def": "A large antelope native to Africa having curved horns."
        },
        {
            "w": "SLUG",
            "v": false,
            "row": 2,
            "col": 3,
            "def": "Any of many terrestrial pulmonate gastropod mollusks, having no (or only rudimentary) shell."
        },
        {
            "w": "SNUG",
            "v": false,
            "row": 5,
            "col": 0,
            "def": "Small, comfortable back room in a pub."
        },
        {
            "w": "SUNG",
            "v": true,
            "row": 0,
            "col": 1,
            "def": "Past participle of sing."
        },
        {
            "w": "UGLY",
            "v": false,
            "row": 7,
            "col": 0,
            "def": "Displeasing to the eye; not aesthetically pleasing."
        },
        {
            "w": "SLUNG",
            "v": true,
            "row": 0,
            "col": 5,
            "def": "Simple past tense and past participle of sling."
        },
        {
            "w": "SNUGLY",
            "v": true,
            "row": 2,
            "col": 3,
            "def": "Tightly, with limited space to move, in a snug manner."
        },
        {
            "w": "LUNGS",
            "v": true,
            "row": 3,
            "col": 7,
            "def": "Plural form of lung."
        }
    ]
}