{
    "id": 346,
    "sub_category": "Fjord Pack",
    "category": "Mountain Group",
    "type": 0,
    "letters": "HPSTUY",
    "mov": 18,
    "shovels": 1,
    "coins": 5,
    "rows": 15,
    "cols": 15,
    "c": 0,
    "b": -1,
    "w": 8,
    "h": 7,
    "dws": [
        "PHUTS",
        "PUH",
        "YUP",
        "THY",
        "HYP",
        "PHT",
        "HUPS",
        "HUP",
        "UPS",
        "HUT",
        "PHUT",
        "SPY",
        "PUY",
        "SUP",
        "PUT",
        "YUPS",
        "HYPS",
        "TUPS",
        "UTS",
        "PUYS",
        "STY",
        "SHY",
        "PST",
        "SHTUP",
        "TUP",
        "TUSHY",
        "SYPH",
        "PUS",
        "YUS"
    ],
    "ws": [
        {
            "w": "HUTS",
            "v": false,
            "row": 5,
            "col": 3,
            "def": "Plural form of hut."
        },
        {
            "w": "PUSH",
            "v": true,
            "row": 0,
            "col": 0,
            "def": "To apply a force to (an object) such that it moves away from the person or thing applying the force."
        },
        {
            "w": "PUTS",
            "v": true,
            "row": 2,
            "col": 6,
            "def": "Third-person singular simple present indicative form of put."
        },
        {
            "w": "SHUT",
            "v": false,
            "row": 2,
            "col": 0,
            "def": "To close, to stop from being open."
        },
        {
            "w": "THUS",
            "v": false,
            "row": 7,
            "col": 0,
            "def": "As a result."
        },
        {
            "w": "TUSH",
            "v": true,
            "row": 4,
            "col": 1,
            "def": "A tusk."
        },
        {
            "w": "PUSHY",
            "v": false,
            "row": 0,
            "col": 0,
            "def": "Aggressively ambitious; overly assertive, bold or determined."
        },
        {
            "w": "TYPHUS",
            "v": true,
            "row": 2,
            "col": 3,
            "def": "One of several similar diseases, characterised by high recurrent fever, caused by Rickettsiae bacteria. Not to be confused with typhoid fever."
        }
    ]
}