{
    "id": 3462,
    "sub_category": "Gaze Pack",
    "category": "Starlight Group",
    "type": 0,
    "letters": "CEEPRY",
    "mov": 22,
    "shovels": 1,
    "coins": 5,
    "rows": 15,
    "cols": 15,
    "c": 0,
    "b": -1,
    "w": 10,
    "h": 8,
    "dws": [
        "PYE",
        "REC",
        "CEPE",
        "EERY",
        "YER",
        "EYRE",
        "CERE",
        "ERE",
        "CREPY",
        "PEERY",
        "RYPE",
        "CEE",
        "PEE",
        "PEER",
        "PEC",
        "CREE",
        "CREPEY",
        "PERC",
        "PERE",
        "EYER",
        "PERCE",
        "REE",
        "CEP",
        "PREE",
        "PRE"
    ],
    "ws": [
        {
            "w": "CRY",
            "v": false,
            "row": 7,
            "col": 0,
            "def": "To shed tears; to weep."
        },
        {
            "w": "EYE",
            "v": true,
            "row": 2,
            "col": 5,
            "def": "An organ that is sensitive to light, which it converts to electrical signals passed to the brain, by which means animals see."
        },
        {
            "w": "PER",
            "v": false,
            "row": 5,
            "col": 1,
            "def": "For each."
        },
        {
            "w": "PRY",
            "v": true,
            "row": 0,
            "col": 4,
            "def": "To look where one is not welcome; to be nosey."
        },
        {
            "w": "RYE",
            "v": false,
            "row": 6,
            "col": 4,
            "def": "Caraway (from the mistaken assumption that the whole seeds, often used to season rye bread, are the rye itself)."
        },
        {
            "w": "YEP",
            "v": false,
            "row": 2,
            "col": 4,
            "def": "Yes."
        },
        {
            "w": "REP",
            "v": false,
            "row": 4,
            "col": 4,
            "def": "Short form of reputation."
        },
        {
            "w": "PREY",
            "v": true,
            "row": 4,
            "col": 6,
            "def": "Anything, as goods, etc., taken or got by violence; anything taken by force from an enemy in war; spoil; booty; plunder."
        },
        {
            "w": "PYRE",
            "v": false,
            "row": 3,
            "col": 0,
            "def": "A funeral pile; a combustible heap on which corpses are burned."
        },
        {
            "w": "CREEP",
            "v": false,
            "row": 0,
            "col": 0,
            "def": "The movement of something that creeps (like worms or snails)."
        },
        {
            "w": "CREPE",
            "v": true,
            "row": 0,
            "col": 0,
            "def": "A soft thin light fabric with a crinkled surface."
        },
        {
            "w": "CREEPY",
            "v": true,
            "row": 2,
            "col": 2,
            "def": "Producing an uneasy fearful sensation, as of things crawling over one's skin."
        }
    ]
}