{
    "id": 3483,
    "sub_category": "Sky Packx",
    "category": "Starlight Group",
    "type": 0,
    "letters": "EJKNTU",
    "mov": 20,
    "shovels": 1,
    "coins": 5,
    "rows": 15,
    "cols": 15,
    "c": 0,
    "b": -1,
    "w": 8,
    "h": 7,
    "dws": [
        "EUK",
        "UTE",
        "JUTE",
        "TUN",
        "NEUK",
        "UKE",
        "KNUT",
        "NEK",
        "KUNE",
        "JEU",
        "KENT",
        "KUE",
        "JUN",
        "KET",
        "KEN"
    ],
    "ws": [
        {
            "w": "JET",
            "v": true,
            "row": 3,
            "col": 6,
            "def": "A collimated stream, spurt or flow of liquid or gas from a pressurized container, an engine, etc."
        },
        {
            "w": "NET",
            "v": false,
            "row": 0,
            "col": 5,
            "def": "A mesh of string, cord or rope."
        },
        {
            "w": "NUT",
            "v": true,
            "row": 0,
            "col": 5,
            "def": "A hard-shelled seed."
        },
        {
            "w": "TEN",
            "v": true,
            "row": 0,
            "col": 7,
            "def": "A numerical value equal to 10; the number occurring after nine and before eleven, represented in Roman numerals as X, in Arabic numerals as 10, and in the hexadecimal system (base 16) as A."
        },
        {
            "w": "JUT",
            "v": false,
            "row": 2,
            "col": 3,
            "def": "Something that sticks out."
        },
        {
            "w": "JUNK",
            "v": false,
            "row": 5,
            "col": 0,
            "def": "Discarded or waste material; rubbish, trash."
        },
        {
            "w": "TUNE",
            "v": false,
            "row": 7,
            "col": 3,
            "def": "A melody."
        },
        {
            "w": "JUKE",
            "v": true,
            "row": 4,
            "col": 1,
            "def": "A roadside cafe or bar, especially one with dancing and sometimes prostitution."
        },
        {
            "w": "NUKE",
            "v": false,
            "row": 4,
            "col": 3,
            "def": "Nuclear weapon."
        },
        {
            "w": "JUNKET",
            "v": true,
            "row": 2,
            "col": 3,
            "def": "A basket."
        }
    ]
}