{
    "id": 3486,
    "sub_category": "Sky Packx",
    "category": "Starlight Group",
    "type": 0,
    "letters": "AHNSTY",
    "mov": 20,
    "shovels": 1,
    "coins": 5,
    "rows": 15,
    "cols": 15,
    "c": 0,
    "b": -1,
    "w": 10,
    "h": 8,
    "dws": [
        "HANT",
        "TAYS",
        "HAYS",
        "TAN",
        "ANS",
        "SHA",
        "AYS",
        "THY",
        "NAH",
        "TANH",
        "TANSY",
        "NAT",
        "SYNTH",
        "NYAS",
        "NYS",
        "HAN",
        "HAST",
        "HANTS",
        "HAS",
        "NAS",
        "YAH",
        "STY",
        "ANT",
        "SNATH",
        "TANHS",
        "SAT",
        "ASH",
        "HAY",
        "AHS",
        "SHY",
        "NYAH",
        "TAS",
        "NAY",
        "SHAY",
        "ATS",
        "SHAN",
        "SYN",
        "SHAT",
        "YAS",
        "TAY",
        "SAN",
        "HAT",
        "SNY",
        "SANT",
        "SAY",
        "STAY",
        "NTH",
        "NATS",
        "YAHS",
        "ANY",
        "TASH"
    ],
    "ws": [
        {
            "w": "ANTS",
            "v": false,
            "row": 0,
            "col": 0,
            "def": "Plural form of ant."
        },
        {
            "w": "HATS",
            "v": false,
            "row": 1,
            "col": 4,
            "def": "Plural form of hat."
        },
        {
            "w": "TANS",
            "v": false,
            "row": 2,
            "col": 0,
            "def": "Plural form of tan."
        },
        {
            "w": "THAN",
            "v": true,
            "row": 3,
            "col": 6,
            "def": "(usually used with for) Because; for."
        },
        {
            "w": "ASHY",
            "v": true,
            "row": 0,
            "col": 7,
            "def": "Having the color of ashes."
        },
        {
            "w": "NAYS",
            "v": true,
            "row": 0,
            "col": 5,
            "def": "Plural form of nay."
        },
        {
            "w": "HASTY",
            "v": false,
            "row": 3,
            "col": 3,
            "def": "Acting in haste; being too hurried or quick. (e.g. Without much thinking about it they made a hasty decision to buy it.)."
        },
        {
            "w": "NASTY",
            "v": false,
            "row": 6,
            "col": 0,
            "def": "Something nasty."
        },
        {
            "w": "ANTSY",
            "v": true,
            "row": 0,
            "col": 0,
            "def": "Restless, apprehensive and fidgety."
        },
        {
            "w": "SHANTY",
            "v": true,
            "row": 2,
            "col": 3,
            "def": "A roughly-built hut or cabin."
        }
    ]
}