{
    "id": 3492,
    "sub_category": "Watch Pack",
    "category": "Starlight Group",
    "type": 0,
    "letters": "EGMORU",
    "mov": 30,
    "shovels": 1,
    "coins": 5,
    "rows": 15,
    "cols": 15,
    "c": 0,
    "b": -1,
    "w": 12,
    "h": 11,
    "dws": [
        "EMO",
        "REGO",
        "GORM",
        "MOUE",
        "GRUME",
        "GRUE",
        "ERGO",
        "REG",
        "ORGUE",
        "OUR",
        "MEU",
        "GUE",
        "OMER",
        "REO",
        "MOE",
        "ERG",
        "MOU",
        "GOR",
        "GOMER",
        "MOG",
        "GUR",
        "GOE",
        "MOR",
        "ROUM",
        "GEO",
        "GRUM",
        "ERUGO",
        "URE",
        "MURE",
        "ROE",
        "ROM",
        "GOER",
        "ORG",
        "MEOU",
        "GER",
        "ROUE",
        "GEUM",
        "RUME",
        "ERM",
        "ROUGE",
        "MORE",
        "GORE",
        "GEM",
        "EMU"
    ],
    "ws": [
        {
            "w": "EGO",
            "v": true,
            "row": 6,
            "col": 8,
            "def": "The self, especially with a sense of self-importance."
        },
        {
            "w": "GUM",
            "v": false,
            "row": 8,
            "col": 4,
            "def": "The flesh round the teeth."
        },
        {
            "w": "MUG",
            "v": false,
            "row": 2,
            "col": 3,
            "def": "Easily fooled, gullible."
        },
        {
            "w": "ORE",
            "v": false,
            "row": 7,
            "col": 1,
            "def": "Rock that contains utilitarian materials; primarily a rock containing metals or gems which (at the time of the rock's evaluation and proposal for extraction) are able to be separated from its neighboring minerals and processed at a cost that does not exceed those materials' present-day economic values."
        },
        {
            "w": "RUG",
            "v": false,
            "row": 7,
            "col": 6,
            "def": "A partial covering for a floor."
        },
        {
            "w": "RUM",
            "v": true,
            "row": 1,
            "col": 7,
            "def": "A distilled spirit derived from fermented cane sugar and molasses."
        },
        {
            "w": "RUE",
            "v": false,
            "row": 4,
            "col": 3,
            "def": "Repentance, regret."
        },
        {
            "w": "REM",
            "v": true,
            "row": 2,
            "col": 0,
            "def": "Rapid eye movement, a sleep state."
        },
        {
            "w": "MEG",
            "v": false,
            "row": 5,
            "col": 1,
            "def": "Common abbreviation for many/any unit having the SI prefix mega-, such as megahertz."
        },
        {
            "w": "GERM",
            "v": true,
            "row": 5,
            "col": 6,
            "def": "The small mass of cells from which a new organism develops; a seed, bud or spore."
        },
        {
            "w": "URGE",
            "v": false,
            "row": 6,
            "col": 3,
            "def": "A strong desire; an itch to do something."
        },
        {
            "w": "EURO",
            "v": false,
            "row": 3,
            "col": 0,
            "def": "The currency unit of the European Monetary Union."
        },
        {
            "w": "OGRE",
            "v": false,
            "row": 1,
            "col": 5,
            "def": "A type of brutish giant from folk tales that eats human flesh."
        },
        {
            "w": "ROGUE",
            "v": true,
            "row": 0,
            "col": 5,
            "def": "A scoundrel, rascal or unprincipled, deceitful, and unreliable person."
        },
        {
            "w": "MORGUE",
            "v": true,
            "row": 2,
            "col": 3,
            "def": "A supercilious or haughty attitude; arrogance."
        }
    ]
}