{
    "id": 3495,
    "sub_category": "Watch Pack",
    "category": "Starlight Group",
    "type": 0,
    "letters": "EGGNTU",
    "mov": 18,
    "shovels": 1,
    "coins": 5,
    "rows": 15,
    "cols": 15,
    "c": 0,
    "b": -1,
    "w": 7,
    "h": 6,
    "dws": [
        "GUE",
        "NEG",
        "TEGU",
        "TUNG",
        "NUG",
        "UTE",
        "GUNG",
        "GUNGE",
        "NUT",
        "UNGET",
        "TEG",
        "TUN",
        "GEN",
        "TUNE",
        "TEGG",
        "ENG",
        "NET",
        "TEN",
        "GENU"
    ],
    "ws": [
        {
            "w": "EGG",
            "v": true,
            "row": 3,
            "col": 0,
            "def": "An approximately spherical or ellipsoidal body produced by birds, snakes, insects and other animals housing the embryo during its development."
        },
        {
            "w": "GET",
            "v": false,
            "row": 5,
            "col": 0,
            "def": "To obtain; to acquire."
        },
        {
            "w": "GUN",
            "v": false,
            "row": 1,
            "col": 1,
            "def": "A very portable, short firearm, for hand use, which fires bullets or projectiles, such as a handgun, revolver, pistol, or Derringer."
        },
        {
            "w": "GUT",
            "v": false,
            "row": 4,
            "col": 4,
            "def": "The alimentary canal, especially the intestine."
        },
        {
            "w": "TUG",
            "v": true,
            "row": 2,
            "col": 4,
            "def": "To pull or drag with great effort."
        },
        {
            "w": "GNU",
            "v": false,
            "row": 3,
            "col": 2,
            "def": "A large antelope native to Africa having curved horns."
        },
        {
            "w": "GENT",
            "v": true,
            "row": 1,
            "col": 6,
            "def": "A gentleman."
        },
        {
            "w": "NUGGET",
            "v": true,
            "row": 0,
            "col": 2,
            "def": "A small, compact chunk or clump."
        }
    ]
}