{
    "id": 3509,
    "sub_category": "Shine Packx",
    "category": "Starlight Group",
    "type": 0,
    "letters": "AEGILO",
    "mov": 16,
    "shovels": 1,
    "coins": 5,
    "rows": 15,
    "cols": 15,
    "c": 0,
    "b": -1,
    "w": 7,
    "h": 7,
    "dws": [
        "GIE",
        "LIG",
        "GLEI",
        "ILEA",
        "LEI",
        "LIE",
        "GLIA",
        "GAOL",
        "OLE",
        "EGO",
        "GOEL",
        "GOA",
        "GEAL",
        "AGIO",
        "ALE",
        "OLEA",
        "LEA",
        "GAL",
        "LOGE",
        "GILA",
        "LOG",
        "GOE",
        "EGAL",
        "GEL",
        "GEO",
        "AGE",
        "LEG",
        "AIL",
        "LAG",
        "AGO",
        "LOGIA",
        "GOLE",
        "OIL",
        "GIO",
        "GAE",
        "LOGIE",
        "GOALIE",
        "AGILE",
        "GOAL",
        "GALE",
        "ALOE",
        "OGLE"
    ],
    "ws": []
}