{
    "id": 3553,
    "sub_category": "Crest Packx",
    "category": "Reflect Group",
    "type": 0,
    "letters": "EINRWY",
    "mov": 16,
    "shovels": 1,
    "coins": 5,
    "rows": 15,
    "cols": 15,
    "c": 0,
    "b": -1,
    "w": 7,
    "h": 6,
    "dws": [
        "YER",
        "WIN",
        "NYE",
        "ERN",
        "REI",
        "YIN",
        "RIN",
        "WEIR",
        "REWIN",
        "WINY",
        "REW",
        "NIE",
        "RYE",
        "WYN",
        "REN",
        "WEY",
        "WINEY",
        "NEW",
        "YEW",
        "RENY",
        "YEN",
        "WEN",
        "WRY",
        "RINE",
        "IRE",
        "WYE",
        "WINERY",
        "WINE",
        "WIRE",
        "REIN",
        "WIRY",
        "WREN"
    ],
    "ws": []
}