{
    "id": 3558,
    "sub_category": "Crest Packx",
    "category": "Reflect Group",
    "type": 0,
    "letters": "BDEILR",
    "mov": 24,
    "shovels": 1,
    "coins": 5,
    "rows": 15,
    "cols": 15,
    "c": 0,
    "b": -1,
    "w": 12,
    "h": 11,
    "dws": [
        "RED",
        "DIE",
        "BILE",
        "BIDER",
        "BIELD",
        "BED",
        "LEI",
        "BREI",
        "LIE",
        "REI",
        "DIRL",
        "IDLER",
        "BEL",
        "RID",
        "LID",
        "RIEL",
        "LIRE",
        "DEIL",
        "LEIR",
        "LIBER",
        "REBID",
        "DEI",
        "RIB",
        "DRIB",
        "IDE",
        "ELD",
        "DIEL",
        "BIER",
        "DIB",
        "DIEB",
        "EILD",
        "BIRL",
        "BIRLED",
        "LED",
        "BID",
        "IRED",
        "REB",
        "DEB",
        "LIB",
        "LIER",
        "BIRLE",
        "IRE",
        "DEL"
    ],
    "ws": [
        {
            "w": "BIRD",
            "v": false,
            "row": 5,
            "col": 6,
            "def": "A member of the class of animals Aves in the phylum Chordata, characterized by being warm-blooded, having feathers and wings usually capable of flight, and laying eggs."
        },
        {
            "w": "BRED",
            "v": true,
            "row": 0,
            "col": 7,
            "def": "Simple past tense and past participle of breed."
        },
        {
            "w": "DIRE",
            "v": false,
            "row": 2,
            "col": 0,
            "def": "Ill-boding; portentous."
        },
        {
            "w": "LIED",
            "v": false,
            "row": 7,
            "col": 4,
            "def": "An art song, sung in German and accompanied on the piano."
        },
        {
            "w": "RIDE",
            "v": true,
            "row": 0,
            "col": 0,
            "def": "To play defense on the defensemen or midfielders, as an attackman."
        },
        {
            "w": "DELI",
            "v": false,
            "row": 5,
            "col": 1,
            "def": "A shop that sells cooked or prepared food ready for serving."
        },
        {
            "w": "IDLE",
            "v": true,
            "row": 4,
            "col": 9,
            "def": "Empty, vacant."
        },
        {
            "w": "RILE",
            "v": true,
            "row": 2,
            "col": 2,
            "def": "To make angry."
        },
        {
            "w": "BLED",
            "v": true,
            "row": 5,
            "col": 6,
            "def": "Simple past tense and past participle of bleed."
        },
        {
            "w": "BIDE",
            "v": false,
            "row": 8,
            "col": 1,
            "def": "(chiefly dialectal) To bear; to endure; to tolerate."
        },
        {
            "w": "BRIE",
            "v": false,
            "row": 1,
            "col": 6,
            "def": "A variety of soft, mild French cheese made from cow's milk."
        },
        {
            "w": "BRIDE",
            "v": false,
            "row": 3,
            "col": 4,
            "def": "A woman who is going to marry or who has just been married."
        },
        {
            "w": "RILED",
            "v": false,
            "row": 0,
            "col": 0,
            "def": "Simple past tense and past participle of rile."
        },
        {
            "w": "BRIDLE",
            "v": true,
            "row": 3,
            "col": 4,
            "def": "The headgear with which a horse is directed and which carries a bit and reins."
        }
    ]
}