{
    "id": 3597,
    "sub_category": "Arise Pack",
    "category": "Reflect Group",
    "type": 0,
    "letters": "ELLPUY",
    "mov": 18,
    "shovels": 1,
    "coins": 5,
    "rows": 15,
    "cols": 15,
    "c": 0,
    "b": -1,
    "w": 8,
    "h": 6,
    "dws": [
        "PYE",
        "PUY",
        "PUL",
        "YULE",
        "PLU",
        "PEL",
        "UEY",
        "PULE",
        "PLUE",
        "PELL",
        "LEP",
        "ELL",
        "ULE",
        "LEU",
        "PULY",
        "LEY"
    ],
    "ws": [
        {
            "w": "YEP",
            "v": true,
            "row": 5,
            "col": 5,
            "def": "Yes."
        },
        {
            "w": "YUP",
            "v": false,
            "row": 7,
            "col": 3,
            "def": "A yes; an affirmative answer."
        },
        {
            "w": "PLY",
            "v": true,
            "row": 0,
            "col": 0,
            "def": "A layer of material. (two-ply toilet paper)."
        },
        {
            "w": "LYE",
            "v": false,
            "row": 6,
            "col": 1,
            "def": "A strong caustic alkaline solution of potassium or sodium salts, obtained by leaching wood ashes. It is much used in making soap as well as its use in biodiesel."
        },
        {
            "w": "PULL",
            "v": false,
            "row": 0,
            "col": 0,
            "def": "To apply a force to (an object) so that it comes toward the person or thing applying the force."
        },
        {
            "w": "YELL",
            "v": false,
            "row": 4,
            "col": 0,
            "def": "Shout; holler; make a loud sound with the voice."
        },
        {
            "w": "YELP",
            "v": false,
            "row": 2,
            "col": 0,
            "def": "An abrupt, high-pitched noise or utterance."
        },
        {
            "w": "PULLEY",
            "v": true,
            "row": 2,
            "col": 3,
            "def": "One of the simple machines; a wheel with a grooved rim in which a pulled rope or chain will lift an object (more useful when two or more pulleys are used together such that a small force moving through a greater distance can exert a larger force through a smaller distance)."
        }
    ]
}