{
    "id": "3611fea0-0d47-11eb-a781-34363b5fdca4",
    "type": 0,
    "letters": "DEEGNR",
    "mov": 19,
    "shovels": 1,
    "coins": 5,
    "rows": 7,
    "cols": 2,
    "c": 0,
    "b": -1,
    "dws": [
        "GEN",
        "ENG",
        "NEG",
        "GED",
        "DEG",
        "GEE",
        "GER",
        "ERG",
        "REG",
        "NED",
        "ENE",
        "EEN",
        "NEE",
        "ERN",
        "REN",
        "DEE",
        "ERE",
        "REE",
        "GREN",
        "GEED",
        "DREG",
        "GERE",
        "GREE",
        "EGER",
        "EGRE",
        "DENE",
        "DEEN",
        "DERN",
        "ERNE",
        "REEN",
        "ERED",
        "DERE",
        "DREE",
        "REDE",
        "GERNE",
        "EDGER",
        "ENDER"
    ],
    "ws": [
        {
            "w": "DEN",
            "v": true,
            "row": 1,
            "col": 8
        },
        {
            "w": "END",
            "v": true,
            "row": 2,
            "col": 2
        },
        {
            "w": "RED",
            "v": true,
            "row": 0,
            "col": 3
        },
        {
            "w": "DEER",
            "v": false,
            "row": 4,
            "col": 2
        },
        {
            "w": "EDGE",
            "v": true,
            "row": 6,
            "col": 6
        },
        {
            "w": "GENE",
            "v": false,
            "row": 8,
            "col": 6
        },
        {
            "w": "NEED",
            "v": false,
            "row": 2,
            "col": 0
        },
        {
            "w": "NERD",
            "v": true,
            "row": 0,
            "col": 6
        },
        {
            "w": "REED",
            "v": false,
            "row": 7,
            "col": 3
        },
        {
            "w": "REND",
            "v": true,
            "row": 0,
            "col": 0
        },
        {
            "w": "GENRE",
            "v": true,
            "row": 4,
            "col": 9
        },
        {
            "w": "GREED",
            "v": false,
            "row": 2,
            "col": 5
        },
        {
            "w": "GREEN",
            "v": false,
            "row": 0,
            "col": 2
        },
        {
            "w": "GENDER",
            "v": true,
            "row": 3,
            "col": 4
        }
    ]
}