{
    "id": 3611,
    "sub_category": "Pyre Pack",
    "category": "Majesty Group",
    "type": 0,
    "letters": "AAMRTU",
    "mov": 24,
    "shovels": 1,
    "coins": 5,
    "rows": 15,
    "cols": 15,
    "c": 0,
    "b": -1,
    "w": 9,
    "h": 9,
    "dws": [
        "MAA",
        "MAUT",
        "UTA",
        "AMA",
        "TURM",
        "ATMA",
        "TAM",
        "TUM",
        "MUT",
        "MARA",
        "TARA",
        "MAAR",
        "AUA",
        "MURA",
        "ATUA",
        "AMU",
        "ARUM",
        "RATU",
        "RATA"
    ],
    "ws": [
        {
            "w": "ARM",
            "v": true,
            "row": 2,
            "col": 4,
            "def": "The portion of the upper human appendage, from the shoulder to the wrist and sometimes including the hand."
        },
        {
            "w": "ART",
            "v": false,
            "row": 2,
            "col": 4,
            "def": "Human effort to imitate, supplement, alter, or counteract the work of nature."
        },
        {
            "w": "MAR",
            "v": false,
            "row": 9,
            "col": 4,
            "def": "To spoil, to damage."
        },
        {
            "w": "MAT",
            "v": false,
            "row": 3,
            "col": 0,
            "def": "A flat piece of coarse material used for wiping one's feet, or as a decorative or protective floor covering."
        },
        {
            "w": "RAM",
            "v": true,
            "row": 7,
            "col": 4,
            "def": "A male sheep."
        },
        {
            "w": "RAT",
            "v": true,
            "row": 5,
            "col": 5,
            "def": "A medium-sized rodent belonging to the genus Rattus."
        },
        {
            "w": "RUM",
            "v": false,
            "row": 4,
            "col": 2,
            "def": "A distilled spirit derived from fermented cane sugar and molasses."
        },
        {
            "w": "RUT",
            "v": true,
            "row": 0,
            "col": 6,
            "def": "Sexual desire or oestrus of cattle, and various other mammals."
        },
        {
            "w": "TAR",
            "v": false,
            "row": 0,
            "col": 0,
            "def": "A black, oily, sticky, viscous substance, consisting mainly of hydrocarbons derived from organic materials such as wood, peat, or coal."
        },
        {
            "w": "TAU",
            "v": false,
            "row": 6,
            "col": 0,
            "def": "The name of the letter T/\u03c4 in the Greek, Hebrew and ancient Semitic alphabets, being the nineteenth letter of the Classical and Modern Greek, the twentieth letter of Old and Ancient Greek."
        },
        {
            "w": "AURA",
            "v": true,
            "row": 0,
            "col": 1,
            "def": "Distinctive atmosphere or quality associated with something."
        },
        {
            "w": "MART",
            "v": false,
            "row": 7,
            "col": 2,
            "def": "A market."
        },
        {
            "w": "TRAM",
            "v": true,
            "row": 6,
            "col": 0,
            "def": "A passenger vehicle for public use that runs on tracks in the road."
        },
        {
            "w": "TRAUMA",
            "v": true,
            "row": 3,
            "col": 2,
            "def": "Any serious injury to the body, often resulting from violence or an accident."
        }
    ]
}