{
    "id": 3613,
    "sub_category": "Pyre Pack",
    "category": "Majesty Group",
    "type": 0,
    "letters": "AEGHIS",
    "mov": 18,
    "shovels": 1,
    "coins": 5,
    "rows": 15,
    "cols": 15,
    "c": 0,
    "b": -1,
    "w": 9,
    "h": 7,
    "dws": [
        "GIE",
        "SEI",
        "SHA",
        "GHI",
        "SAI",
        "EGIS",
        "HES",
        "SEG",
        "HIS",
        "GHIS",
        "AIS",
        "HAG",
        "EISH",
        "GAS",
        "HAE",
        "SHEA",
        "AGS",
        "HAES",
        "HAS",
        "AHIS",
        "EHS",
        "HIE",
        "SAG",
        "SHE",
        "GAES",
        "SAE",
        "ASH",
        "AHI",
        "AHS",
        "GIES",
        "ISH",
        "AGE",
        "SIG",
        "HIES",
        "EAS",
        "SEA",
        "GIS",
        "GAE"
    ],
    "ws": [
        {
            "w": "AGES",
            "v": false,
            "row": 5,
            "col": 0,
            "def": "Plural form of age."
        },
        {
            "w": "SAGE",
            "v": false,
            "row": 7,
            "col": 2,
            "def": "Wise."
        },
        {
            "w": "SIGH",
            "v": false,
            "row": 0,
            "col": 3,
            "def": "A deep and prolonged audible inspiration or respiration of air, as when fatigued, frustrated, grieved, or relieved; the act of sighing."
        },
        {
            "w": "HAGS",
            "v": true,
            "row": 4,
            "col": 0,
            "def": "Plural form of hag."
        },
        {
            "w": "GASH",
            "v": true,
            "row": 0,
            "col": 5,
            "def": "A deep cut."
        },
        {
            "w": "SHAG",
            "v": true,
            "row": 0,
            "col": 1,
            "def": "Matted material; rough massed hair, fibres etc."
        },
        {
            "w": "AEGIS",
            "v": false,
            "row": 2,
            "col": 1,
            "def": "A mythological shield associated with Zeus and Athena shown as a short cloak consisting of a goatskin. The aegis of Athena is usually shown with a border of snakes and with the head of Medusa in the center. The aegis is more an emblem of protection and power than an actual military shield."
        },
        {
            "w": "GEISHA",
            "v": true,
            "row": 2,
            "col": 3,
            "def": "A Japanese female entertainer skilled in various arts such as tea ceremony, dancing, singing and calligraphy."
        }
    ]
}