{
    "id": 3615,
    "sub_category": "Pyre Pack",
    "category": "Majesty Group",
    "type": 0,
    "letters": "DEEFLX",
    "mov": 16,
    "shovels": 1,
    "coins": 5,
    "rows": 15,
    "cols": 15,
    "c": 0,
    "b": -1,
    "w": 7,
    "h": 6,
    "dws": [
        "LEED",
        "LEX",
        "EEL",
        "FED",
        "DELF",
        "FELE",
        "FEDEX",
        "ELF",
        "DEE",
        "DEFLEX",
        "ELD",
        "LEE",
        "FEE",
        "LED",
        "DEF",
        "LEDE",
        "XED",
        "DEX",
        "EXED",
        "DELE",
        "DEL",
        "FLEXED",
        "FEED",
        "FEEL",
        "FLED",
        "FLEE",
        "FLEX"
    ],
    "ws": []
}