{
    "id": 3619,
    "sub_category": "Opal Pack",
    "category": "Majesty Group",
    "type": 0,
    "letters": "CDDELU",
    "mov": 20,
    "shovels": 1,
    "coins": 5,
    "rows": 15,
    "cols": 15,
    "c": 0,
    "b": -1,
    "w": 8,
    "h": 8,
    "dws": [
        "LEUD",
        "ELD",
        "DULCE",
        "CUD",
        "DUED",
        "CEL",
        "LUDE",
        "ECU",
        "LUD",
        "DUCE",
        "DULE",
        "ULE",
        "LEU",
        "LUCE",
        "DEL"
    ],
    "ws": [
        {
            "w": "CUE",
            "v": true,
            "row": 0,
            "col": 1,
            "def": "An action or event that is a signal for somebody to do something."
        },
        {
            "w": "DUD",
            "v": false,
            "row": 4,
            "col": 1,
            "def": "A device or machine that is useless because it does not work properly or has failed to work, such as a bomb, or explosive projectile."
        },
        {
            "w": "DUE",
            "v": true,
            "row": 0,
            "col": 5,
            "def": "Owed or owing."
        },
        {
            "w": "LED",
            "v": true,
            "row": 4,
            "col": 6,
            "def": "Simple past tense and past participle of lead."
        },
        {
            "w": "CLUE",
            "v": false,
            "row": 7,
            "col": 0,
            "def": "A strand of yarn etc. as used to guide one through a labyrinth; something which points the way, a guide."
        },
        {
            "w": "DUDE",
            "v": false,
            "row": 5,
            "col": 3,
            "def": "A man."
        },
        {
            "w": "DUEL",
            "v": true,
            "row": 4,
            "col": 1,
            "def": "Arranged, regular combat between two private persons, often over a matter of honor."
        },
        {
            "w": "CUED",
            "v": false,
            "row": 2,
            "col": 3,
            "def": "Simple past tense and past participle of cue."
        },
        {
            "w": "CLUED",
            "v": false,
            "row": 0,
            "col": 1,
            "def": "Simple past tense and past participle of clue."
        },
        {
            "w": "CUDDLE",
            "v": true,
            "row": 2,
            "col": 3,
            "def": "A snuggle; an affectionate embrace, often used in conjunction with family members and close friends."
        }
    ]
}