{
    "id": 3637,
    "sub_category": "Zeal Pack",
    "category": "Majesty Group",
    "type": 0,
    "letters": "AEHNSV",
    "mov": 24,
    "shovels": 1,
    "coins": 5,
    "rows": 15,
    "cols": 15,
    "c": 0,
    "b": -1,
    "w": 12,
    "h": 10,
    "dws": [
        "AVENS",
        "HANSE",
        "ANS",
        "SHA",
        "NAE",
        "SAV",
        "NAV",
        "HES",
        "HAEN",
        "VAES",
        "HAVENS",
        "SENA",
        "ANE",
        "NAH",
        "NAVES",
        "AVE",
        "SEN",
        "HAE",
        "VAS",
        "SHEA",
        "SANE",
        "EANS",
        "EAN",
        "SHEN",
        "HAN",
        "HAES",
        "HENS",
        "EHS",
        "NAS",
        "AVES",
        "SAE",
        "SEAN",
        "NAVS",
        "SHEVA",
        "AHS",
        "NAES",
        "ENS",
        "SHAN",
        "SAN",
        "VANES",
        "VAE",
        "VENA",
        "SEV",
        "EAS",
        "SEA",
        "ANES",
        "NESH",
        "HAVES",
        "VANS"
    ],
    "ws": [
        {
            "w": "ASH",
            "v": false,
            "row": 4,
            "col": 2,
            "def": "The solid remains of a fire."
        },
        {
            "w": "HAS",
            "v": true,
            "row": 7,
            "col": 6,
            "def": "Third-person singular simple present indicative form of have."
        },
        {
            "w": "HEN",
            "v": false,
            "row": 4,
            "col": 7,
            "def": "Hence."
        },
        {
            "w": "SHE",
            "v": false,
            "row": 3,
            "col": 4,
            "def": "A female person or animal."
        },
        {
            "w": "VAN",
            "v": true,
            "row": 7,
            "col": 1,
            "def": "A (covered) vehicle used for carrying goods or people, usually roughly cuboid in shape, longer and higher than a car but smaller than a truck."
        },
        {
            "w": "HAVE",
            "v": false,
            "row": 7,
            "col": 6,
            "def": "To possess, own, hold."
        },
        {
            "w": "SAVE",
            "v": false,
            "row": 6,
            "col": 2,
            "def": "In various sports, a block that prevents an opponent from scoring."
        },
        {
            "w": "VASE",
            "v": false,
            "row": 0,
            "col": 6,
            "def": "A container used mainly for displaying fresh, dried, or artificial flowers."
        },
        {
            "w": "VANE",
            "v": true,
            "row": 0,
            "col": 6,
            "def": "A weather vane."
        },
        {
            "w": "NAVE",
            "v": true,
            "row": 4,
            "col": 9,
            "def": "The middle or body of a church, extending from the transepts to the principal entrances."
        },
        {
            "w": "ASHEN",
            "v": false,
            "row": 9,
            "col": 5,
            "def": "Made from the wood of the ash tree."
        },
        {
            "w": "HAVEN",
            "v": false,
            "row": 8,
            "col": 0,
            "def": "A harbour or anchorage protected from the sea."
        },
        {
            "w": "SHAVE",
            "v": true,
            "row": 0,
            "col": 8,
            "def": "To make bald by using a tool such as a razor or pair of electric clippers to cut the hair close to the skin."
        },
        {
            "w": "SHAVEN",
            "v": true,
            "row": 3,
            "col": 4,
            "def": "Having been shaved."
        }
    ]
}