{
    "id": 364,
    "sub_category": "Climb Pack",
    "category": "Mountain Group",
    "type": 0,
    "letters": "ABPRSU",
    "mov": 20,
    "shovels": 1,
    "coins": 5,
    "rows": 15,
    "cols": 15,
    "c": 0,
    "b": -1,
    "w": 9,
    "h": 8,
    "dws": [
        "SUBA",
        "UPAS",
        "BAPU",
        "BAR",
        "SUPRA",
        "BAPS",
        "PAR",
        "RAP",
        "PRAU",
        "ARBS",
        "BRUS",
        "SUB",
        "BAURS",
        "BURS",
        "URBS",
        "URSA",
        "PAS",
        "BARS",
        "BARP",
        "BURAS",
        "ASP",
        "PUB",
        "UPS",
        "SPA",
        "RUB",
        "SURA",
        "BUR",
        "SAP",
        "PUR",
        "URPS",
        "BARPS",
        "SUP",
        "BURA",
        "BURSA",
        "ARS",
        "SAR",
        "SAU",
        "BURP",
        "BUS",
        "URP",
        "BAPUS",
        "BAUR",
        "BRU",
        "ARB",
        "RUSA",
        "PRAUS",
        "BRA",
        "RAS",
        "PURS",
        "BAP",
        "SAB",
        "ABS",
        "PUS",
        "BAS",
        "URB"
    ],
    "ws": [
        {
            "w": "BRAS",
            "v": true,
            "row": 3,
            "col": 5,
            "def": "Plural form of bra."
        },
        {
            "w": "PARS",
            "v": true,
            "row": 0,
            "col": 0,
            "def": "Plural form of par."
        },
        {
            "w": "PUBS",
            "v": false,
            "row": 0,
            "col": 0,
            "def": "Plural form of pub."
        },
        {
            "w": "RAPS",
            "v": true,
            "row": 1,
            "col": 7,
            "def": "Plural form of rap."
        },
        {
            "w": "RUBS",
            "v": false,
            "row": 2,
            "col": 0,
            "def": "Plural form of rub."
        },
        {
            "w": "SPAR",
            "v": false,
            "row": 7,
            "col": 0,
            "def": "To bolt, bar."
        },
        {
            "w": "SPUR",
            "v": false,
            "row": 1,
            "col": 4,
            "def": "A rigid implement, often roughly y-shaped, that is fixed to one's heel for purpose of prodding a horse. Often worn by, and emblematic of, the cowboy or the knight."
        },
        {
            "w": "RASP",
            "v": true,
            "row": 4,
            "col": 1,
            "def": "A coarse file, on which the cutting prominences are distinct points raised by the oblique stroke of a sharp punch, instead of lines raised by a chisel, as on the true file."
        },
        {
            "w": "BURPS",
            "v": false,
            "row": 4,
            "col": 3,
            "def": "Plural form of burp."
        },
        {
            "w": "SUBPAR",
            "v": true,
            "row": 2,
            "col": 3,
            "def": "Being of less than a traditional or accepted standard."
        }
    ]
}