{
    "id": 3641,
    "sub_category": "Zeal Pack",
    "category": "Majesty Group",
    "type": 0,
    "letters": "ACEINN",
    "mov": 16,
    "shovels": 1,
    "coins": 5,
    "rows": 15,
    "cols": 15,
    "c": 0,
    "b": -1,
    "w": 7,
    "h": 6,
    "dws": [
        "NEANIC",
        "NAE",
        "NAIN",
        "NAN",
        "ANE",
        "CANN",
        "ANN",
        "EINA",
        "EAN",
        "INN",
        "ENCINA",
        "CAIN",
        "ANI",
        "AINE",
        "CAN",
        "NIE",
        "ANCE",
        "AIN",
        "ACE",
        "NANE",
        "CINE",
        "ICE",
        "CANNIE",
        "NANCE",
        "CANINE",
        "INANE",
        "ACNE",
        "CANE",
        "NICE",
        "NINE"
    ],
    "ws": []
}