{
    "id": 3644,
    "sub_category": "Zeal Pack",
    "category": "Majesty Group",
    "type": 0,
    "letters": "DELOOP",
    "mov": 22,
    "shovels": 1,
    "coins": 5,
    "rows": 15,
    "cols": 15,
    "c": 0,
    "b": -1,
    "w": 11,
    "h": 9,
    "dws": [
        "OLDE",
        "POOED",
        "PLOD",
        "OOP",
        "DEP",
        "OPE",
        "OLE",
        "PEL",
        "DOE",
        "DOL",
        "POD",
        "POLED",
        "LOO",
        "PED",
        "DOOLE",
        "ELD",
        "LOD",
        "OPED",
        "OLEO",
        "OLD",
        "DELO",
        "DOOL",
        "OLPE",
        "DOP",
        "LED",
        "POOD",
        "LOOED",
        "ODE",
        "DOO",
        "POL",
        "LEP",
        "LOP",
        "POO",
        "PLED",
        "DEL",
        "LOOPED",
        "POOLED",
        "POODLE",
        "LOPED",
        "DOPE",
        "LOOP",
        "POLE",
        "POLO",
        "POOL",
        "LODE",
        "DOLE",
        "LOPE"
    ],
    "ws": []
}