{
    "id": 3660,
    "sub_category": "Fit Pack",
    "category": "Majesty Group",
    "type": 0,
    "letters": "EIMSTY",
    "mov": 30,
    "shovels": 1,
    "coins": 5,
    "rows": 15,
    "cols": 15,
    "c": 0,
    "b": -1,
    "w": 12,
    "h": 12,
    "dws": [
        "METIS",
        "YEST",
        "SEI",
        "STIMY",
        "MITES",
        "TYES",
        "TIES",
        "SEY",
        "STEY",
        "SMITE",
        "MISE",
        "TIMES",
        "STYE",
        "MIS",
        "SEITY",
        "EMS",
        "ISM",
        "EST",
        "TEMS",
        "STY",
        "STYME",
        "SMIT",
        "TES",
        "METS",
        "STIE",
        "MITY",
        "STIM",
        "YITES",
        "EMITS",
        "EMYS",
        "YETIS",
        "TYE",
        "YITE",
        "STIME",
        "MES",
        "SYE",
        "ITEMS",
        "ITEM",
        "SITE",
        "TIME",
        "SIT",
        "TIS"
    ],
    "ws": [
        {
            "w": "ITS",
            "v": false,
            "row": 7,
            "col": 4,
            "def": "The one (or ones) belonging to it."
        },
        {
            "w": "MET",
            "v": false,
            "row": 4,
            "col": 7,
            "def": "Simple past tense and past participle of meet."
        },
        {
            "w": "SET",
            "v": false,
            "row": 3,
            "col": 4,
            "def": "To put (something) down, to rest."
        },
        {
            "w": "SIM",
            "v": false,
            "row": 1,
            "col": 4,
            "def": "A simulation."
        },
        {
            "w": "TIE",
            "v": false,
            "row": 2,
            "col": 0,
            "def": "A necktie (item of clothing consisting of a strip of cloth tied around the neck)."
        },
        {
            "w": "YES",
            "v": true,
            "row": 5,
            "col": 6,
            "def": "A word used to show agreement or acceptance."
        },
        {
            "w": "YET",
            "v": true,
            "row": 0,
            "col": 0,
            "def": "To melt; found; cast, as metal."
        },
        {
            "w": "MIST",
            "v": false,
            "row": 4,
            "col": 1,
            "def": "Water or other liquid finely suspended in air."
        },
        {
            "w": "STEM",
            "v": false,
            "row": 6,
            "col": 1,
            "def": "The above-ground stalk (technically axis) of a vascular plant, and certain anatomically similar, below-ground organs such as rhizomes, bulbs, tubers, and corms."
        },
        {
            "w": "EMIT",
            "v": false,
            "row": 6,
            "col": 6,
            "def": "To send out or give off."
        },
        {
            "w": "MITE",
            "v": true,
            "row": 0,
            "col": 5,
            "def": "A minute arachnid, of the order Acarina, of which there are many species; as, the cheese mite, sugar mite, harvest mite, etc."
        },
        {
            "w": "SEMI",
            "v": true,
            "row": 3,
            "col": 8,
            "def": "A semi-detached house."
        },
        {
            "w": "YETI",
            "v": true,
            "row": 1,
            "col": 2,
            "def": "An unidentified humanoid animal said to live in the Himalayas."
        },
        {
            "w": "MISTY",
            "v": true,
            "row": 4,
            "col": 1,
            "def": "With mist; foggy."
        },
        {
            "w": "STYMIE",
            "v": true,
            "row": 3,
            "col": 4,
            "def": "An obstacle or obstruction."
        }
    ]
}