{
    "id": 3687,
    "sub_category": "Bright Packx",
    "category": "Astral Group",
    "type": 0,
    "letters": "AEERRW",
    "mov": 24,
    "shovels": 1,
    "coins": 5,
    "rows": 15,
    "cols": 15,
    "c": 0,
    "b": -1,
    "w": 9,
    "h": 8,
    "dws": [
        "AREW",
        "ARERE",
        "AWEE",
        "WARRE",
        "REW",
        "RAWER",
        "WEER",
        "REWEAR",
        "WARE",
        "WAE",
        "EWER",
        "EEW",
        "ERE",
        "REE"
    ],
    "ws": [
        {
            "w": "ARE",
            "v": false,
            "row": 7,
            "col": 6,
            "def": "Second-person singular simple present tense of be."
        },
        {
            "w": "AWE",
            "v": false,
            "row": 8,
            "col": 0,
            "def": "A feeling of fear and reverence."
        },
        {
            "w": "EAR",
            "v": false,
            "row": 3,
            "col": 6,
            "def": "The organ of hearing, consisting of the pinna, auditory canal, eardrum, malleus, incus, stapes and cochlea."
        },
        {
            "w": "ERA",
            "v": true,
            "row": 0,
            "col": 3,
            "def": "A time period of indeterminate length, generally more than one year."
        },
        {
            "w": "RAW",
            "v": false,
            "row": 2,
            "col": 2,
            "def": "Of weather: unpleasantly damp or cold."
        },
        {
            "w": "WAR",
            "v": false,
            "row": 7,
            "col": 2,
            "def": "Organized, large-scale, armed conflict between countries or between national, ethnic, or other sizeable groups, usually involving the engagement of military forces."
        },
        {
            "w": "EWE",
            "v": true,
            "row": 6,
            "col": 2,
            "def": "A female sheep, as opposed to a ram."
        },
        {
            "w": "WEE",
            "v": false,
            "row": 6,
            "col": 0,
            "def": "Small, little."
        },
        {
            "w": "ERR",
            "v": true,
            "row": 5,
            "col": 7,
            "def": "To make a mistake."
        },
        {
            "w": "RARE",
            "v": false,
            "row": 5,
            "col": 4,
            "def": "Cooked very lightly, so the meat is still red (in the case of steak or beef in the general sense)."
        },
        {
            "w": "REAR",
            "v": true,
            "row": 0,
            "col": 8,
            "def": "To raise physically; to lift up; to cause to rise, to elevate."
        },
        {
            "w": "WEAR",
            "v": true,
            "row": 2,
            "col": 6,
            "def": "To guard; watch; keep watch, especially from entry or invasion."
        },
        {
            "w": "WERE",
            "v": false,
            "row": 0,
            "col": 6,
            "def": "Second-person singular simple past tense indicative of be."
        },
        {
            "w": "WEARER",
            "v": true,
            "row": 2,
            "col": 4,
            "def": "One who wears."
        }
    ]
}