{
    "id": 3723,
    "sub_category": "Sol Pack",
    "category": "Astral Group",
    "type": 0,
    "letters": "EFLMSY",
    "mov": 16,
    "shovels": 1,
    "coins": 5,
    "rows": 15,
    "cols": 15,
    "c": 0,
    "b": -1,
    "w": 6,
    "h": 6,
    "dws": [
        "YLEM",
        "ELMS",
        "LES",
        "YELMS",
        "FYLES",
        "FLEYS",
        "FEY",
        "ELFS",
        "FEM",
        "LYME",
        "EMFS",
        "SEY",
        "FES",
        "LYM",
        "FEYS",
        "SEL",
        "SLY",
        "ELF",
        "EMS",
        "LYMS",
        "YELM",
        "ELMY",
        "MEL",
        "LYSE",
        "FYLE",
        "LYMES",
        "LYES",
        "ELS",
        "EMYS",
        "EMF",
        "EFS",
        "SLEY",
        "FEMS",
        "LEYS",
        "MES",
        "MELS",
        "FLEY",
        "SYE",
        "YLEMS",
        "LEY"
    ],
    "ws": [
        {
            "w": "ELM",
            "v": false,
            "row": 0,
            "col": 0,
            "def": "A tree of the genus Ulmus of the family Ulmaceae, large deciduous trees with alternate stipulate leaves and small apetalous flowers."
        },
        {
            "w": "FLY",
            "v": true,
            "row": 2,
            "col": 0,
            "def": "Any insect of the order Diptera; characterized by having two wings, also called true flies."
        },
        {
            "w": "YES",
            "v": false,
            "row": 1,
            "col": 2,
            "def": "A word used to show agreement or acceptance."
        },
        {
            "w": "LYE",
            "v": false,
            "row": 3,
            "col": 0,
            "def": "A strong caustic alkaline solution of potassium or sodium salts, obtained by leaching wood ashes. It is much used in making soap as well as its use in biodiesel."
        },
        {
            "w": "SELF",
            "v": true,
            "row": 1,
            "col": 4,
            "def": "Himself, herself, itself, themselves; that specific (person mentioned)."
        },
        {
            "w": "MYSELF",
            "v": true,
            "row": 0,
            "col": 2,
            "def": "That being which is oneself."
        }
    ]
}