{
    "id": 3737,
    "sub_category": "Arise Packx",
    "category": "Astral Group",
    "type": 0,
    "letters": "CCEHIT",
    "mov": 22,
    "shovels": 1,
    "coins": 5,
    "rows": 15,
    "cols": 15,
    "c": 0,
    "b": -1,
    "w": 9,
    "h": 9,
    "dws": [
        "ETH",
        "THEIC",
        "CIT",
        "CHE",
        "ETIC",
        "ECHT",
        "CHIT",
        "HET",
        "HIE",
        "TICE",
        "ECH",
        "TIC",
        "TEC",
        "ICH",
        "TICH",
        "HIC"
    ],
    "ws": [
        {
            "w": "HIT",
            "v": false,
            "row": 0,
            "col": 0,
            "def": "To administer a blow to."
        },
        {
            "w": "ICE",
            "v": true,
            "row": 0,
            "col": 1,
            "def": "Water in frozen (solid) form."
        },
        {
            "w": "THE",
            "v": false,
            "row": 5,
            "col": 3,
            "def": "With a comparative or more and a verb phrase, establishes a parallel with one or more other such comparatives."
        },
        {
            "w": "TIE",
            "v": false,
            "row": 4,
            "col": 5,
            "def": "A necktie (item of clothing consisting of a strip of cloth tied around the neck)."
        },
        {
            "w": "CHI",
            "v": true,
            "row": 0,
            "col": 4,
            "def": "The twenty-second letter of the Classical and Modern Greek alphabets, and the twenty-third letter of Old and Ancient alphabets."
        },
        {
            "w": "CITE",
            "v": false,
            "row": 0,
            "col": 4,
            "def": "To quote; to repeat, as a passage from a book, or the words of another."
        },
        {
            "w": "ITCH",
            "v": true,
            "row": 4,
            "col": 1,
            "def": "A sensation felt on an area of the skin that causes a person or animal to want to scratch."
        },
        {
            "w": "TECH",
            "v": true,
            "row": 4,
            "col": 5,
            "def": "Technology."
        },
        {
            "w": "CHIC",
            "v": false,
            "row": 7,
            "col": 0,
            "def": "Stylish; elegant."
        },
        {
            "w": "ETCH",
            "v": true,
            "row": 4,
            "col": 7,
            "def": "To cut into a surface with an acid or other corrosive substance in order to make a pattern. Best known as a technique for creating printing plates, but also used for decoration on metal, and, in modern industry, to make circuit boards."
        },
        {
            "w": "ETHIC",
            "v": false,
            "row": 2,
            "col": 1,
            "def": "Moral, relating to morals."
        },
        {
            "w": "HECTIC",
            "v": true,
            "row": 2,
            "col": 3,
            "def": "Of a fever, pertaining to bodily reactions characterised by flushed or dry skin."
        }
    ]
}