{
    "id": 3751,
    "sub_category": "Gift Pack",
    "category": "Astral Group",
    "type": 0,
    "letters": "DDEENT",
    "mov": 20,
    "shovels": 1,
    "coins": 5,
    "rows": 15,
    "cols": 15,
    "c": 0,
    "b": -1,
    "w": 8,
    "h": 8,
    "dws": [
        "EEN",
        "DEET",
        "NED",
        "DENE",
        "TEED",
        "NETE",
        "ENE",
        "TENE",
        "NEED",
        "TEEND",
        "NET",
        "NEE",
        "TEN",
        "ETEN",
        "DEE",
        "TED",
        "DEEN"
    ],
    "ws": [
        {
            "w": "DEN",
            "v": false,
            "row": 7,
            "col": 3,
            "def": "The home of certain animals."
        },
        {
            "w": "END",
            "v": false,
            "row": 1,
            "col": 5,
            "def": "The final point of something in space or time."
        },
        {
            "w": "TEE",
            "v": true,
            "row": 2,
            "col": 1,
            "def": "The name of the Latin script letter T/t."
        },
        {
            "w": "DEED",
            "v": true,
            "row": 0,
            "col": 5,
            "def": "An action or act; something that is done."
        },
        {
            "w": "DENT",
            "v": true,
            "row": 3,
            "col": 7,
            "def": "A shallow deformation in the surface of an object, produced by an impact."
        },
        {
            "w": "TEEN",
            "v": false,
            "row": 4,
            "col": 0,
            "def": "A teenager, a person between 13 and 19 years old."
        },
        {
            "w": "TEND",
            "v": true,
            "row": 4,
            "col": 0,
            "def": "To kindle; ignite; set on fire; light; inflame; burn."
        },
        {
            "w": "ENDED",
            "v": false,
            "row": 3,
            "col": 3,
            "def": "Simple past tense and past participle of end."
        },
        {
            "w": "DENTED",
            "v": true,
            "row": 2,
            "col": 3,
            "def": "Simple past tense and past participle of dent."
        },
        {
            "w": "TENDED",
            "v": false,
            "row": 0,
            "col": 0,
            "def": "Simple past tense and past participle of tend."
        }
    ]
}