{
    "id": 3753,
    "sub_category": "Gift Pack",
    "category": "Astral Group",
    "type": 0,
    "letters": "AANOST",
    "mov": 16,
    "shovels": 1,
    "coins": 5,
    "rows": 15,
    "cols": 15,
    "c": 0,
    "b": -1,
    "w": 7,
    "h": 6,
    "dws": [
        "ANOAS",
        "SOT",
        "TAN",
        "SON",
        "ANS",
        "ANSA",
        "ONS",
        "NAT",
        "NOTA",
        "AAS",
        "TAO",
        "ANTA",
        "NAS",
        "STOA",
        "ANA",
        "ANAS",
        "OAT",
        "ANT",
        "SAT",
        "TAS",
        "TAOS",
        "NOS",
        "ONST",
        "ATS",
        "ANOA",
        "TANA",
        "OAST",
        "TON",
        "SAN",
        "NOT",
        "TOSA",
        "SANTO",
        "ANTAS",
        "TANAS",
        "NAOS",
        "SANT",
        "NATS",
        "SONATA",
        "ANTS",
        "OATS",
        "TANS",
        "TONS",
        "SNOT"
    ],
    "ws": []
}