{
    "id": 3758,
    "sub_category": "Gift Pack",
    "category": "Astral Group",
    "type": 0,
    "letters": "DEFMOR",
    "mov": 24,
    "shovels": 1,
    "coins": 5,
    "rows": 15,
    "cols": 15,
    "c": 0,
    "b": -1,
    "w": 12,
    "h": 9,
    "dws": [
        "DROME",
        "RED",
        "EMO",
        "DERO",
        "REM",
        "FED",
        "FERM",
        "FEOD",
        "FREMD",
        "FRO",
        "FEM",
        "ORF",
        "FROE",
        "OMER",
        "DORE",
        "MOE",
        "FOR",
        "REO",
        "FORME",
        "DOE",
        "MOD",
        "MED",
        "FER",
        "DOR",
        "ORE",
        "ROD",
        "MOR",
        "ORFE",
        "DOF",
        "FOE",
        "EMF",
        "REF",
        "ORD",
        "DEF",
        "ODE",
        "ROM",
        "ROE",
        "DEFO",
        "DERM",
        "MODER",
        "ROED",
        "DOM",
        "ERF",
        "ERM"
    ],
    "ws": [
        {
            "w": "DEMO",
            "v": false,
            "row": 8,
            "col": 4,
            "def": "A brief demonstration or visual explanation."
        },
        {
            "w": "DOME",
            "v": true,
            "row": 6,
            "col": 6,
            "def": "A common structural element of architecture that resembles the hollow upper half of a sphere, a cupola."
        },
        {
            "w": "DORM",
            "v": true,
            "row": 1,
            "col": 1,
            "def": "Dormitory."
        },
        {
            "w": "FORE",
            "v": true,
            "row": 6,
            "col": 1,
            "def": "An exclamation yelled to inform players a ball is moving in their direction."
        },
        {
            "w": "FORM",
            "v": false,
            "row": 6,
            "col": 1,
            "def": "The shape or visible structure of a thing or person."
        },
        {
            "w": "FROM",
            "v": true,
            "row": 5,
            "col": 9,
            "def": "With the source or provenance of or at."
        },
        {
            "w": "MODE",
            "v": false,
            "row": 4,
            "col": 3,
            "def": "One of several ancient scales, one of which corresponds to the modern major scale and one to the natural minor scale."
        },
        {
            "w": "MORE",
            "v": true,
            "row": 1,
            "col": 6,
            "def": "Comparative form of many: in greater number. (Used for a discrete quantity.)."
        },
        {
            "w": "RODE",
            "v": false,
            "row": 3,
            "col": 6,
            "def": "The line from the vessel to its anchor. Also warp."
        },
        {
            "w": "REDO",
            "v": false,
            "row": 9,
            "col": 0,
            "def": "To do again."
        },
        {
            "w": "DOER",
            "v": false,
            "row": 6,
            "col": 6,
            "def": "Someone who does, performs, or executes; an active person, an agent."
        },
        {
            "w": "FORD",
            "v": true,
            "row": 0,
            "col": 8,
            "def": "A location where a stream is shallow and the bottom has good footing, making it possible to cross from one side to the other with no bridge, by walking, riding, or driving through the water; a crossing."
        },
        {
            "w": "FORMED",
            "v": true,
            "row": 3,
            "col": 4,
            "def": "Simple past tense and past participle of form."
        },
        {
            "w": "DEFORM",
            "v": false,
            "row": 1,
            "col": 1,
            "def": "To remove the form of."
        }
    ]
}