{
    "id": 3771,
    "sub_category": "Bask Pack",
    "category": "Stone Group",
    "type": 0,
    "letters": "ALOPPR",
    "mov": 16,
    "shovels": 1,
    "coins": 5,
    "rows": 15,
    "cols": 15,
    "c": 0,
    "b": -1,
    "w": 7,
    "h": 6,
    "dws": [
        "LOR",
        "ALP",
        "PAR",
        "RAP",
        "PAROL",
        "PROA",
        "PALP",
        "POA",
        "PRAO",
        "PRO",
        "PORAL",
        "APO",
        "PLAP",
        "ORA",
        "PARP",
        "LAP",
        "OPA",
        "LAR",
        "PAP",
        "POL",
        "APP",
        "PAL",
        "OAR",
        "LOP",
        "POP",
        "POPLAR",
        "POLAR",
        "ORAL",
        "PLOP",
        "PROP",
        "OPAL"
    ],
    "ws": []
}