{
    "id": 3783,
    "sub_category": "Wall Pack",
    "category": "Stone Group",
    "type": 0,
    "letters": "EEKLNN",
    "mov": 16,
    "shovels": 1,
    "coins": 5,
    "rows": 15,
    "cols": 15,
    "c": 0,
    "b": -1,
    "w": 8,
    "h": 6,
    "dws": [
        "EEK",
        "EEL",
        "EKE",
        "NEK",
        "ENE",
        "ELK",
        "LEE",
        "LEKE",
        "NEE",
        "NENE",
        "LEK",
        "EEN",
        "KEN",
        "KENNEL",
        "KNEEL",
        "KEEN",
        "KNEE",
        "KEEL",
        "LEEK"
    ],
    "ws": []
}