{
    "id": 3807,
    "sub_category": "Chisel Pack",
    "category": "Stone Group",
    "type": 0,
    "letters": "CKLPUY",
    "mov": 16,
    "shovels": 1,
    "coins": 5,
    "rows": 15,
    "cols": 15,
    "c": 0,
    "b": -1,
    "w": 8,
    "h": 7,
    "dws": [
        "CLY",
        "PUY",
        "PUL",
        "PLU",
        "KYU",
        "YUK",
        "CUP",
        "YUP",
        "PULK",
        "PULY",
        "PLY",
        "PLUCKY",
        "LUCKY",
        "PLUCK",
        "LUCK",
        "YUCK",
        "PUCK"
    ],
    "ws": []
}