{
    "id": 3815,
    "sub_category": "Tower Pack",
    "category": "Stone Group",
    "type": 0,
    "letters": "EILNPU",
    "mov": 16,
    "shovels": 1,
    "coins": 5,
    "rows": 15,
    "cols": 15,
    "c": 0,
    "b": -1,
    "w": 8,
    "h": 6,
    "dws": [
        "PIE",
        "UNI",
        "PUL",
        "LUNE",
        "PLU",
        "UNPILE",
        "LEI",
        "LIE",
        "LUN",
        "NIP",
        "LIEU",
        "PIU",
        "PIN",
        "PEIN",
        "PEL",
        "PULI",
        "PULE",
        "LIPE",
        "PLIE",
        "NEP",
        "LUPIN",
        "NIE",
        "LIN",
        "PEN",
        "PENI",
        "ULE",
        "LEU",
        "LIP",
        "NIL",
        "PLUE",
        "PUN",
        "LEP",
        "LINEUP",
        "LUPINE",
        "LINE",
        "PILE",
        "PINE",
        "LIEN"
    ],
    "ws": []
}