{
    "id": 3821,
    "sub_category": "Tower Pack",
    "category": "Stone Group",
    "type": 0,
    "letters": "DEEHMS",
    "mov": 18,
    "shovels": 1,
    "coins": 5,
    "rows": 15,
    "cols": 15,
    "c": 0,
    "b": -1,
    "w": 8,
    "h": 7,
    "dws": [
        "HEM",
        "SED",
        "EDH",
        "HES",
        "EHED",
        "SEED",
        "EME",
        "DEES",
        "MEES",
        "EDHS",
        "HEEDS",
        "MED",
        "MESE",
        "DEMES",
        "EHS",
        "DEE",
        "EMS",
        "ESE",
        "SHE",
        "HEMES",
        "MEEDS",
        "MEE",
        "EMES",
        "MEH",
        "DEME",
        "SEME",
        "MEED",
        "DEEMS",
        "MES",
        "EDS",
        "HEME",
        "SEE",
        "SMEE"
    ],
    "ws": [
        {
            "w": "HEED",
            "v": true,
            "row": 0,
            "col": 1,
            "def": "Careful attention."
        },
        {
            "w": "HEMS",
            "v": true,
            "row": 3,
            "col": 5,
            "def": "Plural form of hem."
        },
        {
            "w": "MESH",
            "v": false,
            "row": 5,
            "col": 0,
            "def": "A structure made of connected strands of metal, fiber, or other flexible/ductile material, with evenly spaced openings between them."
        },
        {
            "w": "SEEM",
            "v": false,
            "row": 4,
            "col": 3,
            "def": "To appear; to look outwardly; to be perceived as."
        },
        {
            "w": "SHED",
            "v": false,
            "row": 0,
            "col": 0,
            "def": "To part or divide."
        },
        {
            "w": "DEEM",
            "v": false,
            "row": 2,
            "col": 0,
            "def": "To judge; pass judgement on; sentence; doom."
        },
        {
            "w": "MEDS",
            "v": false,
            "row": 7,
            "col": 1,
            "def": "Plural form of med."
        },
        {
            "w": "MESHED",
            "v": true,
            "row": 2,
            "col": 3,
            "def": "Simple past tense and past participle of mesh."
        }
    ]
}