{
    "id": 3827,
    "sub_category": "Wisp Pack",
    "category": "Stone Group",
    "type": 0,
    "letters": "AOPRRU",
    "mov": 18,
    "shovels": 1,
    "coins": 5,
    "rows": 15,
    "cols": 15,
    "c": 0,
    "b": -1,
    "w": 8,
    "h": 6,
    "dws": [
        "RURP",
        "POA",
        "OUPA",
        "PRAO",
        "UPO",
        "APO",
        "PARR",
        "PRAU",
        "URAO",
        "ROUP",
        "OAR",
        "PUR",
        "URP",
        "PROA",
        "OPA",
        "ORRA",
        "RAUPO",
        "ORA"
    ],
    "ws": [
        {
            "w": "OUR",
            "v": false,
            "row": 3,
            "col": 2,
            "def": "Belonging to us."
        },
        {
            "w": "PAR",
            "v": false,
            "row": 2,
            "col": 0,
            "def": "By; with."
        },
        {
            "w": "PRO",
            "v": false,
            "row": 1,
            "col": 2,
            "def": "An advantage of something, especially when contrasted with its disadvantages (cons)."
        },
        {
            "w": "RAP",
            "v": false,
            "row": 0,
            "col": 4,
            "def": "A sharp blow with something hard."
        },
        {
            "w": "POUR",
            "v": true,
            "row": 0,
            "col": 6,
            "def": "To cause to flow in a stream, as a liquid or anything flowing like a liquid, either out of a vessel or into it."
        },
        {
            "w": "ROAR",
            "v": true,
            "row": 0,
            "col": 4,
            "def": "To make a loud, deep cry, especially from pain, anger, or other strong emotion."
        },
        {
            "w": "PURR",
            "v": false,
            "row": 5,
            "col": 0,
            "def": "Of a cat, to make a vibrating sound in its throat when contented."
        },
        {
            "w": "UPROAR",
            "v": true,
            "row": 0,
            "col": 2,
            "def": "Tumultuous, noisy excitement."
        }
    ]
}