{
    "id": 3830,
    "sub_category": "Wisp Pack",
    "category": "Stone Group",
    "type": 0,
    "letters": "AHORTT",
    "mov": 24,
    "shovels": 1,
    "coins": 5,
    "rows": 15,
    "cols": 15,
    "c": 0,
    "b": -1,
    "w": 11,
    "h": 9,
    "dws": [
        "TAR",
        "TATH",
        "OTTAR",
        "HORA",
        "TORAH",
        "THAR",
        "RATO",
        "TROTH",
        "THO",
        "TARO",
        "TAT",
        "TORA",
        "TAHR",
        "TAO",
        "ORA",
        "TOR",
        "RHO",
        "ATT",
        "RATH",
        "TORTA",
        "HOAR",
        "ART",
        "THRO",
        "RAH",
        "RAT",
        "ROTA",
        "HARO",
        "TRAT",
        "HOA",
        "ORT",
        "TROAT",
        "HAO"
    ],
    "ws": [
        {
            "w": "HAT",
            "v": true,
            "row": 2,
            "col": 8,
            "def": "A covering for the head, often in the approximate form of a cone or a cylinder closed at its top end, and sometimes having a brim and other decoration."
        },
        {
            "w": "HOT",
            "v": true,
            "row": 3,
            "col": 1,
            "def": "Of an object, having a high temperature."
        },
        {
            "w": "OAR",
            "v": true,
            "row": 7,
            "col": 5,
            "def": "An implement used to propel a boat or a ship in the water, having a flat blade at one end, being rowed from the other end and being normally fastened to the vessel."
        },
        {
            "w": "ROT",
            "v": true,
            "row": 1,
            "col": 0,
            "def": "To suffer decomposition due to biological action, especially by fungi or bacteria."
        },
        {
            "w": "OAT",
            "v": true,
            "row": 0,
            "col": 7,
            "def": "Widely cultivated cereal grass, typically Avena sativa."
        },
        {
            "w": "TOT",
            "v": false,
            "row": 4,
            "col": 6,
            "def": "A small child."
        },
        {
            "w": "OATH",
            "v": false,
            "row": 2,
            "col": 5,
            "def": "A solemn pledge or promise to a god, king, or another person, to attest to the truth of a statement or contract."
        },
        {
            "w": "TART",
            "v": true,
            "row": 4,
            "col": 6,
            "def": "Sharp to the taste; acid; sour."
        },
        {
            "w": "THAT",
            "v": false,
            "row": 3,
            "col": 0,
            "def": "The (thing) being indicated (at a distance from the speaker, or previously mentioned, or at another time)."
        },
        {
            "w": "TORT",
            "v": false,
            "row": 5,
            "col": 1,
            "def": "Tart, sharp."
        },
        {
            "w": "TROT",
            "v": true,
            "row": 0,
            "col": 5,
            "def": "A gait of a four-legged animal between walk and canter, a diagonal gait (in which diagonally opposite pairs of legs move together)."
        },
        {
            "w": "HART",
            "v": false,
            "row": 0,
            "col": 2,
            "def": "A male deer, especially the male of the red deer after its fifth year."
        },
        {
            "w": "TAROT",
            "v": false,
            "row": 7,
            "col": 2,
            "def": "A card game played in various different variations."
        },
        {
            "w": "THROAT",
            "v": true,
            "row": 3,
            "col": 3,
            "def": "The front part of the neck."
        }
    ]
}