{
    "id": 3850,
    "sub_category": "Fern Pack",
    "category": "Green Group",
    "type": 0,
    "letters": "AABLST",
    "mov": 24,
    "shovels": 1,
    "coins": 5,
    "rows": 15,
    "cols": 15,
    "c": 0,
    "b": -1,
    "w": 11,
    "h": 9,
    "dws": [
        "ALBAS",
        "SAL",
        "BLAT",
        "AALS",
        "BAAS",
        "BAST",
        "TALAS",
        "BAAL",
        "BATS",
        "BLATS",
        "SABAL",
        "LAB",
        "ABA",
        "TABS",
        "BAALS",
        "AAS",
        "BASTA",
        "TALA",
        "BALS",
        "ALTS",
        "TABLAS",
        "ABAS",
        "AAL",
        "TABLA",
        "LATS",
        "SALAT",
        "LAS",
        "SLAB",
        "BAA",
        "ALB",
        "TAS",
        "ALA",
        "ALS",
        "TAALS",
        "ALBA",
        "ATS",
        "ALAS",
        "BALAS",
        "BAL",
        "ALBS",
        "LABS",
        "SAB",
        "ABS",
        "TAAL",
        "BAS"
    ],
    "ws": [
        {
            "w": "BAT",
            "v": true,
            "row": 1,
            "col": 9,
            "def": "Any of the small, nocturnal, flying mammals of the order Chiroptera, which navigate by means of echolocation. They look like a mouse with membranous wings extending from the forelimbs to the hind limbs or tail. Altogether, there are about 1,000 bat species in the world."
        },
        {
            "w": "SAT",
            "v": false,
            "row": 6,
            "col": 7,
            "def": "Simple past tense and past participle of sit."
        },
        {
            "w": "TAB",
            "v": true,
            "row": 0,
            "col": 5,
            "def": "A small flap or strip of material attached to something, for holding, manipulation, identification, etc."
        },
        {
            "w": "ALT",
            "v": true,
            "row": 2,
            "col": 6,
            "def": "A state of excitement, conveyed by a high pitched voice."
        },
        {
            "w": "LAT",
            "v": true,
            "row": 0,
            "col": 3,
            "def": "A Latvian coin and national monetary unit."
        },
        {
            "w": "LAST",
            "v": false,
            "row": 7,
            "col": 4,
            "def": "Final, ultimate, coming after all others of its kind."
        },
        {
            "w": "SALT",
            "v": false,
            "row": 2,
            "col": 0,
            "def": "A common substance, chemically consisting mainly of sodium chloride (NaCl), used extensively as a condiment and preservative."
        },
        {
            "w": "STAB",
            "v": true,
            "row": 6,
            "col": 7,
            "def": "An act of stabbing or thrusting with an object."
        },
        {
            "w": "SLAT",
            "v": false,
            "row": 0,
            "col": 2,
            "def": "A thin, narrow strip or bar of wood or metal."
        },
        {
            "w": "BLAST",
            "v": false,
            "row": 4,
            "col": 2,
            "def": "A violent gust of wind."
        },
        {
            "w": "ATLAS",
            "v": true,
            "row": 5,
            "col": 9,
            "def": "A bound collection of maps often including tables, illustrations or other text."
        },
        {
            "w": "BASAL",
            "v": true,
            "row": 4,
            "col": 2,
            "def": "Relating to, or forming, the base, or point of origin."
        },
        {
            "w": "BALSA",
            "v": false,
            "row": 2,
            "col": 5,
            "def": "A large tree, Ochroma lagopus, native to tropical America, with wood that is very light in weight."
        },
        {
            "w": "BASALT",
            "v": true,
            "row": 3,
            "col": 4,
            "def": "A hard mafic igneous rock of varied mineral content; volcanic in origin, it makes up much of the Earth's oceanic crust."
        }
    ]
}