{
    "id": 3851,
    "sub_category": "Fern Pack",
    "category": "Green Group",
    "type": 0,
    "letters": "DFILOR",
    "mov": 24,
    "shovels": 1,
    "coins": 5,
    "rows": 15,
    "cols": 15,
    "c": 0,
    "b": -1,
    "w": 9,
    "h": 9,
    "dws": [
        "FID",
        "LOR",
        "FIDO",
        "OLID",
        "DIRL",
        "ORF",
        "LOIR",
        "DOL",
        "DOR",
        "RIF",
        "FLOR",
        "FLIR",
        "LOD",
        "FOID",
        "OLD",
        "LOID",
        "DOF",
        "FIL",
        "LIDO",
        "ORD",
        "DIF",
        "FILO",
        "ROLF",
        "DIOL",
        "DROIL",
        "FIORD"
    ],
    "ws": [
        {
            "w": "FIR",
            "v": true,
            "row": 4,
            "col": 0,
            "def": "A conifer of the genus Abies."
        },
        {
            "w": "FOR",
            "v": false,
            "row": 6,
            "col": 6,
            "def": "Because."
        },
        {
            "w": "LID",
            "v": true,
            "row": 0,
            "col": 7,
            "def": "The top or cover of a container."
        },
        {
            "w": "OIL",
            "v": false,
            "row": 5,
            "col": 3,
            "def": "Liquid fat."
        },
        {
            "w": "RID",
            "v": false,
            "row": 7,
            "col": 2,
            "def": "Released from an obligation, problem, etc. (usually followed by \"of\")."
        },
        {
            "w": "ROD",
            "v": false,
            "row": 2,
            "col": 5,
            "def": "A straight, round stick, shaft, bar, cane, or staff."
        },
        {
            "w": "FRO",
            "v": false,
            "row": 3,
            "col": 3,
            "def": "From; away; back or backward. In modern English used only in the set phrase to and fro (\"back and forth\")."
        },
        {
            "w": "FOIL",
            "v": false,
            "row": 4,
            "col": 0,
            "def": "A very thin sheet of metal."
        },
        {
            "w": "FOLD",
            "v": false,
            "row": 0,
            "col": 5,
            "def": "To bend (any thin material, such as paper) over so that it comes in contact with itself."
        },
        {
            "w": "IDOL",
            "v": false,
            "row": 4,
            "col": 5,
            "def": "A graven image or representation of anything that is revered, or believed to convey spiritual power."
        },
        {
            "w": "LORD",
            "v": true,
            "row": 4,
            "col": 8,
            "def": "The master of a household."
        },
        {
            "w": "FORD",
            "v": true,
            "row": 6,
            "col": 6,
            "def": "A location where a stream is shallow and the bottom has good footing, making it possible to cross from one side to the other with no bridge, by walking, riding, or driving through the water; a crossing."
        },
        {
            "w": "ROIL",
            "v": true,
            "row": 2,
            "col": 5,
            "def": "To render turbid by stirring up the dregs or sediment of."
        },
        {
            "w": "FLORID",
            "v": true,
            "row": 3,
            "col": 3,
            "def": "Having a rosy or pale red colour; ruddy."
        }
    ]
}