{
    "id": 387,
    "sub_category": "Peak Pack",
    "category": "Mountain Group",
    "type": 0,
    "letters": "AEIRRV",
    "mov": 20,
    "shovels": 1,
    "coins": 5,
    "rows": 15,
    "cols": 15,
    "c": 0,
    "b": -1,
    "w": 8,
    "h": 7,
    "dws": [
        "RAI",
        "ARE",
        "VAIR",
        "AVER",
        "VERA",
        "RAVIER",
        "REI",
        "RIVE",
        "RIA",
        "RAV",
        "VIER",
        "AVE",
        "AIRER",
        "VIRE",
        "REV",
        "ERR",
        "VARIER",
        "AIVER",
        "VARE",
        "RAVER",
        "VAIRE",
        "VAR",
        "VAE",
        "VIAE",
        "RIVA",
        "VIE"
    ],
    "ws": [
        {
            "w": "AIR",
            "v": false,
            "row": 0,
            "col": 4,
            "def": "The atmospheric substance above the surface of the earth which animals breathe, formerly considered to be a single substance, one of the four basic elements of ancient philosophy and one of the five basic elements of Eastern traditions."
        },
        {
            "w": "EAR",
            "v": true,
            "row": 0,
            "col": 2,
            "def": "The organ of hearing, consisting of the pinna, auditory canal, eardrum, malleus, incus, stapes and cochlea."
        },
        {
            "w": "ERA",
            "v": true,
            "row": 4,
            "col": 5,
            "def": "A time period of indeterminate length, generally more than one year."
        },
        {
            "w": "VIA",
            "v": false,
            "row": 6,
            "col": 3,
            "def": "A main road or highway, especially in ancient Rome. (Mainly used in set phrases, below.)."
        },
        {
            "w": "IRE",
            "v": true,
            "row": 0,
            "col": 5,
            "def": "Iron."
        },
        {
            "w": "RARE",
            "v": false,
            "row": 7,
            "col": 0,
            "def": "Cooked very lightly, so the meat is still red (in the case of steak or beef in the general sense)."
        },
        {
            "w": "REAR",
            "v": false,
            "row": 4,
            "col": 0,
            "def": "To raise physically; to lift up; to cause to rise, to elevate."
        },
        {
            "w": "RAVE",
            "v": false,
            "row": 2,
            "col": 2,
            "def": "An enthusiastic review (such as of a play)."
        },
        {
            "w": "RIVER",
            "v": true,
            "row": 0,
            "col": 0,
            "def": "A large and often winding stream which drains a land mass, carrying water down from higher areas to a lower point, ending at an ocean or in an inland sea. Occasionally rivers overflow their banks and cause floods."
        },
        {
            "w": "ARRIVE",
            "v": true,
            "row": 2,
            "col": 3,
            "def": "To reach."
        }
    ]
}