{
    "id": 3879,
    "sub_category": "Aerial Pack",
    "category": "Green Group",
    "type": 0,
    "letters": "ACILMX",
    "mov": 16,
    "shovels": 1,
    "coins": 5,
    "rows": 15,
    "cols": 15,
    "c": 0,
    "b": -1,
    "w": 7,
    "h": 7,
    "dws": [
        "CAMI",
        "MAX",
        "MAXI",
        "LAIC",
        "MIX",
        "AXIL",
        "MAC",
        "LAX",
        "CALIX",
        "CAL",
        "AMI",
        "AIM",
        "MIC",
        "LIMAX",
        "MALI",
        "MIL",
        "LIMA",
        "CAM",
        "LAC",
        "AIL",
        "MALIC",
        "LAM",
        "MAL",
        "CALX"
    ],
    "ws": [
        {
            "w": "CALM",
            "v": true,
            "row": 0,
            "col": 0,
            "def": "Peaceful, quiet, especially free from anger and anxiety."
        },
        {
            "w": "MAIL",
            "v": false,
            "row": 3,
            "col": 0,
            "def": "To send (a letter or parcel) through the mail."
        },
        {
            "w": "CLAM",
            "v": false,
            "row": 1,
            "col": 2,
            "def": "A bivalve mollusk of many kinds, especially those that are edible; as, the long clam (Mya arenaria), the quahog or round clam (Venus mercenaria), the sea clam or hen clam (Spisula solidissima), and other species of the United States. The name is said to have been given originally to the Tridacna gigas, a huge East Indian bivalve."
        },
        {
            "w": "MICA",
            "v": true,
            "row": 1,
            "col": 5,
            "def": "Any of a group of hydrous aluminosilicate minerals characterized by highly perfect cleavage, so that they readily separate into very thin leaves, more or less elastic."
        },
        {
            "w": "CLAIM",
            "v": false,
            "row": 5,
            "col": 0,
            "def": "A demand of ownership made for something (eg. claim ownership, claim victory)."
        },
        {
            "w": "CLIMAX",
            "v": true,
            "row": 1,
            "col": 2,
            "def": "The point of greatest intensity or force in an ascending series; a culmination."
        }
    ]
}