{
    "id": 3898,
    "sub_category": "Bank Pack",
    "category": "Green Group",
    "type": 0,
    "letters": "CEHIOR",
    "mov": 22,
    "shovels": 1,
    "coins": 5,
    "rows": 15,
    "cols": 15,
    "c": 0,
    "b": -1,
    "w": 11,
    "h": 10,
    "dws": [
        "REC",
        "ECO",
        "COIR",
        "ICH",
        "REI",
        "HORI",
        "HIC",
        "CHE",
        "REO",
        "HOC",
        "ORE",
        "ORC",
        "OCHE",
        "ICHOR",
        "CIRE",
        "CHER",
        "RHO",
        "HIE",
        "COHEIR",
        "RICHE",
        "HOI",
        "ERIC",
        "ICE",
        "HORE",
        "ICER",
        "ROE",
        "CHI",
        "COR",
        "REH",
        "ROCH",
        "HOER",
        "CHIRO",
        "HER",
        "CERO",
        "ECH",
        "OCH",
        "ROC",
        "HOE",
        "IRE",
        "HEROIC",
        "CHOIR",
        "CHORE",
        "OCHRE",
        "OCHER",
        "CORE",
        "ECHO",
        "HERO",
        "HIRE",
        "RICE",
        "RICH",
        "HEIR"
    ],
    "ws": []
}