{
    "id": 3906,
    "sub_category": "Roll Pack",
    "category": "Green Group",
    "type": 0,
    "letters": "CDEIPT",
    "mov": 22,
    "shovels": 1,
    "coins": 5,
    "rows": 15,
    "cols": 15,
    "c": 0,
    "b": -1,
    "w": 11,
    "h": 9,
    "dws": [
        "PIE",
        "DIE",
        "CID",
        "PIT",
        "DEP",
        "TIC",
        "TID",
        "TEC",
        "PEC",
        "DIP",
        "DEI",
        "PED",
        "PET",
        "CIT",
        "IDE",
        "ETIC",
        "DIT",
        "TICE",
        "TIE",
        "PIED",
        "TED",
        "ICE",
        "DIPT",
        "TIP",
        "CEDI",
        "PICE",
        "DITE",
        "CEP",
        "PIET",
        "PIC",
        "DICT",
        "DEPICT",
        "CITED",
        "EDICT",
        "TEPID",
        "CITE",
        "DICE",
        "DIET",
        "EDIT",
        "EPIC",
        "ICED",
        "TIDE",
        "TIED"
    ],
    "ws": []
}