{
    "id": 3910,
    "sub_category": "Roll Pack",
    "category": "Green Group",
    "type": 0,
    "letters": "EFILPR",
    "mov": 22,
    "shovels": 1,
    "coins": 5,
    "rows": 15,
    "cols": 15,
    "c": 0,
    "b": -1,
    "w": 11,
    "h": 10,
    "dws": [
        "PIE",
        "PLIER",
        "PRIEF",
        "PIRL",
        "RIP",
        "FIER",
        "LEI",
        "LIE",
        "REI",
        "LERP",
        "RIEL",
        "LIEF",
        "REIF",
        "PEL",
        "LIRE",
        "FER",
        "PILER",
        "RIF",
        "LIPE",
        "RILE",
        "LEIR",
        "PLIE",
        "ELF",
        "LIFER",
        "FLIR",
        "FIR",
        "PELF",
        "PREIF",
        "PER",
        "FILER",
        "FIL",
        "REF",
        "LIP",
        "PERI",
        "PIR",
        "LEP",
        "ERF",
        "REP",
        "FIE",
        "LIER",
        "PRE",
        "IRE",
        "PILFER",
        "PERIL",
        "RIFLE",
        "FLIER",
        "FILE",
        "FIRE",
        "LIFE",
        "PIER",
        "PILE",
        "RIPE",
        "FLIP",
        "RIFE"
    ],
    "ws": []
}