{
    "id": 3913,
    "sub_category": "Roll Pack",
    "category": "Green Group",
    "type": 0,
    "letters": "EILOTV",
    "mov": 18,
    "shovels": 1,
    "coins": 5,
    "rows": 15,
    "cols": 15,
    "c": 0,
    "b": -1,
    "w": 8,
    "h": 7,
    "dws": [
        "VITE",
        "VOL",
        "TOE",
        "TOILE",
        "EVO",
        "VLEI",
        "TELOI",
        "LEI",
        "LIE",
        "LIVE",
        "LIT",
        "LEVO",
        "ELT",
        "OLE",
        "VOE",
        "VOLTE",
        "TOLE",
        "VOLTI",
        "LEV",
        "TEL",
        "LOVE",
        "VOILE",
        "VET",
        "TIL",
        "OLIVE",
        "OVEL",
        "TIE",
        "VOLET",
        "TEIL",
        "VOLE",
        "LET",
        "EVIL",
        "LOT",
        "VOLT",
        "LOTE",
        "OIL",
        "VIE",
        "LOTI",
        "VIOL"
    ],
    "ws": [
        {
            "w": "TILE",
            "v": false,
            "row": 7,
            "col": 3,
            "def": "A regularly-shaped slab of clay or other material, affixed to cover or decorate a surface, as in a roof-tile, glazed tile, stove tile, etc."
        },
        {
            "w": "VETO",
            "v": false,
            "row": 4,
            "col": 0,
            "def": "A political right to disapprove of (and thereby stop) the process of a decision, a law etc."
        },
        {
            "w": "VILE",
            "v": true,
            "row": 1,
            "col": 1,
            "def": "Morally low; base; despicable."
        },
        {
            "w": "VOTE",
            "v": false,
            "row": 0,
            "col": 3,
            "def": "A formalized choice on matters of administration or other democratic activities."
        },
        {
            "w": "TOIL",
            "v": true,
            "row": 0,
            "col": 5,
            "def": "Labour, work."
        },
        {
            "w": "VEIL",
            "v": false,
            "row": 2,
            "col": 3,
            "def": "Something hung up, or spread out, to intercept the view, and hide an object; a cover; a curtain; esp., a screen, usually of gauze, crape, or similar diaphanous material, to hide or protect the face."
        },
        {
            "w": "LITE",
            "v": false,
            "row": 5,
            "col": 3,
            "def": "Light in composition, notably low in fat, calories etc.:."
        },
        {
            "w": "VIOLET",
            "v": true,
            "row": 2,
            "col": 3,
            "def": "A bluish-purple colour."
        }
    ]
}