{
    "id": 3917,
    "sub_category": "Roll Pack",
    "category": "Green Group",
    "type": 0,
    "letters": "AAEFLM",
    "mov": 18,
    "shovels": 1,
    "coins": 5,
    "rows": 15,
    "cols": 15,
    "c": 0,
    "b": -1,
    "w": 9,
    "h": 8,
    "dws": [
        "MAA",
        "FAA",
        "AMA",
        "ALF",
        "MAE",
        "FAE",
        "ALME",
        "LEAM",
        "FEM",
        "FEAL",
        "MELA",
        "FLAM",
        "FLEAM",
        "ALE",
        "ALFA",
        "MALA",
        "ELF",
        "ALMA",
        "LEA",
        "ALEF",
        "AAL",
        "AME",
        "MEL",
        "ALA",
        "EMF",
        "LAM",
        "ALAE",
        "MAL",
        "LAMA",
        "ELM",
        "AMLA"
    ],
    "ws": [
        {
            "w": "FAME",
            "v": true,
            "row": 0,
            "col": 7,
            "def": "What is said or reported; gossip, rumour."
        },
        {
            "w": "FLEA",
            "v": false,
            "row": 2,
            "col": 0,
            "def": "A small, wingless, parasitic insect of the order Siphonaptera, renowned for its bloodsucking habits and jumping abilities."
        },
        {
            "w": "LAME",
            "v": false,
            "row": 7,
            "col": 0,
            "def": "Unable to walk properly because of a problem with one's feet or legs."
        },
        {
            "w": "LEAF",
            "v": true,
            "row": 1,
            "col": 5,
            "def": "The usually green and flat organ that represents the most prominent feature of most vegetative plants."
        },
        {
            "w": "MALE",
            "v": true,
            "row": 0,
            "col": 1,
            "def": "Someone of male (masculine) gender:."
        },
        {
            "w": "MEAL",
            "v": false,
            "row": 5,
            "col": 1,
            "def": "Food that is prepared and eaten, usually at a specific time (e.g. breakfast = morning meal, lunch = noon meal, etc)."
        },
        {
            "w": "FLAME",
            "v": false,
            "row": 3,
            "col": 3,
            "def": "The visible part of fire."
        },
        {
            "w": "AFLAME",
            "v": true,
            "row": 2,
            "col": 3,
            "def": "In flames, on fire, flaming, with flames coming from it."
        }
    ]
}