{
    "id": 3927,
    "sub_category": "Heat Pack",
    "category": "West Group",
    "type": 0,
    "letters": "CDDEEI",
    "mov": 18,
    "shovels": 1,
    "coins": 5,
    "rows": 15,
    "cols": 15,
    "c": 0,
    "b": -1,
    "w": 8,
    "h": 7,
    "dws": [
        "IDE",
        "DEICE",
        "DIE",
        "EIDE",
        "DEE",
        "CEDI",
        "CEE",
        "CID",
        "IDEE",
        "DEICED",
        "CEDE",
        "DEI",
        "DEED",
        "DEID"
    ],
    "ws": [
        {
            "w": "DID",
            "v": false,
            "row": 5,
            "col": 2,
            "def": "A Roman numeral representing nine hundred and ninety-nine (999)."
        },
        {
            "w": "ICE",
            "v": true,
            "row": 0,
            "col": 5,
            "def": "Water in frozen (solid) form."
        },
        {
            "w": "DICE",
            "v": false,
            "row": 3,
            "col": 0,
            "def": "Plural form of die."
        },
        {
            "w": "DIED",
            "v": false,
            "row": 2,
            "col": 3,
            "def": "Simple past tense and past participle of die."
        },
        {
            "w": "ICED",
            "v": true,
            "row": 4,
            "col": 6,
            "def": "With ice added."
        },
        {
            "w": "DICED",
            "v": true,
            "row": 3,
            "col": 0,
            "def": "Simple past tense and past participle of dice."
        },
        {
            "w": "CEDED",
            "v": false,
            "row": 7,
            "col": 2,
            "def": "Simple past tense and past participle of cede."
        },
        {
            "w": "DECIDE",
            "v": true,
            "row": 2,
            "col": 3,
            "def": "To resolve (a contest, problem, dispute, etc.); to choose, determine, or settle."
        }
    ]
}