{
    "id": 393,
    "sub_category": "Peak Pack",
    "category": "Mountain Group",
    "type": 0,
    "letters": "ACDEES",
    "mov": 18,
    "shovels": 1,
    "coins": 5,
    "rows": 15,
    "cols": 15,
    "c": 0,
    "b": -1,
    "w": 8,
    "h": 7,
    "dws": [
        "SCAD",
        "SED",
        "CASED",
        "DAS",
        "DEES",
        "DACE",
        "DAE",
        "DAES",
        "ADS",
        "CEE",
        "CADEE",
        "CEES",
        "CADE",
        "DEE",
        "CADS",
        "ESE",
        "SAD",
        "SADE",
        "SAE",
        "ACE",
        "ECADS",
        "EASE",
        "CEDES",
        "AEDES",
        "SAC",
        "SEC",
        "DACES",
        "CADES",
        "ECAD",
        "EDS",
        "EAS",
        "SEA",
        "CAD",
        "SEE",
        "AESC"
    ],
    "ws": [
        {
            "w": "ACES",
            "v": false,
            "row": 4,
            "col": 3,
            "def": "Plural form of ace."
        },
        {
            "w": "CASE",
            "v": true,
            "row": 1,
            "col": 5,
            "def": "An actual event, situation, or fact."
        },
        {
            "w": "SEED",
            "v": true,
            "row": 4,
            "col": 6,
            "def": "A fertilized grain, initially encased in a fruit, which may grow into a mature plant."
        },
        {
            "w": "CEDE",
            "v": false,
            "row": 6,
            "col": 0,
            "def": "To give up, give way, give away."
        },
        {
            "w": "ACED",
            "v": true,
            "row": 0,
            "col": 7,
            "def": "Simple past tense and past participle of ace."
        },
        {
            "w": "CEASE",
            "v": false,
            "row": 2,
            "col": 3,
            "def": "To stop."
        },
        {
            "w": "EASED",
            "v": true,
            "row": 3,
            "col": 1,
            "def": "Past participle of ease."
        },
        {
            "w": "CEASED",
            "v": true,
            "row": 2,
            "col": 3,
            "def": "Simple past tense and past participle of cease."
        }
    ]
}