{
    "id": 3943,
    "sub_category": "Erode Packx",
    "category": "West Group",
    "type": 0,
    "letters": "DEELST",
    "mov": 20,
    "shovels": 1,
    "coins": 5,
    "rows": 15,
    "cols": 15,
    "c": 0,
    "b": -1,
    "w": 10,
    "h": 9,
    "dws": [
        "LEED",
        "EEL",
        "LES",
        "SED",
        "SEED",
        "DEES",
        "TEE",
        "SLEE",
        "ELT",
        "DELTS",
        "SELE",
        "TEED",
        "TEELS",
        "SEL",
        "DELS",
        "TEL",
        "TELE",
        "STED",
        "DEE",
        "TEDS",
        "TEEL",
        "EST",
        "ESE",
        "ELD",
        "ELTS",
        "LSD",
        "LEES",
        "TES",
        "LEE",
        "LEETS",
        "TELS",
        "ELS",
        "STEE",
        "DELES",
        "LED",
        "TED",
        "DELT",
        "DEET",
        "SET",
        "LEDES",
        "SELD",
        "LET",
        "LEET",
        "SEEL",
        "TELES",
        "DEETS",
        "LEDE",
        "EDS",
        "ELDS",
        "STELE",
        "DELE",
        "TELD",
        "SEE",
        "DEL"
    ],
    "ws": [
        {
            "w": "ELSE",
            "v": false,
            "row": 5,
            "col": 0,
            "def": "Other; in addition to previously mentioned items."
        },
        {
            "w": "LETS",
            "v": true,
            "row": 4,
            "col": 0,
            "def": "Plural form of let."
        },
        {
            "w": "SLED",
            "v": true,
            "row": 4,
            "col": 6,
            "def": "A small, light vehicle with runners, used, mostly by young persons, for sliding on snow or ice. (A \"sled\" in this sense is not pulled by an animal as a \"sleigh\" is.)."
        },
        {
            "w": "TEES",
            "v": true,
            "row": 0,
            "col": 7,
            "def": "Plural form of tee."
        },
        {
            "w": "LEST",
            "v": true,
            "row": 0,
            "col": 1,
            "def": "For fear that; that . . . not; in order that . . . not; in case."
        },
        {
            "w": "EELS",
            "v": true,
            "row": 0,
            "col": 5,
            "def": "Plural form of eel."
        },
        {
            "w": "STEEL",
            "v": false,
            "row": 2,
            "col": 1,
            "def": "A metal alloy of mostly iron plus carbon, harder than pure elemental iron but malleable when hot."
        },
        {
            "w": "SLEET",
            "v": false,
            "row": 0,
            "col": 3,
            "def": "A mixture of rain and snow."
        },
        {
            "w": "STEED",
            "v": false,
            "row": 6,
            "col": 3,
            "def": "A stallion, especially in the sense of mount."
        },
        {
            "w": "ELDEST",
            "v": true,
            "row": 2,
            "col": 3,
            "def": "Superlative form of old: most old.; greatest in age or seniority."
        }
    ]
}