{
    "id": 3949,
    "sub_category": "Erode Packx",
    "category": "West Group",
    "type": 0,
    "letters": "EIJNNO",
    "mov": 16,
    "shovels": 1,
    "coins": 5,
    "rows": 15,
    "cols": 15,
    "c": 0,
    "b": -1,
    "w": 6,
    "h": 6,
    "dws": [
        "ION",
        "NIE",
        "JIN",
        "EON",
        "NONI",
        "NON",
        "JOE",
        "INN",
        "JEON",
        "JINN",
        "ONIE"
    ],
    "ws": [
        {
            "w": "ONE",
            "v": false,
            "row": 1,
            "col": 0,
            "def": "A numerical value equal to 1; the first number in the set of natural numbers (especially in number theory); the cardinality of the smallest nonempty set. Ordinal: first."
        },
        {
            "w": "JOIN",
            "v": true,
            "row": 0,
            "col": 0,
            "def": "To combine more than one item into one; to put together."
        },
        {
            "w": "NEON",
            "v": false,
            "row": 2,
            "col": 2,
            "def": "The chemical element (symbol Ne) with an atomic number of 10."
        },
        {
            "w": "NINE",
            "v": true,
            "row": 0,
            "col": 5,
            "def": "A numerical value equal to 9; the number occurring after eight and before ten."
        },
        {
            "w": "NONE",
            "v": false,
            "row": 4,
            "col": 1,
            "def": "Not any (one) of a given number or group of things. With singular or plural concord."
        },
        {
            "w": "ENJOIN",
            "v": true,
            "row": 1,
            "col": 2,
            "def": "To lay upon, as an order or command; to give an injunction to; to direct with authority; to order; to charge."
        }
    ]
}