{
    "id": 3969,
    "sub_category": "Set Packx",
    "category": "West Group",
    "type": 0,
    "letters": "DEIINV",
    "mov": 20,
    "shovels": 1,
    "coins": 5,
    "rows": 15,
    "cols": 15,
    "c": 0,
    "b": -1,
    "w": 8,
    "h": 8,
    "dws": [
        "DIE",
        "NID",
        "NIDE",
        "VEND",
        "DEV",
        "VIDE",
        "DEVI",
        "NIED",
        "DEI",
        "VIN",
        "IDE",
        "VINED",
        "NIE",
        "VID",
        "IVIED",
        "DIV",
        "NED",
        "INDIE",
        "DIVI",
        "DENI",
        "NIDI",
        "NEVI"
    ],
    "ws": [
        {
            "w": "DEN",
            "v": true,
            "row": 2,
            "col": 5,
            "def": "The home of certain animals."
        },
        {
            "w": "END",
            "v": false,
            "row": 6,
            "col": 2,
            "def": "The final point of something in space or time."
        },
        {
            "w": "DIN",
            "v": false,
            "row": 2,
            "col": 5,
            "def": "A loud noise; a cacophony or loud commotion."
        },
        {
            "w": "VIE",
            "v": true,
            "row": 0,
            "col": 2,
            "def": "To rival; to struggle for superiority; to contend; to compete eagerly so as to gain something."
        },
        {
            "w": "DINE",
            "v": true,
            "row": 0,
            "col": 7,
            "def": "To eat; to eat dinner or supper."
        },
        {
            "w": "DIVE",
            "v": false,
            "row": 0,
            "col": 0,
            "def": "To swim under water."
        },
        {
            "w": "VEIN",
            "v": true,
            "row": 2,
            "col": 0,
            "def": "A blood vessel that transports blood from the capillaries back to the heart."
        },
        {
            "w": "VINE",
            "v": false,
            "row": 4,
            "col": 3,
            "def": "The climbing plant that produces grapes."
        },
        {
            "w": "VIED",
            "v": false,
            "row": 2,
            "col": 0,
            "def": "Simple past tense and past participle of vie."
        },
        {
            "w": "DIVINE",
            "v": true,
            "row": 2,
            "col": 3,
            "def": "Of or pertaining to a god."
        }
    ]
}