{
    "id": "3b282800-0d43-11eb-a781-34363b5fdca4",
    "type": 0,
    "letters": "DEGITW",
    "mov": 21,
    "shovels": 1,
    "coins": 5,
    "rows": 8,
    "cols": 2,
    "c": 0,
    "b": -1,
    "dws": [
        "EWT",
        "TEW",
        "GID",
        "IDE",
        "DEI",
        "DIT",
        "TID",
        "GIE",
        "GIT",
        "TIG",
        "DEG",
        "GED",
        "TED",
        "TEG",
        "WEID",
        "WITE",
        "GIED",
        "DITE",
        "GITE",
        "GEIT",
        "TIGE",
        "WITED",
        "TIED"
    ],
    "ws": [
        {
            "w": "DEW",
            "v": false,
            "row": 2,
            "col": 2
        },
        {
            "w": "DIE",
            "v": true,
            "row": 0,
            "col": 3
        },
        {
            "w": "DIG",
            "v": true,
            "row": 4,
            "col": 9
        },
        {
            "w": "GET",
            "v": false,
            "row": 7,
            "col": 2
        },
        {
            "w": "TIE",
            "v": true,
            "row": 2,
            "col": 8
        },
        {
            "w": "WED",
            "v": false,
            "row": 4,
            "col": 7
        },
        {
            "w": "WET",
            "v": false,
            "row": 4,
            "col": 0
        },
        {
            "w": "WIG",
            "v": false,
            "row": 5,
            "col": 2
        },
        {
            "w": "WIT",
            "v": true,
            "row": 4,
            "col": 7
        },
        {
            "w": "DIET",
            "v": false,
            "row": 0,
            "col": 3
        },
        {
            "w": "EDIT",
            "v": false,
            "row": 6,
            "col": 4
        },
        {
            "w": "TIDE",
            "v": true,
            "row": 0,
            "col": 6
        },
        {
            "w": "TWIG",
            "v": true,
            "row": 4,
            "col": 2
        },
        {
            "w": "WIDE",
            "v": true,
            "row": 4,
            "col": 0
        },
        {
            "w": "WIDGET",
            "v": true,
            "row": 2,
            "col": 4
        }
    ]
}