{
    "id": "3e5bcee0-0d3a-11eb-a781-34363b5fdca4",
    "type": 0,
    "letters": "AGSTUU",
    "mov": 17,
    "shovels": 1,
    "coins": 5,
    "rows": 6,
    "cols": 2,
    "c": 0,
    "b": -1,
    "dws": [
        "GAU",
        "SAU",
        "UTA",
        "TAU",
        "AGS",
        "GAT",
        "ATS",
        "TAS",
        "UGS",
        "GUS",
        "SUG",
        "UTU",
        "UTS",
        "GAUS",
        "UTAS",
        "SAUT",
        "TAUS",
        "GAST",
        "GATS",
        "UTUS"
    ],
    "ws": [
        {
            "w": "GAS",
            "v": true,
            "row": 0,
            "col": 2
        },
        {
            "w": "GUT",
            "v": true,
            "row": 0,
            "col": 4
        },
        {
            "w": "SAG",
            "v": true,
            "row": 5,
            "col": 1
        },
        {
            "w": "SAT",
            "v": false,
            "row": 2,
            "col": 2
        },
        {
            "w": "TAG",
            "v": false,
            "row": 0,
            "col": 0
        },
        {
            "w": "TUG",
            "v": false,
            "row": 7,
            "col": 3
        },
        {
            "w": "GUST",
            "v": false,
            "row": 4,
            "col": 3
        },
        {
            "w": "GUTS",
            "v": false,
            "row": 0,
            "col": 4
        },
        {
            "w": "STAG",
            "v": true,
            "row": 4,
            "col": 5
        },
        {
            "w": "TAGS",
            "v": false,
            "row": 6,
            "col": 0
        },
        {
            "w": "TUGS",
            "v": true,
            "row": 0,
            "col": 0
        },
        {
            "w": "AUGUST",
            "v": true,
            "row": 2,
            "col": 3
        }
    ]
}