{
    "id": "3f2be65e-0d42-11eb-a781-34363b5fdca4",
    "type": 0,
    "letters": "ACELTT",
    "mov": 23,
    "shovels": 1,
    "coins": 5,
    "rows": 9,
    "cols": 2,
    "c": 0,
    "b": -1,
    "dws": [
        "CAL",
        "LAC",
        "TEC",
        "CEL",
        "ATT",
        "TAT",
        "ALT",
        "LAT",
        "TAE",
        "ETA",
        "TET",
        "TEL",
        "ELT",
        "CLAT",
        "CATE",
        "TACE",
        "ALEC",
        "CELT",
        "TATE",
        "TEAT",
        "ETAT",
        "TAEL",
        "TELA",
        "TELT",
        "TACET",
        "TECTA",
        "LACET",
        "ECLAT",
        "LATTE",
        "TECTAL",
        "CAT",
        "EAT"
    ],
    "ws": [
        {
            "w": "ACE",
            "v": false,
            "row": 3,
            "col": 6
        },
        {
            "w": "ACT",
            "v": true,
            "row": 0,
            "col": 5
        },
        {
            "w": "ALE",
            "v": true,
            "row": 6,
            "col": 1
        },
        {
            "w": "ATE",
            "v": true,
            "row": 6,
            "col": 6
        },
        {
            "w": "LEA",
            "v": false,
            "row": 3,
            "col": 0
        },
        {
            "w": "LET",
            "v": false,
            "row": 4,
            "col": 2
        },
        {
            "w": "TEA",
            "v": false,
            "row": 0,
            "col": 3
        },
        {
            "w": "LACE",
            "v": true,
            "row": 0,
            "col": 8
        },
        {
            "w": "LATE",
            "v": false,
            "row": 7,
            "col": 1
        },
        {
            "w": "LEAT",
            "v": false,
            "row": 6,
            "col": 4
        },
        {
            "w": "TACT",
            "v": false,
            "row": 2,
            "col": 2
        },
        {
            "w": "TALC",
            "v": true,
            "row": 1,
            "col": 0
        },
        {
            "w": "TALE",
            "v": true,
            "row": 2,
            "col": 2
        },
        {
            "w": "TEAL",
            "v": false,
            "row": 8,
            "col": 5
        },
        {
            "w": "CLEAT",
            "v": false,
            "row": 1,
            "col": 5
        },
        {
            "w": "CATTLE",
            "v": true,
            "row": 2,
            "col": 4
        }
    ]
}