{
    "id": 40,
    "sub_category": "Flow Pack",
    "category": "Forest Group",
    "type": 0,
    "letters": "EGRSU",
    "mov": 16,
    "shovels": 1,
    "coins": 5,
    "rows": 15,
    "cols": 15,
    "c": 0,
    "b": -1,
    "w": 7,
    "h": 5,
    "dws": [
        "SUER",
        "GRUE",
        "REG",
        "GUE",
        "SEG",
        "RUSE",
        "SER",
        "ERGS",
        "GUES",
        "ERG",
        "URGE",
        "ERS",
        "SUG",
        "RUGS",
        "UGS",
        "GUR",
        "URES",
        "GURS",
        "REGS",
        "GUS",
        "RUE",
        "URE",
        "GER",
        "RUES",
        "RES",
        "USE",
        "GRUES"
    ],
    "ws": [
        {
            "w": "SUE",
            "v": true,
            "row": 0,
            "col": 5,
            "def": "To follow."
        },
        {
            "w": "SURE",
            "v": false,
            "row": 2,
            "col": 2,
            "def": "Physically secure and certain, non-failing, reliable."
        },
        {
            "w": "USER",
            "v": true,
            "row": 2,
            "col": 0,
            "def": "One who uses or makes use of something, a consumer."
        },
        {
            "w": "SURGE",
            "v": true,
            "row": 2,
            "col": 2,
            "def": "A sudden rush, flood or increase which is transient."
        },
        {
            "w": "URGES",
            "v": false,
            "row": 0,
            "col": 1,
            "def": "Plural form of urge."
        },
        {
            "w": "RUG",
            "v": false,
            "row": 5,
            "col": 0,
            "def": "A partial covering for a floor."
        }
    ]
}