{
    "id": 4003,
    "sub_category": "Breeze Packx",
    "category": "Wind Group",
    "type": 0,
    "letters": "EEHRTT",
    "mov": 18,
    "shovels": 1,
    "coins": 5,
    "rows": 15,
    "cols": 15,
    "c": 0,
    "b": -1,
    "w": 9,
    "h": 7,
    "dws": [
        "ETH",
        "RET",
        "ETHE",
        "TEE",
        "TET",
        "REH",
        "TETH",
        "HET",
        "HETE",
        "RETE",
        "TEHR",
        "HER",
        "TRET",
        "THE",
        "TEER",
        "TETE",
        "ERE",
        "REE"
    ],
    "ws": [
        {
            "w": "HERE",
            "v": false,
            "row": 6,
            "col": 2,
            "def": "This place; this location."
        },
        {
            "w": "TREE",
            "v": false,
            "row": 3,
            "col": 0,
            "def": "A large plant, not exactly defined, but typically over four meters in height, a single trunk which grows in girth with age and branches (which also grow in circumference with age)."
        },
        {
            "w": "THEE",
            "v": false,
            "row": 0,
            "col": 3,
            "def": "Objective case of thou."
        },
        {
            "w": "TEETH",
            "v": true,
            "row": 3,
            "col": 7,
            "def": "Plural form of tooth."
        },
        {
            "w": "THERE",
            "v": true,
            "row": 3,
            "col": 0,
            "def": "In a place or location (stated, implied or otherwise indicated) at some distance from the speaker (compare here)."
        },
        {
            "w": "THREE",
            "v": false,
            "row": 4,
            "col": 3,
            "def": "A numerical value after two and before four. Represented in Arabic digits as 3."
        },
        {
            "w": "ETHER",
            "v": true,
            "row": 0,
            "col": 5,
            "def": "To viciously insult."
        },
        {
            "w": "TETHER",
            "v": true,
            "row": 2,
            "col": 3,
            "def": "A rope, cable etc. that holds something in place whilst allowing some movement."
        }
    ]
}