{
    "id": 4005,
    "sub_category": "Breeze Packx",
    "category": "Wind Group",
    "type": 0,
    "letters": "CELMOP",
    "mov": 20,
    "shovels": 1,
    "coins": 5,
    "rows": 15,
    "cols": 15,
    "c": 0,
    "b": -1,
    "w": 9,
    "h": 7,
    "dws": [
        "EMO",
        "MOPE",
        "ECO",
        "OPE",
        "ELM",
        "MOE",
        "COM",
        "OLM",
        "OLE",
        "PEL",
        "CEL",
        "PEC",
        "COL",
        "COLE",
        "MOC",
        "CLOMP",
        "CELOM",
        "MEL",
        "POME",
        "MOL",
        "OLPE",
        "POM",
        "POL",
        "LOME",
        "LEP",
        "CEP",
        "LOP",
        "CLEM",
        "CLOP"
    ],
    "ws": [
        {
            "w": "COP",
            "v": false,
            "row": 5,
            "col": 5,
            "def": "To (be forced to) take; to receive; to shoulder; to bear, especially blame or punishment for a particular instance of wrongdoing."
        },
        {
            "w": "MOP",
            "v": true,
            "row": 1,
            "col": 7,
            "def": "An implement for washing floors, or the like, made of a piece of cloth, or a collection of thrums, or coarse yarn, fastened to a handle."
        },
        {
            "w": "COME",
            "v": false,
            "row": 3,
            "col": 2,
            "def": "To move from further away to nearer to."
        },
        {
            "w": "COPE",
            "v": true,
            "row": 4,
            "col": 6,
            "def": "To deal effectively with something difficult."
        },
        {
            "w": "MOLE",
            "v": true,
            "row": 4,
            "col": 1,
            "def": "A pigmented spot on the skin, a naevus, slightly raised, and sometimes hairy."
        },
        {
            "w": "POEM",
            "v": false,
            "row": 1,
            "col": 4,
            "def": "A literary piece written in verse."
        },
        {
            "w": "POLE",
            "v": true,
            "row": 0,
            "col": 5,
            "def": "Originally, a stick; now specifically, a long and slender piece of metal or (especially) wood, used for various construction or support purposes."
        },
        {
            "w": "COMP",
            "v": false,
            "row": 5,
            "col": 0,
            "def": "A competition."
        },
        {
            "w": "LOPE",
            "v": false,
            "row": 7,
            "col": 3,
            "def": "To jump, leap."
        },
        {
            "w": "COMPEL",
            "v": true,
            "row": 2,
            "col": 3,
            "def": "(literally) To drive together, round up."
        }
    ]
}