{
    "id": 4031,
    "sub_category": "Gust Pack",
    "category": "Wind Group",
    "type": 0,
    "letters": "EIILLS",
    "mov": 16,
    "shovels": 1,
    "coins": 5,
    "rows": 15,
    "cols": 15,
    "c": 0,
    "b": -1,
    "w": 7,
    "h": 6,
    "dws": [
        "ELLS",
        "LIES",
        "SEI",
        "LES",
        "LISLE",
        "ILLS",
        "SEL",
        "LEI",
        "ELL",
        "ELS",
        "SEIL",
        "LEIS",
        "LIS",
        "SILE"
    ],
    "ws": [
        {
            "w": "ILL",
            "v": false,
            "row": 1,
            "col": 0,
            "def": "Extremely bad (bad enough to make one ill). Generally used indirectly with to be."
        },
        {
            "w": "LIE",
            "v": false,
            "row": 5,
            "col": 0,
            "def": "To be in a horizontal position."
        },
        {
            "w": "SELL",
            "v": true,
            "row": 1,
            "col": 4,
            "def": "To agree to transfer goods or provide services in exchange for money."
        },
        {
            "w": "ISLE",
            "v": false,
            "row": 4,
            "col": 2,
            "def": "An island."
        },
        {
            "w": "SILL",
            "v": true,
            "row": 0,
            "col": 0,
            "def": "A horizontal slat which forms the base of a window."
        },
        {
            "w": "LILIES",
            "v": true,
            "row": 1,
            "col": 2,
            "def": "Plural form of lily."
        }
    ]
}