{
    "id": 4033,
    "sub_category": "Air Packx",
    "category": "Wind Group",
    "type": 0,
    "letters": "CENSSU",
    "mov": 16,
    "shovels": 1,
    "coins": 5,
    "rows": 15,
    "cols": 15,
    "c": 0,
    "b": -1,
    "w": 7,
    "h": 6,
    "dws": [
        "NUS",
        "UNS",
        "CUE",
        "UNCES",
        "NESS",
        "SENS",
        "SUN",
        "SEN",
        "ECU",
        "ECUS",
        "SECS",
        "UNCE",
        "SUE",
        "CESS",
        "ESS",
        "CENS",
        "ENS",
        "SEC",
        "SCUSE",
        "SUS",
        "USE"
    ],
    "ws": [
        {
            "w": "CUES",
            "v": false,
            "row": 1,
            "col": 2,
            "def": "Plural form of cue."
        },
        {
            "w": "SUES",
            "v": false,
            "row": 5,
            "col": 1,
            "def": "Third-person singular simple present indicative form of sue."
        },
        {
            "w": "SUNS",
            "v": false,
            "row": 3,
            "col": 0,
            "def": "Plural form of sun."
        },
        {
            "w": "USES",
            "v": true,
            "row": 0,
            "col": 5,
            "def": "Plural form of use."
        },
        {
            "w": "CUSS",
            "v": true,
            "row": 0,
            "col": 0,
            "def": "To use cursing, to use bad language, to speak profanely."
        },
        {
            "w": "CENSUS",
            "v": true,
            "row": 1,
            "col": 2,
            "def": "An official count of members of a population (not necessarily human), usually residents or citizens in a particular region, often done at regular intervals."
        }
    ]
}