{
    "id": 4035,
    "sub_category": "Air Packx",
    "category": "Wind Group",
    "type": 0,
    "letters": "AGHTTU",
    "mov": 22,
    "shovels": 1,
    "coins": 5,
    "rows": 15,
    "cols": 15,
    "c": 0,
    "b": -1,
    "w": 8,
    "h": 8,
    "dws": [
        "GHAUT",
        "ATT",
        "UTA",
        "TUT",
        "TATU",
        "AUGHT",
        "GAT",
        "UGH",
        "TATH",
        "AUGH",
        "GUTTA",
        "GHAT",
        "GATH",
        "TUATH",
        "TAT",
        "GAU",
        "HAUT"
    ],
    "ws": [
        {
            "w": "GUT",
            "v": false,
            "row": 2,
            "col": 5,
            "def": "The alimentary canal, especially the intestine."
        },
        {
            "w": "HAT",
            "v": false,
            "row": 6,
            "col": 3,
            "def": "A covering for the head, often in the approximate form of a cone or a cylinder closed at its top end, and sometimes having a brim and other decoration."
        },
        {
            "w": "HUG",
            "v": false,
            "row": 4,
            "col": 5,
            "def": "An affectionate close embrace."
        },
        {
            "w": "HUT",
            "v": true,
            "row": 4,
            "col": 5,
            "def": "A small wooden shed."
        },
        {
            "w": "TAG",
            "v": true,
            "row": 0,
            "col": 5,
            "def": "A small label."
        },
        {
            "w": "TUG",
            "v": true,
            "row": 2,
            "col": 7,
            "def": "To pull or drag with great effort."
        },
        {
            "w": "HAG",
            "v": false,
            "row": 3,
            "col": 2,
            "def": "A witch, sorceress, or enchantress; also, a wizard."
        },
        {
            "w": "TAU",
            "v": false,
            "row": 0,
            "col": 5,
            "def": "The name of the letter T/\u03c4 in the Greek, Hebrew and ancient Semitic alphabets, being the nineteenth letter of the Classical and Modern Greek, the twentieth letter of Old and Ancient Greek."
        },
        {
            "w": "THAT",
            "v": false,
            "row": 7,
            "col": 0,
            "def": "The (thing) being indicated (at a distance from the speaker, or previously mentioned, or at another time)."
        },
        {
            "w": "THUG",
            "v": false,
            "row": 5,
            "col": 0,
            "def": "To commit acts of thuggery, to live the life of a thug, or to dress and act in a manner reminiscent of someone who does."
        },
        {
            "w": "TAUT",
            "v": true,
            "row": 2,
            "col": 0,
            "def": "Tight; under tension, as in a rope or bow string."
        },
        {
            "w": "TAUGHT",
            "v": true,
            "row": 2,
            "col": 3,
            "def": "Simple past tense and past participle of teach."
        }
    ]
}