{
    "id": 4041,
    "sub_category": "Air Packx",
    "category": "Wind Group",
    "type": 0,
    "letters": "AAGJRU",
    "mov": 18,
    "shovels": 1,
    "coins": 5,
    "rows": 15,
    "cols": 15,
    "c": 0,
    "b": -1,
    "w": 6,
    "h": 6,
    "dws": [
        "RUGA",
        "JURA",
        "GAR",
        "AGA",
        "GAUR",
        "GUAR",
        "GAU",
        "RAJ",
        "JUGA",
        "JAGA",
        "GJU",
        "GUR",
        "RAJA",
        "AUA",
        "RAGU",
        "AGAR",
        "RAGA",
        "AJUGA",
        "JAGRA"
    ],
    "ws": [
        {
            "w": "JAR",
            "v": false,
            "row": 0,
            "col": 3,
            "def": "To act in opposition or disagreement; to clash; to interfere; to quarrel; to dispute."
        },
        {
            "w": "JUG",
            "v": true,
            "row": 2,
            "col": 1,
            "def": "A serving vessel or container, circular in cross-section and typically higher than it is wide, with a relatively small mouth or spout, a handle and often a stopper or top."
        },
        {
            "w": "RAG",
            "v": true,
            "row": 5,
            "col": 5,
            "def": "A coarse kind of rock, somewhat cellular in texture; ragstone."
        },
        {
            "w": "RUG",
            "v": true,
            "row": 0,
            "col": 5,
            "def": "A partial covering for a floor."
        },
        {
            "w": "JAG",
            "v": false,
            "row": 2,
            "col": 3,
            "def": "A sharp projection."
        },
        {
            "w": "AURA",
            "v": false,
            "row": 3,
            "col": 0,
            "def": "Distinctive atmosphere or quality associated with something."
        },
        {
            "w": "AJAR",
            "v": false,
            "row": 6,
            "col": 3,
            "def": "Slightly turned or opened."
        },
        {
            "w": "JAGUAR",
            "v": true,
            "row": 2,
            "col": 3,
            "def": "A carnivorous spotted large cat native to South and Central America. Scientific name: Panthera onca."
        }
    ]
}