{
    "id": 4057,
    "sub_category": "Gale Pack",
    "category": "Wind Group",
    "type": 0,
    "letters": "AADFIR",
    "mov": 22,
    "shovels": 1,
    "coins": 5,
    "rows": 15,
    "cols": 15,
    "c": 0,
    "b": -1,
    "w": 8,
    "h": 8,
    "dws": [
        "RIA",
        "RAI",
        "RIAD",
        "FAA",
        "FID",
        "ARIA",
        "DARI",
        "ARD",
        "ARF",
        "DIF",
        "FARAD",
        "RIF",
        "FARD",
        "FIAR",
        "RAIA",
        "FRA",
        "AIA",
        "DARAF"
    ],
    "ws": [
        {
            "w": "AID",
            "v": false,
            "row": 7,
            "col": 0,
            "def": "Help; assistance; succor, relief."
        },
        {
            "w": "AIR",
            "v": false,
            "row": 4,
            "col": 0,
            "def": "The atmospheric substance above the surface of the earth which animals breathe, formerly considered to be a single substance, one of the four basic elements of ancient philosophy and one of the five basic elements of Eastern traditions."
        },
        {
            "w": "FAD",
            "v": false,
            "row": 3,
            "col": 4,
            "def": "A phenomenon that becomes popular for a very short time."
        },
        {
            "w": "FAR",
            "v": true,
            "row": 3,
            "col": 0,
            "def": "Remote in space."
        },
        {
            "w": "FIR",
            "v": true,
            "row": 0,
            "col": 1,
            "def": "A conifer of the genus Abies."
        },
        {
            "w": "RID",
            "v": true,
            "row": 0,
            "col": 3,
            "def": "Released from an obligation, problem, etc. (usually followed by \"of\")."
        },
        {
            "w": "RAD",
            "v": false,
            "row": 2,
            "col": 1,
            "def": "Excellent, short for radical."
        },
        {
            "w": "FAIR",
            "v": true,
            "row": 3,
            "col": 4,
            "def": "Beautiful, of a pleasing appearance, with a pure and fresh quality."
        },
        {
            "w": "RAID",
            "v": true,
            "row": 0,
            "col": 6,
            "def": "A hostile or predatory incursion; an inroad or incursion of mounted men; a sudden and rapid invasion by a cavalry force; a foray."
        },
        {
            "w": "AFAR",
            "v": false,
            "row": 0,
            "col": 0,
            "def": "At, to, or from a great distance; far away."
        },
        {
            "w": "ARID",
            "v": false,
            "row": 5,
            "col": 2,
            "def": "Very dry."
        },
        {
            "w": "AFRAID",
            "v": true,
            "row": 2,
            "col": 2,
            "def": "Impressed with fear or apprehension; in fear."
        }
    ]
}