{
    "id": 4073,
    "sub_category": "Whisk Pack",
    "category": "Wind Group",
    "type": 0,
    "letters": "CEILLO",
    "mov": 16,
    "shovels": 1,
    "coins": 5,
    "rows": 15,
    "cols": 15,
    "c": 0,
    "b": -1,
    "w": 7,
    "h": 6,
    "dws": [
        "CIEL",
        "LICE",
        "ECO",
        "COLL",
        "LEI",
        "LIE",
        "CELLI",
        "CEIL",
        "OLE",
        "CEL",
        "ELL",
        "OCELLI",
        "COL",
        "OLLIE",
        "COLE",
        "LOL",
        "LOCI",
        "LOCIE",
        "OLEIC",
        "ICE",
        "LILO",
        "CILL",
        "COLLIE",
        "CELLO",
        "CELL",
        "COIL",
        "ILL",
        "OIL"
    ],
    "ws": []
}