{
    "id": 409,
    "sub_category": "Chill Pack",
    "category": "Winter Group",
    "type": 0,
    "letters": "ADDDEP",
    "mov": 18,
    "shovels": 1,
    "coins": 5,
    "rows": 15,
    "cols": 15,
    "c": 0,
    "b": -1,
    "w": 7,
    "h": 7,
    "dws": [
        "DAE",
        "DAP",
        "DEP",
        "APED",
        "PED"
    ],
    "ws": [
        {
            "w": "ADD",
            "v": false,
            "row": 5,
            "col": 0,
            "def": "To join or unite, as one thing to another, or as several particulars, so as to increase the number, augment the quantity, or enlarge the magnitude, or so as to form into one aggregate. Hence: To sum up; to put together mentally."
        },
        {
            "w": "APE",
            "v": true,
            "row": 5,
            "col": 0,
            "def": "A primate of the clade Hominoidea, generally larger than monkeys and distinguished from them by having no tail."
        },
        {
            "w": "DAD",
            "v": true,
            "row": 0,
            "col": 6,
            "def": "A father, a male parent."
        },
        {
            "w": "PAD",
            "v": false,
            "row": 2,
            "col": 4,
            "def": "A flattened mass of anything soft, to sit or lie on."
        },
        {
            "w": "PEA",
            "v": true,
            "row": 2,
            "col": 4,
            "def": "A plant, member of the legume (Fabaceae) family."
        },
        {
            "w": "DEAD",
            "v": false,
            "row": 4,
            "col": 2,
            "def": "No longer living."
        },
        {
            "w": "ADDED",
            "v": false,
            "row": 0,
            "col": 2,
            "def": "Simple past tense and past participle of add."
        },
        {
            "w": "PADDED",
            "v": true,
            "row": 2,
            "col": 2,
            "def": "Having padding."
        }
    ]
}