{
    "id": 4090,
    "sub_category": "Sand Packx",
    "category": "Shore Group",
    "type": 0,
    "letters": "CDEIPS",
    "mov": 24,
    "shovels": 1,
    "coins": 5,
    "rows": 15,
    "cols": 15,
    "c": 0,
    "b": -1,
    "w": 11,
    "h": 10,
    "dws": [
        "PIE",
        "PISE",
        "DICES",
        "PEDS",
        "SIC",
        "DIE",
        "SEI",
        "SPIE",
        "SIPE",
        "DEPS",
        "CIDS",
        "CID",
        "SED",
        "SIPED",
        "DEP",
        "PSI",
        "PES",
        "PIS",
        "SICE",
        "CEDIS",
        "DESI",
        "SIP",
        "PECS",
        "PEC",
        "SPIDE",
        "DIP",
        "DEI",
        "PED",
        "IDE",
        "IDES",
        "CIS",
        "SPIC",
        "CIDES",
        "PIED",
        "EPICS",
        "ICE",
        "DIS",
        "CEPS",
        "SEPIC",
        "SEC",
        "CEDI",
        "PICE",
        "EDS",
        "IDS",
        "DIES",
        "CEP",
        "PIC"
    ],
    "ws": [
        {
            "w": "DICE",
            "v": true,
            "row": 0,
            "col": 2,
            "def": "Plural form of die."
        },
        {
            "w": "DIPS",
            "v": false,
            "row": 9,
            "col": 4,
            "def": "Plural form of dip."
        },
        {
            "w": "DISC",
            "v": false,
            "row": 0,
            "col": 5,
            "def": "A thin, flat, circular plate or similar object."
        },
        {
            "w": "EPIC",
            "v": false,
            "row": 7,
            "col": 5,
            "def": "An extended narrative poem in elevated or dignified language, celebrating the feats of a deity or demigod (heroic epic) or other legendary or traditional hero."
        },
        {
            "w": "ICED",
            "v": false,
            "row": 6,
            "col": 2,
            "def": "With ice added."
        },
        {
            "w": "ICES",
            "v": true,
            "row": 5,
            "col": 0,
            "def": "Plural form of ice."
        },
        {
            "w": "PIES",
            "v": false,
            "row": 3,
            "col": 0,
            "def": "Plural form of pie."
        },
        {
            "w": "SIDE",
            "v": true,
            "row": 4,
            "col": 5,
            "def": "A bounding straight edge of a two-dimensional shape."
        },
        {
            "w": "PICS",
            "v": true,
            "row": 6,
            "col": 7,
            "def": "Plural form of pic."
        },
        {
            "w": "SPED",
            "v": false,
            "row": 8,
            "col": 0,
            "def": "Simple past tense and past participle of speed."
        },
        {
            "w": "SPEC",
            "v": false,
            "row": 4,
            "col": 5,
            "def": "Short form of specification."
        },
        {
            "w": "SPICE",
            "v": true,
            "row": 0,
            "col": 7,
            "def": "Plant matter (usually dried) used to season or flavour food."
        },
        {
            "w": "SPIED",
            "v": false,
            "row": 1,
            "col": 0,
            "def": "Simple past tense and past participle of spy."
        },
        {
            "w": "SPICED",
            "v": true,
            "row": 3,
            "col": 3,
            "def": "Having spice added, spicy."
        }
    ]
}