{
    "id": 4091,
    "sub_category": "Sand Packx",
    "category": "Shore Group",
    "type": 0,
    "letters": "CEFIKL",
    "mov": 20,
    "shovels": 1,
    "coins": 5,
    "rows": 15,
    "cols": 15,
    "c": 0,
    "b": -1,
    "w": 8,
    "h": 8,
    "dws": [
        "FLIC",
        "CIEL",
        "KIF",
        "LICE",
        "LEI",
        "LIE",
        "CEIL",
        "KIEF",
        "LIEF",
        "CLEF",
        "CEL",
        "FILK",
        "FIKE",
        "CLEIK",
        "FIL",
        "ICE",
        "FECK",
        "EIK",
        "FICE",
        "ICK",
        "KEF",
        "FIE",
        "ICKLE",
        "LEK"
    ],
    "ws": [
        {
            "w": "ELF",
            "v": true,
            "row": 5,
            "col": 0,
            "def": "A mythical, supernatural being resembling but seen as distinct from humans."
        },
        {
            "w": "ELK",
            "v": false,
            "row": 4,
            "col": 5,
            "def": "The largest member of the deer family (Alces alces); a moose."
        },
        {
            "w": "ILK",
            "v": false,
            "row": 1,
            "col": 0,
            "def": "The same."
        },
        {
            "w": "FILE",
            "v": false,
            "row": 7,
            "col": 0,
            "def": "A collection of papers collated and archived together."
        },
        {
            "w": "LICK",
            "v": false,
            "row": 6,
            "col": 3,
            "def": "To stroke with the tongue."
        },
        {
            "w": "LIFE",
            "v": true,
            "row": 1,
            "col": 1,
            "def": "The state that follows birth, and precedes death; the state of being alive and living."
        },
        {
            "w": "LIKE",
            "v": true,
            "row": 1,
            "col": 5,
            "def": "To please."
        },
        {
            "w": "FLICK",
            "v": false,
            "row": 3,
            "col": 1,
            "def": "A short, quick movement, especially a brush, sweep, or flip."
        },
        {
            "w": "FLECK",
            "v": true,
            "row": 0,
            "col": 7,
            "def": "A flake."
        },
        {
            "w": "FICKLE",
            "v": true,
            "row": 2,
            "col": 3,
            "def": "Quick to change one's opinion or allegiance; insincere; not loyal or reliable."
        }
    ]
}