{
    "id": 4130,
    "sub_category": "Tide Pack",
    "category": "Shore Group",
    "type": 0,
    "letters": "EEPPST",
    "mov": 18,
    "shovels": 1,
    "coins": 5,
    "rows": 15,
    "cols": 15,
    "c": 0,
    "b": -1,
    "w": 9,
    "h": 7,
    "dws": [
        "EST",
        "PET",
        "TEE",
        "ESE",
        "SET",
        "PEPS",
        "TES",
        "SEPT",
        "SPET",
        "PEES",
        "PEE",
        "PES",
        "PST",
        "STEE",
        "SEE",
        "PEP",
        "PEEPS"
    ],
    "ws": [
        {
            "w": "PEST",
            "v": false,
            "row": 7,
            "col": 1,
            "def": "A plague, pestilence, epidemic."
        },
        {
            "w": "PETS",
            "v": false,
            "row": 0,
            "col": 1,
            "def": "Plural form of pet."
        },
        {
            "w": "STEP",
            "v": true,
            "row": 0,
            "col": 4,
            "def": "To move the foot in walking; to advance or recede by raising and moving one of the feet to another resting place, or by moving both feet in succession."
        },
        {
            "w": "TEES",
            "v": true,
            "row": 1,
            "col": 0,
            "def": "Plural form of tee."
        },
        {
            "w": "PEEP",
            "v": true,
            "row": 2,
            "col": 6,
            "def": "A quiet sound, particularly one from a baby bird."
        },
        {
            "w": "SEEP",
            "v": false,
            "row": 4,
            "col": 0,
            "def": "A small spring, pool, or other place where liquid from the ground (e.g. water, petroleum or tar) has oozed to the surface."
        },
        {
            "w": "STEEP",
            "v": false,
            "row": 2,
            "col": 2,
            "def": "Of a near-vertical gradient; of a slope, surface, curve, etc. that proceeds upward at an angle near vertical."
        },
        {
            "w": "STEPPE",
            "v": true,
            "row": 2,
            "col": 2,
            "def": "The grasslands of Eastern Europe and Asia. Similar to (US) prairie and (African) savannah."
        }
    ]
}