{
    "id": 4134,
    "sub_category": "Tide Pack",
    "category": "Shore Group",
    "type": 0,
    "letters": "HNORTW",
    "mov": 30,
    "shovels": 1,
    "coins": 5,
    "rows": 15,
    "cols": 15,
    "c": 0,
    "b": -1,
    "w": 14,
    "h": 11,
    "dws": [
        "OWT",
        "ROT",
        "WROTH",
        "WONT",
        "THO",
        "TRON",
        "WHOT",
        "WORT",
        "HON",
        "TOR",
        "RHO",
        "NOH",
        "TROW",
        "NOWT",
        "HOT",
        "THRO",
        "THON",
        "WOT",
        "ROWT",
        "ROWTH",
        "WHORT",
        "ORT",
        "NTH",
        "RONT",
        "NORTH",
        "HORN",
        "WORN",
        "HOW",
        "NOR"
    ],
    "ws": [
        {
            "w": "NOT",
            "v": true,
            "row": 3,
            "col": 7,
            "def": "Negates the meaning of the modified verb."
        },
        {
            "w": "NOW",
            "v": true,
            "row": 7,
            "col": 0,
            "def": "Present; current."
        },
        {
            "w": "OWN",
            "v": true,
            "row": 5,
            "col": 8,
            "def": "To have rightful possession of (property, goods or capital); \"To possess by right; to have the right of property in; to have the legal right or rightful title to.\" (Ref 1)."
        },
        {
            "w": "ROW",
            "v": true,
            "row": 1,
            "col": 6,
            "def": "A line of objects, often regularly spaced, such as seats in a theatre, vegetable plants in a garden etc."
        },
        {
            "w": "TON",
            "v": false,
            "row": 5,
            "col": 7,
            "def": "A unit of weight (mass) equal to 2240 pounds (a long ton) or 2000 pounds (a short ton) or 1000 kilograms (a metric ton)."
        },
        {
            "w": "TOW",
            "v": false,
            "row": 6,
            "col": 3,
            "def": "To pull something behind one using a line or chain; to haul."
        },
        {
            "w": "TWO",
            "v": true,
            "row": 7,
            "col": 2,
            "def": "Describing a set or group with two components."
        },
        {
            "w": "WHO",
            "v": false,
            "row": 9,
            "col": 0,
            "def": "What person or people; which person or people (used in a direct or indirect question)."
        },
        {
            "w": "WON",
            "v": false,
            "row": 8,
            "col": 2,
            "def": "Simple past tense and past participle of win."
        },
        {
            "w": "TORN",
            "v": true,
            "row": 2,
            "col": 9,
            "def": "Past participle of tear (rip, rend, speed)."
        },
        {
            "w": "TOWN",
            "v": false,
            "row": 3,
            "col": 4,
            "def": "A settlement; an area with residential districts, shops and amenities, and its own local government; especially one larger than a village and smaller than a city."
        },
        {
            "w": "THROW",
            "v": true,
            "row": 0,
            "col": 0,
            "def": "To cause an object to move rapidly through the air."
        },
        {
            "w": "WORTH",
            "v": false,
            "row": 4,
            "col": 0,
            "def": "Having a value of; proper to be exchanged for."
        },
        {
            "w": "THORN",
            "v": false,
            "row": 1,
            "col": 3,
            "def": "A sharp protective spine of a plant."
        },
        {
            "w": "THROWN",
            "v": true,
            "row": 3,
            "col": 4,
            "def": "Past participle of throw."
        }
    ]
}