{
    "id": 4137,
    "sub_category": "Tide Pack",
    "category": "Shore Group",
    "type": 0,
    "letters": "AACILR",
    "mov": 18,
    "shovels": 1,
    "coins": 5,
    "rows": 15,
    "cols": 15,
    "c": 0,
    "b": -1,
    "w": 7,
    "h": 7,
    "dws": [
        "CARL",
        "RAI",
        "CRAAL",
        "LAIC",
        "ALAR",
        "CAA",
        "RAIA",
        "RIA",
        "CRIA",
        "ARIA",
        "CIRL",
        "ACAI",
        "CAL",
        "AIA",
        "ARIL",
        "AAL",
        "LAARI",
        "LIRA",
        "RACA",
        "ALA",
        "RIAL",
        "LAR",
        "LAC",
        "LARI",
        "ACARI"
    ],
    "ws": [
        {
            "w": "AIR",
            "v": false,
            "row": 3,
            "col": 2,
            "def": "The atmospheric substance above the surface of the earth which animals breathe, formerly considered to be a single substance, one of the four basic elements of ancient philosophy and one of the five basic elements of Eastern traditions."
        },
        {
            "w": "ARC",
            "v": true,
            "row": 4,
            "col": 0,
            "def": "A directed edge."
        },
        {
            "w": "CAR",
            "v": false,
            "row": 2,
            "col": 0,
            "def": "A wheeled vehicle, drawn by a horse or other animal."
        },
        {
            "w": "AIL",
            "v": false,
            "row": 1,
            "col": 4,
            "def": "Painful; troublesome."
        },
        {
            "w": "LIAR",
            "v": false,
            "row": 7,
            "col": 2,
            "def": "One who tells lies."
        },
        {
            "w": "RAIL",
            "v": false,
            "row": 5,
            "col": 0,
            "def": "A horizontal bar extending between supports and used for support or as a barrier; a railing."
        },
        {
            "w": "LAIR",
            "v": true,
            "row": 0,
            "col": 4,
            "def": "A place inhabited by a wild animal, often a cave or a hole in the ground."
        },
        {
            "w": "RACIAL",
            "v": true,
            "row": 2,
            "col": 2,
            "def": "Of or relating to a race or a people."
        }
    ]
}