{
    "id": 414,
    "sub_category": "Chill Pack",
    "category": "Winter Group",
    "type": 0,
    "letters": "AGGHSY",
    "mov": 24,
    "shovels": 1,
    "coins": 5,
    "rows": 15,
    "cols": 15,
    "c": 0,
    "b": -1,
    "w": 9,
    "h": 9,
    "dws": [
        "HAGGS",
        "GAGS",
        "YAS",
        "YAH",
        "YAGS",
        "HAGG",
        "YAG",
        "SHA",
        "HAGS",
        "AGS",
        "AHS",
        "GAY",
        "GAYS",
        "HAYS",
        "YAHS",
        "SAGY",
        "SHAY",
        "AYS"
    ],
    "ws": [
        {
            "w": "ASH",
            "v": false,
            "row": 4,
            "col": 2,
            "def": "The solid remains of a fire."
        },
        {
            "w": "GAG",
            "v": false,
            "row": 5,
            "col": 0,
            "def": "A device to restrain speech, such as a rag in the mouth secured with tape or a rubber ball threaded onto a cord or strap."
        },
        {
            "w": "GAS",
            "v": false,
            "row": 2,
            "col": 0,
            "def": "Matter in a state intermediate between liquid and plasma that can be contained only if it is fully surrounded by a solid (or held together by gravitational pull); it can condense into a liquid, or can (rarely) become a solid directly."
        },
        {
            "w": "HAS",
            "v": true,
            "row": 7,
            "col": 1,
            "def": "Third-person singular simple present indicative form of have."
        },
        {
            "w": "HAY",
            "v": true,
            "row": 1,
            "col": 8,
            "def": "Grass cut and dried for use as animal fodder."
        },
        {
            "w": "SAY",
            "v": false,
            "row": 0,
            "col": 0,
            "def": "To pronounce."
        },
        {
            "w": "SHY",
            "v": false,
            "row": 1,
            "col": 7,
            "def": "Easily frightened; timid."
        },
        {
            "w": "HAG",
            "v": false,
            "row": 6,
            "col": 6,
            "def": "A witch, sorceress, or enchantress; also, a wizard."
        },
        {
            "w": "SAG",
            "v": true,
            "row": 0,
            "col": 0,
            "def": "The state of sinking or bending; sagging."
        },
        {
            "w": "ASHY",
            "v": false,
            "row": 8,
            "col": 1,
            "def": "Having the color of ashes."
        },
        {
            "w": "GASH",
            "v": true,
            "row": 3,
            "col": 6,
            "def": "A deep cut."
        },
        {
            "w": "SHAG",
            "v": true,
            "row": 2,
            "col": 2,
            "def": "Matted material; rough massed hair, fibres etc."
        },
        {
            "w": "SAGGY",
            "v": false,
            "row": 3,
            "col": 4,
            "def": "Baggy or loose-fitting."
        },
        {
            "w": "SHAGGY",
            "v": true,
            "row": 3,
            "col": 4,
            "def": "Rough with long or thick hair, fur or wool; unshaven, ungroomed, or unbrushed."
        }
    ]
}