{
    "id": 416,
    "sub_category": "Chill Pack",
    "category": "Winter Group",
    "type": 0,
    "letters": "DEEGRV",
    "mov": 22,
    "shovels": 1,
    "coins": 5,
    "rows": 15,
    "cols": 15,
    "c": 0,
    "b": -1,
    "w": 10,
    "h": 8,
    "dws": [
        "REG",
        "DERE",
        "GREVE",
        "ERE",
        "DEV",
        "EREV",
        "VEE",
        "ERG",
        "ERED",
        "DREG",
        "GED",
        "GREE",
        "DEE",
        "DEEV",
        "REV",
        "VERD",
        "VEG",
        "DERV",
        "DREE",
        "GEED",
        "GERE",
        "EGRE",
        "REE",
        "GER",
        "REDE",
        "EGER",
        "DEG"
    ],
    "ws": [
        {
            "w": "EVE",
            "v": false,
            "row": 6,
            "col": 3,
            "def": "The day or night before, usually used for holidays, such as Christmas Eve."
        },
        {
            "w": "GEE",
            "v": true,
            "row": 0,
            "col": 4,
            "def": "A general exclamation of surprise or frustration."
        },
        {
            "w": "RED",
            "v": false,
            "row": 7,
            "col": 5,
            "def": "Having red as its colour."
        },
        {
            "w": "DEER",
            "v": false,
            "row": 4,
            "col": 0,
            "def": "A beast, usually a quadruped as opposed to birds, fish, etc."
        },
        {
            "w": "EDGE",
            "v": true,
            "row": 4,
            "col": 1,
            "def": "The boundary line of a surface."
        },
        {
            "w": "EVER",
            "v": true,
            "row": 2,
            "col": 7,
            "def": "Always."
        },
        {
            "w": "REED",
            "v": false,
            "row": 7,
            "col": 0,
            "def": "Any of various types of tall stiff perennial grass-like plants growing together in groups near water."
        },
        {
            "w": "VEER",
            "v": true,
            "row": 4,
            "col": 5,
            "def": "A turn or swerve; an instance of veering."
        },
        {
            "w": "GREED",
            "v": true,
            "row": 0,
            "col": 0,
            "def": "A selfish or excessive desire for more than is needed or deserved, especially of money, wealth, food, or other possessions."
        },
        {
            "w": "VERGE",
            "v": false,
            "row": 2,
            "col": 3,
            "def": "A rod or staff of office, e.g. of a verger."
        },
        {
            "w": "EDGER",
            "v": false,
            "row": 0,
            "col": 2,
            "def": "A tool that is used to trim the edges of a lawn."
        },
        {
            "w": "VERGED",
            "v": true,
            "row": 2,
            "col": 3,
            "def": "Simple past tense and past participle of verge."
        }
    ]
}