{
    "id": 4181,
    "sub_category": "Chasm Pack",
    "category": "Ravine Group",
    "type": 0,
    "letters": "HOOTTY",
    "mov": 20,
    "shovels": 1,
    "coins": 5,
    "rows": 15,
    "cols": 15,
    "c": 0,
    "b": -1,
    "w": 8,
    "h": 7,
    "dws": [
        "OHO",
        "HOTTY",
        "HOY",
        "TOYO",
        "HOOTY",
        "OOT",
        "TOHO",
        "OTTO",
        "THO",
        "HOO"
    ],
    "ws": [
        {
            "w": "HOT",
            "v": true,
            "row": 3,
            "col": 0,
            "def": "Of an object, having a high temperature."
        },
        {
            "w": "TOO",
            "v": true,
            "row": 4,
            "col": 5,
            "def": "Likewise."
        },
        {
            "w": "TOY",
            "v": false,
            "row": 1,
            "col": 5,
            "def": "An inferior graffiti artist."
        },
        {
            "w": "OOH",
            "v": true,
            "row": 5,
            "col": 1,
            "def": "An expression of surprise."
        },
        {
            "w": "THY",
            "v": false,
            "row": 4,
            "col": 5,
            "def": "That belongs to thee; the possessive form of thou."
        },
        {
            "w": "TOT",
            "v": false,
            "row": 3,
            "col": 2,
            "def": "A small child."
        },
        {
            "w": "HOOT",
            "v": false,
            "row": 6,
            "col": 3,
            "def": "A derisive cry or shout."
        },
        {
            "w": "TOOT",
            "v": false,
            "row": 5,
            "col": 0,
            "def": "The noise of a horn or whistle."
        },
        {
            "w": "TOOTH",
            "v": true,
            "row": 0,
            "col": 6,
            "def": "A hard, calcareous structure present in the mouth of many vertebrate animals, generally used for eating."
        },
        {
            "w": "TOOTHY",
            "v": true,
            "row": 2,
            "col": 3,
            "def": "Having prominent teeth."
        }
    ]
}