{
    "id": 420,
    "sub_category": "Bite Pack",
    "category": "Winter Group",
    "type": 0,
    "letters": "CEIKRT",
    "mov": 20,
    "shovels": 1,
    "coins": 5,
    "rows": 15,
    "cols": 15,
    "c": 0,
    "b": -1,
    "w": 10,
    "h": 8,
    "dws": [
        "REC",
        "RET",
        "RIT",
        "KIER",
        "TRECK",
        "RECTI",
        "TIC",
        "CRIT",
        "KIT",
        "REI",
        "TRICE",
        "TIKE",
        "IRK",
        "KEIR",
        "RICE",
        "RECK",
        "TIK",
        "TEC",
        "REIK",
        "CIRE",
        "ICKER",
        "CIT",
        "ETIC",
        "TICE",
        "TIE",
        "KIR",
        "TRIE",
        "KET",
        "ERIC",
        "ICE",
        "ICER",
        "RICK",
        "RECIT",
        "EIK",
        "CERT",
        "ICK",
        "CITER",
        "ERK",
        "KITER",
        "IRE",
        "TICKER",
        "TRICK",
        "TRIKE",
        "CITE",
        "KITE",
        "TICK",
        "TIRE",
        "TREK",
        "RITE",
        "TIER"
    ],
    "ws": []
}