{
    "id": 4232,
    "sub_category": "Depth Packx",
    "category": "Ravine Group",
    "type": 0,
    "letters": "INOPTY",
    "mov": 30,
    "shovels": 1,
    "coins": 5,
    "rows": 15,
    "cols": 15,
    "c": 0,
    "b": -1,
    "w": 12,
    "h": 11,
    "dws": [
        "YON",
        "POYNT",
        "PIT",
        "NIT",
        "PONT",
        "PINY",
        "TONY",
        "TOPI",
        "PITON",
        "PYIN",
        "ION",
        "NOY",
        "TYIN",
        "PIOY",
        "POI",
        "PYOT",
        "YIP",
        "TIYN",
        "YONI",
        "OINT",
        "POTIN",
        "PIONY",
        "TIN",
        "PONTY",
        "ONY",
        "YONT",
        "PION",
        "INTO",
        "PONY",
        "NOT",
        "POT",
        "OPT"
    ],
    "ws": [
        {
            "w": "PIN",
            "v": false,
            "row": 8,
            "col": 5,
            "def": "A small device, made (usually) of drawn-out steel wire with one end sharpened and the other flattened or rounded into a head, used for fastening."
        },
        {
            "w": "TIP",
            "v": false,
            "row": 5,
            "col": 1,
            "def": "A particular arena or sphere of interest; a front."
        },
        {
            "w": "TON",
            "v": true,
            "row": 0,
            "col": 7,
            "def": "A unit of weight (mass) equal to 2240 pounds (a long ton) or 2000 pounds (a short ton) or 1000 kilograms (a metric ton)."
        },
        {
            "w": "TOP",
            "v": true,
            "row": 3,
            "col": 6,
            "def": "That part of an object furthest away in the opposite direction from that in which an unsupported object would fall."
        },
        {
            "w": "TOY",
            "v": false,
            "row": 8,
            "col": 0,
            "def": "An inferior graffiti artist."
        },
        {
            "w": "NIP",
            "v": true,
            "row": 0,
            "col": 1,
            "def": "A small quantity of something edible or a potable liquor."
        },
        {
            "w": "YIN",
            "v": true,
            "row": 6,
            "col": 7,
            "def": "The essential female principle in some Eastern religions and philosophies."
        },
        {
            "w": "PINT",
            "v": false,
            "row": 0,
            "col": 4,
            "def": "A unit of volume, equivalent to 1/8 of a gallon or 16 ounces."
        },
        {
            "w": "PITY",
            "v": true,
            "row": 6,
            "col": 0,
            "def": "A feeling of sympathy at the misfortune or suffering of someone or something."
        },
        {
            "w": "TINY",
            "v": false,
            "row": 7,
            "col": 2,
            "def": "Very small."
        },
        {
            "w": "TYPO",
            "v": true,
            "row": 6,
            "col": 5,
            "def": "A compositor; a typographer."
        },
        {
            "w": "POINT",
            "v": true,
            "row": 0,
            "col": 4,
            "def": "A discrete division of something."
        },
        {
            "w": "PINTO",
            "v": false,
            "row": 1,
            "col": 0,
            "def": "A horse with a patchy coloration that includes white."
        },
        {
            "w": "PINOT",
            "v": false,
            "row": 3,
            "col": 2,
            "def": "Any of several grape varieties grown in Europe and North America."
        },
        {
            "w": "POINTY",
            "v": true,
            "row": 3,
            "col": 2,
            "def": "Pointed in shape, having a point or points."
        }
    ]
}