{
    "id": 4252,
    "sub_category": "Grass Packx",
    "category": "Botanical Group",
    "type": 0,
    "letters": "ADEELR",
    "mov": 30,
    "shovels": 1,
    "coins": 5,
    "rows": 15,
    "cols": 15,
    "c": 0,
    "b": -1,
    "w": 12,
    "h": 11,
    "dws": [
        "DARE",
        "RADE",
        "LEED",
        "EEL",
        "DERE",
        "LARE",
        "ARD",
        "ERE",
        "LADE",
        "EARD",
        "DEARE",
        "DAE",
        "EARED",
        "ERED",
        "LADER",
        "LAREE",
        "RALE",
        "DALE",
        "DEE",
        "LEA",
        "EALE",
        "ALEE",
        "AREDE",
        "ELD",
        "LAER",
        "LAD",
        "DREE",
        "REDEAL",
        "LEE",
        "ARLE",
        "LEAR",
        "LERED",
        "LED",
        "REE",
        "LAR",
        "ARED",
        "LEDE",
        "REAL",
        "REDE",
        "DAL",
        "DELE",
        "LERE",
        "DEL",
        "ALDER",
        "DEAR",
        "DEER",
        "RED",
        "RAD"
    ],
    "ws": [
        {
            "w": "ALE",
            "v": true,
            "row": 4,
            "col": 6,
            "def": "An intoxicating liquor made from an infusion of malt by fermentation and the addition of a bitter, usually hops."
        },
        {
            "w": "ARE",
            "v": true,
            "row": 1,
            "col": 2,
            "def": "Second-person singular simple present tense of be."
        },
        {
            "w": "EAR",
            "v": false,
            "row": 8,
            "col": 2,
            "def": "The organ of hearing, consisting of the pinna, auditory canal, eardrum, malleus, incus, stapes and cochlea."
        },
        {
            "w": "ERA",
            "v": false,
            "row": 4,
            "col": 4,
            "def": "A time period of indeterminate length, generally more than one year."
        },
        {
            "w": "DEAL",
            "v": false,
            "row": 6,
            "col": 1,
            "def": "A division, a portion, a share."
        },
        {
            "w": "EARL",
            "v": true,
            "row": 0,
            "col": 7,
            "def": "A British nobleman next in rank above a viscount and below a marquess; equivalent to a European count. A female using the style is termed a countess."
        },
        {
            "w": "LEAD",
            "v": false,
            "row": 1,
            "col": 0,
            "def": "A heavy, pliable, inelastic metal element, having a bright, bluish color, but easily tarnished; both malleable and ductile, though with little tenacity. It is easily fusible, forms alloys with other metals, and is an ingredient of solder and type metal. Atomic number 82, symbol Pb (from Latin plumbum)."
        },
        {
            "w": "READ",
            "v": true,
            "row": 3,
            "col": 1,
            "def": "A reading or an act of reading, especially an actor's part of a play."
        },
        {
            "w": "REED",
            "v": false,
            "row": 3,
            "col": 1,
            "def": "Any of various types of tall stiff perennial grass-like plants growing together in groups near water."
        },
        {
            "w": "REEL",
            "v": false,
            "row": 0,
            "col": 6,
            "def": "A lively dance of the Highlanders of Scotland; also, the music to the dance; -- often called Scotch reel."
        },
        {
            "w": "LEER",
            "v": false,
            "row": 5,
            "col": 6,
            "def": "A significant side glance; a glance expressive of some passion, as malignity, amorousness, etc.; a sly or lecherous look."
        },
        {
            "w": "LARD",
            "v": false,
            "row": 9,
            "col": 6,
            "def": "Fat from the abdomen of a pig, especially as prepared for use in cooking or pharmacy."
        },
        {
            "w": "ELDER",
            "v": true,
            "row": 5,
            "col": 8,
            "def": "Comparative of old; greater than another in age or seniority."
        },
        {
            "w": "DEALER",
            "v": true,
            "row": 3,
            "col": 4,
            "def": "One who deals things, especially automobiles; a middleman."
        },
        {
            "w": "LEADER",
            "v": true,
            "row": 0,
            "col": 9,
            "def": "Any person or thing that leads or conducts."
        }
    ]
}