{
    "id": 4262,
    "sub_category": "Vine Packx",
    "category": "Botanical Group",
    "type": 0,
    "letters": "DEIKNW",
    "mov": 22,
    "shovels": 1,
    "coins": 5,
    "rows": 15,
    "cols": 15,
    "c": 0,
    "b": -1,
    "w": 11,
    "h": 8,
    "dws": [
        "WINED",
        "DIE",
        "NID",
        "NIDE",
        "NEK",
        "WIN",
        "WED",
        "END",
        "WEID",
        "WEND",
        "DIN",
        "DEN",
        "DWINE",
        "NIED",
        "DEI",
        "KED",
        "IDE",
        "NIE",
        "DEW",
        "KID",
        "INK",
        "NEW",
        "NED",
        "EIK",
        "WEN",
        "EWK",
        "DENI",
        "KIN",
        "INDEW",
        "KINE",
        "KEN",
        "WINKED",
        "INKED",
        "WIDEN",
        "DINE",
        "KIND",
        "KNEW",
        "WIDE",
        "WIND",
        "WINE",
        "WINK",
        "DIKE",
        "DINK"
    ],
    "ws": []
}