{
    "id": 4312,
    "sub_category": "Tree Pack",
    "category": "Botanical Group",
    "type": 0,
    "letters": "ACILNO",
    "mov": 26,
    "shovels": 1,
    "coins": 5,
    "rows": 15,
    "cols": 15,
    "c": 0,
    "b": -1,
    "w": 11,
    "h": 9,
    "dws": [
        "CION",
        "ANIL",
        "LAIC",
        "OCA",
        "ALNICO",
        "CONIA",
        "ALOIN",
        "CLAN",
        "CONI",
        "COLIN",
        "LINAC",
        "CLON",
        "CAL",
        "COL",
        "CIAO",
        "CAN",
        "ANI",
        "CAIN",
        "NOIL",
        "LINO",
        "ALCO",
        "AIN",
        "LIN",
        "LOCI",
        "LAC",
        "LOCA",
        "CALO",
        "NAOI",
        "NICOL",
        "LAIN"
    ],
    "ws": [
        {
            "w": "CON",
            "v": false,
            "row": 4,
            "col": 7,
            "def": "To study, especially in order to gain knowledge of."
        },
        {
            "w": "ION",
            "v": true,
            "row": 7,
            "col": 2,
            "def": "An atom or group of atoms bearing an electrical charge such as the sodium and chlorine atoms in a salt solution."
        },
        {
            "w": "OIL",
            "v": false,
            "row": 3,
            "col": 4,
            "def": "Liquid fat."
        },
        {
            "w": "NIL",
            "v": false,
            "row": 5,
            "col": 2,
            "def": "Nothing; zero."
        },
        {
            "w": "AIL",
            "v": false,
            "row": 7,
            "col": 7,
            "def": "Painful; troublesome."
        },
        {
            "w": "COAL",
            "v": false,
            "row": 1,
            "col": 4,
            "def": "A black rock formed from prehistoric plant remains, composed largely of carbon and burned as a fuel."
        },
        {
            "w": "COIL",
            "v": false,
            "row": 6,
            "col": 4,
            "def": "Something wound in the form of a helix or spiral."
        },
        {
            "w": "COIN",
            "v": false,
            "row": 8,
            "col": 1,
            "def": "A piece of currency, usually metallic and in the shape of a disc, but sometimes polygonal, or with a hole in the middle."
        },
        {
            "w": "COLA",
            "v": true,
            "row": 4,
            "col": 7,
            "def": "The kola plant, genus Cola, famous for its nut, or one of these nuts."
        },
        {
            "w": "ICON",
            "v": true,
            "row": 2,
            "col": 2,
            "def": "An image, symbol, picture, or other representation usually as an object of religious devotion."
        },
        {
            "w": "LION",
            "v": true,
            "row": 1,
            "col": 9,
            "def": "A big cat, Panthera leo, native to Africa, India and formerly to much of Europe. The term may apply to the species as a whole, to individuals, or to male individuals. It also applies to related species like mountain lions."
        },
        {
            "w": "LOAN",
            "v": true,
            "row": 2,
            "col": 0,
            "def": "A sum of money or other valuables or consideration that an individual, group or other legal entity borrows from another individual, group or legal entity (the latter often being a financial institution) with the condition that it be returned or repaid at a later date (sometimes with interest)."
        },
        {
            "w": "NAIL",
            "v": true,
            "row": 0,
            "col": 6,
            "def": "To drive a nail."
        },
        {
            "w": "LOIN",
            "v": false,
            "row": 2,
            "col": 0,
            "def": "The part of the body (of humans and quadrupeds) at each side of the backbone, between the ribs and hips."
        },
        {
            "w": "OILCAN",
            "v": true,
            "row": 3,
            "col": 4,
            "def": "A container with a long spout, for containing oil and delivering it in drops or small quantities for lubricating machinery."
        }
    ]
}