{
    "id": 4314,
    "sub_category": "Tree Pack",
    "category": "Botanical Group",
    "type": 0,
    "letters": "CERTTU",
    "mov": 18,
    "shovels": 1,
    "coins": 5,
    "rows": 15,
    "cols": 15,
    "c": 0,
    "b": -1,
    "w": 9,
    "h": 7,
    "dws": [
        "REC",
        "CRU",
        "RET",
        "CUR",
        "RUC",
        "ECRU",
        "CRUE",
        "CUE",
        "UTE",
        "TET",
        "TUT",
        "RECUT",
        "CURET",
        "ECU",
        "CRUET",
        "TEC",
        "RUT",
        "TRET",
        "RUE",
        "URE",
        "CERT",
        "ERUCT",
        "CUT"
    ],
    "ws": [
        {
            "w": "CURE",
            "v": true,
            "row": 4,
            "col": 5,
            "def": "A method, device or medication that restores good health."
        },
        {
            "w": "CUTE",
            "v": false,
            "row": 6,
            "col": 0,
            "def": "Possessing physical features, behaviors, personality traits or other properties that are mainly attributed to infants and small or cuddly animals; e.g. fair, dainty, round, and soft physical features, disproportionately large eyes and head, playfulness, fragility, helplessness, curiosity or shyness, innocence, affectionate behavior."
        },
        {
            "w": "TRUE",
            "v": false,
            "row": 3,
            "col": 1,
            "def": "Conforming to the actual state of reality or fact; factually correct."
        },
        {
            "w": "CURT",
            "v": true,
            "row": 0,
            "col": 1,
            "def": "Brief or terse, especially to the point of being rude."
        },
        {
            "w": "CUTER",
            "v": false,
            "row": 0,
            "col": 1,
            "def": "Comparative form of cute: more cute."
        },
        {
            "w": "TRUCE",
            "v": false,
            "row": 5,
            "col": 3,
            "def": "A period of time in which no fighting takes place due to an agreement between the opposed parties."
        },
        {
            "w": "UTTER",
            "v": true,
            "row": 2,
            "col": 7,
            "def": "To say."
        },
        {
            "w": "CUTTER",
            "v": true,
            "row": 2,
            "col": 3,
            "def": "A person or device that cuts."
        }
    ]
}