{
    "id": 433,
    "sub_category": "Flake Pack",
    "category": "Winter Group",
    "type": 0,
    "letters": "ADINPU",
    "mov": 24,
    "shovels": 1,
    "coins": 5,
    "rows": 15,
    "cols": 15,
    "c": 0,
    "b": -1,
    "w": 9,
    "h": 8,
    "dws": [
        "UNI",
        "NID",
        "UNAI",
        "PADI",
        "PINA",
        "PIU",
        "DNA",
        "PIA",
        "DUAN",
        "ANI",
        "PAND",
        "NIPA",
        "DAN",
        "AIN",
        "PIAN",
        "DUI",
        "DAP",
        "PUD",
        "DUP",
        "PUNA"
    ],
    "ws": [
        {
            "w": "AID",
            "v": true,
            "row": 2,
            "col": 1,
            "def": "Help; assistance; succor, relief."
        },
        {
            "w": "AND",
            "v": false,
            "row": 6,
            "col": 3,
            "def": "As a coordinating conjunction; expressing two elements to be taken together or in addition to each other."
        },
        {
            "w": "DIP",
            "v": true,
            "row": 0,
            "col": 4,
            "def": "A lower section of a road or geological feature."
        },
        {
            "w": "NAP",
            "v": false,
            "row": 1,
            "col": 6,
            "def": "A short period of sleep, especially one during the day."
        },
        {
            "w": "PAD",
            "v": false,
            "row": 0,
            "col": 2,
            "def": "A flattened mass of anything soft, to sit or lie on."
        },
        {
            "w": "PAN",
            "v": false,
            "row": 2,
            "col": 0,
            "def": "A wide, flat receptacle used around the house, especially for cooking."
        },
        {
            "w": "PIN",
            "v": false,
            "row": 3,
            "col": 5,
            "def": "A small device, made (usually) of drawn-out steel wire with one end sharpened and the other flattened or rounded into a head, used for fastening."
        },
        {
            "w": "DIN",
            "v": false,
            "row": 4,
            "col": 1,
            "def": "A loud noise; a cacophony or loud commotion."
        },
        {
            "w": "NIP",
            "v": true,
            "row": 0,
            "col": 0,
            "def": "A small quantity of something edible or a potable liquor."
        },
        {
            "w": "PUN",
            "v": true,
            "row": 0,
            "col": 2,
            "def": "To beat; strike with force; ram; pound, as in a mortar; reduce to powder."
        },
        {
            "w": "DUN",
            "v": false,
            "row": 8,
            "col": 3,
            "def": "A brownish grey colour."
        },
        {
            "w": "PAID",
            "v": true,
            "row": 3,
            "col": 5,
            "def": "Simple past tense and past participle of pay."
        },
        {
            "w": "PAIN",
            "v": true,
            "row": 0,
            "col": 7,
            "def": "An ache or bodily suffering, or an instance of this; an unpleasant sensation, resulting from a derangement of functions, disease, or injury by violence; hurt."
        },
        {
            "w": "UNPAID",
            "v": true,
            "row": 3,
            "col": 3,
            "def": "Not paid for."
        }
    ]
}