{
    "id": 4339,
    "sub_category": "Frigid Pack",
    "category": "Arctic Group",
    "type": 0,
    "letters": "CIMOST",
    "mov": 20,
    "shovels": 1,
    "coins": 5,
    "rows": 15,
    "cols": 15,
    "c": 0,
    "b": -1,
    "w": 9,
    "h": 9,
    "dws": [
        "CITS",
        "COS",
        "COTS",
        "ISO",
        "MOTIS",
        "SOT",
        "SIC",
        "MICS",
        "SCOT",
        "CIST",
        "MOTI",
        "TIS",
        "TOC",
        "TOCS",
        "COITS",
        "OMS",
        "OIS",
        "MOS",
        "MOT",
        "TOMS",
        "COM",
        "TOM",
        "CITO",
        "MIS",
        "MOI",
        "TICS",
        "MIC",
        "ISM",
        "MOITS",
        "MOC",
        "MOIT",
        "MOTS",
        "CIT",
        "MOCS",
        "OMITS",
        "IOS",
        "SMIT",
        "CIS",
        "STIM",
        "OTIC",
        "COIT",
        "SOC",
        "OSMIC",
        "MICOS",
        "MICO",
        "MISO",
        "ITS",
        "SIT",
        "COMS",
        "SOM"
    ],
    "ws": [
        {
            "w": "SIM",
            "v": true,
            "row": 2,
            "col": 0,
            "def": "A simulation."
        },
        {
            "w": "COT",
            "v": false,
            "row": 5,
            "col": 3,
            "def": "A symbol of the trigonometric function cotangent."
        },
        {
            "w": "TIC",
            "v": true,
            "row": 0,
            "col": 7,
            "def": "A local and habitual convulsive motion of certain muscles."
        },
        {
            "w": "COST",
            "v": true,
            "row": 4,
            "col": 7,
            "def": "Manner; way; means; available course; contrivance."
        },
        {
            "w": "MIST",
            "v": false,
            "row": 0,
            "col": 4,
            "def": "Water or other liquid finely suspended in air."
        },
        {
            "w": "MOST",
            "v": false,
            "row": 4,
            "col": 0,
            "def": "Superlative form of much."
        },
        {
            "w": "OMIT",
            "v": true,
            "row": 2,
            "col": 5,
            "def": "To leave out or exclude."
        },
        {
            "w": "MOIST",
            "v": false,
            "row": 7,
            "col": 3,
            "def": "Slightly wet; characterised by the presence of moisture, not dry; damp."
        },
        {
            "w": "STOIC",
            "v": false,
            "row": 2,
            "col": 3,
            "def": "Proponent of a school of thought, from in 300 BCE up to about the time of Marcus Aurelius, who holds that by cultivating an understanding of the logos, or natural law, one can be free of suffering."
        },
        {
            "w": "SITCOM",
            "v": true,
            "row": 2,
            "col": 3,
            "def": "A situation comedy: an episodic comedy television program with a plot or storyline based around a particular humorous situation."
        }
    ]
}