{
    "id": 4415,
    "sub_category": "Celest Pack",
    "category": "Galaxy Group",
    "type": 0,
    "letters": "ELMOPY",
    "mov": 18,
    "shovels": 1,
    "coins": 5,
    "rows": 15,
    "cols": 15,
    "c": 0,
    "b": -1,
    "w": 8,
    "h": 7,
    "dws": [
        "PYE",
        "EMO",
        "YOM",
        "YLEM",
        "MOPE",
        "MOY",
        "MOYLE",
        "YOMP",
        "OPE",
        "LYME",
        "LYM",
        "ELM",
        "MOE",
        "OLE",
        "OLM",
        "PEL",
        "OYE",
        "MOYL",
        "MYOPE",
        "PLOYE",
        "POLEY",
        "YELM",
        "ELMY",
        "MEL",
        "POME",
        "YEP",
        "MOL",
        "OLPE",
        "LOY",
        "POM",
        "YMPE",
        "MOPY",
        "MOLY",
        "MOP",
        "LYE",
        "POL",
        "LOME",
        "LEP",
        "LOP",
        "MOPEY",
        "PLY",
        "LEY"
    ],
    "ws": [
        {
            "w": "MOLE",
            "v": false,
            "row": 3,
            "col": 3,
            "def": "A pigmented spot on the skin, a naevus, slightly raised, and sometimes hairy."
        },
        {
            "w": "PLOY",
            "v": true,
            "row": 0,
            "col": 1,
            "def": "A tactic, strategy, or gimmick."
        },
        {
            "w": "POEM",
            "v": true,
            "row": 1,
            "col": 6,
            "def": "A literary piece written in verse."
        },
        {
            "w": "POLE",
            "v": false,
            "row": 0,
            "col": 1,
            "def": "Originally, a stick; now specifically, a long and slender piece of metal or (especially) wood, used for various construction or support purposes."
        },
        {
            "w": "POLY",
            "v": false,
            "row": 5,
            "col": 1,
            "def": "Short form of polytechnic."
        },
        {
            "w": "YELP",
            "v": false,
            "row": 7,
            "col": 3,
            "def": "An abrupt, high-pitched noise or utterance."
        },
        {
            "w": "LOPE",
            "v": false,
            "row": 2,
            "col": 0,
            "def": "To jump, leap."
        },
        {
            "w": "EMPLOY",
            "v": true,
            "row": 2,
            "col": 3,
            "def": "The state of being an employee; employment."
        }
    ]
}