{
    "id": 4418,
    "sub_category": "Sky Packx",
    "category": "Galaxy Group",
    "type": 0,
    "letters": "BERTTU",
    "mov": 24,
    "shovels": 1,
    "coins": 5,
    "rows": 15,
    "cols": 15,
    "c": 0,
    "b": -1,
    "w": 10,
    "h": 10,
    "dws": [
        "URE",
        "RET",
        "UTE",
        "BUTE",
        "BRU",
        "TUT",
        "REB",
        "REBUT",
        "TET",
        "BRUT",
        "BURET",
        "TRET",
        "BUR",
        "RUBE",
        "URB"
    ],
    "ws": [
        {
            "w": "BET",
            "v": false,
            "row": 3,
            "col": 4,
            "def": "A wager, an agreement between two parties that a stake (usually money) will be paid by the loser to the winner (the winner being the one who correctly forecast the outcome of an event)."
        },
        {
            "w": "BUT",
            "v": false,
            "row": 3,
            "col": 0,
            "def": "Outside of."
        },
        {
            "w": "RUB",
            "v": true,
            "row": 6,
            "col": 8,
            "def": "An act of rubbing."
        },
        {
            "w": "RUT",
            "v": true,
            "row": 6,
            "col": 1,
            "def": "Sexual desire or oestrus of cattle, and various other mammals."
        },
        {
            "w": "TUB",
            "v": false,
            "row": 5,
            "col": 4,
            "def": "A flat-bottomed vessel, of width similar to or greater than its height, used for storing or packing things, or for washing things in."
        },
        {
            "w": "RUE",
            "v": false,
            "row": 1,
            "col": 5,
            "def": "Repentance, regret."
        },
        {
            "w": "TRUE",
            "v": true,
            "row": 0,
            "col": 5,
            "def": "Conforming to the actual state of reality or fact; factually correct."
        },
        {
            "w": "TUBE",
            "v": false,
            "row": 8,
            "col": 6,
            "def": "Anything that is hollow and cylindrical in shape."
        },
        {
            "w": "BUTT",
            "v": false,
            "row": 0,
            "col": 2,
            "def": "The buttocks; used as a euphemism."
        },
        {
            "w": "BRUTE",
            "v": true,
            "row": 0,
            "col": 2,
            "def": "Strong, blunt, and spontaneous."
        },
        {
            "w": "TUBER",
            "v": true,
            "row": 1,
            "col": 0,
            "def": "A fleshy, thickened underground stem of a plant, usually containing stored starch, as for example a potato or arrowroot."
        },
        {
            "w": "BUTTE",
            "v": true,
            "row": 5,
            "col": 6,
            "def": "An isolated hill with steep sides and a flat top."
        },
        {
            "w": "UTTER",
            "v": false,
            "row": 8,
            "col": 0,
            "def": "To say."
        },
        {
            "w": "BUTTER",
            "v": true,
            "row": 3,
            "col": 4,
            "def": "A soft, fatty foodstuff made by churning the cream of milk (generally cow's milk)."
        }
    ]
}