{
    "id": 4419,
    "sub_category": "Sky Packx",
    "category": "Galaxy Group",
    "type": 0,
    "letters": "AELQSU",
    "mov": 18,
    "shovels": 1,
    "coins": 5,
    "rows": 15,
    "cols": 15,
    "c": 0,
    "b": -1,
    "w": 7,
    "h": 7,
    "dws": [
        "SAL",
        "LUES",
        "ALUS",
        "LES",
        "SLAE",
        "SLUE",
        "ULES",
        "EAU",
        "SUQ",
        "SEL",
        "EAUS",
        "EQUALS",
        "LEA",
        "LASE",
        "QUA",
        "SAUL",
        "LAS",
        "SAE",
        "QUALE",
        "SAU",
        "ELS",
        "ULE",
        "LEAS",
        "LEU",
        "ALS",
        "ALU",
        "SALUE",
        "ALES",
        "EAS",
        "AUE"
    ],
    "ws": [
        {
            "w": "ALE",
            "v": true,
            "row": 0,
            "col": 6,
            "def": "An intoxicating liquor made from an infusion of malt by fermentation and the addition of a bitter, usually hops."
        },
        {
            "w": "SEA",
            "v": false,
            "row": 0,
            "col": 4,
            "def": "A large body of salty water. (Major seas are known as oceans.)."
        },
        {
            "w": "SUE",
            "v": true,
            "row": 4,
            "col": 5,
            "def": "To follow."
        },
        {
            "w": "USE",
            "v": true,
            "row": 5,
            "col": 1,
            "def": "The act of using."
        },
        {
            "w": "SALE",
            "v": false,
            "row": 2,
            "col": 3,
            "def": "An exchange of goods or services for currency or credit."
        },
        {
            "w": "SEAL",
            "v": false,
            "row": 7,
            "col": 0,
            "def": "A pinniped, particularly an earless seal (true seal) or eared seal."
        },
        {
            "w": "EQUAL",
            "v": false,
            "row": 5,
            "col": 3,
            "def": "The same in all respects."
        },
        {
            "w": "SQUEAL",
            "v": true,
            "row": 2,
            "col": 3,
            "def": "A high-pitched sound, as a scream of a child, or noisy worn-down brake pads."
        }
    ]
}