{
    "id": 4425,
    "sub_category": "Sky Packx",
    "category": "Galaxy Group",
    "type": 0,
    "letters": "AKLPUW",
    "mov": 16,
    "shovels": 1,
    "coins": 5,
    "rows": 15,
    "cols": 15,
    "c": 0,
    "b": -1,
    "w": 6,
    "h": 5,
    "dws": [
        "PUL",
        "KLAP",
        "PAK",
        "PLU",
        "ALP",
        "LAWK",
        "PULKA",
        "PULK",
        "WAULK",
        "AWK",
        "PAWL",
        "PAUL",
        "KAW",
        "PULA",
        "WAUK",
        "AUK",
        "ALU",
        "WAP",
        "AWL",
        "KAPU",
        "KULA",
        "PAWK",
        "PUKA",
        "WAUL",
        "WALKUP",
        "WALK",
        "LAP",
        "LAW",
        "PAL",
        "PAW"
    ],
    "ws": []
}