{
    "id": 4437,
    "sub_category": "Sol Packx",
    "category": "Galaxy Group",
    "type": 0,
    "letters": "BCKLOY",
    "mov": 18,
    "shovels": 1,
    "coins": 5,
    "rows": 15,
    "cols": 15,
    "c": 0,
    "b": -1,
    "w": 8,
    "h": 8,
    "dws": [
        "CLY",
        "COLBY",
        "YOK",
        "YOB",
        "COKY",
        "BOK",
        "COLY",
        "YOCK",
        "CLOY",
        "KOB",
        "LOY",
        "BOCK",
        "BLOC",
        "COL",
        "KYBO"
    ],
    "ws": [
        {
            "w": "BOY",
            "v": true,
            "row": 3,
            "col": 1,
            "def": "Male servant."
        },
        {
            "w": "LOB",
            "v": false,
            "row": 2,
            "col": 2,
            "def": "To throw or hit a ball into the air in a high arch."
        },
        {
            "w": "COB",
            "v": false,
            "row": 0,
            "col": 1,
            "def": "A male swan."
        },
        {
            "w": "COY",
            "v": false,
            "row": 3,
            "col": 5,
            "def": "Bashful, shy, retiring."
        },
        {
            "w": "LOCK",
            "v": false,
            "row": 4,
            "col": 0,
            "def": "Something used for fastening, which can only be opened with a key or combination."
        },
        {
            "w": "YOLK",
            "v": false,
            "row": 5,
            "col": 3,
            "def": "The yellow, spherical part of an egg that is surrounded by the white albumen, and serves as nutriment for the growing young."
        },
        {
            "w": "BLOCK",
            "v": true,
            "row": 1,
            "col": 6,
            "def": "A substantial, often approximately cuboid, piece of any substance."
        },
        {
            "w": "BLOCKY",
            "v": true,
            "row": 0,
            "col": 3,
            "def": "Resembling a block in shape."
        }
    ]
}