{
    "id": 4439,
    "sub_category": "Sol Packx",
    "category": "Galaxy Group",
    "type": 0,
    "letters": "AEQRSU",
    "mov": 20,
    "shovels": 1,
    "coins": 5,
    "rows": 15,
    "cols": 15,
    "c": 0,
    "b": -1,
    "w": 8,
    "h": 6,
    "dws": [
        "SUER",
        "RASE",
        "SER",
        "URSA",
        "URSAE",
        "EAU",
        "SUQ",
        "SURA",
        "EAUS",
        "ERS",
        "ARSE",
        "AURES",
        "SUE",
        "SERA",
        "QUA",
        "ARES",
        "URES",
        "UREA",
        "SAE",
        "UREAS",
        "SAR",
        "ARS",
        "ERAS",
        "SAU",
        "QUARE",
        "URE",
        "URASE",
        "EARS",
        "RUSA",
        "RAS",
        "EAS",
        "RUES",
        "RES",
        "AUE",
        "USE"
    ],
    "ws": [
        {
            "w": "ARE",
            "v": false,
            "row": 5,
            "col": 4,
            "def": "Second-person singular simple present tense of be."
        },
        {
            "w": "EAR",
            "v": true,
            "row": 0,
            "col": 0,
            "def": "The organ of hearing, consisting of the pinna, auditory canal, eardrum, malleus, incus, stapes and cochlea."
        },
        {
            "w": "ERA",
            "v": false,
            "row": 0,
            "col": 2,
            "def": "A time period of indeterminate length, generally more than one year."
        },
        {
            "w": "SEA",
            "v": true,
            "row": 3,
            "col": 4,
            "def": "A large body of salty water. (Major seas are known as oceans.)."
        },
        {
            "w": "RUE",
            "v": true,
            "row": 0,
            "col": 3,
            "def": "Repentance, regret."
        },
        {
            "w": "SURE",
            "v": false,
            "row": 4,
            "col": 1,
            "def": "Physically secure and certain, non-failing, reliable."
        },
        {
            "w": "USER",
            "v": true,
            "row": 3,
            "col": 6,
            "def": "One who uses or makes use of something, a consumer."
        },
        {
            "w": "SEAR",
            "v": false,
            "row": 7,
            "col": 1,
            "def": "Dry; withered, especially of vegetation."
        },
        {
            "w": "RUSE",
            "v": false,
            "row": 2,
            "col": 0,
            "def": "A trick."
        },
        {
            "w": "SQUARE",
            "v": true,
            "row": 2,
            "col": 2,
            "def": "Any simple object with four nearly straight and nearly equal sides meeting at nearly right angles."
        }
    ]
}