{
    "id": 4441,
    "sub_category": "Sol Packx",
    "category": "Galaxy Group",
    "type": 0,
    "letters": "EGHLUY",
    "mov": 22,
    "shovels": 1,
    "coins": 5,
    "rows": 15,
    "cols": 15,
    "c": 0,
    "b": -1,
    "w": 9,
    "h": 7,
    "dws": [
        "HEY",
        "HYLE",
        "HYLEG",
        "YEH",
        "GLUEY",
        "GUE",
        "GULY",
        "GEY",
        "LEUGH",
        "GUL",
        "HYE",
        "YULE",
        "UGH",
        "UEY",
        "YUG",
        "GLEY",
        "GULE",
        "HULE",
        "ULE",
        "LEU",
        "GUYLE",
        "HUGY",
        "EUGH",
        "LEY"
    ],
    "ws": [
        {
            "w": "GEL",
            "v": false,
            "row": 2,
            "col": 5,
            "def": "A semi-solid to almost solid colloid of a solid and a liquid, such as jelly, cheese or opal."
        },
        {
            "w": "GUY",
            "v": false,
            "row": 3,
            "col": 2,
            "def": "A guide; a leader or conductor."
        },
        {
            "w": "HUE",
            "v": false,
            "row": 4,
            "col": 5,
            "def": "Form; appearance; guise."
        },
        {
            "w": "HUG",
            "v": true,
            "row": 3,
            "col": 0,
            "def": "An affectionate close embrace."
        },
        {
            "w": "LEG",
            "v": true,
            "row": 0,
            "col": 5,
            "def": "The lower limb of a human being or animal that extends from the groin to the ankle."
        },
        {
            "w": "LUG",
            "v": true,
            "row": 5,
            "col": 1,
            "def": "A lug nut."
        },
        {
            "w": "LYE",
            "v": true,
            "row": 2,
            "col": 7,
            "def": "A strong caustic alkaline solution of potassium or sodium salts, obtained by leaching wood ashes. It is much used in making soap as well as its use in biodiesel."
        },
        {
            "w": "GLUE",
            "v": false,
            "row": 5,
            "col": 0,
            "def": "A hard gelatin made by boiling bones and hides, used in solution as an adhesive; or any sticky adhesive substance."
        },
        {
            "w": "HUGE",
            "v": true,
            "row": 4,
            "col": 5,
            "def": "Distinctly interesting, significant, important, likeable, well regarded."
        },
        {
            "w": "UGLY",
            "v": false,
            "row": 7,
            "col": 0,
            "def": "Displeasing to the eye; not aesthetically pleasing."
        },
        {
            "w": "LUGE",
            "v": false,
            "row": 6,
            "col": 3,
            "def": "A racing sled for one or two people that is ridden with the rider or riders lying on their back."
        },
        {
            "w": "HUGELY",
            "v": true,
            "row": 2,
            "col": 3,
            "def": "Greatly; to a huge extent."
        }
    ]
}