{
    "id": 4447,
    "sub_category": "Sol Packx",
    "category": "Galaxy Group",
    "type": 0,
    "letters": "ELNNTU",
    "mov": 18,
    "shovels": 1,
    "coins": 5,
    "rows": 15,
    "cols": 15,
    "c": 0,
    "b": -1,
    "w": 7,
    "h": 6,
    "dws": [
        "LUNE",
        "UTE",
        "TUN",
        "LUTE",
        "LUNET",
        "ELT",
        "UNLET",
        "TULE",
        "LUNT",
        "TEL",
        "ULE",
        "LUN",
        "LEU"
    ],
    "ws": [
        {
            "w": "LET",
            "v": true,
            "row": 4,
            "col": 0,
            "def": "To allow to, not to prevent (+ infinitive, but usually without to)."
        },
        {
            "w": "NET",
            "v": false,
            "row": 5,
            "col": 3,
            "def": "A mesh of string, cord or rope."
        },
        {
            "w": "NUN",
            "v": true,
            "row": 0,
            "col": 1,
            "def": "A member of a Christian religious community of women who live by certain vows and usually wear a habit, in some cases living together in a cloister."
        },
        {
            "w": "NUT",
            "v": false,
            "row": 2,
            "col": 1,
            "def": "A hard-shelled seed."
        },
        {
            "w": "TEN",
            "v": true,
            "row": 5,
            "col": 5,
            "def": "A numerical value equal to 10; the number occurring after nine and before eleven, represented in Roman numerals as X, in Arabic numerals as 10, and in the hexadecimal system (base 16) as A."
        },
        {
            "w": "TUNE",
            "v": false,
            "row": 6,
            "col": 0,
            "def": "A melody."
        },
        {
            "w": "LENT",
            "v": false,
            "row": 7,
            "col": 3,
            "def": "Simple past tense and past participle of lend."
        },
        {
            "w": "TUNNEL",
            "v": true,
            "row": 2,
            "col": 3,
            "def": "An underground or underwater passage."
        }
    ]
}