{
    "id": 4451,
    "sub_category": "Depth Packx",
    "category": "Galaxy Group",
    "type": 0,
    "letters": "AFLLTY",
    "mov": 20,
    "shovels": 1,
    "coins": 5,
    "rows": 15,
    "cols": 15,
    "c": 0,
    "b": -1,
    "w": 8,
    "h": 7,
    "dws": [
        "FAY",
        "FAT",
        "TAY",
        "FATLY",
        "FLAT",
        "ALF",
        "LAT",
        "ALT"
    ],
    "ws": [
        {
            "w": "ALL",
            "v": true,
            "row": 0,
            "col": 4,
            "def": "Intensifier."
        },
        {
            "w": "FLY",
            "v": true,
            "row": 0,
            "col": 6,
            "def": "Any insect of the order Diptera; characterized by having two wings, also called true flies."
        },
        {
            "w": "LAY",
            "v": true,
            "row": 3,
            "col": 7,
            "def": "To place down in a position of rest, or in a horizontal position."
        },
        {
            "w": "AFT",
            "v": true,
            "row": 2,
            "col": 0,
            "def": "The stern portion of a vessel."
        },
        {
            "w": "ALLY",
            "v": true,
            "row": 4,
            "col": 5,
            "def": "To unite, or form a connection between, as between families by marriage, or between princes and states by treaty, league, or confederacy."
        },
        {
            "w": "FALL",
            "v": false,
            "row": 3,
            "col": 0,
            "def": "To move to a lower position under the effect of gravity."
        },
        {
            "w": "TALL",
            "v": false,
            "row": 6,
            "col": 0,
            "def": "Obsequious; obedient."
        },
        {
            "w": "FLAY",
            "v": false,
            "row": 2,
            "col": 3,
            "def": "To cause to fly; put to flight; drive off (by frightening)."
        },
        {
            "w": "TALLY",
            "v": false,
            "row": 5,
            "col": 3,
            "def": "Used as a mild intensifier: very (almost exclusively used by the upper classes)."
        },
        {
            "w": "FLATLY",
            "v": true,
            "row": 2,
            "col": 3,
            "def": "In a definite manner; in a manner showing complete certainty."
        }
    ]
}