{
    "id": 4464,
    "sub_category": "Depth Packx",
    "category": "Galaxy Group",
    "type": 0,
    "letters": "ADEIVW",
    "mov": 24,
    "shovels": 1,
    "coins": 5,
    "rows": 15,
    "cols": 15,
    "c": 0,
    "b": -1,
    "w": 12,
    "h": 9,
    "dws": [
        "VAW",
        "WAI",
        "DIE",
        "DEVA",
        "WED",
        "WIVE",
        "WEID",
        "DEV",
        "VIDE",
        "DAE",
        "AID",
        "DEVI",
        "DAW",
        "AVE",
        "VIA",
        "WAID",
        "DEI",
        "IDE",
        "VADE",
        "DEW",
        "DEAW",
        "AWE",
        "VID",
        "DIV",
        "VAE",
        "WAE",
        "VIAE",
        "WADI",
        "WAD",
        "VIE",
        "WIVED"
    ],
    "ws": [
        {
            "w": "AIDE",
            "v": true,
            "row": 0,
            "col": 7,
            "def": "An assistant."
        },
        {
            "w": "DIVE",
            "v": true,
            "row": 3,
            "col": 8,
            "def": "To swim under water."
        },
        {
            "w": "IDEA",
            "v": false,
            "row": 9,
            "col": 0,
            "def": "A musical theme or melodic subject."
        },
        {
            "w": "VIEW",
            "v": true,
            "row": 2,
            "col": 2,
            "def": "The act of seeing or looking at something."
        },
        {
            "w": "WADE",
            "v": false,
            "row": 7,
            "col": 1,
            "def": "To walk through water or something that impedes progress."
        },
        {
            "w": "WAVE",
            "v": false,
            "row": 2,
            "col": 0,
            "def": "To move back and forth repeatedly."
        },
        {
            "w": "WIDE",
            "v": true,
            "row": 2,
            "col": 0,
            "def": "Having a large physical extent from side to side."
        },
        {
            "w": "AVID",
            "v": false,
            "row": 1,
            "col": 5,
            "def": "Enthusiastic; passionate; longing eagerly; eager; greedy."
        },
        {
            "w": "AWED",
            "v": true,
            "row": 6,
            "col": 1,
            "def": "Simple past tense and past participle of awe."
        },
        {
            "w": "DIVA",
            "v": false,
            "row": 8,
            "col": 4,
            "def": "A person who may be considered or who considers herself (or by extension himself) much more important than others, has high expectations of others and who is extremely demanding and fussy when it comes to personal privileges."
        },
        {
            "w": "VIED",
            "v": true,
            "row": 3,
            "col": 6,
            "def": "Simple past tense and past participle of vie."
        },
        {
            "w": "WAVED",
            "v": false,
            "row": 3,
            "col": 4,
            "def": "Simple past tense and past participle of wave."
        },
        {
            "w": "WAIVE",
            "v": false,
            "row": 5,
            "col": 2,
            "def": "To outlaw (someone)."
        },
        {
            "w": "WAIVED",
            "v": true,
            "row": 3,
            "col": 4,
            "def": "Simple past tense and past participle of waive."
        }
    ]
}