{
    "id": 4467,
    "sub_category": "Moon Pack",
    "category": "Galaxy Group",
    "type": 0,
    "letters": "DEHHSU",
    "mov": 20,
    "shovels": 1,
    "coins": 5,
    "rows": 15,
    "cols": 15,
    "c": 0,
    "b": -1,
    "w": 7,
    "h": 7,
    "dws": [
        "SUE",
        "EDHS",
        "HUES",
        "HEHS",
        "DUES",
        "UDS",
        "HUED",
        "DUSH",
        "EDS",
        "SED",
        "SUD",
        "EDH",
        "USE",
        "DEUS",
        "HES",
        "EHS",
        "SHH",
        "HEH"
    ],
    "ws": [
        {
            "w": "DUE",
            "v": false,
            "row": 7,
            "col": 2,
            "def": "Owed or owing."
        },
        {
            "w": "DUH",
            "v": true,
            "row": 0,
            "col": 6,
            "def": "Disdainful indication that something is obvious."
        },
        {
            "w": "HUE",
            "v": true,
            "row": 5,
            "col": 4,
            "def": "Form; appearance; guise."
        },
        {
            "w": "HUH",
            "v": false,
            "row": 5,
            "col": 2,
            "def": "Used to express amusement or subtle surprise."
        },
        {
            "w": "SHE",
            "v": false,
            "row": 6,
            "col": 0,
            "def": "A female person or animal."
        },
        {
            "w": "HUSH",
            "v": true,
            "row": 4,
            "col": 0,
            "def": "To become quiet."
        },
        {
            "w": "SHED",
            "v": true,
            "row": 0,
            "col": 4,
            "def": "To part or divide."
        },
        {
            "w": "USED",
            "v": false,
            "row": 0,
            "col": 3,
            "def": "Simple past tense and past participle of use."
        },
        {
            "w": "SUED",
            "v": false,
            "row": 3,
            "col": 1,
            "def": "Simple past tense and past participle of sue."
        },
        {
            "w": "HUSHED",
            "v": true,
            "row": 2,
            "col": 2,
            "def": "Very quietly. In soft tones."
        }
    ]
}