{
    "id": "44708cb6-0d45-11eb-a781-34363b5fdca4",
    "type": 0,
    "letters": "ADEPRR",
    "mov": 29,
    "shovels": 1,
    "coins": 5,
    "rows": 12,
    "cols": 2,
    "c": 0,
    "b": -1,
    "dws": [
        "ARD",
        "DAP",
        "DAE",
        "DEP",
        "PED",
        "REP",
        "PRE",
        "DRAP",
        "PRAD",
        "PARD",
        "RADE",
        "ARED",
        "EARD",
        "RAPE",
        "APER",
        "PARR",
        "RAPED",
        "PADRE",
        "DREAR",
        "DARER",
        "RARED",
        "RAPER",
        "PARER",
        "PARRED",
        "DRAPE",
        "APED",
        "READ",
        "REAP",
        "PAD",
        "PEA",
        "RAP",
        "RED"
    ],
    "ws": [
        {
            "w": "APE",
            "v": false,
            "row": 4,
            "col": 5
        },
        {
            "w": "ARE",
            "v": false,
            "row": 6,
            "col": 6
        },
        {
            "w": "EAR",
            "v": true,
            "row": 4,
            "col": 7
        },
        {
            "w": "ERA",
            "v": true,
            "row": 0,
            "col": 6
        },
        {
            "w": "ERR",
            "v": true,
            "row": 6,
            "col": 8
        },
        {
            "w": "PAR",
            "v": false,
            "row": 2,
            "col": 5
        },
        {
            "w": "PER",
            "v": false,
            "row": 5,
            "col": 3
        },
        {
            "w": "RAD",
            "v": false,
            "row": 1,
            "col": 0
        },
        {
            "w": "DARE",
            "v": true,
            "row": 0,
            "col": 1
        },
        {
            "w": "DEAR",
            "v": false,
            "row": 8,
            "col": 5
        },
        {
            "w": "PARE",
            "v": false,
            "row": 7,
            "col": 1
        },
        {
            "w": "PEAR",
            "v": true,
            "row": 2,
            "col": 5
        },
        {
            "w": "RARE",
            "v": true,
            "row": 3,
            "col": 0
        },
        {
            "w": "REAR",
            "v": false,
            "row": 3,
            "col": 0
        },
        {
            "w": "PARED",
            "v": false,
            "row": 0,
            "col": 3
        },
        {
            "w": "DRAPER",
            "v": true,
            "row": 2,
            "col": 3
        }
    ]
}