{
    "id": 449,
    "sub_category": "White Pack",
    "category": "Winter Group",
    "type": 0,
    "letters": "ABDDEE",
    "mov": 20,
    "shovels": 1,
    "coins": 5,
    "rows": 15,
    "cols": 15,
    "c": 0,
    "b": -1,
    "w": 8,
    "h": 7,
    "dws": [
        "ABED",
        "DAE",
        "DEB",
        "BEDE",
        "BEDAD",
        "DEBE",
        "DEE",
        "DEED"
    ],
    "ws": [
        {
            "w": "ADD",
            "v": false,
            "row": 1,
            "col": 4,
            "def": "To join or unite, as one thing to another, or as several particulars, so as to increase the number, augment the quantity, or enlarge the magnitude, or so as to form into one aggregate. Hence: To sum up; to put together mentally."
        },
        {
            "w": "BAD",
            "v": false,
            "row": 4,
            "col": 1,
            "def": "Not good; unfavorable; negative."
        },
        {
            "w": "BED",
            "v": false,
            "row": 2,
            "col": 2,
            "def": "A piece of furniture, usually flat and soft, to sleep on."
        },
        {
            "w": "BEE",
            "v": false,
            "row": 6,
            "col": 0,
            "def": "A flying insect, of the superfamily Apoidea, known for their organised societies, for collecting pollen, and producing wax and honey."
        },
        {
            "w": "DAD",
            "v": true,
            "row": 1,
            "col": 6,
            "def": "A father, a male parent."
        },
        {
            "w": "DAB",
            "v": false,
            "row": 0,
            "col": 2,
            "def": "To press lightly in a repetitive motion with a soft object without rubbing."
        },
        {
            "w": "DEAD",
            "v": false,
            "row": 7,
            "col": 2,
            "def": "No longer living."
        },
        {
            "w": "BEAD",
            "v": true,
            "row": 4,
            "col": 5,
            "def": "A small round object."
        },
        {
            "w": "BADE",
            "v": true,
            "row": 0,
            "col": 4,
            "def": "Simple past of bid."
        },
        {
            "w": "BEADED",
            "v": true,
            "row": 2,
            "col": 2,
            "def": "Simple past tense and past participle of bead."
        }
    ]
}