{
    "id": 4529,
    "sub_category": "Crest Packx",
    "category": "Tower Group",
    "type": 0,
    "letters": "LLORST",
    "mov": 18,
    "shovels": 1,
    "coins": 5,
    "rows": 15,
    "cols": 15,
    "c": 0,
    "b": -1,
    "w": 7,
    "h": 7,
    "dws": [
        "ROST",
        "SOT",
        "LOR",
        "ROT",
        "ROTL",
        "ORTS",
        "LOTS",
        "TOR",
        "LOS",
        "ROTS",
        "LOL",
        "TOLLS",
        "ROTLS",
        "TROLLS",
        "ORS",
        "ROLLS",
        "TORS",
        "ORT",
        "SOL"
    ],
    "ws": [
        {
            "w": "LOT",
            "v": false,
            "row": 6,
            "col": 3,
            "def": "A large quantity or number; a great deal."
        },
        {
            "w": "LOST",
            "v": false,
            "row": 0,
            "col": 3,
            "def": "Simple past tense and past participle of lose."
        },
        {
            "w": "ROLL",
            "v": false,
            "row": 4,
            "col": 3,
            "def": "To cause to revolve by turning over and over; to move by turning on an axis; to impel forward by causing to turn over and over on a supporting surface."
        },
        {
            "w": "SLOT",
            "v": false,
            "row": 3,
            "col": 0,
            "def": "A narrow depression, perforation, or aperture; especially, one for the reception of a piece fitting or sliding in it."
        },
        {
            "w": "SORT",
            "v": true,
            "row": 3,
            "col": 0,
            "def": "A general type."
        },
        {
            "w": "TOLL",
            "v": true,
            "row": 0,
            "col": 1,
            "def": "Loss or damage incurred through a disaster."
        },
        {
            "w": "TROLL",
            "v": true,
            "row": 0,
            "col": 6,
            "def": "A supernatural being, often represented as of diminutive size, but sometimes as a giant, and fabled to inhabit caves, hills, and like places; a witch."
        },
        {
            "w": "STROLL",
            "v": true,
            "row": 2,
            "col": 3,
            "def": "A wandering on foot; an idle and leisurely walk; a ramble."
        }
    ]
}