{
    "id": 4535,
    "sub_category": "Crest Packx",
    "category": "Tower Group",
    "type": 0,
    "letters": "EILLTT",
    "mov": 20,
    "shovels": 1,
    "coins": 5,
    "rows": 15,
    "cols": 15,
    "c": 0,
    "b": -1,
    "w": 9,
    "h": 7,
    "dws": [
        "TIL",
        "TET",
        "ELT",
        "TEIL",
        "TELT",
        "TIE",
        "LEI",
        "ELL",
        "LIE",
        "TEL",
        "TITE",
        "TIT",
        "LIT"
    ],
    "ws": [
        {
            "w": "ILL",
            "v": false,
            "row": 2,
            "col": 5,
            "def": "Extremely bad (bad enough to make one ill). Generally used indirectly with to be."
        },
        {
            "w": "LET",
            "v": true,
            "row": 0,
            "col": 0,
            "def": "To allow to, not to prevent (+ infinitive, but usually without to)."
        },
        {
            "w": "TELL",
            "v": false,
            "row": 2,
            "col": 0,
            "def": "To count, reckon, or enumerate."
        },
        {
            "w": "TILE",
            "v": true,
            "row": 1,
            "col": 5,
            "def": "A regularly-shaped slab of clay or other material, affixed to cover or decorate a surface, as in a roof-tile, glazed tile, stove tile, etc."
        },
        {
            "w": "TILL",
            "v": true,
            "row": 4,
            "col": 1,
            "def": "To."
        },
        {
            "w": "TILT",
            "v": true,
            "row": 0,
            "col": 7,
            "def": "To point or thrust a weapon at."
        },
        {
            "w": "LILT",
            "v": false,
            "row": 6,
            "col": 1,
            "def": "To do something rhythmically, with animation and quickness, usually of music."
        },
        {
            "w": "LITE",
            "v": false,
            "row": 0,
            "col": 0,
            "def": "Light in composition, notably low in fat, calories etc.:."
        },
        {
            "w": "TITLE",
            "v": false,
            "row": 4,
            "col": 1,
            "def": "A prefix (honorific) or suffix (post-nominal) added to a person's name to signify either veneration, official position or a professional or academic qualification."
        },
        {
            "w": "LITTLE",
            "v": true,
            "row": 2,
            "col": 3,
            "def": "Small in size."
        }
    ]
}