{
    "id": 4551,
    "sub_category": "Top Pack",
    "category": "Tower Group",
    "type": 0,
    "letters": "DEEINR",
    "mov": 24,
    "shovels": 1,
    "coins": 5,
    "rows": 15,
    "cols": 15,
    "c": 0,
    "b": -1,
    "w": 9,
    "h": 9,
    "dws": [
        "DIE",
        "NID",
        "EIDE",
        "DIENE",
        "NIDE",
        "DERE",
        "END",
        "ERN",
        "REI",
        "ERE",
        "ENDER",
        "DIN",
        "ERED",
        "DEN",
        "RIN",
        "DERN",
        "ENE",
        "DINE",
        "NIED",
        "DEE",
        "DEI",
        "IDE",
        "NIE",
        "NEREID",
        "DREE",
        "IDEE",
        "REN",
        "NEE",
        "EIDER",
        "REE",
        "DENIER",
        "REEN",
        "IRED",
        "NED",
        "ERNE",
        "REDE",
        "DENI",
        "RINE",
        "DEEN",
        "DENE",
        "EEN"
    ],
    "ws": [
        {
            "w": "RED",
            "v": false,
            "row": 8,
            "col": 0,
            "def": "Having red as its colour."
        },
        {
            "w": "RID",
            "v": true,
            "row": 6,
            "col": 2,
            "def": "Released from an obligation, problem, etc. (usually followed by \"of\")."
        },
        {
            "w": "IRE",
            "v": false,
            "row": 7,
            "col": 7,
            "def": "Iron."
        },
        {
            "w": "DEER",
            "v": false,
            "row": 8,
            "col": 4,
            "def": "A beast, usually a quadruped as opposed to birds, fish, etc."
        },
        {
            "w": "DIRE",
            "v": true,
            "row": 6,
            "col": 7,
            "def": "Ill-boding; portentous."
        },
        {
            "w": "NEED",
            "v": true,
            "row": 1,
            "col": 6,
            "def": "A requirement for something."
        },
        {
            "w": "REED",
            "v": false,
            "row": 3,
            "col": 4,
            "def": "Any of various types of tall stiff perennial grass-like plants growing together in groups near water."
        },
        {
            "w": "RIDE",
            "v": false,
            "row": 4,
            "col": 1,
            "def": "To play defense on the defensemen or midfielders, as an attackman."
        },
        {
            "w": "RIND",
            "v": false,
            "row": 6,
            "col": 2,
            "def": "Tree bark."
        },
        {
            "w": "REIN",
            "v": true,
            "row": 6,
            "col": 9,
            "def": "A strap or rope attached to the bridle or bit, used to control a horse, animal or young child."
        },
        {
            "w": "NERD",
            "v": true,
            "row": 6,
            "col": 0,
            "def": "A person who is intellectual but generally introverted."
        },
        {
            "w": "REND",
            "v": false,
            "row": 1,
            "col": 4,
            "def": "To separate into parts with force or sudden violence; to tear asunder; to split; to burst."
        },
        {
            "w": "DINER",
            "v": true,
            "row": 0,
            "col": 1,
            "def": "Agent noun of dine; one who dines; one who eats a meal, especially dinner."
        },
        {
            "w": "REINED",
            "v": true,
            "row": 3,
            "col": 4,
            "def": "Simple past tense and past participle of rein."
        }
    ]
}