{
    "id": 4570,
    "sub_category": "Still Packx",
    "category": "Placid Group",
    "type": 0,
    "letters": "AAEGRV",
    "mov": 22,
    "shovels": 1,
    "coins": 5,
    "rows": 15,
    "cols": 15,
    "c": 0,
    "b": -1,
    "w": 10,
    "h": 8,
    "dws": [
        "AVA",
        "AREG",
        "AVER",
        "VERA",
        "REG",
        "GAR",
        "GRAV",
        "GARE",
        "RAV",
        "AVE",
        "ERG",
        "AGA",
        "AGER",
        "REV",
        "VEG",
        "VAG",
        "VARA",
        "AGE",
        "VARE",
        "AGAR",
        "VEGA",
        "VAR",
        "VAE",
        "GER",
        "RAGA",
        "GAE"
    ],
    "ws": [
        {
            "w": "ARE",
            "v": true,
            "row": 3,
            "col": 0,
            "def": "Second-person singular simple present tense of be."
        },
        {
            "w": "EAR",
            "v": true,
            "row": 0,
            "col": 5,
            "def": "The organ of hearing, consisting of the pinna, auditory canal, eardrum, malleus, incus, stapes and cochlea."
        },
        {
            "w": "ERA",
            "v": true,
            "row": 5,
            "col": 7,
            "def": "A time period of indeterminate length, generally more than one year."
        },
        {
            "w": "RAG",
            "v": false,
            "row": 2,
            "col": 5,
            "def": "A coarse kind of rock, somewhat cellular in texture; ragstone."
        },
        {
            "w": "AREA",
            "v": false,
            "row": 3,
            "col": 0,
            "def": "A measure of the extent of a surface; it is measured in square units."
        },
        {
            "w": "GAVE",
            "v": false,
            "row": 7,
            "col": 0,
            "def": "Simple past of give."
        },
        {
            "w": "GEAR",
            "v": true,
            "row": 0,
            "col": 1,
            "def": "Equipment or paraphernalia, especially that used for an athletic endeavor."
        },
        {
            "w": "RAGE",
            "v": true,
            "row": 0,
            "col": 7,
            "def": "Violent uncontrolled anger."
        },
        {
            "w": "RAVE",
            "v": true,
            "row": 4,
            "col": 5,
            "def": "An enthusiastic review (such as of a play)."
        },
        {
            "w": "GRAVE",
            "v": false,
            "row": 0,
            "col": 1,
            "def": "An excavation in the earth as a place of burial; also, any place of interment; a tomb; a sepulcher."
        },
        {
            "w": "AGAVE",
            "v": false,
            "row": 5,
            "col": 3,
            "def": "A plant of the genus Agave which includes the maguey or century plant. Attaining maturity, it produces a gigantic flower stem."
        },
        {
            "w": "RAVAGE",
            "v": true,
            "row": 2,
            "col": 3,
            "def": "To devastate or destroy something."
        }
    ]
}