{
    "id": 4577,
    "sub_category": "Calm Packx",
    "category": "Placid Group",
    "type": 0,
    "letters": "CDEENO",
    "mov": 16,
    "shovels": 1,
    "coins": 5,
    "rows": 15,
    "cols": 15,
    "c": 0,
    "b": -1,
    "w": 8,
    "h": 6,
    "dws": [
        "ONE",
        "EON",
        "ECO",
        "CON",
        "END",
        "DON",
        "DOEN",
        "CEE",
        "DOE",
        "DEN",
        "ENE",
        "CODEN",
        "CEDE",
        "DEE",
        "DECO",
        "ONCE",
        "DONEE",
        "DOC",
        "NOD",
        "COD",
        "CONE",
        "NEE",
        "COND",
        "CONED",
        "ODE",
        "NED",
        "ECOD",
        "DEEN",
        "DENE",
        "EEN",
        "ENCODE",
        "CODE",
        "DONE",
        "NEED",
        "NODE",
        "COED"
    ],
    "ws": []
}