{
    "id": 4591,
    "sub_category": "Calm Packx",
    "category": "Placid Group",
    "type": 0,
    "letters": "BBDEEW",
    "mov": 20,
    "shovels": 1,
    "coins": 5,
    "rows": 15,
    "cols": 15,
    "c": 0,
    "b": -1,
    "w": 8,
    "h": 7,
    "dws": [
        "BEDEW",
        "DEB",
        "BEDE",
        "BEE",
        "DWEEB",
        "EEW",
        "DEBE",
        "DEE"
    ],
    "ws": [
        {
            "w": "BED",
            "v": false,
            "row": 4,
            "col": 3,
            "def": "A piece of furniture, usually flat and soft, to sleep on."
        },
        {
            "w": "DEW",
            "v": false,
            "row": 2,
            "col": 1,
            "def": "Moisture in the air that settles on plants, etc in the morning, resulting in drops."
        },
        {
            "w": "WEB",
            "v": true,
            "row": 4,
            "col": 1,
            "def": "The silken structure a spider builds using silk secreted from the spinnerets at the caudal tip of its abdomen; a spiderweb."
        },
        {
            "w": "EWE",
            "v": false,
            "row": 0,
            "col": 1,
            "def": "A female sheep, as opposed to a ram."
        },
        {
            "w": "WEE",
            "v": true,
            "row": 0,
            "col": 2,
            "def": "Small, little."
        },
        {
            "w": "EBB",
            "v": false,
            "row": 3,
            "col": 5,
            "def": "The receding movement of the tide."
        },
        {
            "w": "WED",
            "v": false,
            "row": 1,
            "col": 5,
            "def": "To perform the marriage ceremony for; to join in matrimony."
        },
        {
            "w": "WEED",
            "v": true,
            "row": 1,
            "col": 5,
            "def": "Any plant growing in cultivated ground to the injury of the crop or desired vegetation, or to the disfigurement of the place; an unsightly, useless, or injurious plant."
        },
        {
            "w": "EBBED",
            "v": false,
            "row": 6,
            "col": 0,
            "def": "Simple past tense and past participle of ebb."
        },
        {
            "w": "WEBBED",
            "v": true,
            "row": 2,
            "col": 3,
            "def": "With the digits connected by a thin membrane."
        }
    ]
}