{
    "id": "45fd6c66-0d45-11eb-a781-34363b5fdca4",
    "type": 0,
    "letters": "AANOST",
    "mov": 19,
    "shovels": 1,
    "coins": 5,
    "rows": 7,
    "cols": 2,
    "c": 0,
    "b": -1,
    "dws": [
        "ONS",
        "NOS",
        "SAN",
        "NAS",
        "ANS",
        "ATS",
        "TAS",
        "AAS",
        "TAO",
        "NAT",
        "NAOS",
        "SNOT",
        "ONST",
        "STOA",
        "TOSA",
        "TAOS",
        "SANT",
        "NATS",
        "TANS",
        "ANSA",
        "ANAS",
        "NOTA",
        "ANOA",
        "ANTA",
        "TANA",
        "SANTO",
        "ANOAS",
        "ANTAS",
        "TANAS"
    ],
    "ws": [
        {
            "w": "ANA",
            "v": false,
            "row": 3,
            "col": 5
        },
        {
            "w": "ANT",
            "v": false,
            "row": 1,
            "col": 4
        },
        {
            "w": "NOT",
            "v": false,
            "row": 5,
            "col": 3
        },
        {
            "w": "OAT",
            "v": true,
            "row": 1,
            "col": 2
        },
        {
            "w": "SAT",
            "v": true,
            "row": 0,
            "col": 4
        },
        {
            "w": "SON",
            "v": false,
            "row": 6,
            "col": 5
        },
        {
            "w": "SOT",
            "v": false,
            "row": 8,
            "col": 6
        },
        {
            "w": "TAN",
            "v": false,
            "row": 8,
            "col": 2
        },
        {
            "w": "TON",
            "v": true,
            "row": 1,
            "col": 6
        },
        {
            "w": "ANTS",
            "v": true,
            "row": 3,
            "col": 5
        },
        {
            "w": "OAST",
            "v": true,
            "row": 6,
            "col": 6
        },
        {
            "w": "OATS",
            "v": false,
            "row": 3,
            "col": 0
        },
        {
            "w": "TONS",
            "v": true,
            "row": 2,
            "col": 0
        },
        {
            "w": "SONATA",
            "v": true,
            "row": 3,
            "col": 3
        }
    ]
}