{
    "id": 46,
    "sub_category": "Flow Pack",
    "category": "Forest Group",
    "type": 0,
    "letters": "ABCER",
    "mov": 22,
    "shovels": 1,
    "coins": 5,
    "rows": 15,
    "cols": 15,
    "c": 0,
    "b": -1,
    "w": 9,
    "h": 8,
    "dws": [
        "REC",
        "ACRE",
        "ARC",
        "ARB",
        "REB",
        "ACER",
        "ACERB",
        "CAB",
        "BAC",
        "BRAE",
        "ACE",
        "CARB",
        "CABRE",
        "CABER"
    ],
    "ws": [
        {
            "w": "ARE",
            "v": true,
            "row": 0,
            "col": 4,
            "def": "Second-person singular simple present tense of be."
        },
        {
            "w": "BAR",
            "v": false,
            "row": 3,
            "col": 5,
            "def": "A solid, more or less rigid object with a uniform cross-section smaller than its length."
        },
        {
            "w": "BRA",
            "v": false,
            "row": 5,
            "col": 1,
            "def": "A brassiere."
        },
        {
            "w": "CAR",
            "v": true,
            "row": 1,
            "col": 7,
            "def": "A wheeled vehicle, drawn by a horse or other animal."
        },
        {
            "w": "EAR",
            "v": false,
            "row": 1,
            "col": 2,
            "def": "The organ of hearing, consisting of the pinna, auditory canal, eardrum, malleus, incus, stapes and cochlea."
        },
        {
            "w": "ERA",
            "v": true,
            "row": 1,
            "col": 2,
            "def": "A time period of indeterminate length, generally more than one year."
        },
        {
            "w": "BARE",
            "v": false,
            "row": 7,
            "col": 0,
            "def": "Minimal; that is or are just sufficient."
        },
        {
            "w": "BEAR",
            "v": true,
            "row": 3,
            "col": 5,
            "def": "A large omnivorous mammal, related to the dog and raccoon, having shaggy hair, a very small tail, and flat feet; a member of family Ursidae, particularly of subfamily Ursinae."
        },
        {
            "w": "CARE",
            "v": false,
            "row": 6,
            "col": 3,
            "def": "Grief, sorrow."
        },
        {
            "w": "CRAB",
            "v": false,
            "row": 3,
            "col": 0,
            "def": "A crustacean of the infraorder Brachyura, having five pairs of legs, the foremost of which are in the form of claws, and a carapace."
        },
        {
            "w": "RACE",
            "v": true,
            "row": 1,
            "col": 0,
            "def": "A contest between people, animals, vehicles, etc. where the goal is to be the first to reach some objective. Several horses run in a horse race, and the first one to reach the finishing post wins."
        },
        {
            "w": "BRACE",
            "v": true,
            "row": 3,
            "col": 3,
            "def": "Armor for the arm; vambrace."
        }
    ]
}