{
    "id": 4602,
    "sub_category": "Quell Pack",
    "category": "Placid Group",
    "type": 0,
    "letters": "EORTTX",
    "mov": 22,
    "shovels": 1,
    "coins": 5,
    "rows": 15,
    "cols": 15,
    "c": 0,
    "b": -1,
    "w": 9,
    "h": 9,
    "dws": [
        "TET",
        "RET",
        "REX",
        "ROE",
        "TEX",
        "OXER",
        "OXTER",
        "REO",
        "TOTER",
        "ROTTE",
        "ORE",
        "TRET",
        "EXO",
        "ORT",
        "TOR"
    ],
    "ws": [
        {
            "w": "ROT",
            "v": false,
            "row": 7,
            "col": 5,
            "def": "To suffer decomposition due to biological action, especially by fungi or bacteria."
        },
        {
            "w": "TOE",
            "v": false,
            "row": 4,
            "col": 5,
            "def": "Each of the five digits on the end of the foot."
        },
        {
            "w": "TOT",
            "v": true,
            "row": 0,
            "col": 0,
            "def": "A small child."
        },
        {
            "w": "TEXT",
            "v": false,
            "row": 0,
            "col": 0,
            "def": "A writing consisting of multiple glyphs, characters, symbols or sentences."
        },
        {
            "w": "TORE",
            "v": false,
            "row": 2,
            "col": 0,
            "def": "Hard, difficult; wearisome, tedious."
        },
        {
            "w": "TORT",
            "v": false,
            "row": 1,
            "col": 4,
            "def": "Tart, sharp."
        },
        {
            "w": "ROTE",
            "v": true,
            "row": 4,
            "col": 1,
            "def": "The process of learning or committing something to memory through mechanical repetition, usually by hearing and repeating aloud, often without full attention to comprehension or thought for the meaning."
        },
        {
            "w": "TOTE",
            "v": true,
            "row": 1,
            "col": 7,
            "def": "A bag, specifically a tote bag."
        },
        {
            "w": "TROT",
            "v": false,
            "row": 4,
            "col": 0,
            "def": "A gait of a four-legged animal between walk and canter, a diagonal gait (in which diagonally opposite pairs of legs move together)."
        },
        {
            "w": "OTTER",
            "v": true,
            "row": 3,
            "col": 5,
            "def": "Any aquatic or marine carnivorous mammal, member of the family Mustelidae, which also includes weasels, polecats, badgers, and others."
        },
        {
            "w": "TORTE",
            "v": false,
            "row": 6,
            "col": 1,
            "def": "A rich, dense cake, typically made with many eggs and relatively little flour (as opposed to a sponge cake or g\u00e2teau)."
        },
        {
            "w": "EXTORT",
            "v": true,
            "row": 2,
            "col": 3,
            "def": "To wrest from an unwilling person by physical force, menace, duress, torture, or any undue or illegal exercise of power or ingenuity; to wrench away (from); to tear away; to wring (from); to exact; as, to extort contributions from the vanquished; to extort confessions of guilt; to extort a promise; to extort payment of a debt."
        }
    ]
}