{
    "id": 4611,
    "sub_category": "Flat Packx",
    "category": "Placid Group",
    "type": 0,
    "letters": "BDEEEF",
    "mov": 16,
    "shovels": 1,
    "coins": 5,
    "rows": 15,
    "cols": 15,
    "c": 0,
    "b": -1,
    "w": 6,
    "h": 5,
    "dws": [
        "DEF",
        "DEB",
        "BEDE",
        "BED",
        "FEEB",
        "DEBE",
        "DEE"
    ],
    "ws": [
        {
            "w": "BEE",
            "v": false,
            "row": 1,
            "col": 0,
            "def": "A flying insect, of the superfamily Apoidea, known for their organised societies, for collecting pollen, and producing wax and honey."
        },
        {
            "w": "FED",
            "v": false,
            "row": 3,
            "col": 2,
            "def": "A federal government officer or official, especially FBI and DEA agents."
        },
        {
            "w": "FEE",
            "v": false,
            "row": 4,
            "col": 0,
            "def": "Cattle; livestock, especially considered as the basis of wealth."
        },
        {
            "w": "BEEF",
            "v": true,
            "row": 1,
            "col": 0,
            "def": "The meat from a cow, bull or other bovines."
        },
        {
            "w": "FEED",
            "v": true,
            "row": 0,
            "col": 4,
            "def": "To give (someone or something) food to eat, nurture."
        },
        {
            "w": "BEEFED",
            "v": true,
            "row": 0,
            "col": 2,
            "def": "Simple past tense and past participle of beef."
        }
    ]
}