{
    "id": 4617,
    "sub_category": "Flat Packx",
    "category": "Placid Group",
    "type": 0,
    "letters": "BBCELO",
    "mov": 16,
    "shovels": 1,
    "coins": 5,
    "rows": 15,
    "cols": 15,
    "c": 0,
    "b": -1,
    "w": 6,
    "h": 6,
    "dws": [
        "BEL",
        "COLE",
        "COB",
        "COBLE",
        "BLEB",
        "OLE",
        "OBE",
        "BOLE",
        "COBB",
        "CEL",
        "ECO",
        "BLOC",
        "COL"
    ],
    "ws": [
        {
            "w": "BOB",
            "v": true,
            "row": 3,
            "col": 4,
            "def": "To move gently and vertically, in either a single motion or repeatedly up and down, at or near the surface of a body of water."
        },
        {
            "w": "LOB",
            "v": false,
            "row": 4,
            "col": 0,
            "def": "To throw or hit a ball into the air in a high arch."
        },
        {
            "w": "EBB",
            "v": true,
            "row": 0,
            "col": 0,
            "def": "The receding movement of the tide."
        },
        {
            "w": "LOBE",
            "v": false,
            "row": 5,
            "col": 2,
            "def": "Any projection or division, especially one of a somewhat rounded form."
        },
        {
            "w": "BLOB",
            "v": false,
            "row": 2,
            "col": 0,
            "def": "A shapeless or amorphous mass; a vague shape or amount, especially of a liquid or semisolid substance; a clump, group or collection that lacks definite shape."
        },
        {
            "w": "COBBLE",
            "v": true,
            "row": 1,
            "col": 2,
            "def": "A cobblestone."
        }
    ]
}