{
    "id": 463,
    "sub_category": "White Pack",
    "category": "Winter Group",
    "type": 0,
    "letters": "CIMSTY",
    "mov": 18,
    "shovels": 1,
    "coins": 5,
    "rows": 15,
    "cols": 15,
    "c": 0,
    "b": -1,
    "w": 7,
    "h": 7,
    "dws": [
        "CITS",
        "SIC",
        "MICS",
        "STIMY",
        "CIST",
        "TIS",
        "MYC",
        "MIS",
        "TICS",
        "MIC",
        "ISM",
        "CIT",
        "STY",
        "SMIT",
        "CIS",
        "MITY",
        "STIM",
        "MYCS",
        "ITS",
        "SIT"
    ],
    "ws": [
        {
            "w": "ICY",
            "v": false,
            "row": 3,
            "col": 0,
            "def": "Pertaining to, resembling, or abounding in ice; cold; frosty."
        },
        {
            "w": "SIM",
            "v": false,
            "row": 0,
            "col": 2,
            "def": "A simulation."
        },
        {
            "w": "TIC",
            "v": false,
            "row": 7,
            "col": 0,
            "def": "A local and habitual convulsive motion of certain muscles."
        },
        {
            "w": "CITY",
            "v": false,
            "row": 5,
            "col": 0,
            "def": "A large settlement, bigger than a town."
        },
        {
            "w": "MIST",
            "v": true,
            "row": 0,
            "col": 4,
            "def": "Water or other liquid finely suspended in air."
        },
        {
            "w": "CYST",
            "v": true,
            "row": 1,
            "col": 6,
            "def": "A pouch or sac without opening, usually membranous and containing morbid matter, which develops in one of the natural cavities or in the substance of an organ."
        },
        {
            "w": "MISTY",
            "v": false,
            "row": 2,
            "col": 2,
            "def": "With mist; foggy."
        },
        {
            "w": "MYSTIC",
            "v": true,
            "row": 2,
            "col": 2,
            "def": "Of, or relating to mystics, mysticism or occult mysteries; mystical."
        }
    ]
}