{
    "id": 4630,
    "sub_category": "Bare Packx",
    "category": "Placid Group",
    "type": 0,
    "letters": "AESTTU",
    "mov": 24,
    "shovels": 1,
    "coins": 5,
    "rows": 15,
    "cols": 15,
    "c": 0,
    "b": -1,
    "w": 10,
    "h": 9,
    "dws": [
        "UTA",
        "TATU",
        "TATS",
        "TUTS",
        "SETA",
        "EATS",
        "ATE",
        "TATUS",
        "TEA",
        "SETT",
        "ETATS",
        "TAT",
        "UTAS",
        "TET",
        "UTE",
        "UTES",
        "TAE",
        "TUT",
        "EAU",
        "EAT",
        "STET",
        "TAUS",
        "EAUS",
        "SUET",
        "EST",
        "ATT",
        "SAUT",
        "TAUTS",
        "TATE",
        "ETAS",
        "UTS",
        "SAUTE",
        "SAE",
        "TES",
        "SUTTA",
        "TEAS",
        "TETS",
        "TESTA",
        "SAU",
        "TAS",
        "ATES",
        "ATS",
        "ETA",
        "TASE",
        "TEAT",
        "TATES",
        "TAES",
        "TEATS",
        "EAS",
        "SEA",
        "SATE",
        "ETAT",
        "AUE"
    ],
    "ws": [
        {
            "w": "SAT",
            "v": true,
            "row": 0,
            "col": 3,
            "def": "Simple past tense and past participle of sit."
        },
        {
            "w": "SET",
            "v": true,
            "row": 6,
            "col": 6,
            "def": "To put (something) down, to rest."
        },
        {
            "w": "SUE",
            "v": false,
            "row": 8,
            "col": 2,
            "def": "To follow."
        },
        {
            "w": "USE",
            "v": false,
            "row": 7,
            "col": 4,
            "def": "The act of using."
        },
        {
            "w": "TAU",
            "v": true,
            "row": 0,
            "col": 6,
            "def": "The name of the letter T/\u03c4 in the Greek, Hebrew and ancient Semitic alphabets, being the nineteenth letter of the Classical and Modern Greek, the twentieth letter of Old and Ancient Greek."
        },
        {
            "w": "EAST",
            "v": true,
            "row": 3,
            "col": 7,
            "def": "One of the four principal compass points, specifically 90\u00b0, conventionally directed to the right on maps; the direction of the rising sun at an equinox."
        },
        {
            "w": "SEAT",
            "v": false,
            "row": 6,
            "col": 1,
            "def": "A place in which to sit."
        },
        {
            "w": "TEST",
            "v": false,
            "row": 2,
            "col": 0,
            "def": "A challenge."
        },
        {
            "w": "TAUT",
            "v": false,
            "row": 8,
            "col": 6,
            "def": "Tight; under tension, as in a rope or bow string."
        },
        {
            "w": "STAT",
            "v": false,
            "row": 6,
            "col": 6,
            "def": "Immediately, now (usually used in medical situations, to connote extreme urgency)."
        },
        {
            "w": "STATE",
            "v": true,
            "row": 2,
            "col": 2,
            "def": "Any sovereign polity. A government."
        },
        {
            "w": "TASTE",
            "v": false,
            "row": 4,
            "col": 1,
            "def": "One of the sensations produced by the tongue in response to certain chemicals."
        },
        {
            "w": "STATUE",
            "v": true,
            "row": 3,
            "col": 4,
            "def": "A three-dimensional work of art, usually representing a person or animal, usually created by sculpting, carving, molding, or casting."
        },
        {
            "w": "ASTUTE",
            "v": false,
            "row": 0,
            "col": 2,
            "def": "Quickly and critically discerning."
        }
    ]
}