{
    "id": 4642,
    "sub_category": "Bud Pack",
    "category": "Thrive Group",
    "type": 0,
    "letters": "ABLRTU",
    "mov": 18,
    "shovels": 1,
    "coins": 5,
    "rows": 15,
    "cols": 15,
    "c": 0,
    "b": -1,
    "w": 8,
    "h": 6,
    "dws": [
        "TUBAR",
        "UTA",
        "BAR",
        "TAR",
        "BLAT",
        "TUB",
        "LUBRA",
        "TABU",
        "BUT",
        "LAB",
        "TAU",
        "RUB",
        "BUR",
        "ALT",
        "BALU",
        "RUT",
        "BURL",
        "BURA",
        "BUAT",
        "BAT",
        "BRUT",
        "LAT",
        "LATU",
        "ALB",
        "ART",
        "TAB",
        "ALU",
        "BAUR",
        "LAR",
        "BRU",
        "ARB",
        "LUR",
        "BAL",
        "RAT",
        "BRA",
        "RATU",
        "URB"
    ],
    "ws": [
        {
            "w": "BLUR",
            "v": false,
            "row": 3,
            "col": 0,
            "def": "To make indistinct or hazy, to obscure or dim."
        },
        {
            "w": "BRAT",
            "v": false,
            "row": 0,
            "col": 3,
            "def": "A child (as a pejorative term); offspring."
        },
        {
            "w": "TUBA",
            "v": false,
            "row": 5,
            "col": 3,
            "def": "A large brass musical instrument, usually in the bass range, played through a vibration of the lips upon the mouthpiece and fingering of the keys."
        },
        {
            "w": "ABUT",
            "v": true,
            "row": 0,
            "col": 5,
            "def": "To lean against on one end; to end on, of a part of a building or wall."
        },
        {
            "w": "ULTRA",
            "v": false,
            "row": 7,
            "col": 2,
            "def": "Extreme; far beyond the norm."
        },
        {
            "w": "BLURT",
            "v": false,
            "row": 2,
            "col": 3,
            "def": "To utter suddenly and unadvisedly; to speak quickly or without thought; to divulge inconsiderately \u2014 commonly with out."
        },
        {
            "w": "TUBAL",
            "v": true,
            "row": 1,
            "col": 0,
            "def": "Of or pertaining to a tube."
        },
        {
            "w": "BRUTAL",
            "v": true,
            "row": 2,
            "col": 3,
            "def": "Savagely violent, vicious, ruthless, or cruel."
        }
    ]
}