{
    "id": 4671,
    "sub_category": "Seed Packx",
    "category": "Thrive Group",
    "type": 0,
    "letters": "CHLOSU",
    "mov": 16,
    "shovels": 1,
    "coins": 5,
    "rows": 15,
    "cols": 15,
    "c": 0,
    "b": -1,
    "w": 8,
    "h": 6,
    "dws": [
        "COS",
        "LOCH",
        "LOU",
        "LOCHS",
        "LOSH",
        "COLS",
        "SOH",
        "HOC",
        "CHOU",
        "OUS",
        "CUSH",
        "CLOU",
        "HOCUS",
        "COL",
        "HOLS",
        "LOS",
        "OHS",
        "SHUL",
        "SCHUL",
        "HOS",
        "CLOUS",
        "HUSO",
        "SCUL",
        "SOC",
        "SOU",
        "OCH",
        "LOUS",
        "SOL",
        "COSH",
        "SHO",
        "SLOUCH",
        "LOCUS",
        "LUSH",
        "OUCH",
        "SOUL",
        "SUCH"
    ],
    "ws": []
}