{
    "id": 4677,
    "sub_category": "Jade Pack",
    "category": "Thrive Group",
    "type": 0,
    "letters": "ANPRUW",
    "mov": 16,
    "shovels": 1,
    "coins": 5,
    "rows": 15,
    "cols": 15,
    "c": 0,
    "b": -1,
    "w": 7,
    "h": 6,
    "dws": [
        "NUR",
        "RAP",
        "PAR",
        "WAUR",
        "PRAU",
        "PAW",
        "NAW",
        "RAUN",
        "WAR",
        "RAW",
        "NAP",
        "RAN",
        "RUN",
        "RNA",
        "PAN",
        "URP",
        "RAWN",
        "WAP",
        "PUN",
        "WAN",
        "URN",
        "PUR",
        "PUNA",
        "AWN",
        "UNWRAP",
        "PRAWN",
        "WARN",
        "WRAP",
        "PAWN",
        "WARP"
    ],
    "ws": []
}