{
    "id": 4687,
    "sub_category": "Jade Pack",
    "category": "Thrive Group",
    "type": 0,
    "letters": "EILNPP",
    "mov": 24,
    "shovels": 1,
    "coins": 5,
    "rows": 15,
    "cols": 15,
    "c": 0,
    "b": -1,
    "w": 11,
    "h": 9,
    "dws": [
        "NIE",
        "PEIN",
        "PEL",
        "LEP",
        "LIN",
        "LEI",
        "LIPE",
        "PENI",
        "PIP",
        "PLIE",
        "LIPPEN",
        "NEP"
    ],
    "ws": [
        {
            "w": "LIE",
            "v": false,
            "row": 7,
            "col": 4,
            "def": "To be in a horizontal position."
        },
        {
            "w": "LIP",
            "v": false,
            "row": 4,
            "col": 3,
            "def": "Either of the two fleshy protrusions around the opening of the mouth."
        },
        {
            "w": "PEN",
            "v": false,
            "row": 5,
            "col": 6,
            "def": "An enclosed area used to contain domesticated animals, especially sheep or cattle."
        },
        {
            "w": "PEP",
            "v": true,
            "row": 0,
            "col": 3,
            "def": "To inject with energy and enthusiasm."
        },
        {
            "w": "PIE",
            "v": true,
            "row": 5,
            "col": 6,
            "def": "A type of pastry that consists of an outer crust and a filling."
        },
        {
            "w": "PIN",
            "v": true,
            "row": 0,
            "col": 5,
            "def": "A small device, made (usually) of drawn-out steel wire with one end sharpened and the other flattened or rounded into a head, used for fastening."
        },
        {
            "w": "NIP",
            "v": false,
            "row": 6,
            "col": 2,
            "def": "A small quantity of something edible or a potable liquor."
        },
        {
            "w": "NIL",
            "v": false,
            "row": 2,
            "col": 5,
            "def": "Nothing; zero."
        },
        {
            "w": "LINE",
            "v": true,
            "row": 2,
            "col": 7,
            "def": "A path through two or more points (compare 'segment'); a continuous mark, including as made by a pen; any path, curved or straight."
        },
        {
            "w": "PILE",
            "v": false,
            "row": 8,
            "col": 1,
            "def": "A dart; an arrow."
        },
        {
            "w": "PINE",
            "v": false,
            "row": 1,
            "col": 0,
            "def": "Any coniferous tree of the genus Pinus."
        },
        {
            "w": "PIPE",
            "v": false,
            "row": 0,
            "col": 3,
            "def": "A rigid tube that transports water, steam, or other fluid, as used in plumbing and numerous other applications."
        },
        {
            "w": "LIEN",
            "v": true,
            "row": 0,
            "col": 1,
            "def": "A tendon."
        },
        {
            "w": "NIPPLE",
            "v": true,
            "row": 3,
            "col": 4,
            "def": "The projection of a mammary gland from which, on female mammals, milk is secreted."
        }
    ]
}