{
    "id": 469,
    "sub_category": "Frost Pack",
    "category": "Winter Group",
    "type": 0,
    "letters": "ADEEHL",
    "mov": 20,
    "shovels": 1,
    "coins": 5,
    "rows": 15,
    "cols": 15,
    "c": 0,
    "b": -1,
    "w": 10,
    "h": 8,
    "dws": [
        "LEED",
        "HELE",
        "EEL",
        "DHAL",
        "AHED",
        "HALED",
        "EDH",
        "EHED",
        "LADE",
        "DAE",
        "DAHL",
        "HAE",
        "ALE",
        "DAH",
        "DEE",
        "LEA",
        "EALE",
        "ALEE",
        "ELD",
        "LAD",
        "LEE",
        "HAD",
        "LED",
        "LEDE",
        "HEALD",
        "HADE",
        "DAL",
        "DELE",
        "HAED",
        "LAH",
        "DEL",
        "HEALED",
        "DEAL",
        "HEAD",
        "HEAL",
        "HEED",
        "HEEL",
        "HELD",
        "LEAD",
        "DALE",
        "HALE"
    ],
    "ws": []
}