{
    "id": "46b1ce2a-0d42-11eb-a781-34363b5fdca4",
    "type": 0,
    "letters": "BDNOOY",
    "mov": 13,
    "shovels": 1,
    "coins": 5,
    "rows": 4,
    "cols": 2,
    "c": 0,
    "b": -1,
    "dws": [
        "NOB",
        "BON",
        "NOO",
        "ONO",
        "OON",
        "NOY",
        "ONY",
        "YON",
        "OBO",
        "BOO",
        "BOD",
        "DOB",
        "YOB",
        "DOO",
        "DOY",
        "YOD",
        "NOOB",
        "DOON",
        "YOND",
        "DOOB",
        "BOYO",
        "DOBY",
        "BOODY"
    ],
    "ws": [
        {
            "w": "BOY",
            "v": true,
            "row": 0,
            "col": 3
        },
        {
            "w": "DON",
            "v": true,
            "row": 4,
            "col": 5
        },
        {
            "w": "NOD",
            "v": true,
            "row": 0,
            "col": 6
        },
        {
            "w": "BODY",
            "v": false,
            "row": 6,
            "col": 0
        },
        {
            "w": "BOND",
            "v": false,
            "row": 4,
            "col": 2
        },
        {
            "w": "BONY",
            "v": false,
            "row": 2,
            "col": 0
        },
        {
            "w": "BOON",
            "v": false,
            "row": 0,
            "col": 3
        },
        {
            "w": "NOBODY",
            "v": true,
            "row": 2,
            "col": 2
        }
    ]
}