{
    "id": 47,
    "sub_category": "Flow Pack",
    "category": "Forest Group",
    "type": 0,
    "letters": "ARSTW",
    "mov": 20,
    "shovels": 1,
    "coins": 5,
    "rows": 15,
    "cols": 15,
    "c": 0,
    "b": -1,
    "w": 7,
    "h": 7,
    "dws": [
        "TAW",
        "STAW",
        "WART",
        "TARS",
        "TSAR",
        "TWAS",
        "WARST",
        "WAT",
        "WAR",
        "WATS",
        "RAW",
        "RATS",
        "ARTS",
        "TAWS",
        "ARS",
        "SAR",
        "TWA",
        "WAST",
        "TAS",
        "ATS",
        "RAS",
        "RAWS",
        "WARTS",
        "SWART"
    ],
    "ws": [
        {
            "w": "ART",
            "v": false,
            "row": 5,
            "col": 2,
            "def": "Human effort to imitate, supplement, alter, or counteract the work of nature."
        },
        {
            "w": "RAT",
            "v": false,
            "row": 2,
            "col": 5,
            "def": "A medium-sized rodent belonging to the genus Rattus."
        },
        {
            "w": "SAT",
            "v": false,
            "row": 1,
            "col": 0,
            "def": "Simple past tense and past participle of sit."
        },
        {
            "w": "SAW",
            "v": false,
            "row": 7,
            "col": 1,
            "def": "A tool with a toothed blade used for cutting hard substances, in particular wood or metal."
        },
        {
            "w": "TAR",
            "v": true,
            "row": 0,
            "col": 5,
            "def": "A black, oily, sticky, viscous substance, consisting mainly of hydrocarbons derived from organic materials such as wood, peat, or coal."
        },
        {
            "w": "WAS",
            "v": true,
            "row": 3,
            "col": 0,
            "def": "First-person singular simple past tense indicative of be."
        },
        {
            "w": "STAR",
            "v": true,
            "row": 0,
            "col": 2,
            "def": "Any small luminous dot appearing in the cloudless portion of the night sky, especially with a fixed location relative to other such dots."
        },
        {
            "w": "SWAT",
            "v": false,
            "row": 0,
            "col": 2,
            "def": "To beat off, as insects; to bat, strike, or hit."
        },
        {
            "w": "WARS",
            "v": false,
            "row": 3,
            "col": 0,
            "def": "Plural form of war."
        },
        {
            "w": "STRAW",
            "v": true,
            "row": 3,
            "col": 3,
            "def": "A dried stalk of a cereal plant."
        }
    ]
}