{
    "id": 4707,
    "sub_category": "Verde Pack",
    "category": "Thrive Group",
    "type": 0,
    "letters": "AIIMNS",
    "mov": 16,
    "shovels": 1,
    "coins": 5,
    "rows": 15,
    "cols": 15,
    "c": 0,
    "b": -1,
    "w": 6,
    "h": 6,
    "dws": [
        "MNAS",
        "NAMS",
        "SAIMIN",
        "ANS",
        "AMIS",
        "ANIMIS",
        "SIMA",
        "SAI",
        "MANS",
        "MAS",
        "AIS",
        "AMIN",
        "ANIS",
        "MINA",
        "NIS",
        "AMI",
        "NIM",
        "MIS",
        "SAIN",
        "SMA",
        "NAS",
        "ANI",
        "ISM",
        "NIMS",
        "AMINS",
        "INIA",
        "NAM",
        "SIMI",
        "AIN",
        "SAM",
        "MANI",
        "AIMS",
        "ANIMI",
        "MAINS",
        "NISI",
        "SAN",
        "MNA",
        "MINIS",
        "AINS",
        "MAN",
        "MINAS",
        "MANIS",
        "INS",
        "SAIM",
        "SIMIAN",
        "MAIN",
        "MINI",
        "AIM",
        "SIM",
        "SIN"
    ],
    "ws": []
}