{
    "id": 4712,
    "sub_category": "Verde Pack",
    "category": "Thrive Group",
    "type": 0,
    "letters": "GINRST",
    "mov": 24,
    "shovels": 1,
    "coins": 5,
    "rows": 15,
    "cols": 15,
    "c": 0,
    "b": -1,
    "w": 9,
    "h": 9,
    "dws": [
        "RIT",
        "TRIGS",
        "INGS",
        "RINGS",
        "GRIS",
        "SIN",
        "TIGS",
        "GIRT",
        "TRIG",
        "GIRNS",
        "TIS",
        "GRITS",
        "TING",
        "GIT",
        "GIRN",
        "RIN",
        "NITS",
        "NIS",
        "GRINS",
        "STRIG",
        "INS",
        "SNIRT",
        "GIRTS",
        "GINS",
        "SIG",
        "SNIT",
        "TINGS",
        "TRINS",
        "RIGS",
        "SRI",
        "ING",
        "GRIST",
        "TIG",
        "TRIN",
        "ITS",
        "SIT",
        "TINS",
        "GIS",
        "RINS",
        "SNIG",
        "RITS",
        "GITS"
    ],
    "ws": [
        {
            "w": "GIN",
            "v": true,
            "row": 7,
            "col": 1,
            "def": "A colourless non-aged alcoholic liquor made by distilling fermented grains such as barley, corn, oats or rye with juniper berries; the base for many cocktails."
        },
        {
            "w": "RIG",
            "v": true,
            "row": 1,
            "col": 7,
            "def": "The rigging of a sailing ship or other such craft."
        },
        {
            "w": "SIR",
            "v": false,
            "row": 6,
            "col": 2,
            "def": "A man of a higher rank or position."
        },
        {
            "w": "TIN",
            "v": true,
            "row": 3,
            "col": 1,
            "def": "A malleable, ductile, metallic element, resistant to corrosion, with atomic number 50 and symbol Sn."
        },
        {
            "w": "NIT",
            "v": true,
            "row": 3,
            "col": 6,
            "def": "The egg of a louse."
        },
        {
            "w": "GRIN",
            "v": true,
            "row": 4,
            "col": 8,
            "def": "A smile in which the lips are parted to reveal the teeth."
        },
        {
            "w": "RING",
            "v": false,
            "row": 0,
            "col": 1,
            "def": "A circumscribing object, (roughly) circular and hollow, looking like an annual ring, earring, finger ring etc."
        },
        {
            "w": "SIGN",
            "v": false,
            "row": 7,
            "col": 5,
            "def": "A visible indication."
        },
        {
            "w": "SING",
            "v": false,
            "row": 8,
            "col": 0,
            "def": "To produce musical or harmonious sounds with one's voice."
        },
        {
            "w": "STIR",
            "v": false,
            "row": 5,
            "col": 5,
            "def": "To change the place of in any manner; to move."
        },
        {
            "w": "GRIT",
            "v": true,
            "row": 0,
            "col": 4,
            "def": "Collection of hard small materials, such as dirt, ground stone, debris from sandblasting or other such grinding, swarf from metalworking."
        },
        {
            "w": "GIST",
            "v": false,
            "row": 4,
            "col": 0,
            "def": "The most essential part; the main idea or substance (of a longer or more complicated matter)."
        },
        {
            "w": "STING",
            "v": false,
            "row": 3,
            "col": 3,
            "def": "A bump left on the skin after having been stung."
        },
        {
            "w": "STRING",
            "v": true,
            "row": 3,
            "col": 3,
            "def": "A long, thin and flexible structure made from threads twisted together."
        }
    ]
}