{
    "id": "473ef650-0d48-11eb-a781-34363b5fdca4",
    "type": 0,
    "letters": "CDEKOT",
    "mov": 19,
    "shovels": 1,
    "coins": 5,
    "rows": 7,
    "cols": 2,
    "c": 0,
    "b": -1,
    "dws": [
        "DOC",
        "TOD",
        "KED",
        "TED",
        "ECO",
        "TOC",
        "OKE",
        "TEC",
        "KET",
        "COED",
        "ECOD",
        "DOEK",
        "TOCK",
        "COTE",
        "KETO",
        "TOKE",
        "COKED",
        "COTED",
        "TOKED",
        "TOCKED"
    ],
    "ws": [
        {
            "w": "COD",
            "v": true,
            "row": 5,
            "col": 2
        },
        {
            "w": "COT",
            "v": false,
            "row": 4,
            "col": 6
        },
        {
            "w": "DOE",
            "v": true,
            "row": 0,
            "col": 5
        },
        {
            "w": "DOT",
            "v": true,
            "row": 0,
            "col": 0
        },
        {
            "w": "ODE",
            "v": false,
            "row": 6,
            "col": 2
        },
        {
            "w": "TOE",
            "v": false,
            "row": 7,
            "col": 4
        },
        {
            "w": "CODE",
            "v": true,
            "row": 0,
            "col": 2
        },
        {
            "w": "COKE",
            "v": true,
            "row": 4,
            "col": 6
        },
        {
            "w": "DECK",
            "v": false,
            "row": 2,
            "col": 4
        },
        {
            "w": "DECO",
            "v": false,
            "row": 3,
            "col": 1
        },
        {
            "w": "DOCK",
            "v": false,
            "row": 0,
            "col": 0
        },
        {
            "w": "DOTE",
            "v": false,
            "row": 0,
            "col": 5
        },
        {
            "w": "TOED",
            "v": true,
            "row": 4,
            "col": 8
        },
        {
            "w": "DOCKET",
            "v": true,
            "row": 2,
            "col": 4
        }
    ]
}