{
    "id": 4749,
    "sub_category": "Swept Pack",
    "category": "Parched Group",
    "type": 0,
    "letters": "EEIRSX",
    "mov": 16,
    "shovels": 1,
    "coins": 5,
    "rows": 15,
    "cols": 15,
    "c": 0,
    "b": -1,
    "w": 8,
    "h": 6,
    "dws": [
        "SEI",
        "XIS",
        "SEX",
        "REIS",
        "REI",
        "ERE",
        "SER",
        "REES",
        "SIREE",
        "SEIR",
        "SEXER",
        "ERES",
        "SERE",
        "ERS",
        "IRES",
        "ESE",
        "REXES",
        "EXIES",
        "REE",
        "REX",
        "SRI",
        "IRE",
        "RES",
        "SEE",
        "SEER",
        "SIXER"
    ],
    "ws": [
        {
            "w": "SIR",
            "v": true,
            "row": 2,
            "col": 0,
            "def": "A man of a higher rank or position."
        },
        {
            "w": "SIX",
            "v": false,
            "row": 2,
            "col": 0,
            "def": "A numerical value equal to 6; the number occurring after five and before seven."
        },
        {
            "w": "RISE",
            "v": false,
            "row": 0,
            "col": 0,
            "def": "The process of or an action or instance of moving upwards or becoming greater."
        },
        {
            "w": "SIRE",
            "v": true,
            "row": 1,
            "col": 4,
            "def": "A lord, master, or other person in authority, most commonly used vocatively."
        },
        {
            "w": "EXES",
            "v": false,
            "row": 4,
            "col": 2,
            "def": "Plural form of ex."
        },
        {
            "w": "SEXIER",
            "v": true,
            "row": 0,
            "col": 2,
            "def": "Undefined"
        }
    ]
}