{
    "id": 475,
    "sub_category": "Frost Pack",
    "category": "Winter Group",
    "type": 0,
    "letters": "ENNORU",
    "mov": 18,
    "shovels": 1,
    "coins": 5,
    "rows": 15,
    "cols": 15,
    "c": 0,
    "b": -1,
    "w": 7,
    "h": 7,
    "dws": [
        "ONE",
        "EON",
        "RENO",
        "NUR",
        "ONER",
        "ERN",
        "RONNE",
        "REO",
        "RONE",
        "NON",
        "ORE",
        "RUN",
        "ROUEN",
        "REN",
        "URE",
        "NOR",
        "ROE",
        "RUNE",
        "URN",
        "ROUE",
        "OURN"
    ],
    "ws": [
        {
            "w": "NUN",
            "v": false,
            "row": 2,
            "col": 1,
            "def": "A member of a Christian religious community of women who live by certain vows and usually wear a habit, in some cases living together in a cloister."
        },
        {
            "w": "OUR",
            "v": true,
            "row": 5,
            "col": 1,
            "def": "Belonging to us."
        },
        {
            "w": "RUE",
            "v": false,
            "row": 4,
            "col": 2,
            "def": "Repentance, regret."
        },
        {
            "w": "NEON",
            "v": false,
            "row": 7,
            "col": 3,
            "def": "The chemical element (symbol Ne) with an atomic number of 10."
        },
        {
            "w": "NONE",
            "v": true,
            "row": 0,
            "col": 1,
            "def": "Not any (one) of a given number or group of things. With singular or plural concord."
        },
        {
            "w": "EURO",
            "v": false,
            "row": 6,
            "col": 0,
            "def": "The currency unit of the European Monetary Union."
        },
        {
            "w": "NOUN",
            "v": true,
            "row": 4,
            "col": 6,
            "def": "A word that can be used to refer to a person, animal, place, thing, phenomenon, substance, quality, or idea; one of the basic parts of speech in many languages, including English."
        },
        {
            "w": "NEURON",
            "v": true,
            "row": 2,
            "col": 3,
            "def": "A cell of the nervous system, which conducts nerve impulses; consisting of an axon and several dendrites. Neurons are connected by synapses."
        }
    ]
}