{
    "id": 4751,
    "sub_category": "Swept Pack",
    "category": "Parched Group",
    "type": 0,
    "letters": "CEJKOY",
    "mov": 18,
    "shovels": 1,
    "coins": 5,
    "rows": 15,
    "cols": 15,
    "c": 0,
    "b": -1,
    "w": 8,
    "h": 6,
    "dws": [
        "JOEY",
        "YOK",
        "COKY",
        "OYE",
        "ECO",
        "JOKEY",
        "JOE",
        "OKE",
        "JOCKY",
        "YOCK",
        "KYE",
        "JOKY"
    ],
    "ws": [
        {
            "w": "JOY",
            "v": true,
            "row": 2,
            "col": 7,
            "def": "The feeling of happiness, extreme cheerfulness."
        },
        {
            "w": "KEY",
            "v": false,
            "row": 4,
            "col": 5,
            "def": "An object designed to open and close a lock."
        },
        {
            "w": "COY",
            "v": false,
            "row": 2,
            "col": 3,
            "def": "Bashful, shy, retiring."
        },
        {
            "w": "COKE",
            "v": false,
            "row": 4,
            "col": 0,
            "def": "Solid residue from roasting coal in a coke oven; used principally as a fuel and in the production of steel and formerly as a domestic fuel."
        },
        {
            "w": "JOKE",
            "v": false,
            "row": 0,
            "col": 3,
            "def": "An amusing story."
        },
        {
            "w": "JOCK",
            "v": true,
            "row": 2,
            "col": 0,
            "def": "A common man."
        },
        {
            "w": "YOKE",
            "v": true,
            "row": 2,
            "col": 5,
            "def": "A bar or frame of wood by which two oxen are joined at the heads or necks for working together."
        },
        {
            "w": "JOCKEY",
            "v": true,
            "row": 0,
            "col": 3,
            "def": "One who rides racehorses competitively."
        }
    ]
}