{
    "id": 4754,
    "sub_category": "Plain Pack",
    "category": "Parched Group",
    "type": 0,
    "letters": "AEGITY",
    "mov": 24,
    "shovels": 1,
    "coins": 5,
    "rows": 15,
    "cols": 15,
    "c": 0,
    "b": -1,
    "w": 9,
    "h": 9,
    "dws": [
        "GIE",
        "YAGE",
        "AIT",
        "GEIT",
        "TAE",
        "TAI",
        "GEY",
        "ITA",
        "YAG",
        "GEAT",
        "YATE",
        "TAIG",
        "TEG",
        "GET",
        "YAGI",
        "GITE",
        "ETA",
        "YAE",
        "TYE",
        "TYG",
        "YITE",
        "TAY",
        "GAT",
        "GETA",
        "TIG",
        "GAY",
        "GYTE",
        "GAE",
        "TIGE"
    ],
    "ws": [
        {
            "w": "AGE",
            "v": false,
            "row": 3,
            "col": 4,
            "def": "The whole duration of a being, whether animal, vegetable, or other kind; lifetime."
        },
        {
            "w": "ATE",
            "v": false,
            "row": 2,
            "col": 0,
            "def": "Simple past of eat."
        },
        {
            "w": "AYE",
            "v": true,
            "row": 0,
            "col": 2,
            "def": "Ever, always."
        },
        {
            "w": "EAT",
            "v": true,
            "row": 1,
            "col": 8,
            "def": "To consume (something solid or semi-solid, usually food) by putting it into the mouth and swallowing it."
        },
        {
            "w": "TAG",
            "v": true,
            "row": 4,
            "col": 2,
            "def": "A small label."
        },
        {
            "w": "TEA",
            "v": false,
            "row": 2,
            "col": 6,
            "def": "The dried leaves or buds of the tea plant, Camellia sinensis."
        },
        {
            "w": "TIE",
            "v": true,
            "row": 2,
            "col": 1,
            "def": "A necktie (item of clothing consisting of a strip of cloth tied around the neck)."
        },
        {
            "w": "YET",
            "v": false,
            "row": 4,
            "col": 0,
            "def": "To melt; found; cast, as metal."
        },
        {
            "w": "GIT",
            "v": false,
            "row": 6,
            "col": 2,
            "def": "A contemptible person."
        },
        {
            "w": "YEA",
            "v": false,
            "row": 7,
            "col": 4,
            "def": "Yes."
        },
        {
            "w": "GATE",
            "v": true,
            "row": 0,
            "col": 6,
            "def": "A doorlike structure outside a house."
        },
        {
            "w": "GAIT",
            "v": false,
            "row": 0,
            "col": 1,
            "def": "Manner of walking or stepping; bearing or carriage while moving."
        },
        {
            "w": "YETI",
            "v": true,
            "row": 4,
            "col": 0,
            "def": "An unidentified humanoid animal said to live in the Himalayas."
        },
        {
            "w": "GAIETY",
            "v": true,
            "row": 2,
            "col": 4,
            "def": "The state of being happy."
        }
    ]
}