{
    "id": 4757,
    "sub_category": "Plain Pack",
    "category": "Parched Group",
    "type": 0,
    "letters": "BEERRV",
    "mov": 18,
    "shovels": 1,
    "coins": 5,
    "rows": 15,
    "cols": 15,
    "c": 0,
    "b": -1,
    "w": 6,
    "h": 6,
    "dws": [
        "BREER",
        "REV",
        "EREV",
        "BEVER",
        "REB",
        "VEE",
        "BREE",
        "BRERE",
        "BRER",
        "BRR",
        "BREVE",
        "BERE",
        "ERE",
        "REE"
    ],
    "ws": [
        {
            "w": "BEE",
            "v": true,
            "row": 2,
            "col": 5,
            "def": "A flying insect, of the superfamily Apoidea, known for their organised societies, for collecting pollen, and producing wax and honey."
        },
        {
            "w": "EVE",
            "v": false,
            "row": 3,
            "col": 3,
            "def": "The day or night before, usually used for holidays, such as Christmas Eve."
        },
        {
            "w": "ERR",
            "v": false,
            "row": 4,
            "col": 5,
            "def": "To make a mistake."
        },
        {
            "w": "BEER",
            "v": false,
            "row": 2,
            "col": 0,
            "def": "An alcoholic drink fermented from starch material commonly barley malt, often with hops or some other substance to impart a bitter flavor."
        },
        {
            "w": "EVER",
            "v": true,
            "row": 0,
            "col": 1,
            "def": "Always."
        },
        {
            "w": "VERB",
            "v": false,
            "row": 6,
            "col": 1,
            "def": "A word that indicates an action, event, or state."
        },
        {
            "w": "VEER",
            "v": false,
            "row": 0,
            "col": 0,
            "def": "A turn or swerve; an instance of veering."
        },
        {
            "w": "REVERB",
            "v": true,
            "row": 2,
            "col": 3,
            "def": "An electronic effect which simulates echoes or reverberations in the sound signal being processed."
        }
    ]
}