{
    "id": 4761,
    "sub_category": "Plain Pack",
    "category": "Parched Group",
    "type": 0,
    "letters": "DDEIMM",
    "mov": 16,
    "shovels": 1,
    "coins": 5,
    "rows": 15,
    "cols": 15,
    "c": 0,
    "b": -1,
    "w": 7,
    "h": 6,
    "dws": [
        "MEM",
        "IDE",
        "DIE",
        "DID",
        "DIED",
        "MED",
        "IDEM",
        "MIM",
        "DEI",
        "DEID"
    ],
    "ws": [
        {
            "w": "DIM",
            "v": false,
            "row": 4,
            "col": 0,
            "def": "Not bright or colorful."
        },
        {
            "w": "MID",
            "v": true,
            "row": 3,
            "col": 4,
            "def": "With."
        },
        {
            "w": "DIME",
            "v": false,
            "row": 1,
            "col": 2,
            "def": "A coin worth one-tenth of a dollar. The physical coin is smaller than a penny."
        },
        {
            "w": "MIME",
            "v": false,
            "row": 3,
            "col": 2,
            "def": "A form of acting without words; pantomime."
        },
        {
            "w": "MIMED",
            "v": true,
            "row": 0,
            "col": 0,
            "def": "Simple past tense and past participle of mime."
        },
        {
            "w": "DIMMED",
            "v": true,
            "row": 1,
            "col": 2,
            "def": "Simple past tense and past participle of dim."
        }
    ]
}