{
    "id": "47b5aa88-0d3a-11eb-a781-34363b5fdca4",
    "type": 0,
    "letters": "EFIKN",
    "mov": 11,
    "shovels": 1,
    "coins": 5,
    "rows": 3,
    "cols": 2,
    "c": 0,
    "b": -1,
    "dws": [
        "KEN",
        "NEK",
        "KIF",
        "EIK",
        "KEF",
        "NIE",
        "NEF",
        "FIE",
        "FINK",
        "KINE",
        "KIEF",
        "FIKE",
        "NIFE",
        "NIEF",
        "NEIF",
        "FENI"
    ],
    "ws": [
        {
            "w": "FEN",
            "v": false,
            "row": 2,
            "col": 0
        },
        {
            "w": "FIN",
            "v": true,
            "row": 2,
            "col": 0
        },
        {
            "w": "INK",
            "v": true,
            "row": 0,
            "col": 4
        },
        {
            "w": "KIN",
            "v": false,
            "row": 1,
            "col": 2
        },
        {
            "w": "FINE",
            "v": false,
            "row": 4,
            "col": 2
        },
        {
            "w": "KNIFE",
            "v": true,
            "row": 1,
            "col": 2
        }
    ]
}