{
    "id": 481,
    "sub_category": "Petal Pack",
    "category": "Flora Group",
    "type": 0,
    "letters": "DEEEKR",
    "mov": 16,
    "shovels": 1,
    "coins": 5,
    "rows": 15,
    "cols": 15,
    "c": 0,
    "b": -1,
    "w": 6,
    "h": 6,
    "dws": [
        "KED",
        "REKE",
        "EKED",
        "DEE",
        "DREE",
        "ERED",
        "EKE",
        "REDE",
        "DEEK",
        "DERE",
        "ERK",
        "DREK",
        "DEKE",
        "ERE",
        "REE"
    ],
    "ws": [
        {
            "w": "RED",
            "v": true,
            "row": 0,
            "col": 4,
            "def": "Having red as its colour."
        },
        {
            "w": "EEK",
            "v": false,
            "row": 5,
            "col": 1,
            "def": "Representing a scream or shriek (especially in comic strips)."
        },
        {
            "w": "DEER",
            "v": false,
            "row": 3,
            "col": 0,
            "def": "A beast, usually a quadruped as opposed to birds, fish, etc."
        },
        {
            "w": "REED",
            "v": true,
            "row": 0,
            "col": 0,
            "def": "Any of various types of tall stiff perennial grass-like plants growing together in groups near water."
        },
        {
            "w": "REEK",
            "v": false,
            "row": 1,
            "col": 2,
            "def": "A strong unpleasant smell."
        },
        {
            "w": "REEKED",
            "v": true,
            "row": 1,
            "col": 2,
            "def": "Simple past tense and past participle of reek."
        }
    ]
}