{
    "id": 4827,
    "sub_category": "Sleet Pack",
    "category": "Frigid Group",
    "type": 0,
    "letters": "ERSSUV",
    "mov": 16,
    "shovels": 1,
    "coins": 5,
    "rows": 15,
    "cols": 15,
    "c": 0,
    "b": -1,
    "w": 6,
    "h": 6,
    "dws": [
        "SUER",
        "ERUVS",
        "USERS",
        "SER",
        "SERS",
        "VERS",
        "SUERS",
        "ERUV",
        "ERS",
        "RUSES",
        "SUE",
        "REV",
        "URES",
        "ESS",
        "RUE",
        "URE",
        "SEV",
        "SUS",
        "RES",
        "RUES",
        "REVS",
        "USE",
        "SEVS",
        "VERSUS",
        "SUES",
        "SURE",
        "USER",
        "USES",
        "RUSE"
    ],
    "ws": []
}