{
    "id": 487,
    "sub_category": "Petal Pack",
    "category": "Flora Group",
    "type": 0,
    "letters": "INOPRS",
    "mov": 24,
    "shovels": 1,
    "coins": 5,
    "rows": 15,
    "cols": 15,
    "c": 0,
    "b": -1,
    "w": 9,
    "h": 9,
    "dws": [
        "PIRN",
        "PONS",
        "ISO",
        "ROINS",
        "IONS",
        "RISP",
        "SPINOR",
        "ONS",
        "SNIP",
        "PROS",
        "PSI",
        "PIONS",
        "PIS",
        "IRONS",
        "ROSIN",
        "PIRS",
        "POIS",
        "OIS",
        "NORI",
        "NOIRS",
        "POS",
        "PRION",
        "RIN",
        "NIS",
        "ROIN",
        "PSION",
        "PIRNS",
        "OPSIN",
        "PRIONS",
        "INRO",
        "OPS",
        "ORNIS",
        "POI",
        "ORPINS",
        "PISO",
        "NIPS",
        "ORPIN",
        "IOS",
        "SORN",
        "PROIN",
        "PORN",
        "NOS",
        "PINS",
        "PORINS",
        "RINS",
        "SRI",
        "ORS",
        "NORIS",
        "PIR",
        "SORI",
        "PORNS",
        "INS",
        "RIPS",
        "PION",
        "PORIN",
        "NOIR"
    ],
    "ws": [
        {
            "w": "ION",
            "v": false,
            "row": 7,
            "col": 6,
            "def": "An atom or group of atoms bearing an electrical charge such as the sodium and chlorine atoms in a salt solution."
        },
        {
            "w": "NOR",
            "v": true,
            "row": 3,
            "col": 2,
            "def": "Used to introduce a further negative statement."
        },
        {
            "w": "PIN",
            "v": true,
            "row": 0,
            "col": 9,
            "def": "A small device, made (usually) of drawn-out steel wire with one end sharpened and the other flattened or rounded into a head, used for fastening."
        },
        {
            "w": "PRO",
            "v": false,
            "row": 4,
            "col": 0,
            "def": "An advantage of something, especially when contrasted with its disadvantages (cons)."
        },
        {
            "w": "RIP",
            "v": true,
            "row": 6,
            "col": 6,
            "def": "A tear (in paper, etc.)."
        },
        {
            "w": "SIN",
            "v": false,
            "row": 8,
            "col": 2,
            "def": "A violation of God's will or religious law."
        },
        {
            "w": "SIP",
            "v": true,
            "row": 2,
            "col": 0,
            "def": "A small mouthful of drink."
        },
        {
            "w": "SIR",
            "v": false,
            "row": 6,
            "col": 4,
            "def": "A man of a higher rank or position."
        },
        {
            "w": "SON",
            "v": false,
            "row": 2,
            "col": 7,
            "def": "A male child, a boy or man in relation to his parents; one's male offspring."
        },
        {
            "w": "NIP",
            "v": false,
            "row": 3,
            "col": 2,
            "def": "A small quantity of something edible or a potable liquor."
        },
        {
            "w": "SOP",
            "v": true,
            "row": 2,
            "col": 7,
            "def": "Something entirely soaked."
        },
        {
            "w": "IRON",
            "v": true,
            "row": 4,
            "col": 8,
            "def": "A common, inexpensive metal, often black in color, that rusts, is attracted by magnets, and is used in making steel."
        },
        {
            "w": "SPIN",
            "v": false,
            "row": 4,
            "col": 6,
            "def": "To rotate, revolve, gyrate (usually quickly); to partially or completely rotate to face another direction."
        },
        {
            "w": "PRISON",
            "v": true,
            "row": 3,
            "col": 4,
            "def": "A place of long-term confinement for those convicted of serious crimes, or otherwise considered undesirable by the government."
        }
    ]
}