{
    "id": 4871,
    "sub_category": "Cube Pack",
    "category": "Frigid Group",
    "type": 0,
    "letters": "EKLNRU",
    "mov": 20,
    "shovels": 1,
    "coins": 5,
    "rows": 15,
    "cols": 15,
    "c": 0,
    "b": -1,
    "w": 9,
    "h": 7,
    "dws": [
        "LUNE",
        "KERN",
        "NUR",
        "NEK",
        "NURL",
        "ERN",
        "LUN",
        "NERK",
        "KUE",
        "KEN",
        "KNUR",
        "RUNKLE",
        "LUKE",
        "EUK",
        "NEUK",
        "UKE",
        "REN",
        "KUNE",
        "RENK",
        "LEKU",
        "ULE",
        "LEU",
        "URE",
        "LUR",
        "KNURL",
        "ERK",
        "LEK",
        "LUNK"
    ],
    "ws": [
        {
            "w": "ELK",
            "v": false,
            "row": 6,
            "col": 2,
            "def": "The largest member of the deer family (Alces alces); a moose."
        },
        {
            "w": "RUN",
            "v": false,
            "row": 4,
            "col": 0,
            "def": "Act or instance of running, of moving rapidly using the feet."
        },
        {
            "w": "URN",
            "v": false,
            "row": 4,
            "col": 4,
            "def": "A vase with a footed base."
        },
        {
            "w": "RUE",
            "v": true,
            "row": 0,
            "col": 3,
            "def": "Repentance, regret."
        },
        {
            "w": "LURE",
            "v": false,
            "row": 0,
            "col": 1,
            "def": "Something that tempts or attracts, especially one with a promise of reward or pleasure."
        },
        {
            "w": "RULE",
            "v": false,
            "row": 2,
            "col": 0,
            "def": "A regulation, law, guideline."
        },
        {
            "w": "NUKE",
            "v": true,
            "row": 4,
            "col": 6,
            "def": "Nuclear weapon."
        },
        {
            "w": "LURK",
            "v": true,
            "row": 3,
            "col": 4,
            "def": "To remain concealed in order to ambush."
        },
        {
            "w": "RUNE",
            "v": true,
            "row": 4,
            "col": 0,
            "def": "A letter, or character, belonging to the written language of various ancient Germanic peoples, especially the Scandinavians and the Anglo-Saxons."
        },
        {
            "w": "LUNKER",
            "v": true,
            "row": 2,
            "col": 2,
            "def": "Anything, especially a game fish, that is especially large for its type; a whopper."
        }
    ]
}