{
    "id": 4877,
    "sub_category": "Cube Pack",
    "category": "Frigid Group",
    "type": 0,
    "letters": "DEGGTU",
    "mov": 16,
    "shovels": 1,
    "coins": 5,
    "rows": 15,
    "cols": 15,
    "c": 0,
    "b": -1,
    "w": 6,
    "h": 5,
    "dws": [
        "UTE",
        "DUE",
        "TEGU",
        "TEGG",
        "TEG",
        "DEGU",
        "GUDE",
        "GED",
        "DUET",
        "GUE",
        "DEG",
        "TED"
    ],
    "ws": [
        {
            "w": "DUG",
            "v": false,
            "row": 4,
            "col": 0,
            "def": "Mammary gland on domestic mammal containing more than two breasts."
        },
        {
            "w": "EGG",
            "v": true,
            "row": 0,
            "col": 0,
            "def": "An approximately spherical or ellipsoidal body produced by birds, snakes, insects and other animals housing the embryo during its development."
        },
        {
            "w": "GET",
            "v": false,
            "row": 1,
            "col": 0,
            "def": "To obtain; to acquire."
        },
        {
            "w": "GUT",
            "v": false,
            "row": 3,
            "col": 2,
            "def": "The alimentary canal, especially the intestine."
        },
        {
            "w": "TUG",
            "v": true,
            "row": 3,
            "col": 4,
            "def": "To pull or drag with great effort."
        },
        {
            "w": "TUGGED",
            "v": true,
            "row": 1,
            "col": 2,
            "def": "Simple past tense and past participle of tug."
        }
    ]
}