{
    "id": 4887,
    "sub_category": "Bulb Pack",
    "category": "Flourish Group",
    "type": 0,
    "letters": "ACGHTU",
    "mov": 24,
    "shovels": 1,
    "coins": 5,
    "rows": 15,
    "cols": 15,
    "c": 0,
    "b": -1,
    "w": 10,
    "h": 8,
    "dws": [
        "UTA",
        "GATCH",
        "CAG",
        "GAUCH",
        "CHA",
        "AUGH",
        "TACH",
        "GHAT",
        "GAU",
        "GHAUT",
        "UGH",
        "GATH",
        "HAUT",
        "AUGHT",
        "CHUT",
        "GAT",
        "CUT",
        "GACH",
        "ACH"
    ],
    "ws": [
        {
            "w": "ACT",
            "v": false,
            "row": 3,
            "col": 3,
            "def": "Something done, a deed."
        },
        {
            "w": "CAT",
            "v": true,
            "row": 1,
            "col": 5,
            "def": "Any similar animal of the family Felidae, which includes lions, tigers, bobcats, etc."
        },
        {
            "w": "GUT",
            "v": false,
            "row": 9,
            "col": 6,
            "def": "The alimentary canal, especially the intestine."
        },
        {
            "w": "HAT",
            "v": true,
            "row": 0,
            "col": 7,
            "def": "A covering for the head, often in the approximate form of a cone or a cylinder closed at its top end, and sometimes having a brim and other decoration."
        },
        {
            "w": "HUG",
            "v": true,
            "row": 6,
            "col": 2,
            "def": "An affectionate close embrace."
        },
        {
            "w": "HUT",
            "v": true,
            "row": 4,
            "col": 1,
            "def": "A small wooden shed."
        },
        {
            "w": "TAG",
            "v": false,
            "row": 8,
            "col": 0,
            "def": "A small label."
        },
        {
            "w": "TUG",
            "v": true,
            "row": 5,
            "col": 8,
            "def": "To pull or drag with great effort."
        },
        {
            "w": "HAG",
            "v": false,
            "row": 7,
            "col": 6,
            "def": "A witch, sorceress, or enchantress; also, a wizard."
        },
        {
            "w": "TAU",
            "v": false,
            "row": 8,
            "col": 4,
            "def": "The name of the letter T/\u03c4 in the Greek, Hebrew and ancient Semitic alphabets, being the nineteenth letter of the Classical and Modern Greek, the twentieth letter of Old and Ancient Greek."
        },
        {
            "w": "CHAT",
            "v": false,
            "row": 1,
            "col": 5,
            "def": "To be engaged in informal conversation."
        },
        {
            "w": "THUG",
            "v": false,
            "row": 6,
            "col": 1,
            "def": "To commit acts of thuggery, to live the life of a thug, or to dress and act in a manner reminiscent of someone who does."
        },
        {
            "w": "CHUG",
            "v": true,
            "row": 6,
            "col": 6,
            "def": "A dull, fairly quick explosive or percussive sound, as if made by a labouring engine."
        },
        {
            "w": "CAUGHT",
            "v": true,
            "row": 3,
            "col": 4,
            "def": "Of the method of being out in which the striker hits the ball and a fielder catches it."
        }
    ]
}