{
    "id": 4891,
    "sub_category": "Bulb Pack",
    "category": "Flourish Group",
    "type": 0,
    "letters": "EIJRTT",
    "mov": 16,
    "shovels": 1,
    "coins": 5,
    "rows": 15,
    "cols": 15,
    "c": 0,
    "b": -1,
    "w": 7,
    "h": 6,
    "dws": [
        "RET",
        "TET",
        "RIT",
        "TITER",
        "TIT",
        "TIE",
        "TRET",
        "TITE",
        "TETRI",
        "TITRE",
        "RITT",
        "REI",
        "TRIE",
        "IRE",
        "TRIJET",
        "JITTER",
        "TRITE",
        "TIRE",
        "RITE",
        "TIER",
        "JET"
    ],
    "ws": []
}