{
    "id": 4909,
    "sub_category": "Float Packx",
    "category": "Flourish Group",
    "type": 0,
    "letters": "DEHISS",
    "mov": 20,
    "shovels": 1,
    "coins": 5,
    "rows": 15,
    "cols": 15,
    "c": 0,
    "b": -1,
    "w": 9,
    "h": 7,
    "dws": [
        "HIDES",
        "ISHES",
        "DIE",
        "SEI",
        "HEID",
        "SED",
        "EDH",
        "SIDHE",
        "HES",
        "SEIS",
        "EDHS",
        "EISH",
        "HISS",
        "DESI",
        "SIES",
        "EHS",
        "DEI",
        "DESHIS",
        "HEIDS",
        "HIE",
        "IDE",
        "IDES",
        "SIDH",
        "ESS",
        "SHIES",
        "DISS",
        "ISH",
        "DESHI",
        "DIS",
        "SESH",
        "DISHES",
        "HIES",
        "EDS",
        "IDS",
        "DIES",
        "SHES",
        "SHEDS",
        "SIDES",
        "HIED",
        "DESIS"
    ],
    "ws": [
        {
            "w": "HID",
            "v": false,
            "row": 6,
            "col": 5,
            "def": "Simple past of hide."
        },
        {
            "w": "HIS",
            "v": false,
            "row": 0,
            "col": 5,
            "def": "Belonging to him."
        },
        {
            "w": "SHE",
            "v": true,
            "row": 5,
            "col": 5,
            "def": "A female person or animal."
        },
        {
            "w": "SIS",
            "v": false,
            "row": 5,
            "col": 3,
            "def": "Shortened form of sister."
        },
        {
            "w": "DISH",
            "v": true,
            "row": 4,
            "col": 1,
            "def": "A vessel such as a plate for holding or serving food, often flat with a depressed region in the middle."
        },
        {
            "w": "HIDE",
            "v": true,
            "row": 0,
            "col": 5,
            "def": "To put (something) in a place where it will be harder to discover or out of sight."
        },
        {
            "w": "SHED",
            "v": false,
            "row": 7,
            "col": 0,
            "def": "To part or divide."
        },
        {
            "w": "SIDE",
            "v": false,
            "row": 3,
            "col": 2,
            "def": "A bounding straight edge of a two-dimensional shape."
        },
        {
            "w": "SHIED",
            "v": true,
            "row": 2,
            "col": 7,
            "def": "Simple past tense and past participle of shy."
        },
        {
            "w": "HISSED",
            "v": true,
            "row": 2,
            "col": 3,
            "def": "Simple past tense and past participle of hiss."
        }
    ]
}