{
    "id": 4921,
    "sub_category": "Bud Packx",
    "category": "Flourish Group",
    "type": 0,
    "letters": "DEEITX",
    "mov": 16,
    "shovels": 1,
    "coins": 5,
    "rows": 15,
    "cols": 15,
    "c": 0,
    "b": -1,
    "w": 6,
    "h": 6,
    "dws": [
        "DIE",
        "DEXIE",
        "EIDE",
        "TEE",
        "TEX",
        "TEED",
        "TID",
        "DEE",
        "DEI",
        "IDE",
        "IDEE",
        "DIT",
        "TIE",
        "TIX",
        "TED",
        "DEET",
        "XED",
        "DEX",
        "EXED",
        "DITE"
    ],
    "ws": [
        {
            "w": "DIET",
            "v": false,
            "row": 5,
            "col": 0,
            "def": "The food and beverage a person or animal consumes."
        },
        {
            "w": "EDIT",
            "v": false,
            "row": 1,
            "col": 2,
            "def": "A change to the text of a document."
        },
        {
            "w": "EXIT",
            "v": false,
            "row": 3,
            "col": 0,
            "def": "A way out."
        },
        {
            "w": "TIDE",
            "v": true,
            "row": 0,
            "col": 0,
            "def": "The periodic change of the sea level, particularly when caused by the gravitational influence of the sun and the moon."
        },
        {
            "w": "TIED",
            "v": true,
            "row": 1,
            "col": 5,
            "def": "Connected."
        },
        {
            "w": "EXITED",
            "v": true,
            "row": 1,
            "col": 2,
            "def": "Simple past tense and past participle of exit."
        }
    ]
}