{
    "id": 4929,
    "sub_category": "Pollen Pack",
    "category": "Flourish Group",
    "type": 0,
    "letters": "DEGGOU",
    "mov": 20,
    "shovels": 1,
    "coins": 5,
    "rows": 15,
    "cols": 15,
    "c": 0,
    "b": -1,
    "w": 8,
    "h": 7,
    "dws": [
        "DEG",
        "DUE",
        "OUD",
        "GOE",
        "DEGU",
        "GUDE",
        "GED",
        "DOGE",
        "GEO",
        "GUE",
        "UDO"
    ],
    "ws": [
        {
            "w": "DOG",
            "v": false,
            "row": 1,
            "col": 4,
            "def": "A mammal, Canis lupus familiaris, of the genus Canis that has been domesticated for thousands of years, of highly variable appearance due to human breeding."
        },
        {
            "w": "DUG",
            "v": true,
            "row": 1,
            "col": 4,
            "def": "Mammary gland on domestic mammal containing more than two breasts."
        },
        {
            "w": "DUO",
            "v": true,
            "row": 4,
            "col": 0,
            "def": "A twosome, especially musicians."
        },
        {
            "w": "EGG",
            "v": true,
            "row": 0,
            "col": 6,
            "def": "An approximately spherical or ellipsoidal body produced by birds, snakes, insects and other animals housing the embryo during its development."
        },
        {
            "w": "EGO",
            "v": true,
            "row": 3,
            "col": 5,
            "def": "The self, especially with a sense of self-importance."
        },
        {
            "w": "GOD",
            "v": false,
            "row": 5,
            "col": 4,
            "def": "A deity:."
        },
        {
            "w": "DOE",
            "v": false,
            "row": 7,
            "col": 2,
            "def": "A female deer; also used of similar animals such as reindeer, antelope, goat."
        },
        {
            "w": "ODE",
            "v": false,
            "row": 6,
            "col": 0,
            "def": "A short poetical composition proper to be set to music or sung; a lyric poem; esp., now, a poem characterized by sustained noble sentiment and appropriate dignity of style."
        },
        {
            "w": "GOUGE",
            "v": false,
            "row": 3,
            "col": 1,
            "def": "A cut or groove, as left by something sharp."
        },
        {
            "w": "GOUGED",
            "v": true,
            "row": 2,
            "col": 2,
            "def": "Simple past tense and past participle of gouge."
        }
    ]
}