{
    "id": 493,
    "sub_category": "Petal Pack",
    "category": "Flora Group",
    "type": 0,
    "letters": "ABBHSY",
    "mov": 20,
    "shovels": 1,
    "coins": 5,
    "rows": 15,
    "cols": 15,
    "c": 0,
    "b": -1,
    "w": 7,
    "h": 7,
    "dws": [
        "BYS",
        "YAS",
        "YAH",
        "ABB",
        "BAYS",
        "ABY",
        "SHA",
        "AHS",
        "ABBS",
        "BASH",
        "SAB",
        "HAYS",
        "BAH",
        "ABYS",
        "YAHS",
        "BAS",
        "SHAY",
        "AYS"
    ],
    "ws": [
        {
            "w": "ABS",
            "v": true,
            "row": 5,
            "col": 1,
            "def": "The abdominal muscles."
        },
        {
            "w": "ASH",
            "v": true,
            "row": 0,
            "col": 1,
            "def": "The solid remains of a fire."
        },
        {
            "w": "BAY",
            "v": false,
            "row": 0,
            "col": 0,
            "def": "A berry."
        },
        {
            "w": "HAS",
            "v": false,
            "row": 2,
            "col": 1,
            "def": "Third-person singular simple present indicative form of have."
        },
        {
            "w": "HAY",
            "v": false,
            "row": 3,
            "col": 3,
            "def": "Grass cut and dried for use as animal fodder."
        },
        {
            "w": "SAY",
            "v": true,
            "row": 1,
            "col": 5,
            "def": "To pronounce."
        },
        {
            "w": "SHY",
            "v": false,
            "row": 1,
            "col": 5,
            "def": "Easily frightened; timid."
        },
        {
            "w": "BABY",
            "v": false,
            "row": 5,
            "col": 3,
            "def": "A very young human, particularly from birth to a couple of years old or until walking is fully mastered."
        },
        {
            "w": "ASHY",
            "v": false,
            "row": 7,
            "col": 0,
            "def": "Having the color of ashes."
        },
        {
            "w": "SHABBY",
            "v": true,
            "row": 2,
            "col": 3,
            "def": "Torn or worn; poor; mean; ragged."
        }
    ]
}