{
    "id": 4935,
    "sub_category": "Pollen Pack",
    "category": "Flourish Group",
    "type": 0,
    "letters": "BBBDEO",
    "mov": 16,
    "shovels": 1,
    "coins": 5,
    "rows": 15,
    "cols": 15,
    "c": 0,
    "b": -1,
    "w": 7,
    "h": 6,
    "dws": [
        "ODE",
        "DEB",
        "OBE",
        "DOE",
        "DOBE",
        "DOB"
    ],
    "ws": [
        {
            "w": "BED",
            "v": true,
            "row": 2,
            "col": 0,
            "def": "A piece of furniture, usually flat and soft, to sleep on."
        },
        {
            "w": "BOB",
            "v": false,
            "row": 2,
            "col": 0,
            "def": "To move gently and vertically, in either a single motion or repeatedly up and down, at or near the surface of a body of water."
        },
        {
            "w": "BOD",
            "v": true,
            "row": 1,
            "col": 4,
            "def": "The body."
        },
        {
            "w": "EBB",
            "v": false,
            "row": 0,
            "col": 0,
            "def": "The receding movement of the tide."
        },
        {
            "w": "BODE",
            "v": false,
            "row": 3,
            "col": 2,
            "def": "To indicate by signs, as future events; to be the omen of; to portend to presage; to foreshow."
        },
        {
            "w": "BOBBED",
            "v": true,
            "row": 0,
            "col": 2,
            "def": "Simple past tense and past participle of bob."
        }
    ]
}