{
    "id": 4940,
    "sub_category": "Pollen Pack",
    "category": "Flourish Group",
    "type": 0,
    "letters": "AEHILN",
    "mov": 26,
    "shovels": 1,
    "coins": 5,
    "rows": 15,
    "cols": 15,
    "c": 0,
    "b": -1,
    "w": 12,
    "h": 9,
    "dws": [
        "ANIL",
        "NAE",
        "ILEA",
        "LEI",
        "HEIL",
        "NEAL",
        "HAEN",
        "ANE",
        "NAH",
        "HIN",
        "EINA",
        "HAE",
        "EAN",
        "HAN",
        "ELAIN",
        "LIANE",
        "ANI",
        "LEA",
        "AINE",
        "HIE",
        "NIE",
        "ANILE",
        "AHI",
        "LIN",
        "ELAN",
        "AIN",
        "HILA",
        "ALINE",
        "HAIN",
        "ELHI",
        "LAH",
        "LIEN"
    ],
    "ws": [
        {
            "w": "ALE",
            "v": true,
            "row": 7,
            "col": 1,
            "def": "An intoxicating liquor made from an infusion of malt by fermentation and the addition of a bitter, usually hops."
        },
        {
            "w": "HEN",
            "v": false,
            "row": 2,
            "col": 6,
            "def": "Hence."
        },
        {
            "w": "LIE",
            "v": false,
            "row": 8,
            "col": 1,
            "def": "To be in a horizontal position."
        },
        {
            "w": "NIL",
            "v": true,
            "row": 0,
            "col": 2,
            "def": "Nothing; zero."
        },
        {
            "w": "AIL",
            "v": true,
            "row": 7,
            "col": 6,
            "def": "Painful; troublesome."
        },
        {
            "w": "HAIL",
            "v": false,
            "row": 1,
            "col": 0,
            "def": "Balls or pieces of ice falling as precipitation, often in connection with a thunderstorm."
        },
        {
            "w": "HEAL",
            "v": true,
            "row": 1,
            "col": 0,
            "def": "To hide; conceal; keep secret."
        },
        {
            "w": "LANE",
            "v": false,
            "row": 6,
            "col": 2,
            "def": "A narrow passageway between fences, walls, hedges or trees."
        },
        {
            "w": "LEAN",
            "v": true,
            "row": 1,
            "col": 7,
            "def": "To hang outwards."
        },
        {
            "w": "LINE",
            "v": false,
            "row": 4,
            "col": 5,
            "def": "A path through two or more points (compare 'segment'); a continuous mark, including as made by a pen; any path, curved or straight."
        },
        {
            "w": "NAIL",
            "v": false,
            "row": 7,
            "col": 5,
            "def": "To drive a nail."
        },
        {
            "w": "LAIN",
            "v": false,
            "row": 4,
            "col": 0,
            "def": "Past participle of lie (oriented in a horizontal position, situated)."
        },
        {
            "w": "HALE",
            "v": false,
            "row": 9,
            "col": 4,
            "def": "Health, welfare."
        },
        {
            "w": "ALIEN",
            "v": true,
            "row": 3,
            "col": 5,
            "def": "A person, animal, plant, or other thing which is from outside the family, group, organization, or territory under consideration."
        },
        {
            "w": "INHALE",
            "v": true,
            "row": 3,
            "col": 3,
            "def": "To draw air into the lungs, through the nose or mouth by action of the diaphragm."
        }
    ]
}