{
    "id": 4982,
    "sub_category": "Way Pack",
    "category": "Aurora Group",
    "type": 0,
    "letters": "DELOPY",
    "mov": 22,
    "shovels": 1,
    "coins": 5,
    "rows": 15,
    "cols": 15,
    "c": 0,
    "b": -1,
    "w": 10,
    "h": 9,
    "dws": [
        "PYE",
        "OLDE",
        "YOD",
        "LEY",
        "YOLD",
        "DEY",
        "ODYLE",
        "PLOD",
        "DEP",
        "PLOYED",
        "PODLEY",
        "OPE",
        "ODYL",
        "OLE",
        "OYE",
        "PEL",
        "YODLE",
        "DOE",
        "OLDY",
        "DOL",
        "POD",
        "PLOYE",
        "POLEY",
        "YODEL",
        "POLED",
        "DYE",
        "PED",
        "ELD",
        "LOD",
        "OPED",
        "YEP",
        "OLD",
        "DELO",
        "OLPE",
        "LOY",
        "YODE",
        "DOP",
        "YELD",
        "LED",
        "DOY",
        "ODE",
        "LYE",
        "POL",
        "DOPY",
        "LEP",
        "LOP",
        "PLY",
        "DEL",
        "DEPLOY",
        "DOPEY",
        "LOPED",
        "DOPE",
        "PLOY",
        "POLE",
        "LODE",
        "PLED",
        "POLY",
        "DOLE",
        "YELP",
        "LOPE"
    ],
    "ws": []
}