{
    "id": 4983,
    "sub_category": "Way Pack",
    "category": "Aurora Group",
    "type": 0,
    "letters": "ENPTUU",
    "mov": 18,
    "shovels": 1,
    "coins": 5,
    "rows": 15,
    "cols": 15,
    "c": 0,
    "b": -1,
    "w": 6,
    "h": 6,
    "dws": [
        "UTE",
        "TUN",
        "TUP",
        "UTU",
        "NET",
        "TEN",
        "NEP",
        "TUNE"
    ],
    "ws": [
        {
            "w": "NUT",
            "v": true,
            "row": 5,
            "col": 6,
            "def": "A hard-shelled seed."
        },
        {
            "w": "PEN",
            "v": true,
            "row": 0,
            "col": 2,
            "def": "An enclosed area used to contain domesticated animals, especially sheep or cattle."
        },
        {
            "w": "PET",
            "v": false,
            "row": 5,
            "col": 2,
            "def": "An animal kept as a companion."
        },
        {
            "w": "PUT",
            "v": false,
            "row": 0,
            "col": 2,
            "def": "To place something somewhere."
        },
        {
            "w": "PUN",
            "v": true,
            "row": 2,
            "col": 0,
            "def": "To beat; strike with force; ram; pound, as in a mortar; reduce to powder."
        },
        {
            "w": "PUNT",
            "v": false,
            "row": 7,
            "col": 3,
            "def": "A pontoon; a narrow shallow boat propelled by a pole."
        },
        {
            "w": "PENT",
            "v": false,
            "row": 2,
            "col": 0,
            "def": "Confined in a pen, imprisoned."
        },
        {
            "w": "TUNEUP",
            "v": true,
            "row": 2,
            "col": 3,
            "def": "An adjustment made to an engine in order to improve its performance."
        }
    ]
}