{
    "id": "4bebb204-0d3b-11eb-a781-34363b5fdca4",
    "type": 0,
    "letters": "AMNTUU",
    "mov": 13,
    "shovels": 1,
    "coins": 5,
    "rows": 4,
    "cols": 2,
    "c": 0,
    "b": -1,
    "dws": [
        "UTA",
        "TAU",
        "AMU",
        "TAM",
        "NAT",
        "MNA",
        "NAM",
        "UTU",
        "TUM",
        "MUT",
        "TUN",
        "UMU",
        "MUN",
        "MAUT",
        "TUAN",
        "UNAU",
        "MAUN",
        "NAMU",
        "MUNT"
    ],
    "ws": [
        {
            "w": "ANT",
            "v": false,
            "row": 2,
            "col": 2
        },
        {
            "w": "MAN",
            "v": true,
            "row": 0,
            "col": 3
        },
        {
            "w": "MAT",
            "v": false,
            "row": 4,
            "col": 0
        },
        {
            "w": "NUT",
            "v": false,
            "row": 4,
            "col": 4
        },
        {
            "w": "TAN",
            "v": true,
            "row": 2,
            "col": 4
        },
        {
            "w": "AUNT",
            "v": false,
            "row": 7,
            "col": 0
        },
        {
            "w": "TUNA",
            "v": true,
            "row": 4,
            "col": 6
        },
        {
            "w": "AUTUMN",
            "v": true,
            "row": 2,
            "col": 2
        }
    ]
}