{
    "id": 5001,
    "sub_category": "Bask Packx",
    "category": "Aurora Group",
    "type": 0,
    "letters": "OPTTUU",
    "mov": 20,
    "shovels": 1,
    "coins": 5,
    "rows": 15,
    "cols": 15,
    "c": 0,
    "b": -1,
    "w": 8,
    "h": 7,
    "dws": [
        "TUT",
        "POTT",
        "UPO",
        "PUTTO",
        "TUP",
        "OUT",
        "UTU",
        "PUTOUT"
    ],
    "ws": [
        {
            "w": "POT",
            "v": true,
            "row": 4,
            "col": 0,
            "def": "A vessel used for cooking or storing food."
        },
        {
            "w": "PUT",
            "v": false,
            "row": 0,
            "col": 2,
            "def": "To place something somewhere."
        },
        {
            "w": "TOP",
            "v": true,
            "row": 0,
            "col": 4,
            "def": "That part of an object furthest away in the opposite direction from that in which an unsupported object would fall."
        },
        {
            "w": "OPT",
            "v": false,
            "row": 2,
            "col": 3,
            "def": "To choose; to select."
        },
        {
            "w": "TOT",
            "v": false,
            "row": 5,
            "col": 5,
            "def": "A small child."
        },
        {
            "w": "PUTT",
            "v": false,
            "row": 7,
            "col": 1,
            "def": "The act of tapping a golf ball lightly on a putting green."
        },
        {
            "w": "TOUT",
            "v": true,
            "row": 2,
            "col": 5,
            "def": "Someone advertising for customers in an aggressive way."
        },
        {
            "w": "POUT",
            "v": false,
            "row": 4,
            "col": 0,
            "def": "One's facial expression when pouting."
        },
        {
            "w": "TUTU",
            "v": true,
            "row": 3,
            "col": 7,
            "def": "A ballet skirt made of layered stiff but light netting."
        },
        {
            "w": "OUTPUT",
            "v": true,
            "row": 2,
            "col": 3,
            "def": "Production; quantity produced, created, or completed."
        }
    ]
}