{
    "id": 5009,
    "sub_category": "Vast Packx",
    "category": "Aurora Group",
    "type": 0,
    "letters": "ACCHNY",
    "mov": 18,
    "shovels": 1,
    "coins": 5,
    "rows": 15,
    "cols": 15,
    "c": 0,
    "b": -1,
    "w": 7,
    "h": 7,
    "dws": [
        "NAH",
        "CHA",
        "CANY",
        "YAH",
        "ACH",
        "NACH",
        "HAN",
        "NYAH",
        "CHAY"
    ],
    "ws": [
        {
            "w": "ANY",
            "v": false,
            "row": 4,
            "col": 3,
            "def": "To even the slightest extent, at all."
        },
        {
            "w": "CAN",
            "v": false,
            "row": 6,
            "col": 3,
            "def": "To know how to; to be able to."
        },
        {
            "w": "HAY",
            "v": false,
            "row": 7,
            "col": 1,
            "def": "Grass cut and dried for use as animal fodder."
        },
        {
            "w": "NAY",
            "v": true,
            "row": 0,
            "col": 5,
            "def": "No."
        },
        {
            "w": "CAY",
            "v": true,
            "row": 3,
            "col": 1,
            "def": "A small, low island largely made of sand or coral."
        },
        {
            "w": "ACHY",
            "v": false,
            "row": 2,
            "col": 2,
            "def": "Suffering from aches, sore."
        },
        {
            "w": "CYAN",
            "v": false,
            "row": 5,
            "col": 0,
            "def": "A colour between blue and green in the visible spectrum; the complementary colour of red; the colour obtained by subtracting red from white light."
        },
        {
            "w": "CHANCY",
            "v": true,
            "row": 2,
            "col": 3,
            "def": "Uncertain, risky, hazardous."
        }
    ]
}