{
    "id": 5011,
    "sub_category": "Vast Packx",
    "category": "Aurora Group",
    "type": 0,
    "letters": "ALLOWW",
    "mov": 18,
    "shovels": 1,
    "coins": 5,
    "rows": 15,
    "cols": 15,
    "c": 0,
    "b": -1,
    "w": 7,
    "h": 6,
    "dws": [
        "AWOL",
        "OLLA",
        "AWL",
        "LOL",
        "WAW",
        "WAWL",
        "ALOW"
    ],
    "ws": [
        {
            "w": "ALL",
            "v": false,
            "row": 0,
            "col": 2,
            "def": "Intensifier."
        },
        {
            "w": "LAW",
            "v": true,
            "row": 3,
            "col": 4,
            "def": "The body of rules and standards issued by a government, or to be applied by courts and similar authorities."
        },
        {
            "w": "LOW",
            "v": true,
            "row": 0,
            "col": 3,
            "def": "In a position comparatively close to the ground."
        },
        {
            "w": "OWL",
            "v": true,
            "row": 5,
            "col": 3,
            "def": "Any of various birds of prey of the order Strigiformes that are primarily nocturnal and have forward-looking, binocular vision, limited eye movement, and good hearing."
        },
        {
            "w": "WOW",
            "v": false,
            "row": 2,
            "col": 1,
            "def": "An indication of excitement or surprise."
        },
        {
            "w": "WALL",
            "v": false,
            "row": 7,
            "col": 1,
            "def": "To boil."
        },
        {
            "w": "ALLOW",
            "v": false,
            "row": 5,
            "col": 0,
            "def": "To grant, give, admit, accord, afford, or yield; to let one have."
        },
        {
            "w": "WALLOW",
            "v": true,
            "row": 2,
            "col": 1,
            "def": "To roll one's self about, as in mire; to tumble and roll about; to move lazily or heavily in any medium; to flounder; as, swine wallow in the mire."
        }
    ]
}