{
    "id": 502,
    "sub_category": "Lily Pack",
    "category": "Flora Group",
    "type": 0,
    "letters": "EEHPRS",
    "mov": 22,
    "shovels": 1,
    "coins": 5,
    "rows": 15,
    "cols": 15,
    "c": 0,
    "b": -1,
    "w": 10,
    "h": 9,
    "dws": [
        "REHS",
        "PEERS",
        "PEES",
        "HESP",
        "PES",
        "HEP",
        "PHEER",
        "HES",
        "SPEER",
        "ERE",
        "SER",
        "REES",
        "HERPES",
        "ERES",
        "SERE",
        "PEH",
        "PEE",
        "ERS",
        "HEPS",
        "EHS",
        "PERES",
        "REPS",
        "ESE",
        "PERE",
        "PRESE",
        "RESH",
        "SHERE",
        "HERS",
        "PREES",
        "REE",
        "HERES",
        "HERSE",
        "REH",
        "PERSE",
        "RES",
        "PEHS",
        "PREE",
        "PRE",
        "SEE"
    ],
    "ws": [
        {
            "w": "HER",
            "v": true,
            "row": 5,
            "col": 7,
            "def": "Belonging to her."
        },
        {
            "w": "PER",
            "v": false,
            "row": 7,
            "col": 5,
            "def": "For each."
        },
        {
            "w": "SHE",
            "v": false,
            "row": 7,
            "col": 1,
            "def": "A female person or animal."
        },
        {
            "w": "REP",
            "v": true,
            "row": 5,
            "col": 5,
            "def": "Short form of reputation."
        },
        {
            "w": "HERE",
            "v": true,
            "row": 0,
            "col": 1,
            "def": "This place; this location."
        },
        {
            "w": "PEER",
            "v": false,
            "row": 5,
            "col": 2,
            "def": "To look with difficulty, or as if searching for something."
        },
        {
            "w": "SEER",
            "v": true,
            "row": 3,
            "col": 0,
            "def": "Agent noun of see; one who sees something; an eyewitness."
        },
        {
            "w": "SEEP",
            "v": false,
            "row": 3,
            "col": 0,
            "def": "A small spring, pool, or other place where liquid from the ground (e.g. water, petroleum or tar) has oozed to the surface."
        },
        {
            "w": "SHEEP",
            "v": true,
            "row": 0,
            "col": 6,
            "def": "A woolly ruminant of the genus Ovis."
        },
        {
            "w": "SHEER",
            "v": false,
            "row": 0,
            "col": 0,
            "def": "Very thin or transparent."
        },
        {
            "w": "SPREE",
            "v": false,
            "row": 2,
            "col": 3,
            "def": "A merry frolic; especially, a drinking frolic."
        },
        {
            "w": "SPHERE",
            "v": true,
            "row": 2,
            "col": 3,
            "def": "To place in a sphere, or among the spheres; to ensphere."
        }
    ]
}