{
    "id": 5034,
    "sub_category": "Space Packx",
    "category": "Aurora Group",
    "type": 0,
    "letters": "BELOSU",
    "mov": 24,
    "shovels": 1,
    "coins": 5,
    "rows": 15,
    "cols": 15,
    "c": 0,
    "b": -1,
    "w": 10,
    "h": 10,
    "dws": [
        "LUES",
        "LES",
        "SLUB",
        "SLOE",
        "BOUSE",
        "LOU",
        "SLEB",
        "OBELUS",
        "SLUE",
        "OSE",
        "BEL",
        "OLE",
        "ULES",
        "OUS",
        "SEL",
        "BOLES",
        "LOBS",
        "BES",
        "LOBES",
        "LOS",
        "LUBES",
        "OBE",
        "BOLE",
        "BOULES",
        "OES",
        "LESBO",
        "OLES",
        "BLUES",
        "ELS",
        "ULE",
        "LEU",
        "BULSE",
        "LOBUS",
        "BOULE",
        "SOU",
        "OBES",
        "OUSEL",
        "BOLUS",
        "SOB",
        "LOUS",
        "OBS",
        "SOL",
        "BELS",
        "BOS"
    ],
    "ws": [
        {
            "w": "BUS",
            "v": false,
            "row": 7,
            "col": 7,
            "def": "A motor vehicle for transporting large numbers of people along roads."
        },
        {
            "w": "LOB",
            "v": false,
            "row": 6,
            "col": 0,
            "def": "To throw or hit a ball into the air in a high arch."
        },
        {
            "w": "SUB",
            "v": false,
            "row": 0,
            "col": 7,
            "def": "A submarine."
        },
        {
            "w": "SUE",
            "v": false,
            "row": 8,
            "col": 2,
            "def": "To follow."
        },
        {
            "w": "USE",
            "v": false,
            "row": 6,
            "col": 4,
            "def": "The act of using."
        },
        {
            "w": "BLUE",
            "v": true,
            "row": 0,
            "col": 9,
            "def": "Having a bluish colour shade."
        },
        {
            "w": "LOBE",
            "v": false,
            "row": 9,
            "col": 5,
            "def": "Any projection or division, especially one of a somewhat rounded form."
        },
        {
            "w": "LOSE",
            "v": true,
            "row": 3,
            "col": 6,
            "def": "To cause (something) to cease to be in one's possession or capability due to unfortunate or unknown circumstances, events or reasons."
        },
        {
            "w": "SLOB",
            "v": true,
            "row": 4,
            "col": 1,
            "def": "A lazy and slovenly person."
        },
        {
            "w": "SOLE",
            "v": false,
            "row": 5,
            "col": 6,
            "def": "A wooden band or yoke put around the neck of an ox or cow in the stall."
        },
        {
            "w": "SOUL",
            "v": false,
            "row": 4,
            "col": 1,
            "def": "The spirit or essence of a person usually thought to consist of one's thoughts and personality. Often believed to live on after the person's death."
        },
        {
            "w": "LUBE",
            "v": false,
            "row": 3,
            "col": 6,
            "def": "Lubricant."
        },
        {
            "w": "LOUSE",
            "v": true,
            "row": 5,
            "col": 8,
            "def": "A small parasitic wingless insect of the order Phthiraptera."
        },
        {
            "w": "BLOUSE",
            "v": true,
            "row": 3,
            "col": 4,
            "def": "An outer garment, usually loose, that is similar to a shirt and reaches from the neck to the waist or below. Nowadays, in colloquial use, blouse refers almost always to a woman's shirt that buttons down the front."
        }
    ]
}