{
    "id": 5039,
    "sub_category": "Space Packx",
    "category": "Aurora Group",
    "type": 0,
    "letters": "ABBORS",
    "mov": 24,
    "shovels": 1,
    "coins": 5,
    "rows": 15,
    "cols": 15,
    "c": 0,
    "b": -1,
    "w": 10,
    "h": 8,
    "dws": [
        "BRAS",
        "ARBS",
        "OBA",
        "OARS",
        "BOARS",
        "BARS",
        "OSAR",
        "BROS",
        "BOBAS",
        "ABBS",
        "ABOS",
        "ORA",
        "ROBS",
        "BOR",
        "ABB",
        "BORA",
        "ABO",
        "SAR",
        "ARS",
        "OBAS",
        "BOAS",
        "SOBA",
        "BORS",
        "ARB",
        "BOAB",
        "SORB",
        "ORS",
        "BORAS",
        "BOABS",
        "RAS",
        "BOBS",
        "BOBA",
        "SAB",
        "SORA",
        "BARBS",
        "OAR",
        "OBS",
        "BOS",
        "ORBS"
    ],
    "ws": [
        {
            "w": "ABS",
            "v": false,
            "row": 3,
            "col": 6,
            "def": "The abdominal muscles."
        },
        {
            "w": "BAR",
            "v": false,
            "row": 2,
            "col": 2,
            "def": "A solid, more or less rigid object with a uniform cross-section smaller than its length."
        },
        {
            "w": "BOB",
            "v": false,
            "row": 5,
            "col": 6,
            "def": "To move gently and vertically, in either a single motion or repeatedly up and down, at or near the surface of a body of water."
        },
        {
            "w": "BRA",
            "v": true,
            "row": 1,
            "col": 6,
            "def": "A brassiere."
        },
        {
            "w": "ROB",
            "v": false,
            "row": 0,
            "col": 1,
            "def": "To steal from, especially using force or violence."
        },
        {
            "w": "BOA",
            "v": true,
            "row": 5,
            "col": 1,
            "def": "Any of a group of large American snakes, of the genus Boa, including the boa constrictor, the emperor boa of Mexico, and the chevalier boa of Peru."
        },
        {
            "w": "ORB",
            "v": true,
            "row": 0,
            "col": 2,
            "def": "A spherical body; a globe; especially, one of the celestial spheres; a sun, planet, or star."
        },
        {
            "w": "BRO",
            "v": false,
            "row": 8,
            "col": 6,
            "def": "Brother; a male sibling."
        },
        {
            "w": "SOB",
            "v": true,
            "row": 3,
            "col": 8,
            "def": "A cry with a short, sudden expulsion of breath."
        },
        {
            "w": "BAS",
            "v": false,
            "row": 1,
            "col": 6,
            "def": "Plural of ba."
        },
        {
            "w": "BOAR",
            "v": false,
            "row": 7,
            "col": 3,
            "def": "A wild boar (Sus scrofa), the wild ancestor of the domesticated pig."
        },
        {
            "w": "SOAR",
            "v": false,
            "row": 6,
            "col": 0,
            "def": "To fly aloft with little effort, as a bird."
        },
        {
            "w": "BARB",
            "v": true,
            "row": 5,
            "col": 6,
            "def": "The point that stands backward in an arrow, fishhook, etc., to prevent it from being easily extracted. Hence: Anything which stands out with a sharp point obliquely or crosswise to something else."
        },
        {
            "w": "ABSORB",
            "v": true,
            "row": 2,
            "col": 3,
            "def": "To assume or pay for as part of a commercial transaction."
        }
    ]
}