{
    "id": 505,
    "sub_category": "Lily Pack",
    "category": "Flora Group",
    "type": 0,
    "letters": "DDEELV",
    "mov": 16,
    "shovels": 1,
    "coins": 5,
    "rows": 15,
    "cols": 15,
    "c": 0,
    "b": -1,
    "w": 6,
    "h": 5,
    "dws": [
        "DEEV",
        "DEV",
        "LEVE",
        "ELD",
        "LEED",
        "VELE",
        "VEE",
        "VELD",
        "LEDE",
        "DELED",
        "DEVEL",
        "LEE",
        "LEV",
        "DELE",
        "ELVE",
        "DEE",
        "DEL"
    ],
    "ws": [
        {
            "w": "EVE",
            "v": false,
            "row": 2,
            "col": 0,
            "def": "The day or night before, usually used for holidays, such as Christmas Eve."
        },
        {
            "w": "LED",
            "v": true,
            "row": 1,
            "col": 0,
            "def": "Simple past tense and past participle of lead."
        },
        {
            "w": "EEL",
            "v": false,
            "row": 5,
            "col": 1,
            "def": "Any fish of the order Anguilliformes which are elongated and resemble snakes. There are freshwater and marine species."
        },
        {
            "w": "DEED",
            "v": false,
            "row": 1,
            "col": 2,
            "def": "An action or act; something that is done."
        },
        {
            "w": "DELVE",
            "v": true,
            "row": 0,
            "col": 4,
            "def": "To dig the ground, especially with a shovel."
        },
        {
            "w": "DELVED",
            "v": true,
            "row": 1,
            "col": 2,
            "def": "Simple past tense and past participle of delve."
        }
    ]
}