{
    "id": 5059,
    "sub_category": "Peak Packx",
    "category": "Crest Group",
    "type": 0,
    "letters": "ELLPRU",
    "mov": 16,
    "shovels": 1,
    "coins": 5,
    "rows": 15,
    "cols": 15,
    "c": 0,
    "b": -1,
    "w": 6,
    "h": 5,
    "dws": [
        "PUL",
        "PLU",
        "LERP",
        "PEL",
        "PULE",
        "PURE",
        "ELL",
        "PURL",
        "PELL",
        "URP",
        "ULE",
        "RUE",
        "LEU",
        "PULER",
        "URE",
        "LUR",
        "PLUE",
        "LEP",
        "PUR",
        "PRE",
        "PUER"
    ],
    "ws": [
        {
            "w": "PER",
            "v": true,
            "row": 0,
            "col": 0,
            "def": "For each."
        },
        {
            "w": "REP",
            "v": false,
            "row": 4,
            "col": 1,
            "def": "Short form of reputation."
        },
        {
            "w": "LURE",
            "v": true,
            "row": 0,
            "col": 5,
            "def": "Something that tempts or attracts, especially one with a promise of reward or pleasure."
        },
        {
            "w": "PULL",
            "v": false,
            "row": 0,
            "col": 2,
            "def": "To apply a force to (an object) so that it comes toward the person or thing applying the force."
        },
        {
            "w": "RULE",
            "v": false,
            "row": 2,
            "col": 0,
            "def": "A regulation, law, guideline."
        },
        {
            "w": "PULLER",
            "v": true,
            "row": 0,
            "col": 2,
            "def": "Anything that pulls, but especially a hoist in which a cable is attached to a lever and a ratchet mechanism."
        }
    ]
}