{
    "id": 5081,
    "sub_category": "Crag Packx",
    "category": "Crest Group",
    "type": 0,
    "letters": "DEKLRU",
    "mov": 18,
    "shovels": 1,
    "coins": 5,
    "rows": 15,
    "cols": 15,
    "c": 0,
    "b": -1,
    "w": 8,
    "h": 8,
    "dws": [
        "LEK",
        "RED",
        "URD",
        "DURE",
        "ELK",
        "LEUD",
        "RUED",
        "LUKE",
        "KED",
        "EUK",
        "DUE",
        "ELD",
        "UKE",
        "DREK",
        "DULE",
        "LEKU",
        "ULE",
        "RUE",
        "LED",
        "LEU",
        "URE",
        "LUR",
        "RUD",
        "LUDE",
        "LUD",
        "ERK",
        "RUDE",
        "KUE",
        "URDE",
        "DEL"
    ],
    "ws": [
        {
            "w": "DUEL",
            "v": false,
            "row": 1,
            "col": 0,
            "def": "Arranged, regular combat between two private persons, often over a matter of honor."
        },
        {
            "w": "DUKE",
            "v": true,
            "row": 3,
            "col": 7,
            "def": "The male ruler of a duchy (compare duchess)."
        },
        {
            "w": "LURE",
            "v": true,
            "row": 0,
            "col": 1,
            "def": "Something that tempts or attracts, especially one with a promise of reward or pleasure."
        },
        {
            "w": "RULE",
            "v": true,
            "row": 0,
            "col": 6,
            "def": "A regulation, law, guideline."
        },
        {
            "w": "LURK",
            "v": false,
            "row": 0,
            "col": 4,
            "def": "To remain concealed in order to ambush."
        },
        {
            "w": "LURED",
            "v": false,
            "row": 5,
            "col": 0,
            "def": "Simple past tense and past participle of lure."
        },
        {
            "w": "RULED",
            "v": false,
            "row": 3,
            "col": 3,
            "def": "Having printed lines."
        },
        {
            "w": "LURKED",
            "v": true,
            "row": 1,
            "col": 3,
            "def": "Simple past tense and past participle of lurk."
        }
    ]
}