{
    "id": 5095,
    "sub_category": "High Pack",
    "category": "Crest Group",
    "type": 0,
    "letters": "BLRRUY",
    "mov": 18,
    "shovels": 1,
    "coins": 5,
    "rows": 15,
    "cols": 15,
    "c": 0,
    "b": -1,
    "w": 8,
    "h": 7,
    "dws": [
        "BURL",
        "BRU",
        "LUR",
        "LURRY",
        "RULY",
        "BURRY",
        "RYU",
        "BRR",
        "BUR",
        "BYRL",
        "URB"
    ],
    "ws": [
        {
            "w": "BUY",
            "v": false,
            "row": 7,
            "col": 0,
            "def": "To obtain (something) in exchange for money or goods."
        },
        {
            "w": "RUB",
            "v": false,
            "row": 6,
            "col": 2,
            "def": "An act of rubbing."
        },
        {
            "w": "BLUR",
            "v": false,
            "row": 0,
            "col": 0,
            "def": "To make indistinct or hazy, to obscure or dim."
        },
        {
            "w": "BURR",
            "v": true,
            "row": 0,
            "col": 0,
            "def": "A sharp, pointy object, such as a sliver or splinter."
        },
        {
            "w": "BURY",
            "v": true,
            "row": 1,
            "col": 5,
            "def": "To ritualistically inter a corpse in a grave or tomb. (see burial)."
        },
        {
            "w": "RUBY",
            "v": false,
            "row": 2,
            "col": 0,
            "def": "A clear, deep, red variety of corundum, valued as a precious stone."
        },
        {
            "w": "BURLY",
            "v": false,
            "row": 4,
            "col": 1,
            "def": "Large, well-built, and muscular."
        },
        {
            "w": "BLURRY",
            "v": true,
            "row": 2,
            "col": 2,
            "def": "Not clear, crisp, or focused; having fuzzy edges."
        }
    ]
}