{
    "id": 5099,
    "sub_category": "High Pack",
    "category": "Crest Group",
    "type": 0,
    "letters": "ADEGHN",
    "mov": 24,
    "shovels": 1,
    "coins": 5,
    "rows": 15,
    "cols": 15,
    "c": 0,
    "b": -1,
    "w": 10,
    "h": 9,
    "dws": [
        "GANE",
        "GENA",
        "AHED",
        "NAE",
        "GAEN",
        "EDH",
        "NEG",
        "HAEN",
        "EGAD",
        "GADE",
        "DAE",
        "ANE",
        "NAH",
        "HEND",
        "GEAN",
        "GAE",
        "DNA",
        "GAED",
        "HAE",
        "EAN",
        "GED",
        "HAN",
        "DAH",
        "DAG",
        "AGEN",
        "GEN",
        "DAN",
        "NED",
        "GAN",
        "GAD",
        "ENG",
        "DANG",
        "HADE",
        "HAED",
        "DEG"
    ],
    "ws": [
        {
            "w": "AGE",
            "v": true,
            "row": 7,
            "col": 0,
            "def": "The whole duration of a being, whether animal, vegetable, or other kind; lifetime."
        },
        {
            "w": "AND",
            "v": true,
            "row": 7,
            "col": 6,
            "def": "As a coordinating conjunction; expressing two elements to be taken together or in addition to each other."
        },
        {
            "w": "DEN",
            "v": false,
            "row": 8,
            "col": 4,
            "def": "The home of certain animals."
        },
        {
            "w": "END",
            "v": false,
            "row": 9,
            "col": 0,
            "def": "The final point of something in space or time."
        },
        {
            "w": "HAD",
            "v": false,
            "row": 3,
            "col": 4,
            "def": "Simple past tense and past participle of have."
        },
        {
            "w": "HEN",
            "v": true,
            "row": 7,
            "col": 9,
            "def": "Hence."
        },
        {
            "w": "NAG",
            "v": false,
            "row": 5,
            "col": 4,
            "def": "A small horse; a pony."
        },
        {
            "w": "HAG",
            "v": false,
            "row": 6,
            "col": 2,
            "def": "A witch, sorceress, or enchantress; also, a wizard."
        },
        {
            "w": "AGED",
            "v": true,
            "row": 0,
            "col": 8,
            "def": "Old."
        },
        {
            "w": "DEAN",
            "v": false,
            "row": 9,
            "col": 6,
            "def": "A senior official in a college or university, who may be in charge of a division or faculty (for example, the dean of science) or have some other advisory or disciplinary function (for example, the dean of students)."
        },
        {
            "w": "HAND",
            "v": true,
            "row": 0,
            "col": 6,
            "def": "The part of the fore limb below the forearm or wrist in a human, and the corresponding part in many other animals."
        },
        {
            "w": "HANG",
            "v": false,
            "row": 1,
            "col": 5,
            "def": "To be or remain suspended."
        },
        {
            "w": "HEAD",
            "v": true,
            "row": 6,
            "col": 2,
            "def": "The part of the body of an animal or human which contains the brain, mouth, and main sense organs."
        },
        {
            "w": "HANGED",
            "v": true,
            "row": 3,
            "col": 4,
            "def": "Simple past tense and past participle of hang."
        }
    ]
}