{
    "id": 5105,
    "sub_category": "Climb Packx",
    "category": "Crest Group",
    "type": 0,
    "letters": "EGRTTU",
    "mov": 20,
    "shovels": 1,
    "coins": 5,
    "rows": 15,
    "cols": 15,
    "c": 0,
    "b": -1,
    "w": 9,
    "h": 7,
    "dws": [
        "URE",
        "RET",
        "UTE",
        "TET",
        "TUT",
        "GUR",
        "GER",
        "ERG",
        "GRUE",
        "REG",
        "TRET",
        "GERT",
        "GUE",
        "TEGU",
        "TRUG",
        "TEG"
    ],
    "ws": [
        {
            "w": "GET",
            "v": false,
            "row": 0,
            "col": 5,
            "def": "To obtain; to acquire."
        },
        {
            "w": "GUT",
            "v": false,
            "row": 1,
            "col": 0,
            "def": "The alimentary canal, especially the intestine."
        },
        {
            "w": "RUG",
            "v": false,
            "row": 7,
            "col": 3,
            "def": "A partial covering for a floor."
        },
        {
            "w": "RUT",
            "v": false,
            "row": 5,
            "col": 1,
            "def": "Sexual desire or oestrus of cattle, and various other mammals."
        },
        {
            "w": "TUG",
            "v": false,
            "row": 4,
            "col": 3,
            "def": "To pull or drag with great effort."
        },
        {
            "w": "RUE",
            "v": false,
            "row": 3,
            "col": 5,
            "def": "Repentance, regret."
        },
        {
            "w": "TRUE",
            "v": true,
            "row": 0,
            "col": 7,
            "def": "Conforming to the actual state of reality or fact; factually correct."
        },
        {
            "w": "URGE",
            "v": true,
            "row": 2,
            "col": 5,
            "def": "A strong desire; an itch to do something."
        },
        {
            "w": "UTTER",
            "v": true,
            "row": 1,
            "col": 1,
            "def": "To say."
        },
        {
            "w": "GUTTER",
            "v": true,
            "row": 2,
            "col": 3,
            "def": "A ditch along the side of a road."
        }
    ]
}