{
    "id": 5121,
    "sub_category": "Wood Packx",
    "category": "Foliage Group",
    "type": 0,
    "letters": "ELNSSU",
    "mov": 16,
    "shovels": 1,
    "coins": 5,
    "rows": 15,
    "cols": 15,
    "c": 0,
    "b": -1,
    "w": 6,
    "h": 6,
    "dws": [
        "LUNE",
        "NUS",
        "LUES",
        "LES",
        "LUN",
        "UNS",
        "SLUE",
        "NESS",
        "SENS",
        "ULES",
        "SEN",
        "SUN",
        "SEL",
        "SUE",
        "ESS",
        "SELS",
        "ELS",
        "ULE",
        "LUNES",
        "SLUES",
        "LEU",
        "ENS",
        "SUS",
        "LUNS",
        "USE",
        "UNLESS",
        "LENS",
        "LESS",
        "SUES",
        "SUNS",
        "USES"
    ],
    "ws": []
}