{
    "id": 5129,
    "sub_category": "Wood Packx",
    "category": "Foliage Group",
    "type": 0,
    "letters": "CCEKOR",
    "mov": 18,
    "shovels": 1,
    "coins": 5,
    "rows": 15,
    "cols": 15,
    "c": 0,
    "b": -1,
    "w": 8,
    "h": 7,
    "dws": [
        "REC",
        "OCKER",
        "ECO",
        "RECOCK",
        "REO",
        "RECK",
        "COCK",
        "RECCO",
        "ORC",
        "KERO",
        "KORE",
        "ROK",
        "ECCO",
        "OKE",
        "ROE",
        "COR",
        "CERO",
        "ROKE",
        "ERK",
        "ROC",
        "KOR"
    ],
    "ws": [
        {
            "w": "ORE",
            "v": false,
            "row": 7,
            "col": 2,
            "def": "Rock that contains utilitarian materials; primarily a rock containing metals or gems which (at the time of the rock's evaluation and proposal for extraction) are able to be separated from its neighboring minerals and processed at a cost that does not exceed those materials' present-day economic values."
        },
        {
            "w": "COKE",
            "v": true,
            "row": 0,
            "col": 7,
            "def": "Solid residue from roasting coal in a coke oven; used principally as a fuel and in the production of steel and formerly as a domestic fuel."
        },
        {
            "w": "CORE",
            "v": true,
            "row": 4,
            "col": 6,
            "def": "The central part of fruit, containing the kernels or seeds."
        },
        {
            "w": "CORK",
            "v": false,
            "row": 5,
            "col": 0,
            "def": "The bark of the cork oak, which is very light and porous and used for making bottle stoppers, flotation devices, and insulation material."
        },
        {
            "w": "ROCK",
            "v": true,
            "row": 3,
            "col": 0,
            "def": "The naturally occurring aggregate of solid mineral matter that constitutes a significant part of the earth's crust."
        },
        {
            "w": "CROC",
            "v": false,
            "row": 4,
            "col": 3,
            "def": "A crocodile."
        },
        {
            "w": "CROCK",
            "v": false,
            "row": 2,
            "col": 3,
            "def": "A stoneware or earthenware jar or storage container."
        },
        {
            "w": "COCKER",
            "v": true,
            "row": 2,
            "col": 3,
            "def": "Someone who breed gamecocks, or arranges cockfights."
        }
    ]
}