{
    "id": 5141,
    "sub_category": "Mist Packx",
    "category": "Foliage Group",
    "type": 0,
    "letters": "CEIKTT",
    "mov": 18,
    "shovels": 1,
    "coins": 5,
    "rows": 15,
    "cols": 15,
    "c": 0,
    "b": -1,
    "w": 8,
    "h": 6,
    "dws": [
        "TET",
        "CIT",
        "ETIC",
        "TIKE",
        "EIK",
        "ICK",
        "TICE",
        "TIK",
        "TITE",
        "TEC",
        "TIT",
        "KET"
    ],
    "ws": [
        {
            "w": "ICE",
            "v": false,
            "row": 4,
            "col": 0,
            "def": "Water in frozen (solid) form."
        },
        {
            "w": "KIT",
            "v": false,
            "row": 0,
            "col": 0,
            "def": "A circular wooden vessel, made of hooped staves."
        },
        {
            "w": "TIE",
            "v": true,
            "row": 3,
            "col": 0,
            "def": "A necktie (item of clothing consisting of a strip of cloth tied around the neck)."
        },
        {
            "w": "TIC",
            "v": true,
            "row": 3,
            "col": 4,
            "def": "A local and habitual convulsive motion of certain muscles."
        },
        {
            "w": "CITE",
            "v": true,
            "row": 0,
            "col": 5,
            "def": "To quote; to repeat, as a passage from a book, or the words of another."
        },
        {
            "w": "KITE",
            "v": false,
            "row": 3,
            "col": 2,
            "def": "Any of falconiform birds of prey in the subfamily Elaninae of the family Accipitridae with long wings and weak legs, feeding mostly on carrion and spending long periods soaring."
        },
        {
            "w": "TICK",
            "v": false,
            "row": 5,
            "col": 2,
            "def": "A tiny woodland arthropod of the order Acarina."
        },
        {
            "w": "TICKET",
            "v": true,
            "row": 0,
            "col": 2,
            "def": "A pass entitling the holder to admission to a show, concert, etc."
        }
    ]
}