{
    "id": 5147,
    "sub_category": "Mist Packx",
    "category": "Foliage Group",
    "type": 0,
    "letters": "GLNSUY",
    "mov": 20,
    "shovels": 1,
    "coins": 5,
    "rows": 15,
    "cols": 15,
    "c": 0,
    "b": -1,
    "w": 9,
    "h": 8,
    "dws": [
        "GNU",
        "NUS",
        "NUGS",
        "YUGS",
        "LUNY",
        "LUN",
        "GULY",
        "UNS",
        "NUG",
        "LUGS",
        "SUN",
        "NYS",
        "GNUS",
        "SUG",
        "GUL",
        "UGS",
        "GUNS",
        "YUG",
        "GUN",
        "GUS",
        "SYN",
        "SNY",
        "GUYS",
        "GULS",
        "LUNS",
        "YUS",
        "LUNGS"
    ],
    "ws": [
        {
            "w": "GUY",
            "v": true,
            "row": 0,
            "col": 5,
            "def": "A guide; a leader or conductor."
        },
        {
            "w": "LUG",
            "v": true,
            "row": 5,
            "col": 1,
            "def": "A lug nut."
        },
        {
            "w": "SLY",
            "v": false,
            "row": 2,
            "col": 3,
            "def": "Artfully cunning; secretly mischievous; wily."
        },
        {
            "w": "LUNG",
            "v": false,
            "row": 6,
            "col": 3,
            "def": "A biological organ that extracts oxygen from the air."
        },
        {
            "w": "SLUG",
            "v": false,
            "row": 5,
            "col": 0,
            "def": "Any of many terrestrial pulmonate gastropod mollusks, having no (or only rudimentary) shell."
        },
        {
            "w": "SNUG",
            "v": true,
            "row": 0,
            "col": 1,
            "def": "Small, comfortable back room in a pub."
        },
        {
            "w": "SUNG",
            "v": true,
            "row": 4,
            "col": 5,
            "def": "Past participle of sing."
        },
        {
            "w": "UGLY",
            "v": false,
            "row": 7,
            "col": 0,
            "def": "Displeasing to the eye; not aesthetically pleasing."
        },
        {
            "w": "SLUNG",
            "v": false,
            "row": 0,
            "col": 1,
            "def": "Simple past tense and past participle of sling."
        },
        {
            "w": "SNUGLY",
            "v": true,
            "row": 2,
            "col": 3,
            "def": "Tightly, with limited space to move, in a snug manner."
        }
    ]
}