{
    "id": 5155,
    "sub_category": "Path Pack",
    "category": "Foliage Group",
    "type": 0,
    "letters": "ADEEHV",
    "mov": 18,
    "shovels": 1,
    "coins": 5,
    "rows": 15,
    "cols": 15,
    "c": 0,
    "b": -1,
    "w": 9,
    "h": 7,
    "dws": [
        "AHED",
        "DEVA",
        "EDH",
        "EHED",
        "DEV",
        "DAE",
        "VEE",
        "AVE",
        "HEVEA",
        "EAVED",
        "HAE",
        "DAH",
        "DEE",
        "DEEV",
        "VADE",
        "EAVE",
        "DEAVE",
        "VAE",
        "HADE",
        "HAED"
    ],
    "ws": [
        {
            "w": "EVE",
            "v": true,
            "row": 4,
            "col": 0,
            "def": "The day or night before, usually used for holidays, such as Christmas Eve."
        },
        {
            "w": "HAD",
            "v": true,
            "row": 0,
            "col": 5,
            "def": "Simple past tense and past participle of have."
        },
        {
            "w": "HAVE",
            "v": false,
            "row": 2,
            "col": 0,
            "def": "To possess, own, hold."
        },
        {
            "w": "HEAD",
            "v": true,
            "row": 0,
            "col": 1,
            "def": "The part of the body of an animal or human which contains the brain, mouth, and main sense organs."
        },
        {
            "w": "HEED",
            "v": true,
            "row": 0,
            "col": 7,
            "def": "Careful attention."
        },
        {
            "w": "EVADE",
            "v": false,
            "row": 6,
            "col": 0,
            "def": "To get away from by artifice; to avoid by dexterity, subterfuge, address, or ingenuity; to elude; to escape from cleverly; as, to evade a blow, a pursuer, a punishment; to evade the force of an argument."
        },
        {
            "w": "HEAVE",
            "v": false,
            "row": 1,
            "col": 3,
            "def": "To lift (generally); to raise, or cause to move upwards (particularly in ships or vehicles) or forwards."
        },
        {
            "w": "HEAVED",
            "v": true,
            "row": 1,
            "col": 3,
            "def": "Simple past tense and past participle of heave."
        }
    ]
}