{
    "id": 5183,
    "sub_category": "Lush Packx",
    "category": "Foliage Group",
    "type": 0,
    "letters": "DEEMSS",
    "mov": 16,
    "shovels": 1,
    "coins": 5,
    "rows": 15,
    "cols": 15,
    "c": 0,
    "b": -1,
    "w": 7,
    "h": 6,
    "dws": [
        "SEES",
        "SEMES",
        "SED",
        "SEEDS",
        "EME",
        "DEES",
        "MEES",
        "SMEES",
        "MED",
        "MESE",
        "DEMES",
        "DEE",
        "EMS",
        "ESE",
        "MEDS",
        "DESSE",
        "MEEDS",
        "ESS",
        "MEE",
        "EMES",
        "SESE",
        "ESES",
        "DEME",
        "MESES",
        "SEME",
        "MEED",
        "DEEMS",
        "SEDES",
        "MES",
        "EDS",
        "ESSE",
        "SEEMS",
        "SMEE"
    ],
    "ws": [
        {
            "w": "SEE",
            "v": false,
            "row": 2,
            "col": 0,
            "def": "To perceive or detect with the eyes, or as if by sight."
        },
        {
            "w": "MESS",
            "v": true,
            "row": 0,
            "col": 0,
            "def": "Mass; church service."
        },
        {
            "w": "SEED",
            "v": false,
            "row": 3,
            "col": 2,
            "def": "A fertilized grain, initially encased in a fruit, which may grow into a mature plant."
        },
        {
            "w": "SEEM",
            "v": true,
            "row": 1,
            "col": 4,
            "def": "To appear; to look outwardly; to be perceived as."
        },
        {
            "w": "DEEM",
            "v": false,
            "row": 5,
            "col": 0,
            "def": "To judge; pass judgement on; sentence; doom."
        },
        {
            "w": "MESSED",
            "v": true,
            "row": 1,
            "col": 2,
            "def": "Simple past tense and past participle of mess."
        }
    ]
}