{
    "id": 5201,
    "sub_category": "Marsh Packx",
    "category": "Wildwood Group",
    "type": 0,
    "letters": "EGGJLU",
    "mov": 18,
    "shovels": 1,
    "coins": 5,
    "rows": 15,
    "cols": 15,
    "c": 0,
    "b": -1,
    "w": 7,
    "h": 6,
    "dws": [
        "GLEG",
        "GJU",
        "GLUG",
        "GULE",
        "JEU",
        "GUL",
        "ULE",
        "GUE",
        "LEU"
    ],
    "ws": [
        {
            "w": "EGG",
            "v": false,
            "row": 5,
            "col": 1,
            "def": "An approximately spherical or ellipsoidal body produced by birds, snakes, insects and other animals housing the embryo during its development."
        },
        {
            "w": "GEL",
            "v": false,
            "row": 4,
            "col": 3,
            "def": "A semi-solid to almost solid colloid of a solid and a liquid, such as jelly, cheese or opal."
        },
        {
            "w": "JUG",
            "v": false,
            "row": 2,
            "col": 3,
            "def": "A serving vessel or container, circular in cross-section and typically higher than it is wide, with a relatively small mouth or spout, a handle and often a stopper or top."
        },
        {
            "w": "LEG",
            "v": true,
            "row": 0,
            "col": 5,
            "def": "The lower limb of a human being or animal that extends from the groin to the ankle."
        },
        {
            "w": "LUG",
            "v": true,
            "row": 4,
            "col": 5,
            "def": "A lug nut."
        },
        {
            "w": "GLUE",
            "v": false,
            "row": 7,
            "col": 0,
            "def": "A hard gelatin made by boiling bones and hides, used in solution as an adhesive; or any sticky adhesive substance."
        },
        {
            "w": "LUGE",
            "v": false,
            "row": 6,
            "col": 3,
            "def": "A racing sled for one or two people that is ridden with the rider or riders lying on their back."
        },
        {
            "w": "JUGGLE",
            "v": true,
            "row": 2,
            "col": 3,
            "def": "To manipulate objects, such as balls, clubs, beanbags, rings, etc. in an artful or artistic manner. Juggling may also include assorted other circus skills such as the diabolo, devil sticks, hat, and cigar box manipulation as well."
        }
    ]
}