{
    "id": 5217,
    "sub_category": "Erode Packx",
    "category": "Wildwood Group",
    "type": 0,
    "letters": "EEIPTT",
    "mov": 16,
    "shovels": 1,
    "coins": 5,
    "rows": 15,
    "cols": 15,
    "c": 0,
    "b": -1,
    "w": 6,
    "h": 5,
    "dws": [
        "TET",
        "TIPT",
        "PETTI",
        "PETIT",
        "TIE",
        "PEE",
        "TITE",
        "PIET",
        "TETE",
        "TIT"
    ],
    "ws": [
        {
            "w": "PET",
            "v": false,
            "row": 1,
            "col": 2,
            "def": "An animal kept as a companion."
        },
        {
            "w": "PIE",
            "v": true,
            "row": 3,
            "col": 4,
            "def": "A type of pastry that consists of an outer crust and a filling."
        },
        {
            "w": "PIT",
            "v": true,
            "row": 0,
            "col": 0,
            "def": "A hole in the ground."
        },
        {
            "w": "TEE",
            "v": false,
            "row": 2,
            "col": 0,
            "def": "The name of the Latin script letter T/t."
        },
        {
            "w": "TIP",
            "v": false,
            "row": 3,
            "col": 2,
            "def": "A particular arena or sphere of interest; a front."
        },
        {
            "w": "PETITE",
            "v": true,
            "row": 1,
            "col": 2,
            "def": "Of a woman: fairly short and of slim build."
        }
    ]
}