{
    "id": 5219,
    "sub_category": "Erode Packx",
    "category": "Wildwood Group",
    "type": 0,
    "letters": "AAHPTY",
    "mov": 20,
    "shovels": 1,
    "coins": 5,
    "rows": 15,
    "cols": 15,
    "c": 0,
    "b": -1,
    "w": 8,
    "h": 6,
    "dws": [
        "PYA",
        "YAP",
        "HYP",
        "TAY",
        "PHT",
        "YAH",
        "ATAP",
        "TAPA",
        "APAY",
        "PAY",
        "PATY",
        "PYAT",
        "PHAT",
        "PAH",
        "TAHA",
        "HAP",
        "AYAH"
    ],
    "ws": [
        {
            "w": "AHA",
            "v": false,
            "row": 1,
            "col": 0,
            "def": "An exclamation of understanding, realization, invention, or recognition."
        },
        {
            "w": "HAT",
            "v": false,
            "row": 6,
            "col": 3,
            "def": "A covering for the head, often in the approximate form of a cone or a cylinder closed at its top end, and sometimes having a brim and other decoration."
        },
        {
            "w": "HAY",
            "v": true,
            "row": 0,
            "col": 0,
            "def": "Grass cut and dried for use as animal fodder."
        },
        {
            "w": "PAT",
            "v": true,
            "row": 0,
            "col": 2,
            "def": "The sound of a light slap or tap with a soft flat object, especially of a footstep."
        },
        {
            "w": "TAP",
            "v": false,
            "row": 2,
            "col": 2,
            "def": "A tapering cylindrical pin or peg used to stop the vent in a cask; a spigot."
        },
        {
            "w": "APT",
            "v": false,
            "row": 5,
            "col": 1,
            "def": "Suitable; appropriate; fit or fitted; suited."
        },
        {
            "w": "THY",
            "v": false,
            "row": 7,
            "col": 1,
            "def": "That belongs to thee; the possessive form of thou."
        },
        {
            "w": "AAH",
            "v": false,
            "row": 4,
            "col": 3,
            "def": "Indication of amazement or surprise or enthusiasm."
        },
        {
            "w": "PATH",
            "v": false,
            "row": 0,
            "col": 2,
            "def": "A trail for the use of, or worn by, pedestrians."
        },
        {
            "w": "APATHY",
            "v": true,
            "row": 2,
            "col": 3,
            "def": "Complete lack of emotion or motivation about a person, activity, or object; depression; lack of interest or enthusiasm; disinterest."
        }
    ]
}