{
    "id": 523,
    "sub_category": "Bloom Pack",
    "category": "Flora Group",
    "type": 0,
    "letters": "DDDEGO",
    "mov": 18,
    "shovels": 1,
    "coins": 5,
    "rows": 15,
    "cols": 15,
    "c": 0,
    "b": -1,
    "w": 7,
    "h": 5,
    "dws": [
        "GOE",
        "GODDED",
        "EDDO",
        "GED",
        "DOGE",
        "GEO",
        "DEG",
        "DOD"
    ],
    "ws": [
        {
            "w": "DOG",
            "v": true,
            "row": 5,
            "col": 0,
            "def": "A mammal, Canis lupus familiaris, of the genus Canis that has been domesticated for thousands of years, of highly variable appearance due to human breeding."
        },
        {
            "w": "EGO",
            "v": false,
            "row": 6,
            "col": 2,
            "def": "The self, especially with a sense of self-importance."
        },
        {
            "w": "GOD",
            "v": false,
            "row": 7,
            "col": 0,
            "def": "A deity:."
        },
        {
            "w": "ODD",
            "v": false,
            "row": 4,
            "col": 1,
            "def": "Single; sole; singular; not having a mate."
        },
        {
            "w": "DOE",
            "v": true,
            "row": 0,
            "col": 4,
            "def": "A female deer; also used of similar animals such as reindeer, antelope, goat."
        },
        {
            "w": "ODE",
            "v": true,
            "row": 1,
            "col": 0,
            "def": "A short poetical composition proper to be set to music or sung; a lyric poem; esp., now, a poem characterized by sustained noble sentiment and appropriate dignity of style."
        },
        {
            "w": "DODGE",
            "v": false,
            "row": 2,
            "col": 0,
            "def": "To avoid by moving out of the way (often suddenly)."
        },
        {
            "w": "DODGED",
            "v": true,
            "row": 2,
            "col": 2,
            "def": "Simple past tense and past participle of dodge."
        }
    ]
}