{
    "id": 5231,
    "sub_category": "Erode Packx",
    "category": "Wildwood Group",
    "type": 0,
    "letters": "CDEPPU",
    "mov": 16,
    "shovels": 1,
    "coins": 5,
    "rows": 15,
    "cols": 15,
    "c": 0,
    "b": -1,
    "w": 7,
    "h": 5,
    "dws": [
        "DUE",
        "PUD",
        "ECU",
        "DEP",
        "CEP",
        "DUCE",
        "DUP",
        "CUED",
        "PUCE",
        "PEC",
        "CUD",
        "CUE",
        "PED"
    ],
    "ws": [
        {
            "w": "CUP",
            "v": false,
            "row": 1,
            "col": 2,
            "def": "A concave vessel for drinking from, usually made of opaque material (as opposed to a glass)."
        },
        {
            "w": "PEP",
            "v": false,
            "row": 5,
            "col": 1,
            "def": "To inject with energy and enthusiasm."
        },
        {
            "w": "PUP",
            "v": false,
            "row": 3,
            "col": 0,
            "def": "A young dog, wolf, fox, seal, shark and some other animals."
        },
        {
            "w": "DUPE",
            "v": true,
            "row": 1,
            "col": 0,
            "def": "To swindle, deceive, or trick."
        },
        {
            "w": "UPPED",
            "v": true,
            "row": 0,
            "col": 4,
            "def": "Simple past tense and past participle of up."
        },
        {
            "w": "CUPPED",
            "v": true,
            "row": 1,
            "col": 2,
            "def": "In the shape of a cup."
        }
    ]
}