{
    "id": 5233,
    "sub_category": "Solice Pack",
    "category": "Wildwood Group",
    "type": 0,
    "letters": "ACLOPU",
    "mov": 20,
    "shovels": 1,
    "coins": 5,
    "rows": 15,
    "cols": 15,
    "c": 0,
    "b": -1,
    "w": 8,
    "h": 7,
    "dws": [
        "PUL",
        "PLU",
        "CULPA",
        "ALP",
        "OCA",
        "LOU",
        "CAUP",
        "CALP",
        "POA",
        "PAUL",
        "COPULA",
        "APO",
        "CLOU",
        "CAL",
        "PULA",
        "COL",
        "CALO",
        "PAC",
        "ALCO",
        "LOUP",
        "UPO",
        "COPAL",
        "CUP",
        "CAUL",
        "OPA",
        "OUPA",
        "ALU",
        "PACO",
        "LAC",
        "PULAO",
        "LOCA",
        "POL",
        "LOP",
        "CLOP",
        "CAPO"
    ],
    "ws": [
        {
            "w": "CAP",
            "v": true,
            "row": 4,
            "col": 4,
            "def": "A close-fitting head covering either without a brim or with a peak."
        },
        {
            "w": "COP",
            "v": false,
            "row": 4,
            "col": 4,
            "def": "To (be forced to) take; to receive; to shoulder; to bear, especially blame or punishment for a particular instance of wrongdoing."
        },
        {
            "w": "LAP",
            "v": true,
            "row": 0,
            "col": 5,
            "def": "The loose part of a coat; the lower part of a garment that plays loosely; a skirt; an apron."
        },
        {
            "w": "PAL",
            "v": false,
            "row": 6,
            "col": 4,
            "def": "A friend, buddy, mate, cobber, someone to hang around with."
        },
        {
            "w": "COAL",
            "v": false,
            "row": 0,
            "col": 2,
            "def": "A black rock formed from prehistoric plant remains, composed largely of carbon and burned as a fuel."
        },
        {
            "w": "COLA",
            "v": false,
            "row": 5,
            "col": 1,
            "def": "The kola plant, genus Cola, famous for its nut, or one of these nuts."
        },
        {
            "w": "COUP",
            "v": false,
            "row": 2,
            "col": 2,
            "def": "A quick, brilliant, and highly successful act; a triumph."
        },
        {
            "w": "CLAP",
            "v": false,
            "row": 7,
            "col": 0,
            "def": "The act of striking the palms of the hands, or any two surfaces, together."
        },
        {
            "w": "OPAL",
            "v": true,
            "row": 3,
            "col": 6,
            "def": "A mineral consisting, like quartz, of silica, but inferior to quartz in hardness and specific gravity, of the chemical formula SiO2\u00b7nH2O."
        },
        {
            "w": "CUPOLA",
            "v": true,
            "row": 2,
            "col": 2,
            "def": "A dome-shaped ornamental structure located on top of a larger roof or dome."
        }
    ]
}