{
    "id": 5243,
    "sub_category": "Solice Pack",
    "category": "Wildwood Group",
    "type": 0,
    "letters": "AEMQSU",
    "mov": 18,
    "shovels": 1,
    "coins": 5,
    "rows": 15,
    "cols": 15,
    "c": 0,
    "b": -1,
    "w": 7,
    "h": 7,
    "dws": [
        "MAE",
        "MEU",
        "MUS",
        "MAS",
        "SQUAME",
        "EAU",
        "SUQ",
        "MASU",
        "UMS",
        "EAUS",
        "SMA",
        "AMUS",
        "EMS",
        "SUE",
        "EMUS",
        "AME",
        "QUA",
        "MEUS",
        "SAE",
        "SAU",
        "SAM",
        "MAES",
        "AMU",
        "MES",
        "EAS",
        "SEA",
        "AUE",
        "USE",
        "MASE"
    ],
    "ws": [
        {
            "w": "SUM",
            "v": true,
            "row": 2,
            "col": 1,
            "def": "A quantity obtained by addition or aggregation."
        },
        {
            "w": "EMU",
            "v": true,
            "row": 0,
            "col": 4,
            "def": "A large flightless bird native to Australia, Dromaius novaehollandiae."
        },
        {
            "w": "SAME",
            "v": false,
            "row": 7,
            "col": 0,
            "def": "Not different or other; not another or others; not different as regards self; selfsame; numerically identical."
        },
        {
            "w": "SEAM",
            "v": true,
            "row": 1,
            "col": 6,
            "def": "A folded back and stitched piece of fabric; especially, the stitching that joins two or more pieces of fabric."
        },
        {
            "w": "MUSE",
            "v": false,
            "row": 2,
            "col": 3,
            "def": "A source of inspiration."
        },
        {
            "w": "MESA",
            "v": false,
            "row": 4,
            "col": 1,
            "def": "Flat area of land or plateau higher than other land, with one or more clifflike edges."
        },
        {
            "w": "AMUSE",
            "v": false,
            "row": 0,
            "col": 0,
            "def": "To entertain or occupy in a pleasant manner; to stir with pleasing emotions."
        },
        {
            "w": "MASQUE",
            "v": true,
            "row": 2,
            "col": 3,
            "def": "(in 16th-17th Century England & Europe) A dramatic performance, often performed at court as a royal entertainment, consisting of dancing, dialogue, pantomime and song."
        }
    ]
}