{
    "id": 5250,
    "sub_category": "Adrift Pack",
    "category": "Wildwood Group",
    "type": 0,
    "letters": "DGNORU",
    "mov": 30,
    "shovels": 1,
    "coins": 5,
    "rows": 15,
    "cols": 15,
    "c": 0,
    "b": -1,
    "w": 14,
    "h": 10,
    "dws": [
        "DUN",
        "NUR",
        "URD",
        "NOG",
        "DURO",
        "DONG",
        "NUG",
        "DOR",
        "GOR",
        "ROD",
        "UNGOD",
        "RUND",
        "OUD",
        "RONG",
        "GUR",
        "DOUN",
        "GON",
        "UDO",
        "NOR",
        "ORD",
        "NURD",
        "GURN",
        "ORG",
        "RUD",
        "UDON",
        "OURN",
        "DURN",
        "RUNG",
        "DUO",
        "GOD",
        "OUR",
        "RUN"
    ],
    "ws": [
        {
            "w": "DOG",
            "v": false,
            "row": 9,
            "col": 0,
            "def": "A mammal, Canis lupus familiaris, of the genus Canis that has been domesticated for thousands of years, of highly variable appearance due to human breeding."
        },
        {
            "w": "DUG",
            "v": true,
            "row": 7,
            "col": 2,
            "def": "Mammary gland on domestic mammal containing more than two breasts."
        },
        {
            "w": "GUN",
            "v": false,
            "row": 3,
            "col": 4,
            "def": "A very portable, short firearm, for hand use, which fires bullets or projectiles, such as a handgun, revolver, pistol, or Derringer."
        },
        {
            "w": "NOD",
            "v": true,
            "row": 0,
            "col": 3,
            "def": "To incline the head up and down, as to indicate agreement."
        },
        {
            "w": "RUG",
            "v": false,
            "row": 5,
            "col": 0,
            "def": "A partial covering for a floor."
        },
        {
            "w": "URN",
            "v": false,
            "row": 2,
            "col": 6,
            "def": "A vase with a footed base."
        },
        {
            "w": "DON",
            "v": false,
            "row": 7,
            "col": 2,
            "def": "A university professor, particularly one at Oxford or Cambridge."
        },
        {
            "w": "GNU",
            "v": false,
            "row": 4,
            "col": 6,
            "def": "A large antelope native to Africa having curved horns."
        },
        {
            "w": "DRUG",
            "v": true,
            "row": 6,
            "col": 6,
            "def": "A substance used to treat an illness, relieve a symptom, or modify a chemical process in the body for a specific purpose."
        },
        {
            "w": "DUNG",
            "v": true,
            "row": 1,
            "col": 6,
            "def": "Manure; animal excrement."
        },
        {
            "w": "UNDO",
            "v": false,
            "row": 6,
            "col": 4,
            "def": "To reverse the effects of an action."
        },
        {
            "w": "DOUR",
            "v": false,
            "row": 8,
            "col": 4,
            "def": "Stern, harsh and forbidding."
        },
        {
            "w": "ROUND",
            "v": true,
            "row": 5,
            "col": 0,
            "def": "Circular or cylindrical; having a circular cross-section in one direction."
        },
        {
            "w": "GOURD",
            "v": false,
            "row": 1,
            "col": 2,
            "def": "Any of the climbing or trailing plants from the family Cucurbitaceae, which includes watermelon, pumpkins and cucumbers."
        },
        {
            "w": "GROUND",
            "v": true,
            "row": 3,
            "col": 4,
            "def": "The surface of the Earth, as opposed to the sky or water or underground."
        }
    ]
}