{
    "id": 5262,
    "sub_category": "Adrift Pack",
    "category": "Wildwood Group",
    "type": 0,
    "letters": "ADPRUW",
    "mov": 22,
    "shovels": 1,
    "coins": 5,
    "rows": 15,
    "cols": 15,
    "c": 0,
    "b": -1,
    "w": 9,
    "h": 7,
    "dws": [
        "URD",
        "WAUR",
        "PRAU",
        "ARD",
        "PURDA",
        "DAW",
        "DAUR",
        "RAD",
        "WUD",
        "DRAP",
        "DUAR",
        "URP",
        "UPDRAW",
        "WAP",
        "DURA",
        "RUD",
        "DAP",
        "PUD",
        "DUP",
        "PARD",
        "PUR",
        "PRAD"
    ],
    "ws": [
        {
            "w": "PAD",
            "v": false,
            "row": 7,
            "col": 1,
            "def": "A flattened mass of anything soft, to sit or lie on."
        },
        {
            "w": "PAR",
            "v": true,
            "row": 0,
            "col": 5,
            "def": "By; with."
        },
        {
            "w": "PAW",
            "v": false,
            "row": 0,
            "col": 5,
            "def": "The soft foot of a mammal or other animal, generally a quadruped, that has claws or nails; comparable to a human hand or foot."
        },
        {
            "w": "RAP",
            "v": false,
            "row": 5,
            "col": 5,
            "def": "A sharp blow with something hard."
        },
        {
            "w": "RAW",
            "v": false,
            "row": 2,
            "col": 5,
            "def": "Of weather: unpleasantly damp or cold."
        },
        {
            "w": "WAD",
            "v": false,
            "row": 4,
            "col": 3,
            "def": "An amorphous, compact mass."
        },
        {
            "w": "WAR",
            "v": false,
            "row": 7,
            "col": 5,
            "def": "Organized, large-scale, armed conflict between countries or between national, ethnic, or other sizeable groups, usually involving the engagement of military forces."
        },
        {
            "w": "DRAW",
            "v": true,
            "row": 4,
            "col": 5,
            "def": "To sketch; depict with lines; to produce a picture with pencil, crayon, chalk, etc. on paper, cardboard, etc."
        },
        {
            "w": "WARD",
            "v": true,
            "row": 2,
            "col": 1,
            "def": "Protection, defence."
        },
        {
            "w": "WRAP",
            "v": true,
            "row": 2,
            "col": 7,
            "def": "To enclose (an object) completely in any flexible, thin material such as fabric or paper."
        },
        {
            "w": "WARP",
            "v": false,
            "row": 3,
            "col": 0,
            "def": "A throw; a cast."
        },
        {
            "w": "UPWARD",
            "v": true,
            "row": 2,
            "col": 3,
            "def": "In a direction from lower to higher; toward a higher place; in a course toward the source or origin; -- opposed to downward; as, to tend or roll upward."
        }
    ]
}