{
    "id": 5276,
    "sub_category": "Inlet Pack",
    "category": "Wildwood Group",
    "type": 0,
    "letters": "EILMPS",
    "mov": 30,
    "shovels": 1,
    "coins": 5,
    "rows": 15,
    "cols": 15,
    "c": 0,
    "b": -1,
    "w": 12,
    "h": 11,
    "dws": [
        "PISE",
        "PLIES",
        "SEI",
        "SPIE",
        "ELMS",
        "LES",
        "SIPE",
        "LEPS",
        "SLIPE",
        "LEI",
        "PSI",
        "PES",
        "IMPEL",
        "PIS",
        "LEIS",
        "LIMES",
        "LIS",
        "SILE",
        "PLIMS",
        "MISE",
        "PEL",
        "LIMPS",
        "IMPS",
        "SEL",
        "SPIM",
        "LIPE",
        "PILES",
        "MIS",
        "SPIEL",
        "PLIE",
        "EMS",
        "ISM",
        "MIPS",
        "LIES",
        "MEL",
        "SIMP",
        "IMPELS",
        "MILS",
        "PLIM",
        "MILES",
        "SPILE",
        "ELS",
        "PIES",
        "LIPS",
        "MES",
        "PELS",
        "LEP",
        "MELS",
        "SEIL",
        "SPEIL",
        "LIME",
        "SLIM",
        "SEMI",
        "ELM",
        "PIE"
    ],
    "ws": [
        {
            "w": "LIE",
            "v": false,
            "row": 5,
            "col": 6,
            "def": "To be in a horizontal position."
        },
        {
            "w": "LIP",
            "v": false,
            "row": 6,
            "col": 2,
            "def": "Either of the two fleshy protrusions around the opening of the mouth."
        },
        {
            "w": "SIM",
            "v": true,
            "row": 7,
            "col": 6,
            "def": "A simulation."
        },
        {
            "w": "SIP",
            "v": true,
            "row": 0,
            "col": 3,
            "def": "A small mouthful of drink."
        },
        {
            "w": "IMP",
            "v": true,
            "row": 5,
            "col": 7,
            "def": "To plant or engraft."
        },
        {
            "w": "MIL",
            "v": false,
            "row": 4,
            "col": 3,
            "def": "An angular mil, a unit of angular measurement equal to 1/6400 of a complete circle. At 1000 metres one mil subtends about one metre (0.98 m). Also 1/6000 and 1/6300 are used in other countries."
        },
        {
            "w": "LIMP",
            "v": false,
            "row": 2,
            "col": 0,
            "def": "Flaccid; flabby, as flesh."
        },
        {
            "w": "MILE",
            "v": false,
            "row": 8,
            "col": 1,
            "def": "A Roman unit of measure equal to 1000 (double) steps (mille passus or mille passuum) or 5000 Roman feet (approx. 1480m)."
        },
        {
            "w": "PILE",
            "v": true,
            "row": 0,
            "col": 6,
            "def": "A dart; an arrow."
        },
        {
            "w": "SLIP",
            "v": false,
            "row": 0,
            "col": 3,
            "def": "Mud, slime."
        },
        {
            "w": "ISLE",
            "v": true,
            "row": 2,
            "col": 1,
            "def": "An island."
        },
        {
            "w": "LISP",
            "v": false,
            "row": 7,
            "col": 4,
            "def": "The habit or an act of lisping."
        },
        {
            "w": "SMILE",
            "v": true,
            "row": 1,
            "col": 8,
            "def": "A facial expression comprised by flexing the muscles of both ends of one's mouth while showing the front teeth, without vocalisation, and in humans is a common involuntary or voluntary expression of happiness, pleasure, amusement or anxiety."
        },
        {
            "w": "SLIME",
            "v": false,
            "row": 2,
            "col": 5,
            "def": "Soft, moist earth or clay, having an adhesive quality; viscous mud; any substance of a dirty nature, that is moist, soft, and adhesive; bitumen; mud containing metallic ore, obtained in the preparatory dressing."
        },
        {
            "w": "SIMPLE",
            "v": true,
            "row": 3,
            "col": 4,
            "def": "Uncomplicated; taken by itself, with nothing added."
        }
    ]
}