{
    "id": 5295,
    "sub_category": "Tower Packx",
    "category": "Bare Group",
    "type": 0,
    "letters": "CLMOPY",
    "mov": 18,
    "shovels": 1,
    "coins": 5,
    "rows": 15,
    "cols": 15,
    "c": 0,
    "b": -1,
    "w": 8,
    "h": 7,
    "dws": [
        "YOM",
        "MOY",
        "CLOY",
        "YOMP",
        "CYMOL",
        "MYC",
        "LYM",
        "COM",
        "OLM",
        "MOYL",
        "COL",
        "MOC",
        "CLOMP",
        "MOL",
        "LOY",
        "POM",
        "MOPY",
        "MOLY",
        "CLY",
        "POL",
        "COLY",
        "COY",
        "LOP",
        "CLOP"
    ],
    "ws": [
        {
            "w": "COP",
            "v": true,
            "row": 0,
            "col": 5,
            "def": "To (be forced to) take; to receive; to shoulder; to bear, especially blame or punishment for a particular instance of wrongdoing."
        },
        {
            "w": "MOP",
            "v": true,
            "row": 5,
            "col": 0,
            "def": "An implement for washing floors, or the like, made of a piece of cloth, or a collection of thrums, or coarse yarn, fastened to a handle."
        },
        {
            "w": "PLY",
            "v": false,
            "row": 7,
            "col": 5,
            "def": "A layer of material. (two-ply toilet paper)."
        },
        {
            "w": "COPY",
            "v": false,
            "row": 2,
            "col": 3,
            "def": "The result of copying (confer original); an identical duplication."
        },
        {
            "w": "PLOY",
            "v": false,
            "row": 5,
            "col": 3,
            "def": "A tactic, strategy, or gimmick."
        },
        {
            "w": "COMP",
            "v": true,
            "row": 4,
            "col": 5,
            "def": "A competition."
        },
        {
            "w": "POLY",
            "v": false,
            "row": 7,
            "col": 0,
            "def": "Short form of polytechnic."
        },
        {
            "w": "COMPLY",
            "v": true,
            "row": 2,
            "col": 3,
            "def": "To yield assent; to accord; agree, or acquiesce; to adapt one's self; to consent or conform;."
        }
    ]
}