{
    "id": 5307,
    "sub_category": "Stone Pack",
    "category": "Bare Group",
    "type": 0,
    "letters": "AADMYY",
    "mov": 16,
    "shovels": 1,
    "coins": 5,
    "rows": 15,
    "cols": 15,
    "c": 0,
    "b": -1,
    "w": 6,
    "h": 5,
    "dws": [
        "MAA",
        "AMA",
        "YAD",
        "MAYA",
        "YAY"
    ],
    "ws": [
        {
            "w": "DAM",
            "v": false,
            "row": 4,
            "col": 1,
            "def": "Structure placed across a flowing body of water to stop the flow."
        },
        {
            "w": "DAY",
            "v": false,
            "row": 2,
            "col": 0,
            "def": "Any period of 24 hours."
        },
        {
            "w": "MAD",
            "v": true,
            "row": 0,
            "col": 0,
            "def": "Insane; crazy, mentally deranged."
        },
        {
            "w": "MAY",
            "v": false,
            "row": 0,
            "col": 2,
            "def": "The hawthorn bush or its blossoms."
        },
        {
            "w": "YAM",
            "v": true,
            "row": 0,
            "col": 4,
            "def": "Any climbing vine of the genus Dioscorea in the Eastern and Western hemispheres, usually cultivated."
        },
        {
            "w": "MAYDAY",
            "v": true,
            "row": 0,
            "col": 2,
            "def": "Emergency, need assistance."
        }
    ]
}