{
    "id": 5321,
    "sub_category": "Desert Pack",
    "category": "Bare Group",
    "type": 0,
    "letters": "BEGRRU",
    "mov": 20,
    "shovels": 1,
    "coins": 5,
    "rows": 15,
    "cols": 15,
    "c": 0,
    "b": -1,
    "w": 8,
    "h": 7,
    "dws": [
        "GRUE",
        "BRER",
        "REG",
        "GUE",
        "GUB",
        "GEBUR",
        "ERG",
        "BRR",
        "BUR",
        "GRR",
        "URGER",
        "REGUR",
        "ERR",
        "GUR",
        "BERG",
        "URE",
        "BRU",
        "REB",
        "GER",
        "RUER",
        "RUBE",
        "URB"
    ],
    "ws": [
        {
            "w": "BEG",
            "v": false,
            "row": 3,
            "col": 5,
            "def": "To request the help of someone, often in the form of money."
        },
        {
            "w": "BUG",
            "v": true,
            "row": 3,
            "col": 5,
            "def": "An insect of the order Hemiptera (the \"true bugs\")."
        },
        {
            "w": "RUB",
            "v": false,
            "row": 0,
            "col": 5,
            "def": "An act of rubbing."
        },
        {
            "w": "RUG",
            "v": false,
            "row": 5,
            "col": 3,
            "def": "A partial covering for a floor."
        },
        {
            "w": "RUE",
            "v": false,
            "row": 4,
            "col": 1,
            "def": "Repentance, regret."
        },
        {
            "w": "BURR",
            "v": false,
            "row": 2,
            "col": 1,
            "def": "A sharp, pointy object, such as a sliver or splinter."
        },
        {
            "w": "URGE",
            "v": true,
            "row": 0,
            "col": 6,
            "def": "A strong desire; an itch to do something."
        },
        {
            "w": "BURG",
            "v": true,
            "row": 2,
            "col": 1,
            "def": "A city or town."
        },
        {
            "w": "GRUB",
            "v": false,
            "row": 0,
            "col": 0,
            "def": "An immature stage in the life cycle of an insect; a larva."
        },
        {
            "w": "BURGER",
            "v": true,
            "row": 0,
            "col": 3,
            "def": "A hamburger."
        }
    ]
}