{
    "id": 5353,
    "sub_category": "Brink Pack",
    "category": "Bare Group",
    "type": 0,
    "letters": "INRTWY",
    "mov": 20,
    "shovels": 1,
    "coins": 5,
    "rows": 15,
    "cols": 15,
    "c": 0,
    "b": -1,
    "w": 8,
    "h": 8,
    "dws": [
        "RIT",
        "WINY",
        "TWINY",
        "TIN",
        "TIYN",
        "NIT",
        "RIN",
        "WYN",
        "TRIN",
        "TYIN",
        "NITRY"
    ],
    "ws": [
        {
            "w": "TRY",
            "v": true,
            "row": 0,
            "col": 5,
            "def": "To attempt. Followed by infinitive."
        },
        {
            "w": "WIN",
            "v": false,
            "row": 5,
            "col": 4,
            "def": "Pleasure; joy; delight."
        },
        {
            "w": "WIT",
            "v": false,
            "row": 5,
            "col": 0,
            "def": "Sanity."
        },
        {
            "w": "WRY",
            "v": true,
            "row": 5,
            "col": 0,
            "def": "To cover; clothe; cover up; cloak; hide."
        },
        {
            "w": "YIN",
            "v": false,
            "row": 7,
            "col": 2,
            "def": "The essential female principle in some Eastern religions and philosophies."
        },
        {
            "w": "TINY",
            "v": true,
            "row": 3,
            "col": 6,
            "def": "Very small."
        },
        {
            "w": "TWIN",
            "v": true,
            "row": 4,
            "col": 4,
            "def": "Either of two people (or, less commonly, animals) who shared the same uterus at the same time; one who was born at the same birth as a sibling."
        },
        {
            "w": "WIRY",
            "v": false,
            "row": 2,
            "col": 2,
            "def": "Thin, muscular and flexible."
        },
        {
            "w": "WRIT",
            "v": false,
            "row": 0,
            "col": 2,
            "def": "A written order, issued by a court, ordering someone to do (or stop doing) something."
        },
        {
            "w": "WINTRY",
            "v": true,
            "row": 2,
            "col": 2,
            "def": "Suggestive or characteristic of winter; cold, stormy."
        }
    ]
}