{
    "id": 5355,
    "sub_category": "Brink Pack",
    "category": "Bare Group",
    "type": 0,
    "letters": "AADHRZ",
    "mov": 16,
    "shovels": 1,
    "coins": 5,
    "rows": 15,
    "cols": 15,
    "c": 0,
    "b": -1,
    "w": 7,
    "h": 5,
    "dws": [
        "ARD",
        "ADZ",
        "HAAR",
        "DAH",
        "RAH"
    ],
    "ws": [
        {
            "w": "AHA",
            "v": false,
            "row": 1,
            "col": 0,
            "def": "An exclamation of understanding, realization, invention, or recognition."
        },
        {
            "w": "HAD",
            "v": true,
            "row": 2,
            "col": 4,
            "def": "Simple past tense and past participle of have."
        },
        {
            "w": "RAD",
            "v": false,
            "row": 4,
            "col": 2,
            "def": "Excellent, short for radical."
        },
        {
            "w": "AAH",
            "v": true,
            "row": 1,
            "col": 0,
            "def": "Indication of amazement or surprise or enthusiasm."
        },
        {
            "w": "HARD",
            "v": false,
            "row": 0,
            "col": 2,
            "def": "Resistant to pressure."
        },
        {
            "w": "HAZARD",
            "v": true,
            "row": 0,
            "col": 2,
            "def": "Sand or water obstacle on a golf course."
        }
    ]
}