{
    "id": 5359,
    "sub_category": "Brink Pack",
    "category": "Bare Group",
    "type": 0,
    "letters": "AAEMNS",
    "mov": 22,
    "shovels": 1,
    "coins": 5,
    "rows": 15,
    "cols": 15,
    "c": 0,
    "b": -1,
    "w": 9,
    "h": 8,
    "dws": [
        "MAA",
        "NEMA",
        "MNAS",
        "NAMS",
        "AMA",
        "ANS",
        "ANSA",
        "AMENS",
        "NAE",
        "NAAM",
        "MAE",
        "MANS",
        "SAMA",
        "MAS",
        "SENA",
        "ANE",
        "AMAS",
        "ANSAE",
        "SEN",
        "MASA",
        "EANS",
        "MEANS",
        "EAN",
        "AAS",
        "ASEA",
        "MANSE",
        "NEMAS",
        "SMA",
        "NAMES",
        "NAS",
        "EMS",
        "ANA",
        "ANAS",
        "AME",
        "NAM",
        "SAE",
        "SEAN",
        "MENSA",
        "SAM",
        "MAES",
        "MANES",
        "SAMAN",
        "NAAMS",
        "NAES",
        "ENS",
        "SAN",
        "MAAS",
        "MNA",
        "MANA",
        "MES",
        "EAS",
        "ANES",
        "MANAS",
        "MASE"
    ],
    "ws": [
        {
            "w": "MAN",
            "v": false,
            "row": 1,
            "col": 5,
            "def": "An adult male human."
        },
        {
            "w": "MEN",
            "v": false,
            "row": 5,
            "col": 3,
            "def": "Plural form of man."
        },
        {
            "w": "SEA",
            "v": false,
            "row": 3,
            "col": 5,
            "def": "A large body of salty water. (Major seas are known as oceans.)."
        },
        {
            "w": "AMEN",
            "v": true,
            "row": 3,
            "col": 7,
            "def": "At the end of Judeo-Christian prayers: so be it."
        },
        {
            "w": "MANE",
            "v": false,
            "row": 7,
            "col": 1,
            "def": "Longer hair growth on back of neck of an animal, especially a horse or lion."
        },
        {
            "w": "MEAN",
            "v": false,
            "row": 0,
            "col": 1,
            "def": "To intend."
        },
        {
            "w": "NAME",
            "v": true,
            "row": 0,
            "col": 6,
            "def": "Any nounal word or phrase which indicates a particular person, place, class, or thing."
        },
        {
            "w": "SAME",
            "v": false,
            "row": 3,
            "col": 0,
            "def": "Not different or other; not another or others; not different as regards self; selfsame; numerically identical."
        },
        {
            "w": "SANE",
            "v": true,
            "row": 3,
            "col": 5,
            "def": "Being in a healthy condition; not deranged; acting rationally; -- regarding the mind."
        },
        {
            "w": "SEAM",
            "v": true,
            "row": 3,
            "col": 0,
            "def": "A folded back and stitched piece of fabric; especially, the stitching that joins two or more pieces of fabric."
        },
        {
            "w": "MESA",
            "v": true,
            "row": 0,
            "col": 1,
            "def": "Flat area of land or plateau higher than other land, with one or more clifflike edges."
        },
        {
            "w": "SEAMAN",
            "v": true,
            "row": 2,
            "col": 3,
            "def": "A mariner or sailor, one who mans a ship. Opposed to landman or landsman."
        }
    ]
}