{
    "id": 5361,
    "sub_category": "Under Pack",
    "category": "High+seas Group",
    "type": 0,
    "letters": "IJNORU",
    "mov": 18,
    "shovels": 1,
    "coins": 5,
    "rows": 15,
    "cols": 15,
    "c": 0,
    "b": -1,
    "w": 7,
    "h": 7,
    "dws": [
        "UNI",
        "ROJI",
        "NORI",
        "JIN",
        "NUR",
        "RIN",
        "JOUR",
        "ROIN",
        "OURN",
        "OUR",
        "JOR",
        "JUN",
        "NOIR",
        "INRO"
    ],
    "ws": [
        {
            "w": "ION",
            "v": true,
            "row": 2,
            "col": 5,
            "def": "An atom or group of atoms bearing an electrical charge such as the sodium and chlorine atoms in a salt solution."
        },
        {
            "w": "NOR",
            "v": false,
            "row": 6,
            "col": 2,
            "def": "Used to introduce a further negative statement."
        },
        {
            "w": "RUN",
            "v": true,
            "row": 0,
            "col": 6,
            "def": "Act or instance of running, of moving rapidly using the feet."
        },
        {
            "w": "URN",
            "v": false,
            "row": 0,
            "col": 5,
            "def": "A vase with a footed base."
        },
        {
            "w": "IRON",
            "v": false,
            "row": 4,
            "col": 0,
            "def": "A common, inexpensive metal, often black in color, that rusts, is attracted by magnets, and is used in making steel."
        },
        {
            "w": "JOIN",
            "v": false,
            "row": 2,
            "col": 3,
            "def": "To combine more than one item into one; to put together."
        },
        {
            "w": "RUIN",
            "v": true,
            "row": 2,
            "col": 0,
            "def": "Construction withered by time."
        },
        {
            "w": "JUNIOR",
            "v": true,
            "row": 2,
            "col": 3,
            "def": "Younger."
        }
    ]
}