{
    "id": 5367,
    "sub_category": "Under Pack",
    "category": "High+seas Group",
    "type": 0,
    "letters": "DINOWW",
    "mov": 22,
    "shovels": 1,
    "coins": 5,
    "rows": 15,
    "cols": 15,
    "c": 0,
    "b": -1,
    "w": 9,
    "h": 7,
    "dws": [
        "ION",
        "NID",
        "WIN",
        "WINO",
        "DINO",
        "INDOW",
        "NODI"
    ],
    "ws": [
        {
            "w": "NOD",
            "v": true,
            "row": 2,
            "col": 0,
            "def": "To incline the head up and down, as to indicate agreement."
        },
        {
            "w": "NOW",
            "v": true,
            "row": 1,
            "col": 7,
            "def": "Present; current."
        },
        {
            "w": "OWN",
            "v": false,
            "row": 2,
            "col": 2,
            "def": "To have rightful possession of (property, goods or capital); \"To possess by right; to have the right of property in; to have the legal right or rightful title to.\" (Ref 1)."
        },
        {
            "w": "WON",
            "v": true,
            "row": 3,
            "col": 5,
            "def": "Simple past tense and past participle of win."
        },
        {
            "w": "WOW",
            "v": false,
            "row": 3,
            "col": 5,
            "def": "An indication of excitement or surprise."
        },
        {
            "w": "DIN",
            "v": false,
            "row": 5,
            "col": 3,
            "def": "A loud noise; a cacophony or loud commotion."
        },
        {
            "w": "DOW",
            "v": true,
            "row": 5,
            "col": 7,
            "def": "To be worth."
        },
        {
            "w": "DON",
            "v": true,
            "row": 0,
            "col": 4,
            "def": "A university professor, particularly one at Oxford or Cambridge."
        },
        {
            "w": "DOWN",
            "v": false,
            "row": 4,
            "col": 0,
            "def": "Hill, rolling grassland."
        },
        {
            "w": "WIND",
            "v": false,
            "row": 0,
            "col": 1,
            "def": "Real or perceived movement of atmospheric air usually caused by convection or differences in air pressure."
        },
        {
            "w": "WIDOW",
            "v": false,
            "row": 7,
            "col": 3,
            "def": "A woman whose husband has died (and has not re-married); feminine of widower."
        },
        {
            "w": "WINDOW",
            "v": true,
            "row": 2,
            "col": 3,
            "def": "An opening, usually covered by one or more panes of clear glass, to allow light and air from outside to enter a building or vehicle."
        }
    ]
}