{
    "id": 5369,
    "sub_category": "Under Pack",
    "category": "High+seas Group",
    "type": 0,
    "letters": "EKMORS",
    "mov": 16,
    "shovels": 1,
    "coins": 5,
    "rows": 15,
    "cols": 15,
    "c": 0,
    "b": -1,
    "w": 7,
    "h": 5,
    "dws": [
        "OKES",
        "KORES",
        "EMO",
        "KEROS",
        "MOKES",
        "REOS",
        "ROES",
        "MERKS",
        "MOKE",
        "SER",
        "SMORE",
        "OSE",
        "OMS",
        "MOS",
        "MOSK",
        "OMER",
        "MORES",
        "REO",
        "MOE",
        "REMS",
        "SORE",
        "MORSE",
        "KOSE",
        "KOS",
        "SKER",
        "ERS",
        "OMERS",
        "SOKE",
        "ROKS",
        "MOES",
        "EMS",
        "ROKES",
        "SERK",
        "ORES",
        "KERO",
        "EMOS",
        "SKEO",
        "KORE",
        "ROSE",
        "OES",
        "MOR",
        "ROK",
        "MOSE",
        "OKE",
        "ERKS",
        "KORS",
        "SMERK",
        "EROS",
        "ROE",
        "ROM",
        "KOR",
        "ORS",
        "MES",
        "ROMS",
        "ROKE",
        "RES",
        "ERK",
        "MORS",
        "MERK",
        "ERM",
        "SOM"
    ],
    "ws": [
        {
            "w": "ORE",
            "v": false,
            "row": 5,
            "col": 0,
            "def": "Rock that contains utilitarian materials; primarily a rock containing metals or gems which (at the time of the rock's evaluation and proposal for extraction) are able to be separated from its neighboring minerals and processed at a cost that does not exceed those materials' present-day economic values."
        },
        {
            "w": "REM",
            "v": false,
            "row": 2,
            "col": 0,
            "def": "Rapid eye movement, a sleep state."
        },
        {
            "w": "MORE",
            "v": true,
            "row": 0,
            "col": 0,
            "def": "Comparative form of many: in greater number. (Used for a discrete quantity.)."
        },
        {
            "w": "SOME",
            "v": false,
            "row": 1,
            "col": 2,
            "def": "A certain number, at least one."
        },
        {
            "w": "SMOKE",
            "v": true,
            "row": 0,
            "col": 4,
            "def": "The visible vapor/vapour, gases, and fine particles given off by burning or smoldering material."
        },
        {
            "w": "SMOKER",
            "v": true,
            "row": 1,
            "col": 2,
            "def": "A person who smokes tobacco habitually."
        }
    ]
}