{
    "id": 5371,
    "sub_category": "Under Pack",
    "category": "High+seas Group",
    "type": 0,
    "letters": "ACITUY",
    "mov": 18,
    "shovels": 1,
    "coins": 5,
    "rows": 15,
    "cols": 15,
    "c": 0,
    "b": -1,
    "w": 7,
    "h": 5,
    "dws": [
        "TUI",
        "AITU",
        "CIT",
        "UTA",
        "TAY",
        "AIT",
        "AYU",
        "ITA",
        "TAI",
        "TIC",
        "CUIT",
        "YUCA"
    ],
    "ws": [
        {
            "w": "ACT",
            "v": false,
            "row": 2,
            "col": 4,
            "def": "Something done, a deed."
        },
        {
            "w": "CAT",
            "v": true,
            "row": 1,
            "col": 4,
            "def": "Any similar animal of the family Felidae, which includes lions, tigers, bobcats, etc."
        },
        {
            "w": "CUT",
            "v": false,
            "row": 3,
            "col": 2,
            "def": "Having been cut."
        },
        {
            "w": "ICY",
            "v": false,
            "row": 5,
            "col": 2,
            "def": "Pertaining to, resembling, or abounding in ice; cold; frosty."
        },
        {
            "w": "TAU",
            "v": false,
            "row": 4,
            "col": 0,
            "def": "The name of the letter T/\u03c4 in the Greek, Hebrew and ancient Semitic alphabets, being the nineteenth letter of the Classical and Modern Greek, the twentieth letter of Old and Ancient Greek."
        },
        {
            "w": "CAY",
            "v": false,
            "row": 7,
            "col": 0,
            "def": "A small, low island largely made of sand or coral."
        },
        {
            "w": "CITY",
            "v": true,
            "row": 0,
            "col": 6,
            "def": "A large settlement, bigger than a town."
        },
        {
            "w": "ACUITY",
            "v": true,
            "row": 2,
            "col": 2,
            "def": "Sharpness or acuteness, as of a needle, wit, etc."
        }
    ]
}