{
    "id": 5378,
    "sub_category": "Crest Packx",
    "category": "High+seas Group",
    "type": 0,
    "letters": "ABEFHL",
    "mov": 22,
    "shovels": 1,
    "coins": 5,
    "rows": 15,
    "cols": 15,
    "c": 0,
    "b": -1,
    "w": 9,
    "h": 9,
    "dws": [
        "BALE",
        "HABLE",
        "BLAE",
        "ALF",
        "BELAH",
        "FAE",
        "BEL",
        "BEAL",
        "LAB",
        "FEAL",
        "ABLE",
        "HAE",
        "ALE",
        "LEA",
        "ALEF",
        "FEH",
        "BHEL",
        "FAH",
        "ALB",
        "BAEL",
        "ALBE",
        "BAL",
        "LAH",
        "BEHALF",
        "FABLE",
        "BLAH",
        "FLEA",
        "HALF",
        "HEAL",
        "LEAF",
        "FLAB",
        "HALE",
        "ELF",
        "BAH",
        "FAB"
    ],
    "ws": []
}