{
    "id": 5381,
    "sub_category": "Crest Packx",
    "category": "High+seas Group",
    "type": 0,
    "letters": "ABSUWY",
    "mov": 24,
    "shovels": 1,
    "coins": 5,
    "rows": 15,
    "cols": 15,
    "c": 0,
    "b": -1,
    "w": 9,
    "h": 8,
    "dws": [
        "SUBA",
        "YAWS",
        "WAYS",
        "ABYS",
        "WABS",
        "AYS",
        "BYS",
        "WAB",
        "BUYS",
        "WUS",
        "AYUS",
        "SAU",
        "YAS",
        "AYU",
        "BAYS",
        "ABY",
        "SWY",
        "SAB",
        "YAW",
        "YUS"
    ],
    "ws": [
        {
            "w": "ABS",
            "v": false,
            "row": 7,
            "col": 2,
            "def": "The abdominal muscles."
        },
        {
            "w": "BAY",
            "v": false,
            "row": 5,
            "col": 2,
            "def": "A berry."
        },
        {
            "w": "BUS",
            "v": true,
            "row": 0,
            "col": 6,
            "def": "A motor vehicle for transporting large numbers of people along roads."
        },
        {
            "w": "BUY",
            "v": false,
            "row": 9,
            "col": 4,
            "def": "To obtain (something) in exchange for money or goods."
        },
        {
            "w": "SAW",
            "v": false,
            "row": 6,
            "col": 0,
            "def": "A tool with a toothed blade used for cutting hard substances, in particular wood or metal."
        },
        {
            "w": "SAY",
            "v": false,
            "row": 8,
            "col": 0,
            "def": "To pronounce."
        },
        {
            "w": "SUB",
            "v": true,
            "row": 7,
            "col": 4,
            "def": "A submarine."
        },
        {
            "w": "WAS",
            "v": false,
            "row": 3,
            "col": 0,
            "def": "First-person singular simple past tense indicative of be."
        },
        {
            "w": "WAY",
            "v": true,
            "row": 7,
            "col": 6,
            "def": "A road, a direction, a (physical or conceptual) path from one place to another."
        },
        {
            "w": "BAS",
            "v": false,
            "row": 2,
            "col": 4,
            "def": "Plural of ba."
        },
        {
            "w": "BUSY",
            "v": true,
            "row": 2,
            "col": 4,
            "def": "Doing a great deal; having a lot of things to do in the space of time given."
        },
        {
            "w": "SWAY",
            "v": false,
            "row": 4,
            "col": 4,
            "def": "The act of swaying; a swaying motion; a swing or sweep of a weapon."
        },
        {
            "w": "SWAB",
            "v": false,
            "row": 0,
            "col": 3,
            "def": "A small piece of soft, absorbent material, such as gauze, used to clean wounds, apply medicine, or take samples of body fluids. Often attached to a stick or wire to aid access."
        },
        {
            "w": "SUBWAY",
            "v": true,
            "row": 3,
            "col": 2,
            "def": "An underground railway, especially for mass transit of people in urban areas."
        }
    ]
}