{
    "id": 5423,
    "sub_category": "Azure Packx",
    "category": "High+seas Group",
    "type": 0,
    "letters": "DRSTUY",
    "mov": 20,
    "shovels": 1,
    "coins": 5,
    "rows": 15,
    "cols": 15,
    "c": 0,
    "b": -1,
    "w": 9,
    "h": 9,
    "dws": [
        "SURD",
        "URD",
        "URDS",
        "YURTS",
        "RUTS",
        "RYUS",
        "UDS",
        "YURT",
        "URDY",
        "RUT",
        "DURST",
        "TURDS",
        "STY",
        "UTS",
        "RUD",
        "RYU",
        "SUD",
        "RUDS",
        "TURD",
        "DRYS",
        "YUS",
        "DRUSY"
    ],
    "ws": [
        {
            "w": "DRY",
            "v": true,
            "row": 1,
            "col": 1,
            "def": "Free from liquid or moisture."
        },
        {
            "w": "TRY",
            "v": true,
            "row": 0,
            "col": 5,
            "def": "To attempt. Followed by infinitive."
        },
        {
            "w": "DUST",
            "v": true,
            "row": 4,
            "col": 5,
            "def": "Fine, dry particles of matter found in the air and covering the surface of objects, typically consisting of soil lifted up by the wind, pollen, hair, etc."
        },
        {
            "w": "DUTY",
            "v": false,
            "row": 7,
            "col": 0,
            "def": "That which one is morally or legally obligated to do."
        },
        {
            "w": "RUST",
            "v": false,
            "row": 0,
            "col": 2,
            "def": "The deteriorated state of iron or steel as a result of moisture and oxidation."
        },
        {
            "w": "STUD",
            "v": true,
            "row": 4,
            "col": 0,
            "def": "A male animal, especially a stud horse (stallion), kept for breeding."
        },
        {
            "w": "DUSTY",
            "v": false,
            "row": 6,
            "col": 3,
            "def": "Covered with dust."
        },
        {
            "w": "RUSTY",
            "v": false,
            "row": 2,
            "col": 1,
            "def": "Affected by rust."
        },
        {
            "w": "STUDY",
            "v": true,
            "row": 2,
            "col": 7,
            "def": "To revise materials already learned in order to make sure one does not forget them, usually in preparation for an examination."
        },
        {
            "w": "STURDY",
            "v": true,
            "row": 2,
            "col": 3,
            "def": "Of firm build."
        }
    ]
}