{
    "id": 5435,
    "sub_category": "Brisk Pack",
    "category": "High+seas Group",
    "type": 0,
    "letters": "IILNOV",
    "mov": 16,
    "shovels": 1,
    "coins": 5,
    "rows": 15,
    "cols": 15,
    "c": 0,
    "b": -1,
    "w": 7,
    "h": 6,
    "dws": [
        "NOIL",
        "LINO",
        "VIN",
        "OLIVIN",
        "VOL",
        "NIL",
        "LIN",
        "VIOL"
    ],
    "ws": [
        {
            "w": "ION",
            "v": false,
            "row": 5,
            "col": 2,
            "def": "An atom or group of atoms bearing an electrical charge such as the sodium and chlorine atoms in a salt solution."
        },
        {
            "w": "OIL",
            "v": true,
            "row": 1,
            "col": 0,
            "def": "Liquid fat."
        },
        {
            "w": "LION",
            "v": false,
            "row": 3,
            "col": 0,
            "def": "A big cat, Panthera leo, native to Africa, India and formerly to much of Europe. The term may apply to the species as a whole, to individuals, or to male individuals. It also applies to related species like mountain lions."
        },
        {
            "w": "LOIN",
            "v": true,
            "row": 0,
            "col": 5,
            "def": "The part of the body (of humans and quadrupeds) at each side of the backbone, between the ribs and hips."
        },
        {
            "w": "VINO",
            "v": false,
            "row": 1,
            "col": 2,
            "def": "The Italian or Spanish word for wine used in combination in various terms adopted from these languages (see Derived terms below)."
        },
        {
            "w": "VIOLIN",
            "v": true,
            "row": 1,
            "col": 2,
            "def": "A musical four-string instrument, generally played with a bow or by plucking the string. Pitch is set by pressing the strings at the appropriate place with the fingers."
        }
    ]
}