{
    "id": 5458,
    "sub_category": "Lane Pack",
    "category": "Meadow Group",
    "type": 0,
    "letters": "EINNST",
    "mov": 24,
    "shovels": 1,
    "coins": 5,
    "rows": 15,
    "cols": 15,
    "c": 0,
    "b": -1,
    "w": 12,
    "h": 10,
    "dws": [
        "NEIST",
        "SEI",
        "SIN",
        "NIT",
        "TEINS",
        "NITES",
        "NINES",
        "SIEN",
        "TIS",
        "STEN",
        "STEIN",
        "NIES",
        "SEN",
        "NIS",
        "NITE",
        "INN",
        "EST",
        "NIE",
        "INS",
        "TES",
        "TIE",
        "STIE",
        "SENTI",
        "SINNET",
        "SENNIT",
        "ENS",
        "SNIT",
        "SET",
        "TIN",
        "NET",
        "SIT",
        "ITS",
        "TINES",
        "TEN",
        "TEIN"
    ],
    "ws": [
        {
            "w": "INNS",
            "v": true,
            "row": 3,
            "col": 6,
            "def": "Plural form of inn."
        },
        {
            "w": "NEST",
            "v": true,
            "row": 5,
            "col": 0,
            "def": "A structure built by a bird as a place to incubate eggs and rear young."
        },
        {
            "w": "NETS",
            "v": false,
            "row": 6,
            "col": 3,
            "def": "Plural form of net."
        },
        {
            "w": "NINE",
            "v": true,
            "row": 0,
            "col": 1,
            "def": "A numerical value equal to 9; the number occurring after eight and before ten."
        },
        {
            "w": "SENT",
            "v": false,
            "row": 3,
            "col": 0,
            "def": "A subdivision of currency, equal to a 1/100th of an Estonian kroon."
        },
        {
            "w": "SITE",
            "v": false,
            "row": 3,
            "col": 5,
            "def": "Sorrow, grief."
        },
        {
            "w": "TENS",
            "v": true,
            "row": 0,
            "col": 5,
            "def": "Plural form of ten."
        },
        {
            "w": "TIES",
            "v": true,
            "row": 6,
            "col": 5,
            "def": "Plural form of tie."
        },
        {
            "w": "TINS",
            "v": false,
            "row": 8,
            "col": 0,
            "def": "Plural form of tin."
        },
        {
            "w": "NITS",
            "v": false,
            "row": 1,
            "col": 0,
            "def": "Plural form of nit."
        },
        {
            "w": "SINE",
            "v": false,
            "row": 9,
            "col": 5,
            "def": "In a right triangle, the ratio of the length of the side opposite an angle to the length of the hypotenuse."
        },
        {
            "w": "TINE",
            "v": true,
            "row": 6,
            "col": 8,
            "def": "A spike or point on an implement or tool, especially a prong of a fork or a tooth of a comb."
        },
        {
            "w": "INSET",
            "v": true,
            "row": 0,
            "col": 8,
            "def": "To set in; infix or implant."
        },
        {
            "w": "TENNIS",
            "v": true,
            "row": 3,
            "col": 3,
            "def": "A sport played by either two or four players with strung racquets, a 2\u00bd\" (6.4 cm) ball, and a net approximately 3 feet high on a clay, grass, or cement court."
        }
    ]
}