{
    "id": 5461,
    "sub_category": "Lane Pack",
    "category": "Meadow Group",
    "type": 0,
    "letters": "DEESTT",
    "mov": 18,
    "shovels": 1,
    "coins": 5,
    "rows": 15,
    "cols": 15,
    "c": 0,
    "b": -1,
    "w": 8,
    "h": 6,
    "dws": [
        "SED",
        "SETT",
        "DEES",
        "TET",
        "TETES",
        "TEED",
        "STET",
        "TETE",
        "STED",
        "DEE",
        "TEDS",
        "EST",
        "ESE",
        "TEES",
        "TES",
        "TETS",
        "TESTE",
        "STEE",
        "TED",
        "DEET",
        "DEETS",
        "EDS"
    ],
    "ws": [
        {
            "w": "SEE",
            "v": true,
            "row": 0,
            "col": 2,
            "def": "To perceive or detect with the eyes, or as if by sight."
        },
        {
            "w": "SET",
            "v": true,
            "row": 4,
            "col": 5,
            "def": "To put (something) down, to rest."
        },
        {
            "w": "TEE",
            "v": true,
            "row": 0,
            "col": 4,
            "def": "The name of the Latin script letter T/t."
        },
        {
            "w": "SEED",
            "v": false,
            "row": 7,
            "col": 0,
            "def": "A fertilized grain, initially encased in a fruit, which may grow into a mature plant."
        },
        {
            "w": "TEST",
            "v": false,
            "row": 0,
            "col": 4,
            "def": "A challenge."
        },
        {
            "w": "STEED",
            "v": false,
            "row": 5,
            "col": 2,
            "def": "A stallion, especially in the sense of mount."
        },
        {
            "w": "TESTED",
            "v": true,
            "row": 2,
            "col": 3,
            "def": "Simple past tense and past participle of test."
        },
        {
            "w": "DETEST",
            "v": false,
            "row": 2,
            "col": 1,
            "def": "To dislike intensely; to loathe."
        }
    ]
}