{
    "id": 5466,
    "sub_category": "Lane Pack",
    "category": "Meadow Group",
    "type": 0,
    "letters": "EGLNOU",
    "mov": 20,
    "shovels": 1,
    "coins": 5,
    "rows": 15,
    "cols": 15,
    "c": 0,
    "b": -1,
    "w": 8,
    "h": 8,
    "dws": [
        "GNU",
        "LUNE",
        "LOUN",
        "ONE",
        "EON",
        "GLUON",
        "NOULE",
        "GONE",
        "NOG",
        "LOU",
        "LUN",
        "GUE",
        "NEG",
        "NUG",
        "NOUL",
        "OLE",
        "LENO",
        "EGO",
        "GOEL",
        "NOLE",
        "GUL",
        "LOGE",
        "LOG",
        "GON",
        "GOE",
        "GEN",
        "LENG",
        "GUN",
        "GULE",
        "GEL",
        "GEO",
        "ULE",
        "ENOL",
        "LEU",
        "LEG",
        "LUG",
        "ENG",
        "GOLE",
        "LONGE",
        "GENU"
    ],
    "ws": [
        {
            "w": "GLUE",
            "v": true,
            "row": 1,
            "col": 7,
            "def": "A hard gelatin made by boiling bones and hides, used in solution as an adhesive; or any sticky adhesive substance."
        },
        {
            "w": "LONE",
            "v": false,
            "row": 0,
            "col": 0,
            "def": "Solitary; having no companion."
        },
        {
            "w": "LONG",
            "v": true,
            "row": 0,
            "col": 0,
            "def": "Having much distance from one terminating point on an object or an area to another terminating point (usually applies to horizontal dimensions; see Usage Notes below)."
        },
        {
            "w": "LUNG",
            "v": false,
            "row": 1,
            "col": 4,
            "def": "A biological organ that extracts oxygen from the air."
        },
        {
            "w": "GLEN",
            "v": false,
            "row": 6,
            "col": 3,
            "def": "A secluded and narrow valley; a dale; a depression between hills."
        },
        {
            "w": "LUGE",
            "v": false,
            "row": 4,
            "col": 2,
            "def": "A racing sled for one or two people that is ridden with the rider or riders lying on their back."
        },
        {
            "w": "NOEL",
            "v": false,
            "row": 2,
            "col": 0,
            "def": "Christmas."
        },
        {
            "w": "OGLE",
            "v": false,
            "row": 7,
            "col": 0,
            "def": ", (intransitive) To stare at (someone or something), especially impertinently, amorously, or covetously."
        },
        {
            "w": "LUNGE",
            "v": true,
            "row": 0,
            "col": 5,
            "def": "A sudden forward movement, especially with a sword."
        },
        {
            "w": "LOUNGE",
            "v": true,
            "row": 2,
            "col": 3,
            "def": "A waiting room in an office, airport etc."
        }
    ]
}