{
    "id": 5493,
    "sub_category": "Gale Packx",
    "category": "Meadow Group",
    "type": 0,
    "letters": "DEGMMU",
    "mov": 20,
    "shovels": 1,
    "coins": 5,
    "rows": 15,
    "cols": 15,
    "c": 0,
    "b": -1,
    "w": 7,
    "h": 7,
    "dws": [
        "DEGUM",
        "MEM",
        "UMMED",
        "UMM",
        "GEUM",
        "DUM",
        "MED",
        "DEGU",
        "GUDE",
        "GED",
        "MEU",
        "GUE",
        "DEG"
    ],
    "ws": [
        {
            "w": "DUE",
            "v": false,
            "row": 1,
            "col": 1,
            "def": "Owed or owing."
        },
        {
            "w": "DUG",
            "v": true,
            "row": 1,
            "col": 6,
            "def": "Mammary gland on domestic mammal containing more than two breasts."
        },
        {
            "w": "GEM",
            "v": false,
            "row": 3,
            "col": 0,
            "def": "A precious stone, usually of substantial monetary value or prized for its beauty or shine."
        },
        {
            "w": "GUM",
            "v": true,
            "row": 3,
            "col": 0,
            "def": "The flesh round the teeth."
        },
        {
            "w": "MUD",
            "v": false,
            "row": 5,
            "col": 0,
            "def": "A mixture of water and soil or fine grained sediment."
        },
        {
            "w": "MUG",
            "v": false,
            "row": 3,
            "col": 4,
            "def": "Easily fooled, gullible."
        },
        {
            "w": "MUM",
            "v": true,
            "row": 3,
            "col": 4,
            "def": "Mother."
        },
        {
            "w": "EMU",
            "v": false,
            "row": 4,
            "col": 2,
            "def": "A large flightless bird native to Australia, Dromaius novaehollandiae."
        },
        {
            "w": "MEG",
            "v": false,
            "row": 5,
            "col": 4,
            "def": "Common abbreviation for many/any unit having the SI prefix mega-, such as megahertz."
        },
        {
            "w": "GUMMED",
            "v": true,
            "row": 0,
            "col": 2,
            "def": "Simple past tense and past participle of gum."
        }
    ]
}