{
    "id": 5503,
    "sub_category": "Gale Packx",
    "category": "Meadow Group",
    "type": 0,
    "letters": "AEESSW",
    "mov": 18,
    "shovels": 1,
    "coins": 5,
    "rows": 15,
    "cols": 15,
    "c": 0,
    "b": -1,
    "w": 7,
    "h": 7,
    "dws": [
        "ASS",
        "SWEE",
        "AWEE",
        "WEE",
        "WEES",
        "WASES",
        "WAES",
        "EWE",
        "EEW",
        "ESE",
        "SEW",
        "AWE",
        "SAW",
        "WAS",
        "SAE",
        "ESS",
        "SEASE",
        "SESE",
        "ESES",
        "WASE",
        "EASES",
        "SWEES",
        "EAS",
        "SEA",
        "WAE",
        "ESSE",
        "SEE"
    ],
    "ws": [
        {
            "w": "AWES",
            "v": true,
            "row": 1,
            "col": 5,
            "def": "Third-person singular simple present indicative form of awe."
        },
        {
            "w": "EASE",
            "v": false,
            "row": 4,
            "col": 3,
            "def": "The state of being comfortable or free from stress."
        },
        {
            "w": "SAWS",
            "v": false,
            "row": 0,
            "col": 1,
            "def": "Plural form of saw."
        },
        {
            "w": "SEAS",
            "v": false,
            "row": 2,
            "col": 0,
            "def": "Plural form of sea."
        },
        {
            "w": "SEES",
            "v": true,
            "row": 0,
            "col": 1,
            "def": "Third-person singular simple present indicative form of see."
        },
        {
            "w": "SEWS",
            "v": false,
            "row": 7,
            "col": 1,
            "def": "Third-person singular simple present indicative form of sew."
        },
        {
            "w": "EWES",
            "v": false,
            "row": 5,
            "col": 0,
            "def": "Plural form of ewe."
        },
        {
            "w": "SEESAW",
            "v": true,
            "row": 2,
            "col": 3,
            "def": "A structure composed of a plank, balanced in the middle, used as a game in which one person goes up as the other goes down; a teeter-totter."
        }
    ]
}