{
    "id": 5523,
    "sub_category": "Still Packx",
    "category": "Tarn Group",
    "type": 0,
    "letters": "EIOPTT",
    "mov": 22,
    "shovels": 1,
    "coins": 5,
    "rows": 15,
    "cols": 15,
    "c": 0,
    "b": -1,
    "w": 9,
    "h": 7,
    "dws": [
        "TOPE",
        "TET",
        "POI",
        "PETTO",
        "TIPT",
        "POTT",
        "PITOT",
        "PETTI",
        "PETIT",
        "TIE",
        "TOPI",
        "PIET",
        "POTE",
        "TITE",
        "TIT",
        "TOIT",
        "OPE"
    ],
    "ws": [
        {
            "w": "PET",
            "v": false,
            "row": 4,
            "col": 3,
            "def": "An animal kept as a companion."
        },
        {
            "w": "PIE",
            "v": false,
            "row": 3,
            "col": 5,
            "def": "A type of pastry that consists of an outer crust and a filling."
        },
        {
            "w": "PIT",
            "v": false,
            "row": 0,
            "col": 5,
            "def": "A hole in the ground."
        },
        {
            "w": "POT",
            "v": false,
            "row": 2,
            "col": 1,
            "def": "A vessel used for cooking or storing food."
        },
        {
            "w": "TIP",
            "v": true,
            "row": 3,
            "col": 0,
            "def": "A particular arena or sphere of interest; a front."
        },
        {
            "w": "TOE",
            "v": false,
            "row": 7,
            "col": 1,
            "def": "Each of the five digits on the end of the foot."
        },
        {
            "w": "TOP",
            "v": true,
            "row": 0,
            "col": 1,
            "def": "That part of an object furthest away in the opposite direction from that in which an unsupported object would fall."
        },
        {
            "w": "OPT",
            "v": true,
            "row": 2,
            "col": 5,
            "def": "To choose; to select."
        },
        {
            "w": "TOT",
            "v": false,
            "row": 0,
            "col": 1,
            "def": "A small child."
        },
        {
            "w": "POET",
            "v": false,
            "row": 5,
            "col": 0,
            "def": "A person who writes poems."
        },
        {
            "w": "TOTE",
            "v": true,
            "row": 0,
            "col": 7,
            "def": "A bag, specifically a tote bag."
        },
        {
            "w": "TIPTOE",
            "v": true,
            "row": 2,
            "col": 3,
            "def": "To go or move on the tips of the toes, or with a mincing gait, as from caution or eagerness."
        }
    ]
}