{
    "id": 5536,
    "sub_category": "Still Packx",
    "category": "Tarn Group",
    "type": 0,
    "letters": "COPRSU",
    "mov": 30,
    "shovels": 1,
    "coins": 5,
    "rows": 15,
    "cols": 15,
    "c": 0,
    "b": -1,
    "w": 12,
    "h": 11,
    "dws": [
        "CRU",
        "COS",
        "CUR",
        "RUC",
        "PROS",
        "SCOP",
        "CUPS",
        "ROUP",
        "COPS",
        "COUPS",
        "ROUPS",
        "COUR",
        "CROPS",
        "SCOUP",
        "POS",
        "OUS",
        "ROCS",
        "POURS",
        "CRUS",
        "ORC",
        "URPS",
        "CROUPS",
        "RUCS",
        "OURS",
        "UPO",
        "SCUR",
        "URP",
        "CORS",
        "SOC",
        "SOU",
        "SCUP",
        "COR",
        "CROUP",
        "ORS",
        "PURS",
        "COURS",
        "PUR",
        "ROC",
        "CURS",
        "ORCS",
        "CROP",
        "POUR",
        "CUSP",
        "CUP",
        "SUP"
    ],
    "ws": [
        {
            "w": "COP",
            "v": false,
            "row": 3,
            "col": 0,
            "def": "To (be forced to) take; to receive; to shoulder; to bear, especially blame or punishment for a particular instance of wrongdoing."
        },
        {
            "w": "OUR",
            "v": false,
            "row": 7,
            "col": 6,
            "def": "Belonging to us."
        },
        {
            "w": "PRO",
            "v": false,
            "row": 2,
            "col": 6,
            "def": "An advantage of something, especially when contrasted with its disadvantages (cons)."
        },
        {
            "w": "UPS",
            "v": false,
            "row": 8,
            "col": 2,
            "def": "Plural form of up."
        },
        {
            "w": "SOP",
            "v": false,
            "row": 7,
            "col": 0,
            "def": "Something entirely soaked."
        },
        {
            "w": "OPS",
            "v": false,
            "row": 1,
            "col": 4,
            "def": "Plural form of op."
        },
        {
            "w": "PUS",
            "v": true,
            "row": 7,
            "col": 2,
            "def": "A whitish-yellow or yellow substance composed primarily of dead white blood cells and dead pyogenic bacteria; normally found in regions of bacterial infection."
        },
        {
            "w": "SOUP",
            "v": true,
            "row": 6,
            "col": 6,
            "def": "Any of various dishes commonly made by combining liquids, such as water or stock with other ingredients, such as meat and vegetables, that contribute flavor and texture."
        },
        {
            "w": "SOUR",
            "v": false,
            "row": 4,
            "col": 3,
            "def": "Having an acidic, sharp or tangy taste."
        },
        {
            "w": "COUP",
            "v": true,
            "row": 0,
            "col": 2,
            "def": "A quick, brilliant, and highly successful act; a triumph."
        },
        {
            "w": "SPUR",
            "v": true,
            "row": 1,
            "col": 6,
            "def": "A rigid implement, often roughly y-shaped, that is fixed to one's heel for purpose of prodding a horse. Often worn by, and emblematic of, the cowboy or the knight."
        },
        {
            "w": "OPUS",
            "v": false,
            "row": 6,
            "col": 3,
            "def": "A work of music or set of works with a specified rank in an ordering of a composer's complete published works."
        },
        {
            "w": "CORPS",
            "v": true,
            "row": 3,
            "col": 0,
            "def": "A battlefield formation composed of two or more divisions."
        },
        {
            "w": "SCOUR",
            "v": true,
            "row": 0,
            "col": 8,
            "def": "To clean, polish, or wash something by scrubbing it vigorously."
        },
        {
            "w": "CORPUS",
            "v": true,
            "row": 3,
            "col": 4,
            "def": "The body."
        }
    ]
}