{
    "id": 5538,
    "sub_category": "Rock Packx",
    "category": "Tarn Group",
    "type": 0,
    "letters": "ENOOSZ",
    "mov": 20,
    "shovels": 1,
    "coins": 5,
    "rows": 15,
    "cols": 15,
    "c": 0,
    "b": -1,
    "w": 10,
    "h": 8,
    "dws": [
        "SEZ",
        "ONE",
        "SON",
        "EON",
        "ONS",
        "NOO",
        "OOS",
        "ZOS",
        "OSE",
        "SONE",
        "ONOS",
        "ZOO",
        "SEN",
        "OZONES",
        "OOZES",
        "ONO",
        "OES",
        "NOES",
        "OON",
        "OONS",
        "NOS",
        "ENS",
        "ZOON",
        "OOSE",
        "ZONES",
        "ZOONS",
        "SOZ"
    ],
    "ws": [
        {
            "w": "NOSE",
            "v": false,
            "row": 1,
            "col": 4,
            "def": "To confront; be closely face to face or opposite to."
        },
        {
            "w": "ONES",
            "v": false,
            "row": 2,
            "col": 0,
            "def": "Plural form of one."
        },
        {
            "w": "SOON",
            "v": true,
            "row": 4,
            "col": 1,
            "def": "Occurring within a short time, or quickly."
        },
        {
            "w": "ZONE",
            "v": false,
            "row": 0,
            "col": 0,
            "def": "Each of the five regions of the earth's surface into which it was divided by climatic differences, namely the torrid zone (between the tropics), two temperate zones (between the tropics and the polar circles), and two frigid zones (within the polar circles)."
        },
        {
            "w": "ZOOS",
            "v": true,
            "row": 0,
            "col": 0,
            "def": "Plural form of zoo."
        },
        {
            "w": "OOZE",
            "v": false,
            "row": 6,
            "col": 1,
            "def": "Potion of vegetable matter used for leather tanning."
        },
        {
            "w": "EONS",
            "v": true,
            "row": 3,
            "col": 7,
            "def": "Plural form of eon."
        },
        {
            "w": "OZONE",
            "v": true,
            "row": 1,
            "col": 5,
            "def": "An allotrope of oxygen (symbol O3) having three atoms in the molecule instead of the usual two; it is a blue gas, generated from oxygen by electrical discharge; it is poisonous and highly reactive, but in the upper atmosphere it protects life on Earth from ultraviolet radiation."
        },
        {
            "w": "NOOSE",
            "v": false,
            "row": 3,
            "col": 3,
            "def": "An adjustable loop of rope, e.g. the one placed around the neck in hangings, or the one at the end of a lasso."
        },
        {
            "w": "SNOOZE",
            "v": true,
            "row": 2,
            "col": 3,
            "def": "To sleep, especially briefly; to nap."
        }
    ]
}