{
    "id": 5551,
    "sub_category": "Rock Packx",
    "category": "Tarn Group",
    "type": 0,
    "letters": "CDEINU",
    "mov": 16,
    "shovels": 1,
    "coins": 5,
    "rows": 15,
    "cols": 15,
    "c": 0,
    "b": -1,
    "w": 7,
    "h": 7,
    "dws": [
        "UNI",
        "DICE",
        "DIE",
        "NID",
        "DUN",
        "NUDIE",
        "NIDE",
        "CID",
        "DUCE",
        "END",
        "CUE",
        "DUNCE",
        "INDUE",
        "CUNEI",
        "DIN",
        "DEN",
        "ECU",
        "NIED",
        "DUCI",
        "DEI",
        "UNCE",
        "DUE",
        "IDE",
        "NIE",
        "CINE",
        "UNCI",
        "CUD",
        "UNDE",
        "ICED",
        "ICE",
        "NED",
        "DUI",
        "CEDI",
        "UNICED",
        "DENI",
        "INDUCE",
        "DINE",
        "DUNE",
        "NICE",
        "CUED",
        "NUDE"
    ],
    "ws": []
}