{
    "id": 5566,
    "sub_category": "Placid Pack",
    "category": "Tarn Group",
    "type": 0,
    "letters": "DDEHIS",
    "mov": 20,
    "shovels": 1,
    "coins": 5,
    "rows": 15,
    "cols": 15,
    "c": 0,
    "b": -1,
    "w": 9,
    "h": 7,
    "dws": [
        "HIDES",
        "DIE",
        "SEI",
        "EDDISH",
        "HEID",
        "SED",
        "EDH",
        "SIDHE",
        "HES",
        "HIDED",
        "EDHS",
        "DEIDS",
        "EISH",
        "DESI",
        "EHS",
        "DEI",
        "HEIDS",
        "IDE",
        "HIE",
        "IDES",
        "SIDH",
        "ISH",
        "DEID",
        "HID",
        "DESHI",
        "DIS",
        "HIDE",
        "HIES",
        "EDS",
        "IDS",
        "DIES",
        "HIED"
    ],
    "ws": [
        {
            "w": "DID",
            "v": false,
            "row": 3,
            "col": 5,
            "def": "A Roman numeral representing nine hundred and ninety-nine (999)."
        },
        {
            "w": "HIS",
            "v": false,
            "row": 5,
            "col": 3,
            "def": "Belonging to him."
        },
        {
            "w": "SHE",
            "v": true,
            "row": 0,
            "col": 2,
            "def": "A female person or animal."
        },
        {
            "w": "DIED",
            "v": false,
            "row": 7,
            "col": 0,
            "def": "Simple past tense and past participle of die."
        },
        {
            "w": "DISH",
            "v": true,
            "row": 3,
            "col": 5,
            "def": "A vessel such as a plate for holding or serving food, often flat with a depressed region in the middle."
        },
        {
            "w": "SHED",
            "v": false,
            "row": 2,
            "col": 0,
            "def": "To part or divide."
        },
        {
            "w": "SIDE",
            "v": true,
            "row": 2,
            "col": 0,
            "def": "A bounding straight edge of a two-dimensional shape."
        },
        {
            "w": "SIDED",
            "v": true,
            "row": 1,
            "col": 7,
            "def": "Simple past tense and past participle of side."
        },
        {
            "w": "SHIED",
            "v": false,
            "row": 0,
            "col": 2,
            "def": "Simple past tense and past participle of shy."
        },
        {
            "w": "DISHED",
            "v": true,
            "row": 2,
            "col": 3,
            "def": "Simple past tense and past participle of dish."
        }
    ]
}