{
    "id": 558,
    "sub_category": "Seed Pack",
    "category": "Flora Group",
    "type": 0,
    "letters": "DEESTW",
    "mov": 26,
    "shovels": 1,
    "coins": 5,
    "rows": 15,
    "cols": 15,
    "c": 0,
    "b": -1,
    "w": 10,
    "h": 10,
    "dws": [
        "TEW",
        "SWEE",
        "TEWS",
        "SED",
        "WEES",
        "WEETS",
        "EWTS",
        "DEES",
        "STEED",
        "TEE",
        "WEEST",
        "EWT",
        "WEDS",
        "TEED",
        "EEW",
        "STED",
        "TWEE",
        "DEE",
        "TEDS",
        "DEWS",
        "EST",
        "ESE",
        "TEES",
        "TWEEDS",
        "TES",
        "TEWED",
        "WEEDS",
        "STEE",
        "SWEED",
        "TED",
        "DEET",
        "DEETS",
        "WETS",
        "EWES",
        "WEET",
        "EDS",
        "SEE",
        "EWE"
    ],
    "ws": [
        {
            "w": "DEW",
            "v": false,
            "row": 9,
            "col": 0,
            "def": "Moisture in the air that settles on plants, etc in the morning, resulting in drops."
        },
        {
            "w": "SET",
            "v": true,
            "row": 0,
            "col": 5,
            "def": "To put (something) down, to rest."
        },
        {
            "w": "SEW",
            "v": false,
            "row": 0,
            "col": 5,
            "def": "To use a needle to pass thread repeatedly through (pieces of fabric) in order to join them together."
        },
        {
            "w": "WET",
            "v": true,
            "row": 0,
            "col": 3,
            "def": "Of an object, etc, covered with or impregnated with liquid."
        },
        {
            "w": "WEE",
            "v": false,
            "row": 6,
            "col": 0,
            "def": "Small, little."
        },
        {
            "w": "WED",
            "v": false,
            "row": 6,
            "col": 4,
            "def": "To perform the marriage ceremony for; to join in matrimony."
        },
        {
            "w": "SEED",
            "v": true,
            "row": 3,
            "col": 6,
            "def": "A fertilized grain, initially encased in a fruit, which may grow into a mature plant."
        },
        {
            "w": "STEW",
            "v": false,
            "row": 3,
            "col": 6,
            "def": "A pool in which fish are kept in preparation for eating."
        },
        {
            "w": "WEED",
            "v": true,
            "row": 6,
            "col": 0,
            "def": "Any plant growing in cultivated ground to the injury of the crop or desired vegetation, or to the disfigurement of the place; an unsightly, useless, or injurious plant."
        },
        {
            "w": "WEST",
            "v": true,
            "row": 0,
            "col": 7,
            "def": "One of the four principal compass points, specifically 270\u00b0, conventionally directed to the left on maps; the direction of the setting sun at an equinox."
        },
        {
            "w": "SEWED",
            "v": true,
            "row": 3,
            "col": 2,
            "def": "Simple past tense and past participle of sew."
        },
        {
            "w": "SWEET",
            "v": false,
            "row": 4,
            "col": 0,
            "def": "Having a pleasant taste, especially one relating to the basic taste sensation induced by sugar."
        },
        {
            "w": "TWEED",
            "v": true,
            "row": 2,
            "col": 9,
            "def": "A coarse woolen fabric used for clothing."
        },
        {
            "w": "SWEDE",
            "v": false,
            "row": 1,
            "col": 1,
            "def": "The fleshy yellow root of a variety of rape, Brassica napus, resembling a large turnip, grown as a vegetable."
        },
        {
            "w": "STEWED",
            "v": true,
            "row": 3,
            "col": 4,
            "def": "Having been cooked by slowly boiling or simmering."
        }
    ]
}