{
    "id": 5626,
    "sub_category": "Aloft Pack",
    "category": "Summit Group",
    "type": 0,
    "letters": "ACEHRR",
    "mov": 30,
    "shovels": 1,
    "coins": 5,
    "rows": 15,
    "cols": 15,
    "c": 0,
    "b": -1,
    "w": 13,
    "h": 12,
    "dws": [
        "REC",
        "ARE",
        "ACER",
        "ERA",
        "CHA",
        "CHE",
        "RACHE",
        "CARR",
        "HAE",
        "CHER",
        "CRARE",
        "RACH",
        "CHARE",
        "EAR",
        "RAH",
        "REH",
        "ACH",
        "ECH",
        "RHEA",
        "CHARR",
        "ARCH",
        "HARE",
        "RARE",
        "ACRE",
        "HER"
    ],
    "ws": [
        {
            "w": "ACE",
            "v": false,
            "row": 6,
            "col": 7,
            "def": "A single point or spot on a playing card or die."
        },
        {
            "w": "ARC",
            "v": true,
            "row": 1,
            "col": 3,
            "def": "A directed edge."
        },
        {
            "w": "CAR",
            "v": false,
            "row": 3,
            "col": 3,
            "def": "A wheeled vehicle, drawn by a horse or other animal."
        },
        {
            "w": "ERR",
            "v": false,
            "row": 2,
            "col": 1,
            "def": "To make a mistake."
        },
        {
            "w": "CARE",
            "v": true,
            "row": 3,
            "col": 9,
            "def": "Grief, sorrow."
        },
        {
            "w": "EACH",
            "v": false,
            "row": 1,
            "col": 5,
            "def": "All; every; qualifying a singular noun, indicating all examples of the thing so named seen as individual or separate items (compare every)."
        },
        {
            "w": "HEAR",
            "v": true,
            "row": 0,
            "col": 5,
            "def": "To sympathize with; to share the feeling or opinion of."
        },
        {
            "w": "RACE",
            "v": true,
            "row": 5,
            "col": 7,
            "def": "A contest between people, animals, vehicles, etc. where the goal is to be the first to reach some objective. Several horses run in a horse race, and the first one to reach the finishing post wins."
        },
        {
            "w": "REAR",
            "v": true,
            "row": 4,
            "col": 2,
            "def": "To raise physically; to lift up; to cause to rise, to elevate."
        },
        {
            "w": "ACHE",
            "v": true,
            "row": 0,
            "col": 7,
            "def": "To suffer pain; to be the source of, or be in, pain, especially continued dull pain; to be distressed."
        },
        {
            "w": "CHAR",
            "v": false,
            "row": 5,
            "col": 4,
            "def": "A time; a turn or occasion."
        },
        {
            "w": "CARER",
            "v": true,
            "row": 4,
            "col": 0,
            "def": "Someone who looks after another, either as a job or often through family responsibilities."
        },
        {
            "w": "RACER",
            "v": false,
            "row": 8,
            "col": 4,
            "def": "Someone who takes part in a race."
        },
        {
            "w": "REACH",
            "v": false,
            "row": 6,
            "col": 0,
            "def": "To extend; to stretch; to thrust out; to put forth, as a limb, a member, something held, or the like."
        },
        {
            "w": "ARCHER",
            "v": true,
            "row": 3,
            "col": 4,
            "def": "One who shoots an arrow from a bow or a bolt from a crossbow."
        }
    ]
}