{
    "id": 5640,
    "sub_category": "Free Pack",
    "category": "Summit Group",
    "type": 0,
    "letters": "FILNTY",
    "mov": 24,
    "shovels": 1,
    "coins": 5,
    "rows": 15,
    "cols": 15,
    "c": 0,
    "b": -1,
    "w": 10,
    "h": 9,
    "dws": [
        "LINY",
        "FIT",
        "INLY",
        "LINTY",
        "TIYN",
        "NIT",
        "LIN",
        "TYIN",
        "FIL",
        "FITLY"
    ],
    "ws": [
        {
            "w": "FIN",
            "v": true,
            "row": 2,
            "col": 6,
            "def": "One of the appendages of a fish, used to propel itself and to manoeuvre/maneuver."
        },
        {
            "w": "FLY",
            "v": false,
            "row": 2,
            "col": 6,
            "def": "Any insect of the order Diptera; characterized by having two wings, also called true flies."
        },
        {
            "w": "LIT",
            "v": false,
            "row": 7,
            "col": 2,
            "def": "Little."
        },
        {
            "w": "TIN",
            "v": false,
            "row": 5,
            "col": 0,
            "def": "A malleable, ductile, metallic element, resistant to corrosion, with atomic number 50 and symbol Sn."
        },
        {
            "w": "NIL",
            "v": true,
            "row": 5,
            "col": 2,
            "def": "Nothing; zero."
        },
        {
            "w": "TIL",
            "v": true,
            "row": 0,
            "col": 7,
            "def": "Until, till."
        },
        {
            "w": "YIN",
            "v": false,
            "row": 8,
            "col": 4,
            "def": "The essential female principle in some Eastern religions and philosophies."
        },
        {
            "w": "LIFT",
            "v": true,
            "row": 2,
            "col": 0,
            "def": "Air."
        },
        {
            "w": "TINY",
            "v": true,
            "row": 0,
            "col": 2,
            "def": "Very small."
        },
        {
            "w": "LINT",
            "v": false,
            "row": 2,
            "col": 0,
            "def": "A fine material made by scraping cotton or linen cloth; used for dressing wounds."
        },
        {
            "w": "FLIT",
            "v": false,
            "row": 0,
            "col": 4,
            "def": "A fluttering or darting movement."
        },
        {
            "w": "FLINT",
            "v": false,
            "row": 4,
            "col": 3,
            "def": "A hard, fine-grained quartz that fractures conchoidally and generates sparks when struck."
        },
        {
            "w": "NIFTY",
            "v": false,
            "row": 6,
            "col": 4,
            "def": "Good; a general term for anything that is good, useful or beneficial."
        },
        {
            "w": "FLINTY",
            "v": true,
            "row": 3,
            "col": 4,
            "def": "Resembling or containing flint."
        }
    ]
}