{
    "id": 5641,
    "sub_category": "Free Pack",
    "category": "Summit Group",
    "type": 0,
    "letters": "CEIKRS",
    "mov": 22,
    "shovels": 1,
    "coins": 5,
    "rows": 15,
    "cols": 15,
    "c": 0,
    "b": -1,
    "w": 10,
    "h": 9,
    "dws": [
        "REC",
        "KIER",
        "SIC",
        "CIRES",
        "SEI",
        "SERIC",
        "SIKER",
        "REIS",
        "REI",
        "SICE",
        "IRKS",
        "SER",
        "RICES",
        "EIKS",
        "SEIR",
        "REIKS",
        "RECKS",
        "ICERS",
        "IRK",
        "KEIR",
        "RECK",
        "KIS",
        "SKER",
        "ERS",
        "REIK",
        "ICES",
        "SIK",
        "CIRE",
        "IRES",
        "SERK",
        "KEIRS",
        "ICKER",
        "CIS",
        "KIR",
        "ICKS",
        "ERKS",
        "ERICS",
        "ICKERS",
        "ERIC",
        "ICER",
        "RECS",
        "CRIS",
        "SIKE",
        "SRI",
        "SEC",
        "EIK",
        "SEIK",
        "ICK",
        "RICK",
        "KRIS",
        "KIERS",
        "RES",
        "ERK",
        "KIRS",
        "RICKS"
    ],
    "ws": [
        {
            "w": "ICE",
            "v": false,
            "row": 5,
            "col": 5,
            "def": "Water in frozen (solid) form."
        },
        {
            "w": "SIR",
            "v": false,
            "row": 2,
            "col": 5,
            "def": "A man of a higher rank or position."
        },
        {
            "w": "SKI",
            "v": true,
            "row": 0,
            "col": 1,
            "def": "One of a pair of long flat runners designed for gliding over snow."
        },
        {
            "w": "IRE",
            "v": true,
            "row": 5,
            "col": 5,
            "def": "Iron."
        },
        {
            "w": "RICE",
            "v": true,
            "row": 2,
            "col": 7,
            "def": "Cereal plants (Oryza sativa) of the grass family whose seeds are used as food."
        },
        {
            "w": "RISE",
            "v": true,
            "row": 0,
            "col": 5,
            "def": "The process of or an action or instance of moving upwards or becoming greater."
        },
        {
            "w": "RISK",
            "v": true,
            "row": 3,
            "col": 0,
            "def": "A possible, usually negative, outcome, e.g., a danger."
        },
        {
            "w": "SICK",
            "v": false,
            "row": 5,
            "col": 0,
            "def": "In poor health."
        },
        {
            "w": "SIRE",
            "v": false,
            "row": 3,
            "col": 2,
            "def": "A lord, master, or other person in authority, most commonly used vocatively."
        },
        {
            "w": "CRIES",
            "v": false,
            "row": 7,
            "col": 2,
            "def": "Third-person singular simple present indicative form of cry."
        },
        {
            "w": "SKIER",
            "v": false,
            "row": 0,
            "col": 1,
            "def": "Someone who skis."
        },
        {
            "w": "SICKER",
            "v": true,
            "row": 2,
            "col": 3,
            "def": "Comparative form of sick: more sick."
        }
    ]
}