{
    "id": 5650,
    "sub_category": "Flow Packx",
    "category": "Summit Group",
    "type": 0,
    "letters": "ADFRTY",
    "mov": 30,
    "shovels": 1,
    "coins": 5,
    "rows": 15,
    "cols": 15,
    "c": 0,
    "b": -1,
    "w": 14,
    "h": 11,
    "dws": [
        "YAR",
        "FADY",
        "RYA",
        "FRY",
        "ARD",
        "ARY",
        "TRAD",
        "FYRD",
        "DRAT",
        "YAD",
        "FART",
        "DRAY",
        "FAR",
        "ARF",
        "TRAYF",
        "ADRY",
        "FAY",
        "TAY",
        "DAY",
        "RAT",
        "FARD",
        "FRA",
        "FRAT",
        "DART",
        "FRAY",
        "YARD",
        "ARTY",
        "FAD"
    ],
    "ws": [
        {
            "w": "ART",
            "v": true,
            "row": 0,
            "col": 3,
            "def": "Human effort to imitate, supplement, alter, or counteract the work of nature."
        },
        {
            "w": "DRY",
            "v": true,
            "row": 2,
            "col": 0,
            "def": "Free from liquid or moisture."
        },
        {
            "w": "FAT",
            "v": true,
            "row": 2,
            "col": 2,
            "def": "A large tub or vessel for water, wine, or other liquids; a cistern."
        },
        {
            "w": "RAY",
            "v": true,
            "row": 2,
            "col": 6,
            "def": "A beam of light or radiation."
        },
        {
            "w": "TAD",
            "v": false,
            "row": 1,
            "col": 7,
            "def": "A small amount; a little bit."
        },
        {
            "w": "TAR",
            "v": false,
            "row": 4,
            "col": 2,
            "def": "A black, oily, sticky, viscous substance, consisting mainly of hydrocarbons derived from organic materials such as wood, peat, or coal."
        },
        {
            "w": "TRY",
            "v": false,
            "row": 8,
            "col": 2,
            "def": "To attempt. Followed by infinitive."
        },
        {
            "w": "RAD",
            "v": true,
            "row": 6,
            "col": 6,
            "def": "Excellent, short for radical."
        },
        {
            "w": "AFT",
            "v": true,
            "row": 6,
            "col": 2,
            "def": "The stern portion of a vessel."
        },
        {
            "w": "RAFT",
            "v": true,
            "row": 0,
            "col": 8,
            "def": "A flat structure made of planks, barrels etc., that floats on water, and is used for transport, emergencies or a platform for swimmers."
        },
        {
            "w": "TRAY",
            "v": false,
            "row": 7,
            "col": 4,
            "def": "Trouble; annoyance; anger."
        },
        {
            "w": "DAFT",
            "v": false,
            "row": 2,
            "col": 0,
            "def": "Insane, mad."
        },
        {
            "w": "DRAFT",
            "v": false,
            "row": 3,
            "col": 4,
            "def": "An early version of a written work."
        },
        {
            "w": "TARDY",
            "v": false,
            "row": 0,
            "col": 2,
            "def": "Late; overdue or delayed."
        },
        {
            "w": "DRAFTY",
            "v": true,
            "row": 3,
            "col": 4,
            "def": "Characterized by gusts of wind; windy."
        }
    ]
}