{
    "id": 5651,
    "sub_category": "Flow Packx",
    "category": "Summit Group",
    "type": 0,
    "letters": "CESTUY",
    "mov": 16,
    "shovels": 1,
    "coins": 5,
    "rows": 15,
    "cols": 15,
    "c": 0,
    "b": -1,
    "w": 7,
    "h": 7,
    "dws": [
        "YEST",
        "SCUTE",
        "CUTES",
        "TYES",
        "YET",
        "YES",
        "SUETY",
        "CUE",
        "UTE",
        "UTES",
        "SEY",
        "UEYS",
        "STEY",
        "SCYE",
        "CUTEYS",
        "SYCE",
        "CUTEY",
        "ECU",
        "ECUS",
        "SCUT",
        "CYTE",
        "STYE",
        "TEC",
        "TECS",
        "SUET",
        "SUE",
        "EST",
        "STY",
        "UTS",
        "UEY",
        "TES",
        "CYTES",
        "TYE",
        "SET",
        "SEC",
        "CUT",
        "USE",
        "SYE",
        "YUS",
        "CUTESY",
        "CUES",
        "CUTE",
        "CUTS",
        "SECT",
        "CYST"
    ],
    "ws": []
}