{
    "id": 5668,
    "sub_category": "Reach Pack",
    "category": "Summit Group",
    "type": 0,
    "letters": "CEOPRT",
    "mov": 30,
    "shovels": 1,
    "coins": 5,
    "rows": 15,
    "cols": 15,
    "c": 0,
    "b": -1,
    "w": 12,
    "h": 11,
    "dws": [
        "REC",
        "PORE",
        "RET",
        "TOPER",
        "TORC",
        "ECO",
        "REPOT",
        "OPE",
        "TOC",
        "RECTO",
        "REO",
        "PRO",
        "ORE",
        "TEC",
        "CROP",
        "POTE",
        "PEC",
        "ORC",
        "TOR",
        "PERC",
        "ROC",
        "TROP",
        "COPER",
        "PERT",
        "ROE",
        "COR",
        "CERT",
        "OPT",
        "CERO",
        "COTE",
        "CEP",
        "ORT",
        "TOPE",
        "PRE",
        "COPE",
        "TORE",
        "COP",
        "ROT",
        "TOE"
    ],
    "ws": [
        {
            "w": "PER",
            "v": true,
            "row": 0,
            "col": 8,
            "def": "For each."
        },
        {
            "w": "PET",
            "v": true,
            "row": 0,
            "col": 3,
            "def": "An animal kept as a companion."
        },
        {
            "w": "POT",
            "v": false,
            "row": 6,
            "col": 2,
            "def": "A vessel used for cooking or storing food."
        },
        {
            "w": "TOP",
            "v": true,
            "row": 0,
            "col": 6,
            "def": "That part of an object furthest away in the opposite direction from that in which an unsupported object would fall."
        },
        {
            "w": "COT",
            "v": false,
            "row": 4,
            "col": 3,
            "def": "A symbol of the trigonometric function cotangent."
        },
        {
            "w": "REP",
            "v": false,
            "row": 3,
            "col": 0,
            "def": "Short form of reputation."
        },
        {
            "w": "CORE",
            "v": false,
            "row": 1,
            "col": 0,
            "def": "The central part of fruit, containing the kernels or seeds."
        },
        {
            "w": "POET",
            "v": false,
            "row": 0,
            "col": 3,
            "def": "A person who writes poems."
        },
        {
            "w": "PORT",
            "v": false,
            "row": 2,
            "col": 6,
            "def": "A place on the coast at which ships can shelter, or dock to load and unload cargo or passengers."
        },
        {
            "w": "ROPE",
            "v": true,
            "row": 0,
            "col": 1,
            "def": "Thick strings, yarn, monofilaments, metal wires, or strands of other cordage that are twisted together to form a stronger line."
        },
        {
            "w": "ROTE",
            "v": false,
            "row": 6,
            "col": 6,
            "def": "The process of learning or committing something to memory through mechanical repetition, usually by hearing and repeating aloud, often without full attention to comprehension or thought for the meaning."
        },
        {
            "w": "REPO",
            "v": true,
            "row": 6,
            "col": 6,
            "def": "Repossession."
        },
        {
            "w": "CREPT",
            "v": false,
            "row": 8,
            "col": 3,
            "def": "Simple past tense and past participle of creep."
        },
        {
            "w": "TROPE",
            "v": true,
            "row": 2,
            "col": 9,
            "def": "Something recurring across a genre or type of literature, such as the 'mad scientist' of horror movies or 'once upon a time' as an introduction to fairy tales. Similar to archetype and clich\u00e9 but not necessarily pejorative."
        },
        {
            "w": "COPTER",
            "v": true,
            "row": 3,
            "col": 4,
            "def": "A helicopter."
        }
    ]
}