{
    "id": 57,
    "sub_category": "Fog Pack",
    "category": "Forest Group",
    "type": 0,
    "letters": "AHKSY",
    "mov": 20,
    "shovels": 1,
    "coins": 5,
    "rows": 15,
    "cols": 15,
    "c": 0,
    "b": -1,
    "w": 8,
    "h": 6,
    "dws": [
        "KAYS",
        "HAYS",
        "YAS",
        "YAH",
        "SKA",
        "HASK",
        "KAY",
        "SHA",
        "YAKS",
        "AHS",
        "KAS",
        "YAHS",
        "SHAY",
        "AYS"
    ],
    "ws": [
        {
            "w": "ASK",
            "v": true,
            "row": 1,
            "col": 6,
            "def": "To look for an answer to a question by speaking."
        },
        {
            "w": "HAS",
            "v": false,
            "row": 2,
            "col": 1,
            "def": "Third-person singular simple present indicative form of have."
        },
        {
            "w": "HAY",
            "v": false,
            "row": 0,
            "col": 0,
            "def": "Grass cut and dried for use as animal fodder."
        },
        {
            "w": "SAY",
            "v": false,
            "row": 1,
            "col": 5,
            "def": "To pronounce."
        },
        {
            "w": "SHY",
            "v": true,
            "row": 3,
            "col": 5,
            "def": "Easily frightened; timid."
        },
        {
            "w": "SKY",
            "v": false,
            "row": 3,
            "col": 5,
            "def": "A cloud."
        },
        {
            "w": "YAK",
            "v": false,
            "row": 5,
            "col": 1,
            "def": "An ox-like mammal native to the Himalayas and Tibet with dark, long and silky hair a horse like tail and a full, bushy mane."
        },
        {
            "w": "ASHY",
            "v": true,
            "row": 0,
            "col": 1,
            "def": "Having the color of ashes."
        },
        {
            "w": "SHAKY",
            "v": true,
            "row": 2,
            "col": 3,
            "def": "Shaking or trembling."
        },
        {
            "w": "ASH",
            "v": false,
            "row": 4,
            "col": 3,
            "def": "The solid remains of a fire."
        }
    ]
}