{
    "id": 5706,
    "sub_category": "Join Pack",
    "category": "Bluff Group",
    "type": 0,
    "letters": "EEILRV",
    "mov": 22,
    "shovels": 1,
    "coins": 5,
    "rows": 15,
    "cols": 15,
    "c": 0,
    "b": -1,
    "w": 11,
    "h": 9,
    "dws": [
        "REIVE",
        "RIVEL",
        "EVILER",
        "EEL",
        "VLEI",
        "VEILER",
        "LEI",
        "LIE",
        "ELVE",
        "REI",
        "ERE",
        "RIVE",
        "EREV",
        "VILER",
        "VRIL",
        "RIEL",
        "VEE",
        "VIER",
        "ERVIL",
        "LIRE",
        "LEV",
        "LEIR",
        "RILE",
        "VIRE",
        "LIEVE",
        "REVIE",
        "LEVE",
        "REV",
        "ELVER",
        "VELE",
        "LIVRE",
        "LEVIER",
        "EVE",
        "LEE",
        "VIRL",
        "REE",
        "REVILE",
        "LIEVER",
        "LERE",
        "LIER",
        "VIE",
        "IRE",
        "RELIVE",
        "LEVER",
        "LIVER",
        "REVEL",
        "EVER",
        "EVIL",
        "LIVE",
        "REEL",
        "VILE",
        "LEER",
        "VEIL",
        "VEER"
    ],
    "ws": []
}