{
    "id": 5708,
    "sub_category": "Join Pack",
    "category": "Bluff Group",
    "type": 0,
    "letters": "AELLTY",
    "mov": 30,
    "shovels": 1,
    "coins": 5,
    "rows": 15,
    "cols": 15,
    "c": 0,
    "b": -1,
    "w": 12,
    "h": 12,
    "dws": [
        "TELA",
        "YALE",
        "YELT",
        "TAE",
        "ELT",
        "LAY",
        "ELL",
        "ALE",
        "TEL",
        "YATE",
        "LYTE",
        "LEA",
        "LEAT",
        "LEALTY",
        "ALL",
        "ALLY",
        "LEAL",
        "ETA",
        "YAE",
        "TYE",
        "TAY",
        "TAEL",
        "LEY",
        "TALLY",
        "LATE",
        "YELL",
        "ATE",
        "TEA"
    ],
    "ws": [
        {
            "w": "AYE",
            "v": false,
            "row": 6,
            "col": 2,
            "def": "Ever, always."
        },
        {
            "w": "EAT",
            "v": false,
            "row": 4,
            "col": 3,
            "def": "To consume (something solid or semi-solid, usually food) by putting it into the mouth and swallowing it."
        },
        {
            "w": "LET",
            "v": false,
            "row": 5,
            "col": 0,
            "def": "To allow to, not to prevent (+ infinitive, but usually without to)."
        },
        {
            "w": "YET",
            "v": true,
            "row": 5,
            "col": 6,
            "def": "To melt; found; cast, as metal."
        },
        {
            "w": "YEA",
            "v": false,
            "row": 5,
            "col": 6,
            "def": "Yes."
        },
        {
            "w": "ALT",
            "v": true,
            "row": 5,
            "col": 8,
            "def": "A state of excitement, conveyed by a high pitched voice."
        },
        {
            "w": "LAT",
            "v": false,
            "row": 7,
            "col": 4,
            "def": "A Latvian coin and national monetary unit."
        },
        {
            "w": "LYE",
            "v": true,
            "row": 3,
            "col": 7,
            "def": "A strong caustic alkaline solution of potassium or sodium salts, obtained by leaching wood ashes. It is much used in making soap as well as its use in biodiesel."
        },
        {
            "w": "TALE",
            "v": true,
            "row": 0,
            "col": 2,
            "def": "Number."
        },
        {
            "w": "TALL",
            "v": true,
            "row": 5,
            "col": 2,
            "def": "Obsequious; obedient."
        },
        {
            "w": "TELL",
            "v": false,
            "row": 2,
            "col": 0,
            "def": "To count, reckon, or enumerate."
        },
        {
            "w": "TEAL",
            "v": true,
            "row": 2,
            "col": 0,
            "def": "Any of various small freshwater ducks of the genus Anas that are brightly coloured and have short necks."
        },
        {
            "w": "ALLEY",
            "v": false,
            "row": 8,
            "col": 0,
            "def": "A narrow street or passageway, especially one through the middle of a block giving access to the rear of lots or buildings."
        },
        {
            "w": "TELLY",
            "v": false,
            "row": 0,
            "col": 2,
            "def": "Television."
        },
        {
            "w": "LATELY",
            "v": true,
            "row": 3,
            "col": 4,
            "def": "Recently; not long ago."
        }
    ]
}