{
    "id": 5712,
    "sub_category": "Join Pack",
    "category": "Bluff Group",
    "type": 0,
    "letters": "ACNORY",
    "mov": 20,
    "shovels": 1,
    "coins": 5,
    "rows": 15,
    "cols": 15,
    "c": 0,
    "b": -1,
    "w": 9,
    "h": 9,
    "dws": [
        "YON",
        "YAR",
        "RACON",
        "CAR",
        "ARCO",
        "CYAN",
        "CYANO",
        "RYA",
        "OCA",
        "CON",
        "CARNY",
        "ARY",
        "CORY",
        "RAY",
        "ARC",
        "OARY",
        "NARC",
        "CRAY",
        "NOY",
        "RAN",
        "ORC",
        "CARN",
        "CRAN",
        "ORA",
        "CAN",
        "NARCO",
        "ORCA",
        "RNA",
        "CONY",
        "CAY",
        "CARON",
        "ORACY",
        "ACRO",
        "NAY",
        "NOR",
        "YARCO",
        "CANY",
        "COR",
        "COY",
        "ONY",
        "OAR",
        "ROC",
        "ANY",
        "CRY",
        "CRAYON",
        "ACORN",
        "CRONY",
        "CORNY",
        "RAYON",
        "CORN",
        "YARN",
        "RACY",
        "NARY",
        "ROAN"
    ],
    "ws": []
}