{
    "id": 5715,
    "sub_category": "Blush Pack",
    "category": "Bluff Group",
    "type": 0,
    "letters": "BCEEHR",
    "mov": 18,
    "shovels": 1,
    "coins": 5,
    "rows": 15,
    "cols": 15,
    "c": 0,
    "b": -1,
    "w": 8,
    "h": 7,
    "dws": [
        "REC",
        "REBEC",
        "CHE",
        "REB",
        "REH",
        "HEBE",
        "REECH",
        "BREE",
        "CEE",
        "EECH",
        "ECHE",
        "ECH",
        "CERE",
        "CREE",
        "BERE",
        "ERE",
        "CHER",
        "REE"
    ],
    "ws": [
        {
            "w": "BEE",
            "v": true,
            "row": 0,
            "col": 3,
            "def": "A flying insect, of the superfamily Apoidea, known for their organised societies, for collecting pollen, and producing wax and honey."
        },
        {
            "w": "HER",
            "v": false,
            "row": 3,
            "col": 0,
            "def": "Belonging to her."
        },
        {
            "w": "BEER",
            "v": false,
            "row": 0,
            "col": 3,
            "def": "An alcoholic drink fermented from starch material commonly barley malt, often with hops or some other substance to impart a bitter flavor."
        },
        {
            "w": "HERB",
            "v": false,
            "row": 5,
            "col": 1,
            "def": "Any green, leafy plant, or parts thereof, used to flavor or season food."
        },
        {
            "w": "HERE",
            "v": true,
            "row": 2,
            "col": 6,
            "def": "This place; this location."
        },
        {
            "w": "CHEER",
            "v": false,
            "row": 7,
            "col": 1,
            "def": "A chant made in support of a team at a sports event."
        },
        {
            "w": "BEECH",
            "v": false,
            "row": 2,
            "col": 2,
            "def": "A tree of the genus Fagus having a smooth, light grey trunk, oval, pointed leaves and many branches."
        },
        {
            "w": "BREECH",
            "v": true,
            "row": 2,
            "col": 2,
            "def": "The external angle of knee timber, the inside of which is called the throat."
        }
    ]
}