{
    "id": "57212616-0d47-11eb-a781-34363b5fdca4",
    "type": 0,
    "letters": "DEIPPR",
    "mov": 27,
    "shovels": 1,
    "coins": 5,
    "rows": 11,
    "cols": 2,
    "c": 0,
    "b": -1,
    "dws": [
        "PIR",
        "REI",
        "REP",
        "PRE",
        "IDE",
        "DEI",
        "PEP",
        "PED",
        "DEP",
        "RIPP",
        "PERI",
        "IRED",
        "REPP",
        "PREP",
        "PERP",
        "RIPED",
        "REDIP",
        "RIPPED",
        "DRIP",
        "PIED",
        "PIER",
        "PIPE",
        "RIPE",
        "RIP"
    ],
    "ws": [
        {
            "w": "DIE",
            "v": true,
            "row": 0,
            "col": 7
        },
        {
            "w": "DIP",
            "v": false,
            "row": 4,
            "col": 1
        },
        {
            "w": "IRE",
            "v": true,
            "row": 0,
            "col": 4
        },
        {
            "w": "PER",
            "v": false,
            "row": 4,
            "col": 6
        },
        {
            "w": "PIE",
            "v": false,
            "row": 8,
            "col": 0
        },
        {
            "w": "PIP",
            "v": true,
            "row": 6,
            "col": 0
        },
        {
            "w": "RED",
            "v": false,
            "row": 2,
            "col": 6
        },
        {
            "w": "RID",
            "v": true,
            "row": 2,
            "col": 1
        },
        {
            "w": "DIRE",
            "v": true,
            "row": 2,
            "col": 8
        },
        {
            "w": "RIDE",
            "v": false,
            "row": 8,
            "col": 4
        },
        {
            "w": "PIPED",
            "v": false,
            "row": 0,
            "col": 3
        },
        {
            "w": "PIPER",
            "v": false,
            "row": 6,
            "col": 0
        },
        {
            "w": "PRIDE",
            "v": false,
            "row": 2,
            "col": 0
        },
        {
            "w": "PRIED",
            "v": true,
            "row": 4,
            "col": 6
        },
        {
            "w": "DIPPER",
            "v": true,
            "row": 2,
            "col": 3
        }
    ]
}