{
    "id": 5723,
    "sub_category": "Blush Pack",
    "category": "Bluff Group",
    "type": 0,
    "letters": "CDEEHT",
    "mov": 18,
    "shovels": 1,
    "coins": 5,
    "rows": 15,
    "cols": 15,
    "c": 0,
    "b": -1,
    "w": 8,
    "h": 6,
    "dws": [
        "ECHED",
        "HETE",
        "ECHE",
        "EDH",
        "EHED",
        "CHE",
        "CEE",
        "TEED",
        "TEC",
        "DEE",
        "ETHE",
        "HET",
        "EECH",
        "DEECH",
        "TECHED",
        "TED",
        "ETH",
        "DEET",
        "ECHT",
        "ECH",
        "CETE"
    ],
    "ws": [
        {
            "w": "TEE",
            "v": false,
            "row": 2,
            "col": 1,
            "def": "The name of the Latin script letter T/t."
        },
        {
            "w": "THE",
            "v": true,
            "row": 0,
            "col": 2,
            "def": "With a comparative or more and a verb phrase, establishes a parallel with one or more other such comparatives."
        },
        {
            "w": "HEED",
            "v": false,
            "row": 7,
            "col": 0,
            "def": "Careful attention."
        },
        {
            "w": "TECH",
            "v": false,
            "row": 3,
            "col": 3,
            "def": "Technology."
        },
        {
            "w": "ETCH",
            "v": true,
            "row": 0,
            "col": 6,
            "def": "To cut into a surface with an acid or other corrosive substance in order to make a pattern. Best known as a technique for creating printing plates, but also used for decoration on metal, and, in modern industry, to make circuit boards."
        },
        {
            "w": "THEE",
            "v": true,
            "row": 4,
            "col": 1,
            "def": "Objective case of thou."
        },
        {
            "w": "CEDE",
            "v": true,
            "row": 3,
            "col": 5,
            "def": "To give up, give way, give away."
        },
        {
            "w": "ETCHED",
            "v": true,
            "row": 2,
            "col": 3,
            "def": "Cut or dug into the surface as by etching."
        }
    ]
}