{
    "id": 5747,
    "sub_category": "Vista Pack",
    "category": "Bluff Group",
    "type": 0,
    "letters": "DEEFLX",
    "mov": 20,
    "shovels": 1,
    "coins": 5,
    "rows": 15,
    "cols": 15,
    "c": 0,
    "b": -1,
    "w": 8,
    "h": 7,
    "dws": [
        "DEF",
        "DELF",
        "ELD",
        "LEED",
        "DEFLEX",
        "LEX",
        "XED",
        "DEX",
        "LEDE",
        "EXED",
        "LEE",
        "DELE",
        "FEDEX",
        "FELE",
        "LED",
        "DEE",
        "DEL"
    ],
    "ws": [
        {
            "w": "ELF",
            "v": false,
            "row": 6,
            "col": 3,
            "def": "A mythical, supernatural being resembling but seen as distinct from humans."
        },
        {
            "w": "FED",
            "v": false,
            "row": 0,
            "col": 5,
            "def": "A federal government officer or official, especially FBI and DEA agents."
        },
        {
            "w": "FEE",
            "v": false,
            "row": 2,
            "col": 3,
            "def": "Cattle; livestock, especially considered as the basis of wealth."
        },
        {
            "w": "EEL",
            "v": false,
            "row": 3,
            "col": 5,
            "def": "Any fish of the order Anguilliformes which are elongated and resemble snakes. There are freshwater and marine species."
        },
        {
            "w": "FEED",
            "v": false,
            "row": 4,
            "col": 1,
            "def": "To give (someone or something) food to eat, nurture."
        },
        {
            "w": "FEEL",
            "v": true,
            "row": 4,
            "col": 1,
            "def": "To become aware of through the skin; to use the sense of touch."
        },
        {
            "w": "FLED",
            "v": false,
            "row": 7,
            "col": 0,
            "def": "Simple past tense and past participle of flee."
        },
        {
            "w": "FLEE",
            "v": true,
            "row": 0,
            "col": 5,
            "def": "To run away; to escape."
        },
        {
            "w": "FLEX",
            "v": true,
            "row": 2,
            "col": 7,
            "def": "Flexibility, pliancy."
        },
        {
            "w": "FLEXED",
            "v": true,
            "row": 2,
            "col": 3,
            "def": "Simple past tense and past participle of flex."
        }
    ]
}