{
    "id": 5763,
    "sub_category": "Gleam Pack",
    "category": "Strand Group",
    "type": 0,
    "letters": "ADDEEV",
    "mov": 16,
    "shovels": 1,
    "coins": 5,
    "rows": 15,
    "cols": 15,
    "c": 0,
    "b": -1,
    "w": 6,
    "h": 6,
    "dws": [
        "DEEV",
        "DEV",
        "DAE",
        "VADE",
        "VEE",
        "VAE",
        "AVE",
        "DEVA",
        "EAVED",
        "DEAVED",
        "DEED",
        "EAVE",
        "DEE",
        "DEAVE"
    ],
    "ws": [
        {
            "w": "ADD",
            "v": false,
            "row": 3,
            "col": 0,
            "def": "To join or unite, as one thing to another, or as several particulars, so as to increase the number, augment the quantity, or enlarge the magnitude, or so as to form into one aggregate. Hence: To sum up; to put together mentally."
        },
        {
            "w": "DAD",
            "v": true,
            "row": 2,
            "col": 0,
            "def": "A father, a male parent."
        },
        {
            "w": "EVE",
            "v": false,
            "row": 4,
            "col": 2,
            "def": "The day or night before, usually used for holidays, such as Christmas Eve."
        },
        {
            "w": "DEAD",
            "v": true,
            "row": 0,
            "col": 5,
            "def": "No longer living."
        },
        {
            "w": "EVADE",
            "v": false,
            "row": 1,
            "col": 1,
            "def": "To get away from by artifice; to avoid by dexterity, subterfuge, address, or ingenuity; to elude; to escape from cleverly; as, to evade a blow, a pursuer, a punishment; to evade the force of an argument."
        },
        {
            "w": "EVADED",
            "v": true,
            "row": 0,
            "col": 2,
            "def": "Simple past tense and past participle of evade."
        }
    ]
}