{
    "id": 5767,
    "sub_category": "Gleam Pack",
    "category": "Strand Group",
    "type": 0,
    "letters": "LORSUY",
    "mov": 22,
    "shovels": 1,
    "coins": 5,
    "rows": 15,
    "cols": 15,
    "c": 0,
    "b": -1,
    "w": 9,
    "h": 8,
    "dws": [
        "OYS",
        "LOUR",
        "LOR",
        "LOU",
        "YOUS",
        "ROULS",
        "RYUS",
        "OUS",
        "ROUL",
        "LORY",
        "OURS",
        "LOS",
        "LOY",
        "LOURY",
        "YOURS",
        "LOURS",
        "SOU",
        "LURS",
        "LUR",
        "ORS",
        "LOYS",
        "RULY",
        "RYU",
        "LOUS",
        "SOL",
        "YUS"
    ],
    "ws": [
        {
            "w": "OUR",
            "v": false,
            "row": 6,
            "col": 5,
            "def": "Belonging to us."
        },
        {
            "w": "SLY",
            "v": true,
            "row": 0,
            "col": 4,
            "def": "Artfully cunning; secretly mischievous; wily."
        },
        {
            "w": "SOY",
            "v": true,
            "row": 5,
            "col": 1,
            "def": "A Chinese and Japanese liquid sauce for fish, made by subjecting boiled beans to long fermentation and then long digestion in salt and water. US preference is the term soy sauce."
        },
        {
            "w": "YOU",
            "v": true,
            "row": 0,
            "col": 2,
            "def": "The individual or group spoken or written to."
        },
        {
            "w": "ROSY",
            "v": true,
            "row": 0,
            "col": 7,
            "def": "Rose-coloured."
        },
        {
            "w": "SOUL",
            "v": false,
            "row": 6,
            "col": 0,
            "def": "The spirit or essence of a person usually thought to consist of one's thoughts and personality. Often believed to live on after the person's death."
        },
        {
            "w": "SOUR",
            "v": false,
            "row": 0,
            "col": 4,
            "def": "Having an acidic, sharp or tangy taste."
        },
        {
            "w": "YOUR",
            "v": true,
            "row": 4,
            "col": 6,
            "def": "Belonging to you; of you; related to you (singular; one owner)."
        },
        {
            "w": "SLUR",
            "v": true,
            "row": 1,
            "col": 0,
            "def": "An insult or slight."
        },
        {
            "w": "LOUSY",
            "v": false,
            "row": 2,
            "col": 0,
            "def": "Remarkably bad; of poor quality, dirty, or underhanded; mean, contemptible."
        },
        {
            "w": "SURLY",
            "v": false,
            "row": 4,
            "col": 2,
            "def": "Lordly, arrogant, supercilious."
        },
        {
            "w": "SOURLY",
            "v": true,
            "row": 2,
            "col": 3,
            "def": "In a sour manner."
        }
    ]
}