{
    "id": 5841,
    "sub_category": "Grove Packx",
    "category": "Cloud Group",
    "type": 0,
    "letters": "EEEKPR",
    "mov": 16,
    "shovels": 1,
    "coins": 5,
    "rows": 15,
    "cols": 15,
    "c": 0,
    "b": -1,
    "w": 6,
    "h": 6,
    "dws": [
        "EEK",
        "EPEE",
        "KEP",
        "REKE",
        "KREEP",
        "PERE",
        "EKE",
        "PEE",
        "PEKE",
        "REP",
        "PREE",
        "PER",
        "ERK",
        "PRE",
        "ERE",
        "REE"
    ],
    "ws": [
        {
            "w": "KEEP",
            "v": false,
            "row": 0,
            "col": 2,
            "def": "To maintain possession of."
        },
        {
            "w": "PEEK",
            "v": true,
            "row": 0,
            "col": 5,
            "def": "To look slyly, or with the eyes half closed, or through a crevice; to peep."
        },
        {
            "w": "PEER",
            "v": false,
            "row": 4,
            "col": 1,
            "def": "To look with difficulty, or as if searching for something."
        },
        {
            "w": "REEK",
            "v": false,
            "row": 2,
            "col": 0,
            "def": "A strong unpleasant smell."
        },
        {
            "w": "PERK",
            "v": true,
            "row": 0,
            "col": 0,
            "def": "Perquisite."
        },
        {
            "w": "KEEPER",
            "v": true,
            "row": 0,
            "col": 2,
            "def": "One who keeps."
        }
    ]
}