{
    "id": 5849,
    "sub_category": "Grove Packx",
    "category": "Cloud Group",
    "type": 0,
    "letters": "DEEFLU",
    "mov": 22,
    "shovels": 1,
    "coins": 5,
    "rows": 15,
    "cols": 15,
    "c": 0,
    "b": -1,
    "w": 9,
    "h": 9,
    "dws": [
        "LEED",
        "EEL",
        "FEU",
        "FLUED",
        "DELF",
        "FELE",
        "DEFUEL",
        "LEUD",
        "DEE",
        "DUE",
        "DUEL",
        "ELD",
        "LEE",
        "FEE",
        "FEUED",
        "DULE",
        "ULE",
        "LED",
        "LEU",
        "DEF",
        "LEDE",
        "LUDE",
        "LUD",
        "FUD",
        "DELE",
        "DEL",
        "FUELED",
        "ELUDE",
        "FEED",
        "FEEL",
        "FLED",
        "FLEE",
        "FUEL",
        "FEUD",
        "FLUE",
        "ELF",
        "FED",
        "FLU"
    ],
    "ws": []
}