{
    "id": 5866,
    "sub_category": "Vale Pack",
    "category": "Cloud Group",
    "type": 0,
    "letters": "DEEMOW",
    "mov": 26,
    "shovels": 1,
    "coins": 5,
    "rows": 15,
    "cols": 15,
    "c": 0,
    "b": -1,
    "w": 10,
    "h": 10,
    "dws": [
        "DEME",
        "ODE",
        "EMO",
        "MEW",
        "WEEM",
        "MEED",
        "MOE",
        "MEWED",
        "DOE",
        "MOD",
        "MED",
        "DOM",
        "WEM",
        "MEE",
        "EEW",
        "DEEM",
        "EME",
        "DEE",
        "EWE"
    ],
    "ws": [
        {
            "w": "DEW",
            "v": true,
            "row": 2,
            "col": 2,
            "def": "Moisture in the air that settles on plants, etc in the morning, resulting in drops."
        },
        {
            "w": "OWE",
            "v": false,
            "row": 1,
            "col": 3,
            "def": "To be under an obligation to give something back to someone or to perform some action for someone."
        },
        {
            "w": "DOW",
            "v": false,
            "row": 6,
            "col": 6,
            "def": "To be worth."
        },
        {
            "w": "WEE",
            "v": false,
            "row": 4,
            "col": 2,
            "def": "Small, little."
        },
        {
            "w": "MOW",
            "v": false,
            "row": 3,
            "col": 4,
            "def": "To cut something (especially grass or crops) down or knock down."
        },
        {
            "w": "WED",
            "v": true,
            "row": 6,
            "col": 8,
            "def": "To perform the marriage ceremony for; to join in matrimony."
        },
        {
            "w": "WOE",
            "v": false,
            "row": 3,
            "col": 0,
            "def": "Grief; sorrow; misery; heavy calamity."
        },
        {
            "w": "DEMO",
            "v": true,
            "row": 0,
            "col": 5,
            "def": "A brief demonstration or visual explanation."
        },
        {
            "w": "DOME",
            "v": false,
            "row": 0,
            "col": 5,
            "def": "A common structural element of architecture that resembles the hollow upper half of a sphere, a cupola."
        },
        {
            "w": "MODE",
            "v": false,
            "row": 8,
            "col": 6,
            "def": "One of several ancient scales, one of which corresponds to the modern major scale and one to the natural minor scale."
        },
        {
            "w": "OWED",
            "v": false,
            "row": 8,
            "col": 1,
            "def": "Simple past tense and past participle of owe."
        },
        {
            "w": "WEED",
            "v": true,
            "row": 3,
            "col": 6,
            "def": "Any plant growing in cultivated ground to the injury of the crop or desired vegetation, or to the disfigurement of the place; an unsightly, useless, or injurious plant."
        },
        {
            "w": "MEOW",
            "v": true,
            "row": 6,
            "col": 1,
            "def": "The cry of a cat."
        },
        {
            "w": "MOWED",
            "v": true,
            "row": 1,
            "col": 0,
            "def": "Simple past tense and past participle of mow."
        },
        {
            "w": "MEOWED",
            "v": true,
            "row": 3,
            "col": 4,
            "def": "Simple past tense and past participle of meow."
        }
    ]
}