{
    "id": 5898,
    "sub_category": "Field Packx",
    "category": "Cloud Group",
    "type": 0,
    "letters": "CEFINT",
    "mov": 26,
    "shovels": 1,
    "coins": 5,
    "rows": 15,
    "cols": 15,
    "c": 0,
    "b": -1,
    "w": 11,
    "h": 9,
    "dws": [
        "FENI",
        "FENT",
        "NEIF",
        "NIFE",
        "EFT",
        "NITE",
        "TEC",
        "CIT",
        "ETIC",
        "NIE",
        "NIEF",
        "TICE",
        "TEF",
        "CINE",
        "FIENT",
        "ICE",
        "FET",
        "FICE",
        "FECIT",
        "NEF",
        "FIE",
        "TEIN",
        "NET"
    ],
    "ws": [
        {
            "w": "FIN",
            "v": false,
            "row": 0,
            "col": 5,
            "def": "One of the appendages of a fish, used to propel itself and to manoeuvre/maneuver."
        },
        {
            "w": "FIT",
            "v": false,
            "row": 8,
            "col": 1,
            "def": "Suitable, proper."
        },
        {
            "w": "TEN",
            "v": false,
            "row": 4,
            "col": 6,
            "def": "A numerical value equal to 10; the number occurring after nine and before eleven, represented in Roman numerals as X, in Arabic numerals as 10, and in the hexadecimal system (base 16) as A."
        },
        {
            "w": "TIE",
            "v": true,
            "row": 2,
            "col": 7,
            "def": "A necktie (item of clothing consisting of a strip of cloth tied around the neck)."
        },
        {
            "w": "TIN",
            "v": true,
            "row": 7,
            "col": 7,
            "def": "A malleable, ductile, metallic element, resistant to corrosion, with atomic number 50 and symbol Sn."
        },
        {
            "w": "NIT",
            "v": false,
            "row": 2,
            "col": 5,
            "def": "The egg of a louse."
        },
        {
            "w": "TIC",
            "v": false,
            "row": 0,
            "col": 0,
            "def": "A local and habitual convulsive motion of certain muscles."
        },
        {
            "w": "FEN",
            "v": false,
            "row": 6,
            "col": 2,
            "def": "A type of wetland fed by ground water and runoff, containing peat below the waterline."
        },
        {
            "w": "CENT",
            "v": true,
            "row": 0,
            "col": 2,
            "def": "A coin having face value of one cent (in either of the above senses)."
        },
        {
            "w": "CITE",
            "v": false,
            "row": 7,
            "col": 5,
            "def": "To quote; to repeat, as a passage from a book, or the words of another."
        },
        {
            "w": "FINE",
            "v": true,
            "row": 0,
            "col": 5,
            "def": "Of superior quality."
        },
        {
            "w": "NICE",
            "v": true,
            "row": 4,
            "col": 8,
            "def": "Nicely."
        },
        {
            "w": "TINE",
            "v": false,
            "row": 3,
            "col": 2,
            "def": "A spike or point on an implement or tool, especially a prong of a fork or a tooth of a comb."
        },
        {
            "w": "FEINT",
            "v": false,
            "row": 9,
            "col": 4,
            "def": "To make a feint, or mock attack."
        },
        {
            "w": "INFECT",
            "v": true,
            "row": 3,
            "col": 3,
            "def": "To bring into contact with a substance that can cause illness (a pathogen)."
        }
    ]
}