{
    "id": 5905,
    "sub_category": "Steam Pack",
    "category": "Cloud Group",
    "type": 0,
    "letters": "DEFGGO",
    "mov": 20,
    "shovels": 1,
    "coins": 5,
    "rows": 15,
    "cols": 15,
    "c": 0,
    "b": -1,
    "w": 7,
    "h": 7,
    "dws": [
        "DEF",
        "DEFO",
        "GOE",
        "DEFOG",
        "FEOD",
        "GED",
        "DOGE",
        "DOF",
        "GEO",
        "DEG",
        "FEG"
    ],
    "ws": [
        {
            "w": "DOG",
            "v": false,
            "row": 3,
            "col": 1,
            "def": "A mammal, Canis lupus familiaris, of the genus Canis that has been domesticated for thousands of years, of highly variable appearance due to human breeding."
        },
        {
            "w": "EGG",
            "v": false,
            "row": 6,
            "col": 2,
            "def": "An approximately spherical or ellipsoidal body produced by birds, snakes, insects and other animals housing the embryo during its development."
        },
        {
            "w": "EGO",
            "v": false,
            "row": 2,
            "col": 4,
            "def": "The self, especially with a sense of self-importance."
        },
        {
            "w": "FED",
            "v": false,
            "row": 7,
            "col": 0,
            "def": "A federal government officer or official, especially FBI and DEA agents."
        },
        {
            "w": "FOE",
            "v": false,
            "row": 4,
            "col": 4,
            "def": "Hostile."
        },
        {
            "w": "FOG",
            "v": true,
            "row": 4,
            "col": 4,
            "def": "A thick cloud that forms near the ground; the obscurity of such a cloud."
        },
        {
            "w": "GOD",
            "v": false,
            "row": 0,
            "col": 2,
            "def": "A deity:."
        },
        {
            "w": "DOE",
            "v": true,
            "row": 0,
            "col": 4,
            "def": "A female deer; also used of similar animals such as reindeer, antelope, goat."
        },
        {
            "w": "ODE",
            "v": true,
            "row": 2,
            "col": 6,
            "def": "A short poetical composition proper to be set to music or sung; a lyric poem; esp., now, a poem characterized by sustained noble sentiment and appropriate dignity of style."
        },
        {
            "w": "FOGGED",
            "v": true,
            "row": 2,
            "col": 2,
            "def": "Simple past tense and past participle of fog."
        }
    ]
}