{
    "id": 5925,
    "sub_category": "Mood Pack",
    "category": "Sublime Group",
    "type": 0,
    "letters": "CDEIJU",
    "mov": 18,
    "shovels": 1,
    "coins": 5,
    "rows": 15,
    "cols": 15,
    "c": 0,
    "b": -1,
    "w": 7,
    "h": 7,
    "dws": [
        "IDE",
        "JEDI",
        "DIE",
        "DUI",
        "CEDI",
        "CID",
        "DUCI",
        "ECU",
        "DUCE",
        "JEU",
        "JUD",
        "CUD",
        "DEI"
    ],
    "ws": [
        {
            "w": "CUE",
            "v": true,
            "row": 0,
            "col": 6,
            "def": "An action or event that is a signal for somebody to do something."
        },
        {
            "w": "DUE",
            "v": false,
            "row": 5,
            "col": 5,
            "def": "Owed or owing."
        },
        {
            "w": "ICE",
            "v": true,
            "row": 3,
            "col": 7,
            "def": "Water in frozen (solid) form."
        },
        {
            "w": "DICE",
            "v": false,
            "row": 0,
            "col": 4,
            "def": "Plural form of die."
        },
        {
            "w": "ICED",
            "v": false,
            "row": 6,
            "col": 0,
            "def": "With ice added."
        },
        {
            "w": "CUED",
            "v": true,
            "row": 2,
            "col": 5,
            "def": "Simple past tense and past participle of cue."
        },
        {
            "w": "JUICE",
            "v": false,
            "row": 2,
            "col": 2,
            "def": "A liquid from a plant, especially fruit."
        },
        {
            "w": "JUICED",
            "v": true,
            "row": 1,
            "col": 3,
            "def": "That has had the juice extracted."
        }
    ]
}