{
    "id": 5945,
    "sub_category": "Moon Packx",
    "category": "Sublime Group",
    "type": 0,
    "letters": "AEHILW",
    "mov": 20,
    "shovels": 1,
    "coins": 5,
    "rows": 15,
    "cols": 15,
    "c": 0,
    "b": -1,
    "w": 10,
    "h": 8,
    "dws": [
        "WAI",
        "WHEAL",
        "ILEA",
        "LEI",
        "HEIL",
        "WALI",
        "WEIL",
        "LAW",
        "LAWE",
        "LWEI",
        "HAW",
        "HAE",
        "LEW",
        "WALIE",
        "WHAE",
        "WEAL",
        "LEA",
        "WILE",
        "WHA",
        "HIE",
        "AWE",
        "WIEL",
        "WALE",
        "AHI",
        "HILA",
        "WAH",
        "ALEW",
        "ELHI",
        "AIL",
        "AWL",
        "WAE",
        "LAH"
    ],
    "ws": [
        {
            "w": "ALE",
            "v": false,
            "row": 5,
            "col": 5,
            "def": "An intoxicating liquor made from an infusion of malt by fermentation and the addition of a bitter, usually hops."
        },
        {
            "w": "LIE",
            "v": true,
            "row": 0,
            "col": 5,
            "def": "To be in a horizontal position."
        },
        {
            "w": "HEW",
            "v": false,
            "row": 4,
            "col": 3,
            "def": "To chop away at; to whittle down; to mow down."
        },
        {
            "w": "HAIL",
            "v": false,
            "row": 6,
            "col": 0,
            "def": "Balls or pieces of ice falling as precipitation, often in connection with a thunderstorm."
        },
        {
            "w": "HEAL",
            "v": true,
            "row": 4,
            "col": 1,
            "def": "To hide; conceal; keep secret."
        },
        {
            "w": "WAIL",
            "v": true,
            "row": 4,
            "col": 5,
            "def": "A prolonged cry, usually high-pitched, especially as of grief or anguish."
        },
        {
            "w": "HALE",
            "v": false,
            "row": 2,
            "col": 2,
            "def": "Health, welfare."
        },
        {
            "w": "WHALE",
            "v": false,
            "row": 0,
            "col": 2,
            "def": "Any of several species of large sea mammals."
        },
        {
            "w": "WHILE",
            "v": true,
            "row": 1,
            "col": 7,
            "def": "A certain duration of time, a period of time."
        },
        {
            "w": "AWHILE",
            "v": true,
            "row": 2,
            "col": 3,
            "def": "For some time; for a short time."
        }
    ]
}