{
    "id": 5961,
    "sub_category": "Stars Pack",
    "category": "Sublime Group",
    "type": 0,
    "letters": "DDEGGO",
    "mov": 16,
    "shovels": 1,
    "coins": 5,
    "rows": 15,
    "cols": 15,
    "c": 0,
    "b": -1,
    "w": 7,
    "h": 5,
    "dws": [
        "ODE",
        "GOE",
        "EDDO",
        "DOE",
        "GED",
        "DOGE",
        "ODD",
        "GEO",
        "DEG",
        "DOD"
    ],
    "ws": [
        {
            "w": "DOG",
            "v": false,
            "row": 1,
            "col": 2,
            "def": "A mammal, Canis lupus familiaris, of the genus Canis that has been domesticated for thousands of years, of highly variable appearance due to human breeding."
        },
        {
            "w": "EGG",
            "v": false,
            "row": 4,
            "col": 0,
            "def": "An approximately spherical or ellipsoidal body produced by birds, snakes, insects and other animals housing the embryo during its development."
        },
        {
            "w": "EGO",
            "v": false,
            "row": 5,
            "col": 2,
            "def": "The self, especially with a sense of self-importance."
        },
        {
            "w": "GOD",
            "v": false,
            "row": 3,
            "col": 2,
            "def": "A deity:."
        },
        {
            "w": "DODGE",
            "v": true,
            "row": 0,
            "col": 0,
            "def": "To avoid by moving out of the way (often suddenly)."
        },
        {
            "w": "DOGGED",
            "v": true,
            "row": 1,
            "col": 2,
            "def": "Simple past tense and past participle of dog."
        }
    ]
}