{
    "id": 5983,
    "sub_category": "Arctic Pack",
    "category": "Sublime Group",
    "type": 0,
    "letters": "CEHNST",
    "mov": 24,
    "shovels": 1,
    "coins": 5,
    "rows": 15,
    "cols": 15,
    "c": 0,
    "b": -1,
    "w": 11,
    "h": 9,
    "dws": [
        "HEST",
        "TENS",
        "HETS",
        "THENS",
        "HES",
        "TENCH",
        "NETS",
        "SHENT",
        "STEN",
        "CHE",
        "HENT",
        "HENTS",
        "SEN",
        "HENS",
        "SHEN",
        "TEC",
        "EHS",
        "TECS",
        "SHET",
        "EST",
        "CENTS",
        "SHE",
        "HET",
        "TES",
        "CENS",
        "SECH",
        "ETH",
        "ENS",
        "TECHS",
        "SET",
        "ECHT",
        "SEC",
        "ETHS",
        "ECH",
        "NESH",
        "NTH"
    ],
    "ws": [
        {
            "w": "HEN",
            "v": true,
            "row": 3,
            "col": 0,
            "def": "Hence."
        },
        {
            "w": "NET",
            "v": false,
            "row": 5,
            "col": 0,
            "def": "A mesh of string, cord or rope."
        },
        {
            "w": "TEN",
            "v": true,
            "row": 2,
            "col": 8,
            "def": "A numerical value equal to 10; the number occurring after nine and before eleven, represented in Roman numerals as X, in Arabic numerals as 10, and in the hexadecimal system (base 16) as A."
        },
        {
            "w": "THE",
            "v": true,
            "row": 6,
            "col": 7,
            "def": "With a comparative or more and a verb phrase, establishes a parallel with one or more other such comparatives."
        },
        {
            "w": "CENT",
            "v": false,
            "row": 6,
            "col": 4,
            "def": "A coin having face value of one cent (in either of the above senses)."
        },
        {
            "w": "NEST",
            "v": false,
            "row": 8,
            "col": 6,
            "def": "A structure built by a bird as a place to incubate eggs and rear young."
        },
        {
            "w": "SENT",
            "v": false,
            "row": 4,
            "col": 3,
            "def": "A subdivision of currency, equal to a 1/100th of an Estonian kroon."
        },
        {
            "w": "TECH",
            "v": false,
            "row": 7,
            "col": 1,
            "def": "Technology."
        },
        {
            "w": "THEN",
            "v": true,
            "row": 5,
            "col": 2,
            "def": "At that time."
        },
        {
            "w": "ETCH",
            "v": false,
            "row": 0,
            "col": 4,
            "def": "To cut into a surface with an acid or other corrosive substance in order to make a pattern. Best known as a technique for creating printing plates, but also used for decoration on metal, and, in modern industry, to make circuit boards."
        },
        {
            "w": "SECT",
            "v": true,
            "row": 5,
            "col": 9,
            "def": "An offshoot of a larger religion; a group sharing particular (often unorthodox) political and/or religious beliefs."
        },
        {
            "w": "CHEST",
            "v": true,
            "row": 0,
            "col": 6,
            "def": "A box, now usually a large strong box with a secure convex lid."
        },
        {
            "w": "SCENT",
            "v": false,
            "row": 2,
            "col": 4,
            "def": "A distinctive odour or smell."
        },
        {
            "w": "STENCH",
            "v": true,
            "row": 2,
            "col": 4,
            "def": "A strong foul smell, a stink."
        }
    ]
}