{
    "id": 5996,
    "sub_category": "Sails Pack",
    "category": "Sublime Group",
    "type": 0,
    "letters": "CDEIOV",
    "mov": 22,
    "shovels": 1,
    "coins": 5,
    "rows": 15,
    "cols": 15,
    "c": 0,
    "b": -1,
    "w": 11,
    "h": 9,
    "dws": [
        "DIE",
        "DOVE",
        "EVO",
        "CID",
        "ECO",
        "DIVO",
        "DEV",
        "VIDE",
        "DEVI",
        "VOE",
        "DOE",
        "VICED",
        "ODIC",
        "DEI",
        "DECO",
        "IDE",
        "CIVE",
        "DOC",
        "VID",
        "COD",
        "DIV",
        "ICE",
        "ODE",
        "ECOD",
        "COVED",
        "CEDI",
        "VIE",
        "VOICED",
        "VIDEO",
        "VOICE",
        "CODE",
        "COVE",
        "DICE",
        "DIVE",
        "ICED",
        "VICE",
        "VOID",
        "COED",
        "VIED"
    ],
    "ws": []
}