{
    "id": "5ac23c1e-0d43-11eb-a781-34363b5fdca4",
    "type": 0,
    "letters": "DEEFIN",
    "mov": 21,
    "shovels": 1,
    "coins": 5,
    "rows": 8,
    "cols": 2,
    "c": 0,
    "b": -1,
    "dws": [
        "DEF",
        "DEI",
        "IDE",
        "NED",
        "DEE",
        "DIF",
        "FID",
        "NID",
        "FIE",
        "FEN",
        "NEF",
        "NIE",
        "ENE",
        "EEN",
        "NEE",
        "DEFI",
        "DEIF",
        "DENI",
        "NIED",
        "NIDE",
        "EIDE",
        "IDEE",
        "DENE",
        "DEEN",
        "FENI",
        "NIFE",
        "NIEF",
        "NEIF",
        "FEEN",
        "DIENE",
        "INFEED",
        "FEE"
    ],
    "ws": [
        {
            "w": "DEN",
            "v": true,
            "row": 0,
            "col": 9
        },
        {
            "w": "DIE",
            "v": true,
            "row": 5,
            "col": 9
        },
        {
            "w": "DIN",
            "v": false,
            "row": 2,
            "col": 7
        },
        {
            "w": "END",
            "v": true,
            "row": 5,
            "col": 1
        },
        {
            "w": "FED",
            "v": false,
            "row": 5,
            "col": 0
        },
        {
            "w": "FIN",
            "v": true,
            "row": 0,
            "col": 5
        },
        {
            "w": "DINE",
            "v": true,
            "row": 2,
            "col": 7
        },
        {
            "w": "FEED",
            "v": false,
            "row": 5,
            "col": 6
        },
        {
            "w": "FEND",
            "v": true,
            "row": 5,
            "col": 6
        },
        {
            "w": "FIND",
            "v": true,
            "row": 2,
            "col": 2
        },
        {
            "w": "FINE",
            "v": false,
            "row": 6,
            "col": 3
        },
        {
            "w": "NEED",
            "v": false,
            "row": 4,
            "col": 2
        },
        {
            "w": "FIEND",
            "v": false,
            "row": 8,
            "col": 2
        },
        {
            "w": "FINED",
            "v": false,
            "row": 0,
            "col": 5
        },
        {
            "w": "DEFINE",
            "v": true,
            "row": 3,
            "col": 4
        }
    ]
}