{
    "id": "5f706ac8-0d44-11eb-a781-34363b5fdca4",
    "type": 0,
    "letters": "EHINSW",
    "mov": 29,
    "shovels": 1,
    "coins": 5,
    "rows": 12,
    "cols": 2,
    "c": 0,
    "b": -1,
    "dws": [
        "WEN",
        "NIE",
        "ENS",
        "SEN",
        "NIS",
        "INS",
        "HIN",
        "SEI",
        "HIE",
        "EHS",
        "HES",
        "WIS",
        "ISH",
        "WENS",
        "NIES",
        "SIEN",
        "SINE",
        "NESH",
        "SHEN",
        "WHIN",
        "NISH",
        "SINH",
        "HISN",
        "HINS",
        "SHEW",
        "HEWS",
        "EISH",
        "HIES",
        "SEWIN",
        "SWINE",
        "WHENS",
        "SHEWN",
        "WHINS",
        "WHINE",
        "SHIN",
        "WINE",
        "WINS",
        "WISH",
        "HEN",
        "HEW",
        "WIN"
    ],
    "ws": [
        {
            "w": "HIS",
            "v": false,
            "row": 5,
            "col": 7
        },
        {
            "w": "NEW",
            "v": true,
            "row": 0,
            "col": 5
        },
        {
            "w": "SEW",
            "v": false,
            "row": 7,
            "col": 0
        },
        {
            "w": "SHE",
            "v": true,
            "row": 7,
            "col": 0
        },
        {
            "w": "SIN",
            "v": false,
            "row": 3,
            "col": 2
        },
        {
            "w": "HENS",
            "v": true,
            "row": 0,
            "col": 2
        },
        {
            "w": "HEWN",
            "v": false,
            "row": 0,
            "col": 2
        },
        {
            "w": "NEWS",
            "v": true,
            "row": 5,
            "col": 2
        },
        {
            "w": "SEWN",
            "v": false,
            "row": 7,
            "col": 4
        },
        {
            "w": "WHEN",
            "v": true,
            "row": 4,
            "col": 7
        },
        {
            "w": "WISE",
            "v": false,
            "row": 9,
            "col": 6
        },
        {
            "w": "SHINE",
            "v": true,
            "row": 5,
            "col": 9
        },
        {
            "w": "SINEW",
            "v": false,
            "row": 5,
            "col": 0
        },
        {
            "w": "WINES",
            "v": false,
            "row": 2,
            "col": 5
        },
        {
            "w": "NEWISH",
            "v": true,
            "row": 3,
            "col": 4
        },
        {
            "w": "WHINES",
            "v": true,
            "row": 0,
            "col": 0
        }
    ]
}