{
    "id": 605,
    "sub_category": "Red Pack",
    "category": "Autumn Group",
    "type": 0,
    "letters": "EIINTV",
    "mov": 20,
    "shovels": 1,
    "coins": 5,
    "rows": 15,
    "cols": 15,
    "c": 0,
    "b": -1,
    "w": 9,
    "h": 7,
    "dws": [
        "TINE",
        "VITE",
        "VIN",
        "INTI",
        "NIE",
        "VINT",
        "TIE",
        "NITE",
        "TEIN",
        "NEVI"
    ],
    "ws": [
        {
            "w": "NET",
            "v": true,
            "row": 0,
            "col": 2,
            "def": "A mesh of string, cord or rope."
        },
        {
            "w": "TEN",
            "v": false,
            "row": 7,
            "col": 0,
            "def": "A numerical value equal to 10; the number occurring after nine and before eleven, represented in Roman numerals as X, in Arabic numerals as 10, and in the hexadecimal system (base 16) as A."
        },
        {
            "w": "TIN",
            "v": false,
            "row": 6,
            "col": 3,
            "def": "A malleable, ductile, metallic element, resistant to corrosion, with atomic number 50 and symbol Sn."
        },
        {
            "w": "VET",
            "v": true,
            "row": 4,
            "col": 3,
            "def": "A veterinarian or veterinary surgeon."
        },
        {
            "w": "NIT",
            "v": false,
            "row": 2,
            "col": 0,
            "def": "The egg of a louse."
        },
        {
            "w": "VIE",
            "v": false,
            "row": 4,
            "col": 3,
            "def": "To rival; to struggle for superiority; to contend; to compete eagerly so as to gain something."
        },
        {
            "w": "VEIN",
            "v": true,
            "row": 3,
            "col": 5,
            "def": "A blood vessel that transports blood from the capillaries back to the heart."
        },
        {
            "w": "VENT",
            "v": false,
            "row": 0,
            "col": 0,
            "def": "An opening through which gases, especially air, can pass."
        },
        {
            "w": "VINE",
            "v": false,
            "row": 5,
            "col": 0,
            "def": "The climbing plant that produces grapes."
        },
        {
            "w": "INVITE",
            "v": true,
            "row": 2,
            "col": 1,
            "def": "To ask for the presence or participation of someone or something."
        }
    ]
}