{
    "id": 635,
    "sub_category": "Cover Pack",
    "category": "Autumn Group",
    "type": 0,
    "letters": "BEINOV",
    "mov": 20,
    "shovels": 1,
    "coins": 5,
    "rows": 15,
    "cols": 15,
    "c": 0,
    "b": -1,
    "w": 8,
    "h": 8,
    "dws": [
        "BINE",
        "ONE",
        "EVO",
        "EON",
        "NIB",
        "VOE",
        "NOB",
        "BOI",
        "ENVOI",
        "OVINE",
        "ONIE",
        "EBON",
        "VIN",
        "NIE",
        "OBE",
        "NEB",
        "BEIN",
        "BON",
        "OBI",
        "BENI",
        "BEN",
        "VINO",
        "BIEN",
        "NEVI"
    ],
    "ws": [
        {
            "w": "ION",
            "v": true,
            "row": 0,
            "col": 4,
            "def": "An atom or group of atoms bearing an electrical charge such as the sodium and chlorine atoms in a salt solution."
        },
        {
            "w": "BIN",
            "v": false,
            "row": 2,
            "col": 2,
            "def": "A container used for storage."
        },
        {
            "w": "VIE",
            "v": false,
            "row": 5,
            "col": 4,
            "def": "To rival; to struggle for superiority; to contend; to compete eagerly so as to gain something."
        },
        {
            "w": "BIO",
            "v": false,
            "row": 3,
            "col": 0,
            "def": "A biography."
        },
        {
            "w": "BONE",
            "v": true,
            "row": 3,
            "col": 0,
            "def": "A composite material consisting largely of calcium phosphate and collagen and making up the skeleton of most vertebrates."
        },
        {
            "w": "OVEN",
            "v": true,
            "row": 4,
            "col": 4,
            "def": "A chamber used for baking or heating."
        },
        {
            "w": "VEIN",
            "v": false,
            "row": 7,
            "col": 1,
            "def": "A blood vessel that transports blood from the capillaries back to the heart."
        },
        {
            "w": "VIBE",
            "v": false,
            "row": 0,
            "col": 3,
            "def": "To relax and enjoy oneself."
        },
        {
            "w": "VINE",
            "v": true,
            "row": 2,
            "col": 6,
            "def": "The climbing plant that produces grapes."
        },
        {
            "w": "BOVINE",
            "v": true,
            "row": 2,
            "col": 2,
            "def": "Of or pertaining to cattle."
        }
    ]
}