{
    "id": 637,
    "sub_category": "Cover Pack",
    "category": "Autumn Group",
    "type": 0,
    "letters": "ELLMTU",
    "mov": 20,
    "shovels": 1,
    "coins": 5,
    "rows": 15,
    "cols": 15,
    "c": 0,
    "b": -1,
    "w": 9,
    "h": 7,
    "dws": [
        "UTE",
        "LUM",
        "ELT",
        "LET",
        "MEL",
        "MUT",
        "TUM",
        "ULE",
        "TULE",
        "MELL",
        "TULLE",
        "ELL",
        "TEL",
        "MEU",
        "LEU"
    ],
    "ws": [
        {
            "w": "ELM",
            "v": false,
            "row": 6,
            "col": 3,
            "def": "A tree of the genus Ulmus of the family Ulmaceae, large deciduous trees with alternate stipulate leaves and small apetalous flowers."
        },
        {
            "w": "MET",
            "v": false,
            "row": 2,
            "col": 3,
            "def": "Simple past tense and past participle of meet."
        },
        {
            "w": "EMU",
            "v": false,
            "row": 3,
            "col": 5,
            "def": "A large flightless bird native to Australia, Dromaius novaehollandiae."
        },
        {
            "w": "MELT",
            "v": false,
            "row": 7,
            "col": 0,
            "def": "Molten material, the product of melting."
        },
        {
            "w": "MULE",
            "v": true,
            "row": 2,
            "col": 7,
            "def": "A generally sterile male or female hybrid offspring of a male donkey and a female horse."
        },
        {
            "w": "MUTE",
            "v": true,
            "row": 4,
            "col": 1,
            "def": "To silence, to make quiet."
        },
        {
            "w": "TELL",
            "v": false,
            "row": 0,
            "col": 2,
            "def": "To count, reckon, or enumerate."
        },
        {
            "w": "MULL",
            "v": false,
            "row": 4,
            "col": 1,
            "def": "To work (over) mentally; to cogitate; to ruminate; usually with over."
        },
        {
            "w": "LUTE",
            "v": true,
            "row": 0,
            "col": 5,
            "def": "A fretted stringed instrument, similar to a guitar, having a bowl-shaped body or soundbox."
        },
        {
            "w": "MULLET",
            "v": true,
            "row": 2,
            "col": 3,
            "def": "A fish of the genus Mugil."
        }
    ]
}