{
    "id": "6aaff508-0d39-11eb-a781-34363b5fdca4",
    "type": 0,
    "letters": "DEIINV",
    "mov": 17,
    "shovels": 1,
    "coins": 5,
    "rows": 6,
    "cols": 2,
    "c": 0,
    "b": -1,
    "dws": [
        "DIV",
        "VID",
        "NID",
        "DEI",
        "IDE",
        "DEV",
        "NED",
        "VIN",
        "NIE",
        "DIVI",
        "DEVI",
        "VIDE",
        "NIDI",
        "DENI",
        "NIDE",
        "NIED",
        "NEVI",
        "IVIED",
        "VINED",
        "INDIE"
    ],
    "ws": [
        {
            "w": "DEN",
            "v": false,
            "row": 7,
            "col": 5
        },
        {
            "w": "DIE",
            "v": false,
            "row": 0,
            "col": 2
        },
        {
            "w": "DIN",
            "v": true,
            "row": 0,
            "col": 2
        },
        {
            "w": "END",
            "v": false,
            "row": 6,
            "col": 2
        },
        {
            "w": "VIE",
            "v": false,
            "row": 1,
            "col": 5
        },
        {
            "w": "DINE",
            "v": true,
            "row": 4,
            "col": 6
        },
        {
            "w": "DIVE",
            "v": true,
            "row": 0,
            "col": 0
        },
        {
            "w": "VEIN",
            "v": true,
            "row": 0,
            "col": 7
        },
        {
            "w": "VEND",
            "v": false,
            "row": 2,
            "col": 0
        },
        {
            "w": "VIED",
            "v": false,
            "row": 4,
            "col": 3
        },
        {
            "w": "VINE",
            "v": true,
            "row": 1,
            "col": 5
        },
        {
            "w": "DIVINE",
            "v": true,
            "row": 2,
            "col": 3
        }
    ]
}