{
    "id": "6f29d72e-0d3a-11eb-a781-34363b5fdca4",
    "type": 0,
    "letters": "EMNORT",
    "mov": 33,
    "shovels": 1,
    "coins": 5,
    "rows": 14,
    "cols": 2,
    "c": 0,
    "b": -1,
    "dws": [
        "MOE",
        "EMO",
        "ERM",
        "REM",
        "MON",
        "NOM",
        "MOT",
        "TOM",
        "MOR",
        "ROM",
        "ERN",
        "REN",
        "RET",
        "REO",
        "TOR",
        "ORT",
        "MENT",
        "MENO",
        "NOME",
        "MOTE",
        "TREM",
        "OMER",
        "MORN",
        "MORT",
        "ONER",
        "RONE",
        "RENO",
        "TRON",
        "RONT",
        "MENTO",
        "MONTE",
        "MONER",
        "MORNE",
        "ENORM",
        "METRO",
        "NOTER",
        "TRONE",
        "TONER",
        "MORE",
        "NORM",
        "NOTE",
        "RENT",
        "ROTE",
        "TOME",
        "EON",
        "MEN",
        "NOT",
        "ORE",
        "TON"
    ],
    "ws": [
        {
            "w": "MET",
            "v": true,
            "row": 6,
            "col": 2
        },
        {
            "w": "NET",
            "v": false,
            "row": 5,
            "col": 4
        },
        {
            "w": "NOR",
            "v": false,
            "row": 7,
            "col": 6
        },
        {
            "w": "ONE",
            "v": true,
            "row": 7,
            "col": 7
        },
        {
            "w": "ROE",
            "v": false,
            "row": 7,
            "col": 0
        },
        {
            "w": "ROT",
            "v": true,
            "row": 0,
            "col": 7
        },
        {
            "w": "TEN",
            "v": true,
            "row": 5,
            "col": 6
        },
        {
            "w": "TOE",
            "v": false,
            "row": 2,
            "col": 7
        },
        {
            "w": "OMEN",
            "v": false,
            "row": 3,
            "col": 3
        },
        {
            "w": "TERM",
            "v": false,
            "row": 9,
            "col": 6
        },
        {
            "w": "TERN",
            "v": false,
            "row": 0,
            "col": 5
        },
        {
            "w": "TONE",
            "v": true,
            "row": 0,
            "col": 5
        },
        {
            "w": "TORE",
            "v": false,
            "row": 8,
            "col": 2
        },
        {
            "w": "TORN",
            "v": true,
            "row": 5,
            "col": 0
        },
        {
            "w": "TENOR",
            "v": true,
            "row": 1,
            "col": 9
        },
        {
            "w": "MENTOR",
            "v": true,
            "row": 3,
            "col": 4
        }
    ]
}