{
    "id": "6f850086-0d44-11eb-a781-34363b5fdca4",
    "type": 0,
    "letters": "AEIRRV",
    "mov": 19,
    "shovels": 1,
    "coins": 5,
    "rows": 7,
    "cols": 2,
    "c": 0,
    "b": -1,
    "dws": [
        "RAI",
        "RIA",
        "RAV",
        "VAR",
        "ARE",
        "AVE",
        "VAE",
        "REI",
        "REV",
        "RIVA",
        "VAIR",
        "VARE",
        "VERA",
        "VIAE",
        "RIVE",
        "VIRE",
        "VIER",
        "AIRER",
        "AIVER",
        "VAIRE",
        "RAVIER",
        "VARIER"
    ],
    "ws": [
        {
            "w": "AIR",
            "v": false,
            "row": 3,
            "col": 4
        },
        {
            "w": "EAR",
            "v": false,
            "row": 8,
            "col": 4
        },
        {
            "w": "ERA",
            "v": false,
            "row": 9,
            "col": 6
        },
        {
            "w": "ERR",
            "v": false,
            "row": 4,
            "col": 2
        },
        {
            "w": "IRE",
            "v": true,
            "row": 7,
            "col": 6
        },
        {
            "w": "VIA",
            "v": false,
            "row": 2,
            "col": 0
        },
        {
            "w": "VIE",
            "v": false,
            "row": 1,
            "col": 4
        },
        {
            "w": "AVER",
            "v": true,
            "row": 2,
            "col": 2
        },
        {
            "w": "RARE",
            "v": false,
            "row": 0,
            "col": 6
        },
        {
            "w": "RAVE",
            "v": false,
            "row": 5,
            "col": 4
        },
        {
            "w": "REAR",
            "v": true,
            "row": 0,
            "col": 6
        },
        {
            "w": "RAVER",
            "v": true,
            "row": 0,
            "col": 0
        },
        {
            "w": "RIVER",
            "v": true,
            "row": 0,
            "col": 8
        },
        {
            "w": "ARRIVE",
            "v": true,
            "row": 3,
            "col": 4
        }
    ]
}