{
    "id": 70,
    "sub_category": "Life Pack",
    "category": "Forest Group",
    "type": 0,
    "letters": "BDOTU",
    "mov": 20,
    "shovels": 1,
    "coins": 5,
    "rows": 15,
    "cols": 15,
    "c": 0,
    "b": -1,
    "w": 7,
    "h": 7,
    "dws": [
        "DOUT",
        "OUD",
        "BUDO",
        "TOD",
        "UDO",
        "BOT",
        "DOB"
    ],
    "ws": [
        {
            "w": "BUD",
            "v": false,
            "row": 2,
            "col": 0,
            "def": "A newly formed leaf or flower that has not yet unfolded."
        },
        {
            "w": "BUT",
            "v": false,
            "row": 5,
            "col": 2,
            "def": "Outside of."
        },
        {
            "w": "DOT",
            "v": false,
            "row": 6,
            "col": 0,
            "def": "A small spot."
        },
        {
            "w": "DUO",
            "v": false,
            "row": 0,
            "col": 0,
            "def": "A twosome, especially musicians."
        },
        {
            "w": "OUT",
            "v": false,
            "row": 3,
            "col": 4,
            "def": "Away from home or one's usual place, or not indoors."
        },
        {
            "w": "TUB",
            "v": true,
            "row": 3,
            "col": 6,
            "def": "A flat-bottomed vessel, of width similar to or greater than its height, used for storing or packing things, or for washing things in."
        },
        {
            "w": "BOD",
            "v": true,
            "row": 4,
            "col": 0,
            "def": "The body."
        },
        {
            "w": "DUB",
            "v": true,
            "row": 0,
            "col": 0,
            "def": "To confer knighthood; the conclusion of the ceremony was marked by a tap on the shoulder with the sword."
        },
        {
            "w": "BOUT",
            "v": true,
            "row": 2,
            "col": 4,
            "def": "A period of something, usually painful or unpleasant."
        },
        {
            "w": "DOUBT",
            "v": true,
            "row": 2,
            "col": 2,
            "def": "To lack confidence in; to disbelieve, question, or suspect."
        }
    ]
}