{
    "id": 707,
    "sub_category": "Green Pack",
    "category": "Jungle Group",
    "type": 0,
    "letters": "BELOSU",
    "mov": 20,
    "shovels": 1,
    "coins": 5,
    "rows": 15,
    "cols": 15,
    "c": 0,
    "b": -1,
    "w": 9,
    "h": 9,
    "dws": [
        "LUES",
        "LES",
        "SLUB",
        "SLOE",
        "BOUSE",
        "LOU",
        "SLEB",
        "OBELUS",
        "SUB",
        "SLUE",
        "OSE",
        "BEL",
        "OLE",
        "ULES",
        "OUS",
        "LOB",
        "SEL",
        "BOLES",
        "BES",
        "LOBES",
        "SUE",
        "LOS",
        "LUBES",
        "OBE",
        "BOLE",
        "BOULES",
        "OES",
        "LESBO",
        "OLES",
        "BLUES",
        "BUS",
        "ELS",
        "ULE",
        "LEU",
        "BULSE",
        "LOBUS",
        "BOULE",
        "SOU",
        "OBES",
        "OUSEL",
        "BOLUS",
        "SOB",
        "LOUS",
        "USE",
        "OBS",
        "SOL",
        "BELS",
        "BOS"
    ],
    "ws": [
        {
            "w": "BLUE",
            "v": true,
            "row": 0,
            "col": 7,
            "def": "Having a bluish colour shade."
        },
        {
            "w": "LOBE",
            "v": false,
            "row": 4,
            "col": 2,
            "def": "Any projection or division, especially one of a somewhat rounded form."
        },
        {
            "w": "LOBS",
            "v": false,
            "row": 0,
            "col": 0,
            "def": "Plural form of lob."
        },
        {
            "w": "LOSE",
            "v": true,
            "row": 0,
            "col": 0,
            "def": "To cause (something) to cease to be in one's possession or capability due to unfortunate or unknown circumstances, events or reasons."
        },
        {
            "w": "SLOB",
            "v": false,
            "row": 2,
            "col": 0,
            "def": "A lazy and slovenly person."
        },
        {
            "w": "SOLE",
            "v": false,
            "row": 6,
            "col": 3,
            "def": "A wooden band or yoke put around the neck of an ox or cow in the stall."
        },
        {
            "w": "SOUL",
            "v": false,
            "row": 1,
            "col": 4,
            "def": "The spirit or essence of a person usually thought to consist of one's thoughts and personality. Often believed to live on after the person's death."
        },
        {
            "w": "LUBE",
            "v": false,
            "row": 7,
            "col": 0,
            "def": "Lubricant."
        },
        {
            "w": "LOUSE",
            "v": true,
            "row": 0,
            "col": 5,
            "def": "A small parasitic wingless insect of the order Phthiraptera."
        },
        {
            "w": "BLOUSE",
            "v": true,
            "row": 2,
            "col": 3,
            "def": "An outer garment, usually loose, that is similar to a shirt and reaches from the neck to the waist or below. Nowadays, in colloquial use, blouse refers almost always to a woman's shirt that buttons down the front."
        }
    ]
}