{
    "id": 724,
    "sub_category": "Spire Pack",
    "category": "Desert Group",
    "type": 0,
    "letters": "ACEGLN",
    "mov": 26,
    "shovels": 1,
    "coins": 5,
    "rows": 15,
    "cols": 15,
    "c": 0,
    "b": -1,
    "w": 13,
    "h": 11,
    "dws": [
        "LANG",
        "GANE",
        "ALEC",
        "GENA",
        "NAE",
        "CAG",
        "GAEN",
        "NEAL",
        "NEG",
        "ANE",
        "GEAN",
        "CANG",
        "CEL",
        "GEAL",
        "EAN",
        "CAL",
        "ALE",
        "CLEG",
        "LEA",
        "CAN",
        "GENAL",
        "GAL",
        "ANCLE",
        "AGEN",
        "GEN",
        "LENG",
        "ANCE",
        "ELAN",
        "ACE",
        "EGAL",
        "GEL",
        "NAG",
        "AGE",
        "LEG",
        "LAC",
        "GAN",
        "LAG",
        "CLAG",
        "ENG",
        "GAE",
        "GLACE",
        "ANGEL"
    ],
    "ws": [
        {
            "w": "ACNE",
            "v": false,
            "row": 2,
            "col": 6,
            "def": "A skin condition, usually of the face, that is common in adolescents. It is characterised by red pimples, and is caused by the inflammation of sebaceous glands through bacterial infection."
        },
        {
            "w": "CAGE",
            "v": false,
            "row": 8,
            "col": 1,
            "def": "An enclosure made of bars, normally to hold animals."
        },
        {
            "w": "CANE",
            "v": false,
            "row": 8,
            "col": 6,
            "def": "The slender, flexible main stem of a plant such as bamboo, including many species in the Grass family Gramineae."
        },
        {
            "w": "CLAN",
            "v": true,
            "row": 5,
            "col": 8,
            "def": "A group of people all descended from a common ancestor, in fact or belief."
        },
        {
            "w": "LACE",
            "v": false,
            "row": 5,
            "col": 6,
            "def": "A light fabric containing patterns of holes, usually built up from a single thread."
        },
        {
            "w": "LANE",
            "v": true,
            "row": 0,
            "col": 8,
            "def": "A narrow passageway between fences, walls, hedges or trees."
        },
        {
            "w": "LEAN",
            "v": true,
            "row": 6,
            "col": 2,
            "def": "To hang outwards."
        },
        {
            "w": "GLEN",
            "v": false,
            "row": 1,
            "col": 1,
            "def": "A secluded and narrow valley; a dale; a depression between hills."
        },
        {
            "w": "GALE",
            "v": false,
            "row": 0,
            "col": 6,
            "def": "To sing; charm; enchant."
        },
        {
            "w": "ANGLE",
            "v": true,
            "row": 2,
            "col": 6,
            "def": "A figure formed by two rays which start from a common point (a plane angle) or by three planes that intersect (a solid angle)."
        },
        {
            "w": "CLEAN",
            "v": true,
            "row": 3,
            "col": 0,
            "def": "Not dirty."
        },
        {
            "w": "LANCE",
            "v": false,
            "row": 6,
            "col": 2,
            "def": "A weapon of war, consisting of a long shaft or handle and a steel blade or head; a spear carried by horsemen."
        },
        {
            "w": "CLANG",
            "v": false,
            "row": 3,
            "col": 0,
            "def": "A loud, ringing sound, like that made by free-hanging metal objects striking each other."
        },
        {
            "w": "GLEAN",
            "v": true,
            "row": 0,
            "col": 2,
            "def": "To harvest grain left behind after the crop has been reaped."
        },
        {
            "w": "GLANCE",
            "v": true,
            "row": 3,
            "col": 4,
            "def": "To look briefly (at something)."
        }
    ]
}