{
    "id": 725,
    "sub_category": "Spire Pack",
    "category": "Desert Group",
    "type": 0,
    "letters": "BDEGIR",
    "mov": 22,
    "shovels": 1,
    "coins": 5,
    "rows": 15,
    "cols": 15,
    "c": 0,
    "b": -1,
    "w": 10,
    "h": 10,
    "dws": [
        "RED",
        "GIE",
        "DIE",
        "BIDER",
        "GIB",
        "BED",
        "REG",
        "BREI",
        "REI",
        "RID",
        "GIBER",
        "DIG",
        "ERG",
        "GIED",
        "DREG",
        "BEG",
        "GED",
        "REBID",
        "GRIDE",
        "DEI",
        "RIB",
        "RIG",
        "DRIB",
        "IDE",
        "BERG",
        "GIBE",
        "BIER",
        "BIG",
        "DIB",
        "GIRD",
        "DIEB",
        "GID",
        "BEGIRD",
        "GIBED",
        "BID",
        "IRED",
        "REB",
        "DEB",
        "GER",
        "DEG",
        "IRE",
        "BRIDGE",
        "BRIDE",
        "RIDGE",
        "DIRGE",
        "BIRD",
        "BRED",
        "BRIG",
        "DIRE",
        "GRID",
        "RIDE",
        "BIDE",
        "BRIE"
    ],
    "ws": []
}