{
    "id": 755,
    "sub_category": "Sierra Pack",
    "category": "Desert Group",
    "type": 0,
    "letters": "BEEFRT",
    "mov": 18,
    "shovels": 1,
    "coins": 5,
    "rows": 15,
    "cols": 15,
    "c": 0,
    "b": -1,
    "w": 8,
    "h": 8,
    "dws": [
        "RET",
        "BEFRET",
        "TREF",
        "FEET",
        "ERE",
        "EFT",
        "REFT",
        "TEE",
        "BREE",
        "RETE",
        "FER",
        "BEE",
        "BETE",
        "FEER",
        "FETE",
        "TEF",
        "FERE",
        "FEE",
        "TREE",
        "BERE",
        "FEEB",
        "TERF",
        "REE",
        "REF",
        "REB",
        "FREET",
        "BET",
        "FET",
        "ERF",
        "TEER"
    ],
    "ws": [
        {
            "w": "BEEF",
            "v": true,
            "row": 4,
            "col": 0,
            "def": "The meat from a cow, bull or other bovines."
        },
        {
            "w": "BEER",
            "v": true,
            "row": 0,
            "col": 1,
            "def": "An alcoholic drink fermented from starch material commonly barley malt, often with hops or some other substance to impart a bitter flavor."
        },
        {
            "w": "FREE",
            "v": false,
            "row": 6,
            "col": 3,
            "def": "Not imprisoned or enslaved."
        },
        {
            "w": "REEF",
            "v": false,
            "row": 3,
            "col": 1,
            "def": "Scabby; scurvy."
        },
        {
            "w": "BEET",
            "v": false,
            "row": 0,
            "col": 1,
            "def": "Beta vulgaris, a plant with a swollen root which is eaten or used to make sugar."
        },
        {
            "w": "FRET",
            "v": false,
            "row": 7,
            "col": 0,
            "def": "A fog or mist at sea or coming inland from the sea."
        },
        {
            "w": "BERET",
            "v": true,
            "row": 3,
            "col": 6,
            "def": "A type of round, brimless cap with a soft top and a headband to secure it to the head; usually culturally associated with France."
        },
        {
            "w": "BEREFT",
            "v": true,
            "row": 2,
            "col": 3,
            "def": "Simple past tense and past participle of bereave."
        }
    ]
}