{
    "id": 77,
    "sub_category": "Life Pack",
    "category": "Forest Group",
    "type": 0,
    "letters": "EEPWY",
    "mov": 18,
    "shovels": 1,
    "coins": 5,
    "rows": 15,
    "cols": 15,
    "c": 0,
    "b": -1,
    "w": 7,
    "h": 5,
    "dws": [
        "PYE",
        "PEE",
        "WEY",
        "EEW",
        "WYE"
    ],
    "ws": [
        {
            "w": "EYE",
            "v": true,
            "row": 3,
            "col": 1,
            "def": "An organ that is sensitive to light, which it converts to electrical signals passed to the brain, by which means animals see."
        },
        {
            "w": "PEW",
            "v": false,
            "row": 4,
            "col": 5,
            "def": "One of the long benches in a church, seating several persons, usually fixed to the floor and facing the chancel."
        },
        {
            "w": "YEP",
            "v": true,
            "row": 2,
            "col": 5,
            "def": "Yes."
        },
        {
            "w": "EWE",
            "v": false,
            "row": 3,
            "col": 3,
            "def": "A female sheep, as opposed to a ram."
        },
        {
            "w": "WEE",
            "v": true,
            "row": 0,
            "col": 6,
            "def": "Small, little."
        },
        {
            "w": "YEW",
            "v": false,
            "row": 2,
            "col": 5,
            "def": "A species of coniferous tree, Taxus baccata, with dark-green flat needle-like leaves and seeds bearing red arils, native to western, central and southern Europe, northwest Africa, northern Iran and southwest Asia."
        },
        {
            "w": "WEEP",
            "v": false,
            "row": 5,
            "col": 0,
            "def": "To cry, shed tears."
        },
        {
            "w": "WEEPY",
            "v": true,
            "row": 2,
            "col": 3,
            "def": "Inclined to weep; tearful or lachrymose."
        }
    ]
}