{
    "id": 771,
    "sub_category": "Dune Pack",
    "category": "Desert Group",
    "type": 0,
    "letters": "BDEORR",
    "mov": 30,
    "shovels": 1,
    "coins": 5,
    "rows": 15,
    "cols": 15,
    "c": 0,
    "b": -1,
    "w": 12,
    "h": 12,
    "dws": [
        "DERO",
        "DORR",
        "BRER",
        "BED",
        "RORE",
        "DERRO",
        "DORE",
        "BORED",
        "ROBED",
        "REO",
        "DOR",
        "BRR",
        "BOR",
        "ORBED",
        "OBE",
        "DOBE",
        "ORD",
        "ROE",
        "REB",
        "DEB",
        "BORD",
        "DORB",
        "ROED",
        "BROD",
        "BORDE",
        "DOB",
        "BORER",
        "BODE",
        "DOER",
        "RED",
        "BOD"
    ],
    "ws": [
        {
            "w": "ORE",
            "v": false,
            "row": 4,
            "col": 4,
            "def": "Rock that contains utilitarian materials; primarily a rock containing metals or gems which (at the time of the rock's evaluation and proposal for extraction) are able to be separated from its neighboring minerals and processed at a cost that does not exceed those materials' present-day economic values."
        },
        {
            "w": "ROB",
            "v": false,
            "row": 6,
            "col": 7,
            "def": "To steal from, especially using force or violence."
        },
        {
            "w": "ROD",
            "v": false,
            "row": 2,
            "col": 5,
            "def": "A straight, round stick, shaft, bar, cane, or staff."
        },
        {
            "w": "DOE",
            "v": false,
            "row": 7,
            "col": 2,
            "def": "A female deer; also used of similar animals such as reindeer, antelope, goat."
        },
        {
            "w": "ORB",
            "v": false,
            "row": 3,
            "col": 2,
            "def": "A spherical body; a globe; especially, one of the celestial spheres; a sun, planet, or star."
        },
        {
            "w": "BRO",
            "v": true,
            "row": 6,
            "col": 9,
            "def": "Brother; a male sibling."
        },
        {
            "w": "ERR",
            "v": false,
            "row": 5,
            "col": 0,
            "def": "To make a mistake."
        },
        {
            "w": "ODE",
            "v": false,
            "row": 8,
            "col": 0,
            "def": "A short poetical composition proper to be set to music or sung; a lyric poem; esp., now, a poem characterized by sustained noble sentiment and appropriate dignity of style."
        },
        {
            "w": "BORE",
            "v": true,
            "row": 1,
            "col": 6,
            "def": "To make a hole through something."
        },
        {
            "w": "BRED",
            "v": true,
            "row": 3,
            "col": 0,
            "def": "Simple past tense and past participle of breed."
        },
        {
            "w": "ROBE",
            "v": false,
            "row": 8,
            "col": 4,
            "def": "A long loose outer garment, often signifying honorary stature."
        },
        {
            "w": "RODE",
            "v": true,
            "row": 5,
            "col": 2,
            "def": "The line from the vessel to its anchor. Also warp."
        },
        {
            "w": "REDO",
            "v": true,
            "row": 0,
            "col": 2,
            "def": "To do again."
        },
        {
            "w": "ORDER",
            "v": true,
            "row": 5,
            "col": 7,
            "def": "Arrangement, disposition, sequence."
        },
        {
            "w": "BORDER",
            "v": true,
            "row": 3,
            "col": 4,
            "def": "The outer edge of something."
        }
    ]
}