{
    "id": "773acaee-0d45-11eb-a781-34363b5fdca4",
    "type": 0,
    "letters": "CIKST",
    "mov": 15,
    "shovels": 1,
    "coins": 5,
    "rows": 5,
    "cols": 2,
    "c": 0,
    "b": -1,
    "dws": [
        "TIS",
        "TSK",
        "SIC",
        "CIS",
        "SIK",
        "KIS",
        "CIT",
        "TIK",
        "ICK",
        "TICS",
        "CITS",
        "CIST",
        "SKIT",
        "KIST",
        "ICKS"
    ],
    "ws": [
        {
            "w": "ITS",
            "v": false,
            "row": 5,
            "col": 3
        },
        {
            "w": "KIT",
            "v": false,
            "row": 4,
            "col": 1
        },
        {
            "w": "SIT",
            "v": true,
            "row": 5,
            "col": 0
        },
        {
            "w": "SKI",
            "v": true,
            "row": 1,
            "col": 4
        },
        {
            "w": "TIC",
            "v": true,
            "row": 0,
            "col": 2
        },
        {
            "w": "KITS",
            "v": false,
            "row": 1,
            "col": 1
        },
        {
            "w": "SICK",
            "v": false,
            "row": 3,
            "col": 3
        },
        {
            "w": "TICK",
            "v": true,
            "row": 0,
            "col": 6
        },
        {
            "w": "STICK",
            "v": true,
            "row": 3,
            "col": 3
        },
        {
            "w": "TICKS",
            "v": false,
            "row": 7,
            "col": 0
        }
    ]
}