{
    "id": 777,
    "sub_category": "Dune Pack",
    "category": "Desert Group",
    "type": 0,
    "letters": "ADEEST",
    "mov": 20,
    "shovels": 1,
    "coins": 5,
    "rows": 15,
    "cols": 15,
    "c": 0,
    "b": -1,
    "w": 9,
    "h": 9,
    "dws": [
        "STADE",
        "SETA",
        "ATE",
        "SED",
        "TEASED",
        "TEA",
        "DAS",
        "EASED",
        "DEES",
        "STEED",
        "DAE",
        "TEE",
        "TAE",
        "TEAD",
        "DAES",
        "ADS",
        "TSADE",
        "TEED",
        "EAT",
        "DATES",
        "SEATED",
        "STED",
        "DEE",
        "TEDS",
        "TEADS",
        "EST",
        "ESE",
        "TAD",
        "TEES",
        "SAD",
        "ETAS",
        "SADE",
        "SAE",
        "TES",
        "SAT",
        "STEE",
        "TAS",
        "TAED",
        "ATES",
        "AEDES",
        "TED",
        "ATS",
        "TASED",
        "ETA",
        "DEET",
        "TADS",
        "SET",
        "TASE",
        "SATED",
        "TEADE",
        "DEETS",
        "TAES",
        "EDS",
        "EAS",
        "SEA",
        "SATE",
        "SETAE",
        "SEE"
    ],
    "ws": [
        {
            "w": "DATE",
            "v": false,
            "row": 7,
            "col": 0,
            "def": "The fruit of the date palm. This sweet fruit is somewhat in the shape of an olive, containing a soft pulp and enclosing a hard kernel."
        },
        {
            "w": "EASE",
            "v": false,
            "row": 0,
            "col": 4,
            "def": "The state of being comfortable or free from stress."
        },
        {
            "w": "EAST",
            "v": false,
            "row": 3,
            "col": 3,
            "def": "One of the four principal compass points, specifically 90\u00b0, conventionally directed to the right on maps; the direction of the rising sun at an equinox."
        },
        {
            "w": "EATS",
            "v": false,
            "row": 2,
            "col": 0,
            "def": "Third-person singular simple present indicative form of eat."
        },
        {
            "w": "SEAT",
            "v": true,
            "row": 0,
            "col": 6,
            "def": "A place in which to sit."
        },
        {
            "w": "SEED",
            "v": false,
            "row": 4,
            "col": 0,
            "def": "A fertilized grain, initially encased in a fruit, which may grow into a mature plant."
        },
        {
            "w": "TEAS",
            "v": false,
            "row": 6,
            "col": 3,
            "def": "Plural form of tea."
        },
        {
            "w": "TEASE",
            "v": true,
            "row": 1,
            "col": 0,
            "def": "To separate the fibres of a fibrous material."
        },
        {
            "w": "STEAD",
            "v": true,
            "row": 3,
            "col": 5,
            "def": "To help; to support; to benefit; to assist."
        },
        {
            "w": "SEDATE",
            "v": true,
            "row": 2,
            "col": 3,
            "def": "In a composed and temperate state."
        }
    ]
}