{
    "id": 779,
    "sub_category": "Dune Pack",
    "category": "Desert Group",
    "type": 0,
    "letters": "ANPPSY",
    "mov": 24,
    "shovels": 1,
    "coins": 5,
    "rows": 15,
    "cols": 15,
    "c": 0,
    "b": -1,
    "w": 11,
    "h": 9,
    "dws": [
        "ANS",
        "PAYS",
        "YAPP",
        "PANS",
        "AYS",
        "PYA",
        "YAP",
        "PAS",
        "NYAS",
        "PYAS",
        "NAPS",
        "NYS",
        "NAYS",
        "PAPS",
        "NAS",
        "PASPY",
        "PANSY",
        "SPAY",
        "NAY",
        "APPS",
        "SYN",
        "YAS",
        "SAN",
        "ANY",
        "YAPPS",
        "SNY",
        "SAY",
        "YAPS"
    ],
    "ws": [
        {
            "w": "APP",
            "v": true,
            "row": 3,
            "col": 6,
            "def": "An application (program), especially a small one designed for a mobile device."
        },
        {
            "w": "NAP",
            "v": true,
            "row": 7,
            "col": 6,
            "def": "A short period of sleep, especially one during the day."
        },
        {
            "w": "PAN",
            "v": false,
            "row": 7,
            "col": 4,
            "def": "A wide, flat receptacle used around the house, especially for cooking."
        },
        {
            "w": "PAY",
            "v": false,
            "row": 8,
            "col": 2,
            "def": "To give money or other compensation to in exchange for goods or services."
        },
        {
            "w": "SAP",
            "v": false,
            "row": 6,
            "col": 0,
            "def": "The juice of plants of any kind, especially the ascending and descending juices or circulating fluid essential to nutrition."
        },
        {
            "w": "SPA",
            "v": true,
            "row": 4,
            "col": 1,
            "def": "A health resort near a mineral spring or hot spring."
        },
        {
            "w": "SPY",
            "v": false,
            "row": 9,
            "col": 5,
            "def": "A person who secretly watches and examines the actions of other individuals or organizations and gathers information on them (usually to gain an advantage)."
        },
        {
            "w": "PAP",
            "v": true,
            "row": 6,
            "col": 2,
            "def": "Food in the form of a soft paste, often a porridge, especially as given to very young children."
        },
        {
            "w": "ASP",
            "v": false,
            "row": 3,
            "col": 6,
            "def": "A water snake."
        },
        {
            "w": "SNAP",
            "v": true,
            "row": 6,
            "col": 0,
            "def": "A quick breaking or cracking sound or the action of producing such a sound."
        },
        {
            "w": "SPAN",
            "v": false,
            "row": 1,
            "col": 6,
            "def": "The space from the thumb to the end of the little finger when extended; nine inches; eighth of a fathom."
        },
        {
            "w": "SAPPY",
            "v": false,
            "row": 5,
            "col": 3,
            "def": "Excessively sweet, emotional, nostalgic; cheesy; mushy. (British equivalent: soppy)."
        },
        {
            "w": "NAPPY",
            "v": true,
            "row": 0,
            "col": 8,
            "def": "An absorbent garment worn by a baby who does not yet have voluntary control of his or her bladder and bowels or by someone who is incontinent."
        },
        {
            "w": "SNAPPY",
            "v": true,
            "row": 3,
            "col": 4,
            "def": "Rapid and without delay."
        }
    ]
}