{
    "id": 78,
    "sub_category": "Life Pack",
    "category": "Forest Group",
    "type": 0,
    "letters": "ADELM",
    "mov": 24,
    "shovels": 1,
    "coins": 5,
    "rows": 15,
    "cols": 15,
    "c": 0,
    "b": -1,
    "w": 11,
    "h": 10,
    "dws": [
        "MAE",
        "ALME",
        "LEAM",
        "LADE",
        "DAE",
        "MELA",
        "MED",
        "LAMED",
        "ALE",
        "DALE",
        "LEA",
        "ELD",
        "AME",
        "MEL",
        "LED",
        "LAM",
        "DAL",
        "MAL",
        "DEL"
    ],
    "ws": [
        {
            "w": "DAM",
            "v": false,
            "row": 3,
            "col": 7,
            "def": "Structure placed across a flowing body of water to stop the flow."
        },
        {
            "w": "ELM",
            "v": true,
            "row": 0,
            "col": 6,
            "def": "A tree of the genus Ulmus of the family Ulmaceae, large deciduous trees with alternate stipulate leaves and small apetalous flowers."
        },
        {
            "w": "LAD",
            "v": true,
            "row": 4,
            "col": 6,
            "def": "A boy or young man."
        },
        {
            "w": "MAD",
            "v": true,
            "row": 0,
            "col": 3,
            "def": "Insane; crazy, mentally deranged."
        },
        {
            "w": "DEAL",
            "v": false,
            "row": 5,
            "col": 4,
            "def": "A division, a portion, a share."
        },
        {
            "w": "LAME",
            "v": false,
            "row": 1,
            "col": 6,
            "def": "Unable to walk properly because of a problem with one's feet or legs."
        },
        {
            "w": "LEAD",
            "v": true,
            "row": 2,
            "col": 2,
            "def": "A heavy, pliable, inelastic metal element, having a bright, bluish color, but easily tarnished; both malleable and ductile, though with little tenacity. It is easily fusible, forms alloys with other metals, and is an ingredient of solder and type metal. Atomic number 82, symbol Pb (from Latin plumbum)."
        },
        {
            "w": "MADE",
            "v": false,
            "row": 4,
            "col": 1,
            "def": "A maggot or grub."
        },
        {
            "w": "MALE",
            "v": false,
            "row": 0,
            "col": 3,
            "def": "Someone of male (masculine) gender:."
        },
        {
            "w": "MEAL",
            "v": false,
            "row": 7,
            "col": 1,
            "def": "Food that is prepared and eaten, usually at a specific time (e.g. breakfast = morning meal, lunch = noon meal, etc)."
        },
        {
            "w": "DAME",
            "v": true,
            "row": 0,
            "col": 0,
            "def": "The equivalent title to Sir for a female knight."
        },
        {
            "w": "MEAD",
            "v": true,
            "row": 1,
            "col": 8,
            "def": "An alcoholic drink fermented from honey and water."
        },
        {
            "w": "MELD",
            "v": false,
            "row": 2,
            "col": 0,
            "def": "To combine two similar objects into one."
        },
        {
            "w": "MEDAL",
            "v": true,
            "row": 3,
            "col": 4,
            "def": "A stamped metal disc used as a personal ornament, a charm, or a religious object."
        }
    ]
}