{
    "id": 785,
    "sub_category": "Sand Pack",
    "category": "Desert Group",
    "type": 0,
    "letters": "CHISTW",
    "mov": 20,
    "shovels": 1,
    "coins": 5,
    "rows": 15,
    "cols": 15,
    "c": 0,
    "b": -1,
    "w": 9,
    "h": 9,
    "dws": [
        "SICHT",
        "CITS",
        "SIC",
        "SWITH",
        "CHITS",
        "CIST",
        "TIC",
        "ICH",
        "HIC",
        "HIS",
        "TIS",
        "SICH",
        "CHIT",
        "STICH",
        "WICH",
        "WHIST",
        "CIT",
        "WIST",
        "CIS",
        "SHIT",
        "ISH",
        "ICHS",
        "CHI",
        "WIS",
        "SITH",
        "CHIS",
        "WIT",
        "HIT",
        "HIST",
        "WHITS",
        "ITS",
        "SIT",
        "TICH"
    ],
    "ws": [
        {
            "w": "HITS",
            "v": true,
            "row": 3,
            "col": 6,
            "def": "Alternative form of its."
        },
        {
            "w": "ITCH",
            "v": false,
            "row": 7,
            "col": 0,
            "def": "A sensation felt on an area of the skin that causes a person or animal to want to scratch."
        },
        {
            "w": "THIS",
            "v": false,
            "row": 2,
            "col": 0,
            "def": "The (thing) here (used in indicating something or someone nearby)."
        },
        {
            "w": "TICS",
            "v": true,
            "row": 0,
            "col": 5,
            "def": "Plural form of tic."
        },
        {
            "w": "WISH",
            "v": false,
            "row": 3,
            "col": 3,
            "def": "A will for something to happen."
        },
        {
            "w": "WITH",
            "v": false,
            "row": 5,
            "col": 1,
            "def": "Against."
        },
        {
            "w": "WITS",
            "v": false,
            "row": 1,
            "col": 4,
            "def": "Plural form of wit."
        },
        {
            "w": "WHIT",
            "v": false,
            "row": 0,
            "col": 0,
            "def": "The smallest part or particle imaginable; an iota."
        },
        {
            "w": "WITCH",
            "v": true,
            "row": 0,
            "col": 0,
            "def": "A man who practises witchcraft."
        },
        {
            "w": "SWITCH",
            "v": true,
            "row": 2,
            "col": 3,
            "def": "A device to turn electric current on and off or direct its flow."
        }
    ]
}