{
    "id": 792,
    "sub_category": "Sand Pack",
    "category": "Desert Group",
    "type": 0,
    "letters": "ACEKRR",
    "mov": 22,
    "shovels": 1,
    "coins": 5,
    "rows": 15,
    "cols": 15,
    "c": 0,
    "b": -1,
    "w": 11,
    "h": 10,
    "dws": [
        "REC",
        "KAE",
        "ARE",
        "CARK",
        "ACER",
        "CAR",
        "ERA",
        "RARK",
        "ARC",
        "CRAKE",
        "ARK",
        "CARR",
        "RECK",
        "ERR",
        "CRARE",
        "RAKER",
        "EAR",
        "ACE",
        "RACKER",
        "ACKER",
        "AKE",
        "ERK",
        "REAK",
        "KEA",
        "RERACK",
        "CARER",
        "RACER",
        "CREAK",
        "CAKE",
        "CARE",
        "RACE",
        "RACK",
        "RARE",
        "REAR",
        "ACRE",
        "RAKE"
    ],
    "ws": []
}