{
    "id": 793,
    "sub_category": "Sand Pack",
    "category": "Desert Group",
    "type": 0,
    "letters": "AEPPRR",
    "mov": 16,
    "shovels": 1,
    "coins": 5,
    "rows": 15,
    "cols": 15,
    "c": 0,
    "b": -1,
    "w": 7,
    "h": 6,
    "dws": [
        "PARER",
        "ARE",
        "PAR",
        "RAP",
        "ERA",
        "REAR",
        "REPP",
        "PEA",
        "PARR",
        "RAPER",
        "RARE",
        "PARP",
        "ERR",
        "APER",
        "EAR",
        "RAPE",
        "PER",
        "PAP",
        "RAPPE",
        "PAPE",
        "APP",
        "REP",
        "APE",
        "PERP",
        "PRE",
        "PEP",
        "RAPPER",
        "PAPER",
        "PEAR",
        "PREP",
        "REAP",
        "PARE"
    ],
    "ws": []
}