{
    "id": "79d96468-0d40-11eb-a781-34363b5fdca4",
    "type": 0,
    "letters": "HILLRT",
    "mov": 15,
    "shovels": 1,
    "coins": 5,
    "rows": 5,
    "cols": 2,
    "c": 0,
    "b": -1,
    "dws": [
        "RIT",
        "TIL",
        "THIR",
        "LITH",
        "TIRL",
        "THIRL",
        "THILL",
        "ILLTH"
    ],
    "ws": [
        {
            "w": "HIT",
            "v": true,
            "row": 5,
            "col": 1
        },
        {
            "w": "ILL",
            "v": false,
            "row": 2,
            "col": 5
        },
        {
            "w": "LIT",
            "v": false,
            "row": 7,
            "col": 3
        },
        {
            "w": "HILL",
            "v": true,
            "row": 1,
            "col": 5
        },
        {
            "w": "HILT",
            "v": true,
            "row": 0,
            "col": 7
        },
        {
            "w": "LILT",
            "v": false,
            "row": 2,
            "col": 0
        },
        {
            "w": "RILL",
            "v": true,
            "row": 0,
            "col": 0
        },
        {
            "w": "TILL",
            "v": false,
            "row": 6,
            "col": 0
        },
        {
            "w": "TRILL",
            "v": false,
            "row": 4,
            "col": 2
        },
        {
            "w": "THRILL",
            "v": true,
            "row": 2,
            "col": 3
        }
    ]
}