{
    "id": "79f3a37c-0d41-11eb-a781-34363b5fdca4",
    "type": 0,
    "letters": "DEEIRS",
    "mov": 31,
    "shovels": 1,
    "coins": 5,
    "rows": 13,
    "cols": 2,
    "c": 0,
    "b": -1,
    "dws": [
        "RES",
        "ERS",
        "SER",
        "REI",
        "REE",
        "ERE",
        "SRI",
        "SEI",
        "EDS",
        "SED",
        "ESE",
        "IDE",
        "DEI",
        "DEE",
        "DIS",
        "REIS",
        "SEIR",
        "IRES",
        "REES",
        "ERES",
        "SERE",
        "IRED",
        "REDE",
        "ERED",
        "DERE",
        "DREE",
        "IDES",
        "DESI",
        "DEES",
        "EIDE",
        "IDEE",
        "RESID",
        "SIDER",
        "SIREE",
        "REDES",
        "SERED",
        "SEDER",
        "DERES",
        "DEERS",
        "DREES",
        "IDEES",
        "EIDERS",
        "RESIDE",
        "DIES",
        "REDS",
        "REED",
        "RIDE",
        "RISE",
        "SIDE",
        "SIRE",
        "IRE",
        "RID"
    ],
    "ws": [
        {
            "w": "DIE",
            "v": false,
            "row": 3,
            "col": 0
        },
        {
            "w": "IDS",
            "v": false,
            "row": 7,
            "col": 7
        },
        {
            "w": "RED",
            "v": false,
            "row": 8,
            "col": 3
        },
        {
            "w": "SEE",
            "v": false,
            "row": 7,
            "col": 0
        },
        {
            "w": "SIR",
            "v": false,
            "row": 4,
            "col": 7
        },
        {
            "w": "DEER",
            "v": false,
            "row": 9,
            "col": 6
        },
        {
            "w": "DIRE",
            "v": true,
            "row": 6,
            "col": 7
        },
        {
            "w": "RIDS",
            "v": true,
            "row": 4,
            "col": 9
        },
        {
            "w": "SEED",
            "v": false,
            "row": 2,
            "col": 6
        },
        {
            "w": "SEER",
            "v": false,
            "row": 4,
            "col": 2
        },
        {
            "w": "DRIES",
            "v": true,
            "row": 3,
            "col": 0
        },
        {
            "w": "EIDER",
            "v": false,
            "row": 1,
            "col": 1
        },
        {
            "w": "REEDS",
            "v": true,
            "row": 0,
            "col": 7
        },
        {
            "w": "RIDES",
            "v": true,
            "row": 0,
            "col": 2
        },
        {
            "w": "SIRED",
            "v": false,
            "row": 6,
            "col": 3
        },
        {
            "w": "DESIRE",
            "v": true,
            "row": 3,
            "col": 4
        }
    ]
}