{
    "id": "7ce9fe6a-0d45-11eb-a781-34363b5fdca4",
    "type": 0,
    "letters": "EOPRV",
    "mov": 15,
    "shovels": 1,
    "coins": 5,
    "rows": 5,
    "cols": 2,
    "c": 0,
    "b": -1,
    "dws": [
        "PRE",
        "REP",
        "OPE",
        "VOR",
        "REO",
        "VOE",
        "EVO",
        "REPO",
        "PERV",
        "PERVO"
    ],
    "ws": [
        {
            "w": "ORE",
            "v": false,
            "row": 0,
            "col": 5
        },
        {
            "w": "PER",
            "v": true,
            "row": 5,
            "col": 0
        },
        {
            "w": "PRO",
            "v": true,
            "row": 1,
            "col": 4
        },
        {
            "w": "REV",
            "v": true,
            "row": 5,
            "col": 6
        },
        {
            "w": "ROE",
            "v": true,
            "row": 3,
            "col": 5
        },
        {
            "w": "OVER",
            "v": false,
            "row": 5,
            "col": 3
        },
        {
            "w": "PORE",
            "v": false,
            "row": 3,
            "col": 3
        },
        {
            "w": "ROPE",
            "v": false,
            "row": 7,
            "col": 0
        },
        {
            "w": "ROVE",
            "v": true,
            "row": 0,
            "col": 6
        },
        {
            "w": "PROVE",
            "v": true,
            "row": 3,
            "col": 3
        }
    ]
}