{
    "id": "7f2a922a-0d45-11eb-a781-34363b5fdca4",
    "type": 0,
    "letters": "ABDEET",
    "mov": 27,
    "shovels": 1,
    "coins": 5,
    "rows": 11,
    "cols": 2,
    "c": 0,
    "b": -1,
    "dws": [
        "DEB",
        "DAE",
        "TED",
        "DEE",
        "TAD",
        "ETA",
        "TAE",
        "ABED",
        "DEBE",
        "BEDE",
        "TEAD",
        "TAED",
        "DEET",
        "TEED",
        "BETE",
        "TEADE",
        "ABET",
        "BEET",
        "DATE",
        "DEBT",
        "ATE",
        "BET",
        "TEE"
    ],
    "ws": [
        {
            "w": "BAD",
            "v": true,
            "row": 4,
            "col": 6
        },
        {
            "w": "BAT",
            "v": true,
            "row": 4,
            "col": 0
        },
        {
            "w": "BED",
            "v": false,
            "row": 4,
            "col": 6
        },
        {
            "w": "BEE",
            "v": false,
            "row": 8,
            "col": 1
        },
        {
            "w": "DAB",
            "v": false,
            "row": 3,
            "col": 3
        },
        {
            "w": "EAT",
            "v": true,
            "row": 6,
            "col": 5
        },
        {
            "w": "TAB",
            "v": true,
            "row": 0,
            "col": 2
        },
        {
            "w": "TEA",
            "v": false,
            "row": 8,
            "col": 5
        },
        {
            "w": "BADE",
            "v": false,
            "row": 1,
            "col": 1
        },
        {
            "w": "BATE",
            "v": false,
            "row": 4,
            "col": 0
        },
        {
            "w": "BEAD",
            "v": true,
            "row": 1,
            "col": 8
        },
        {
            "w": "BEAT",
            "v": false,
            "row": 0,
            "col": 4
        },
        {
            "w": "BETA",
            "v": true,
            "row": 0,
            "col": 4
        },
        {
            "w": "BATED",
            "v": false,
            "row": 6,
            "col": 2
        },
        {
            "w": "DEBATE",
            "v": true,
            "row": 3,
            "col": 3
        }
    ]
}