{
    "id": 801,
    "sub_category": "Vast Pack",
    "category": "Ocean Group",
    "type": 0,
    "letters": "BDEEHL",
    "mov": 16,
    "shovels": 1,
    "coins": 5,
    "rows": 15,
    "cols": 15,
    "c": 0,
    "b": -1,
    "w": 8,
    "h": 7,
    "dws": [
        "LEED",
        "HEBE",
        "HELE",
        "EEL",
        "BED",
        "EDH",
        "EHED",
        "BEL",
        "BEDE",
        "BEE",
        "DEE",
        "ELD",
        "LEE",
        "DEBEL",
        "BHEL",
        "LED",
        "DEBE",
        "DEB",
        "LEDE",
        "BEDEL",
        "DELE",
        "BLEE",
        "DEL",
        "BEHELD",
        "BLEED",
        "HEED",
        "HEEL",
        "HELD",
        "BLED"
    ],
    "ws": []
}