{
    "id": 811,
    "sub_category": "Vast Pack",
    "category": "Ocean Group",
    "type": 0,
    "letters": "CEIOPT",
    "mov": 16,
    "shovels": 1,
    "coins": 5,
    "rows": 15,
    "cols": 15,
    "c": 0,
    "b": -1,
    "w": 7,
    "h": 6,
    "dws": [
        "PIE",
        "TOE",
        "PIT",
        "POT",
        "ECO",
        "TOP",
        "TIC",
        "TOPI",
        "OPE",
        "TOC",
        "PICOT",
        "CITO",
        "TEC",
        "POTE",
        "PEC",
        "PET",
        "POI",
        "CIT",
        "ETIC",
        "TICE",
        "TIE",
        "COPE",
        "OTIC",
        "COIT",
        "ICE",
        "TOPE",
        "COT",
        "OPT",
        "TIP",
        "PICE",
        "COTE",
        "CEP",
        "PIET",
        "PIC",
        "COP",
        "POETIC",
        "TOPIC",
        "OPTIC",
        "CITE",
        "EPIC",
        "POET"
    ],
    "ws": []
}