{
    "id": 815,
    "sub_category": "Vast Pack",
    "category": "Ocean Group",
    "type": 0,
    "letters": "BEGLOT",
    "mov": 18,
    "shovels": 1,
    "coins": 5,
    "rows": 15,
    "cols": 15,
    "c": 0,
    "b": -1,
    "w": 8,
    "h": 7,
    "dws": [
        "TOE",
        "BEL",
        "TOGE",
        "ELT",
        "OLE",
        "EGO",
        "GOEL",
        "LOB",
        "TOLE",
        "BOTEL",
        "BLET",
        "BEG",
        "TEL",
        "BOG",
        "GET",
        "TEG",
        "BOTE",
        "OGLE",
        "LOGE",
        "LOG",
        "GOE",
        "OBE",
        "BOLE",
        "BEGOT",
        "BEGO",
        "GEL",
        "GOB",
        "GEO",
        "GELT",
        "BOT",
        "LEG",
        "BOET",
        "TOG",
        "BET",
        "LET",
        "LOT",
        "GOLE",
        "LOTE",
        "BOGLE",
        "GOT"
    ],
    "ws": [
        {
            "w": "BELT",
            "v": true,
            "row": 0,
            "col": 1,
            "def": "A band worn around the waist to hold clothing to one's body (usually pants), hold weapons (such as a gun or sword), or serve as a decorative piece of clothing."
        },
        {
            "w": "BLOG",
            "v": false,
            "row": 2,
            "col": 0,
            "def": "A website that allows users to reflect, share opinions, and discuss various topics in the form of an online journal while readers may comment on posts. Most blogs are written in a slightly informal tone (personal journals, news, businesses, etc.) Entries typically appear in reverse chronological order."
        },
        {
            "w": "BOLT",
            "v": false,
            "row": 7,
            "col": 0,
            "def": "A (usually) metal fastener consisting of a cylindrical body that is threaded, with a larger head on one end. It can be inserted into an unthreaded hole up to the head, with a nut then threaded on the other end; a heavy machine screw."
        },
        {
            "w": "LOBE",
            "v": false,
            "row": 5,
            "col": 3,
            "def": "Any projection or division, especially one of a somewhat rounded form."
        },
        {
            "w": "GLOB",
            "v": true,
            "row": 4,
            "col": 0,
            "def": "A round, shapeless or amorphous lump, as of a semisolid substance."
        },
        {
            "w": "BLOT",
            "v": false,
            "row": 0,
            "col": 1,
            "def": "A blemish, spot or stain made by a coloured substance."
        },
        {
            "w": "GLOBE",
            "v": true,
            "row": 1,
            "col": 6,
            "def": "Any spherical object."
        },
        {
            "w": "GOBLET",
            "v": true,
            "row": 2,
            "col": 3,
            "def": "A drinking vessel with a foot and stem."
        }
    ]
}