{
    "id": 82,
    "sub_category": "Ravine Pack",
    "category": "Canyon Group",
    "type": 0,
    "letters": "EFIRTT",
    "mov": 18,
    "shovels": 1,
    "coins": 5,
    "rows": 15,
    "cols": 15,
    "c": 0,
    "b": -1,
    "w": 8,
    "h": 6,
    "dws": [
        "RET",
        "RIT",
        "FRITT",
        "FIER",
        "TETRI",
        "FRET",
        "TITE",
        "TREF",
        "RITT",
        "REI",
        "FREIT",
        "EFT",
        "TET",
        "REFT",
        "REIF",
        "FER",
        "RIF",
        "TIFT",
        "TIT",
        "RIFE",
        "FETT",
        "FIRE",
        "TITFER",
        "REFIT",
        "TEF",
        "TRET",
        "TITRE",
        "TRIE",
        "TERF",
        "REF",
        "FITT",
        "FET",
        "TIER",
        "ERF",
        "FRIT",
        "FIE",
        "TITER",
        "IRE"
    ],
    "ws": [
        {
            "w": "FIR",
            "v": false,
            "row": 1,
            "col": 3,
            "def": "A conifer of the genus Abies."
        },
        {
            "w": "FIT",
            "v": true,
            "row": 4,
            "col": 0,
            "def": "Suitable, proper."
        },
        {
            "w": "TIE",
            "v": false,
            "row": 6,
            "col": 0,
            "def": "A necktie (item of clothing consisting of a strip of cloth tied around the neck)."
        },
        {
            "w": "RIFT",
            "v": false,
            "row": 7,
            "col": 2,
            "def": "A chasm or fissure."
        },
        {
            "w": "TIRE",
            "v": true,
            "row": 0,
            "col": 4,
            "def": "To become sleepy or weary."
        },
        {
            "w": "RITE",
            "v": false,
            "row": 3,
            "col": 1,
            "def": "A religious custom."
        },
        {
            "w": "TRITE",
            "v": false,
            "row": 5,
            "col": 2,
            "def": "Worn out; hackneyed; used so many times that it is no longer interesting or effective (often in reference to a word or phrase)."
        },
        {
            "w": "FITTER",
            "v": true,
            "row": 2,
            "col": 2,
            "def": "Comparative form of fit."
        }
    ]
}