{
    "id": 83,
    "sub_category": "Ravine Pack",
    "category": "Canyon Group",
    "type": 0,
    "letters": "DDEGJU",
    "mov": 16,
    "shovels": 1,
    "coins": 5,
    "rows": 15,
    "cols": 15,
    "c": 0,
    "b": -1,
    "w": 7,
    "h": 7,
    "dws": [
        "DUG",
        "GJU",
        "DUED",
        "DEGU",
        "GUDE",
        "JEU",
        "JUD",
        "GED",
        "GUE",
        "DEG",
        "JUDG",
        "JUDGED",
        "JUDGE",
        "DUDE",
        "DUD",
        "DUE",
        "JUG"
    ],
    "ws": []
}