{
    "id": "83d931e0-0d41-11eb-a781-34363b5fdca4",
    "type": 0,
    "letters": "ADEEMT",
    "mov": 29,
    "shovels": 1,
    "coins": 5,
    "rows": 12,
    "cols": 2,
    "c": 0,
    "b": -1,
    "dws": [
        "TAE",
        "ETA",
        "TED",
        "TAM",
        "AME",
        "MAE",
        "DAE",
        "EME",
        "MEE",
        "MED",
        "DEE",
        "META",
        "TEAD",
        "TAED",
        "TEME",
        "DEET",
        "MEED",
        "DEME",
        "TAMED",
        "MATED",
        "TEADE",
        "EDEMA",
        "ADEEM",
        "MEATED",
        "DAME",
        "DEEM",
        "MADE",
        "TAME",
        "ATE",
        "DAM",
        "MAT",
        "TAD",
        "TEA"
    ],
    "ws": [
        {
            "w": "EAT",
            "v": false,
            "row": 7,
            "col": 4
        },
        {
            "w": "MAD",
            "v": true,
            "row": 0,
            "col": 5
        },
        {
            "w": "MET",
            "v": false,
            "row": 3,
            "col": 7
        },
        {
            "w": "TEE",
            "v": true,
            "row": 3,
            "col": 9
        },
        {
            "w": "DATE",
            "v": true,
            "row": 0,
            "col": 2
        },
        {
            "w": "MATE",
            "v": true,
            "row": 5,
            "col": 6
        },
        {
            "w": "MEAD",
            "v": false,
            "row": 1,
            "col": 0
        },
        {
            "w": "MEAT",
            "v": false,
            "row": 3,
            "col": 1
        },
        {
            "w": "MEET",
            "v": true,
            "row": 3,
            "col": 1
        },
        {
            "w": "METE",
            "v": false,
            "row": 5,
            "col": 6
        },
        {
            "w": "TEAM",
            "v": true,
            "row": 0,
            "col": 7
        },
        {
            "w": "TEED",
            "v": false,
            "row": 8,
            "col": 1
        },
        {
            "w": "TEEM",
            "v": false,
            "row": 6,
            "col": 1
        },
        {
            "w": "METED",
            "v": false,
            "row": 0,
            "col": 5
        },
        {
            "w": "TEAMED",
            "v": true,
            "row": 3,
            "col": 4
        }
    ]
}