{
    "id": 84,
    "sub_category": "Ravine Pack",
    "category": "Canyon Group",
    "type": 0,
    "letters": "GHORTW",
    "mov": 22,
    "shovels": 1,
    "coins": 5,
    "rows": 15,
    "cols": 15,
    "c": 0,
    "b": -1,
    "w": 9,
    "h": 7,
    "dws": [
        "GOTH",
        "OWT",
        "WROTH",
        "THO",
        "HOW",
        "WHOT",
        "WORT",
        "GOR",
        "TOR",
        "RHO",
        "GROT",
        "TROW",
        "WOG",
        "THRO",
        "TROG",
        "TOG",
        "ORG",
        "WOT",
        "ROWT",
        "ROWTH",
        "WHORT",
        "ORT"
    ],
    "ws": [
        {
            "w": "GOT",
            "v": false,
            "row": 2,
            "col": 3,
            "def": "Simple past of get."
        },
        {
            "w": "HOG",
            "v": true,
            "row": 3,
            "col": 0,
            "def": "Any animal belonging to the Suidae family of mammals, especially the pig, the wart hog, and the boar."
        },
        {
            "w": "HOT",
            "v": true,
            "row": 2,
            "col": 7,
            "def": "Of an object, having a high temperature."
        },
        {
            "w": "ROT",
            "v": false,
            "row": 4,
            "col": 5,
            "def": "To suffer decomposition due to biological action, especially by fungi or bacteria."
        },
        {
            "w": "ROW",
            "v": true,
            "row": 5,
            "col": 1,
            "def": "A line of objects, often regularly spaced, such as seats in a theatre, vegetable plants in a garden etc."
        },
        {
            "w": "TOW",
            "v": false,
            "row": 6,
            "col": 3,
            "def": "To pull something behind one using a line or chain; to haul."
        },
        {
            "w": "TWO",
            "v": true,
            "row": 0,
            "col": 4,
            "def": "Describing a set or group with two components."
        },
        {
            "w": "WHO",
            "v": true,
            "row": 0,
            "col": 1,
            "def": "What person or people; which person or people (used in a direct or indirect question)."
        },
        {
            "w": "THROW",
            "v": true,
            "row": 2,
            "col": 5,
            "def": "To cause an object to move rapidly through the air."
        },
        {
            "w": "WORTH",
            "v": false,
            "row": 0,
            "col": 1,
            "def": "Having a value of; proper to be exchanged for."
        },
        {
            "w": "GROWTH",
            "v": true,
            "row": 2,
            "col": 3,
            "def": "An increase in size, number, value, or strength."
        },
        {
            "w": "GROW",
            "v": false,
            "row": 5,
            "col": 0,
            "def": "To become bigger."
        }
    ]
}