{
    "id": 853,
    "sub_category": "Blue Pack",
    "category": "Ocean Group",
    "type": 0,
    "letters": "EFIPRX",
    "mov": 16,
    "shovels": 1,
    "coins": 5,
    "rows": 15,
    "cols": 15,
    "c": 0,
    "b": -1,
    "w": 8,
    "h": 6,
    "dws": [
        "PIE",
        "PRIEF",
        "RIP",
        "FIER",
        "REI",
        "REIF",
        "FER",
        "RIF",
        "PREX",
        "FIR",
        "PREIF",
        "PER",
        "REF",
        "REX",
        "PIX",
        "PERI",
        "PIR",
        "FIX",
        "ERF",
        "REP",
        "FIE",
        "REFIX",
        "PRE",
        "IRE",
        "PREFIX",
        "FIXER",
        "FIRE",
        "PIER",
        "RIPE",
        "RIFE"
    ],
    "ws": []
}