{
    "id": 877,
    "sub_category": "Depth Pack",
    "category": "Ocean Group",
    "type": 0,
    "letters": "DEEMRY",
    "mov": 16,
    "shovels": 1,
    "coins": 5,
    "rows": 15,
    "cols": 15,
    "c": 0,
    "b": -1,
    "w": 7,
    "h": 5,
    "dws": [
        "RED",
        "YEED",
        "EERY",
        "YER",
        "REM",
        "EYRE",
        "DEY",
        "EMYD",
        "DREY",
        "DERE",
        "ERE",
        "EME",
        "REEDY",
        "REDYE",
        "ERED",
        "DRY",
        "MED",
        "EMYDE",
        "DEMY",
        "MERE",
        "DYE",
        "DEE",
        "MERDE",
        "RYE",
        "DREE",
        "DYER",
        "MEE",
        "EYER",
        "REE",
        "DEME",
        "YEDE",
        "MEED",
        "DERM",
        "EYE",
        "REDE",
        "YERD",
        "MEER",
        "ERM",
        "REMEDY",
        "EMERY",
        "DEER",
        "REED",
        "EYED",
        "DEEM"
    ],
    "ws": []
}