{
    "id": 885,
    "sub_category": "Sail Pack",
    "category": "Field Group",
    "type": 0,
    "letters": "ELMORS",
    "mov": 22,
    "shovels": 1,
    "coins": 5,
    "rows": 15,
    "cols": 15,
    "c": 0,
    "b": -1,
    "w": 9,
    "h": 9,
    "dws": [
        "LOMES",
        "EMO",
        "LOR",
        "REOS",
        "EORL",
        "LES",
        "LOSE",
        "ROLES",
        "ELMS",
        "SLOE",
        "ROES",
        "EORLS",
        "SER",
        "SMORE",
        "OSE",
        "ORLES",
        "MOLS",
        "OMS",
        "MOS",
        "OMER",
        "MORES",
        "REO",
        "MOE",
        "OLM",
        "OLE",
        "SOLER",
        "REMS",
        "MORSE",
        "MOREL",
        "SEL",
        "OLMS",
        "SOREL",
        "ERS",
        "LORES",
        "OMERS",
        "MOES",
        "MOLES",
        "EMS",
        "ORES",
        "LOS",
        "ORLE",
        "MEL",
        "EMOS",
        "MERLS",
        "MOL",
        "OES",
        "MOR",
        "OLES",
        "MORELS",
        "MOSE",
        "ELS",
        "EROS",
        "SOLE",
        "MERL",
        "ROE",
        "ROM",
        "ORS",
        "MES",
        "ROMS",
        "LOME",
        "RES",
        "MORS",
        "MELS",
        "SOL",
        "ERM",
        "SOM",
        "MORSEL",
        "LOSER",
        "MOLE",
        "MORE",
        "ROLE",
        "ROSE",
        "SOME",
        "SORE",
        "LORE",
        "ELM",
        "ORE",
        "REM"
    ],
    "ws": []
}