{
    "id": "88abd04c-0d41-11eb-a781-34363b5fdca4",
    "type": 0,
    "letters": "DGINRY",
    "mov": 19,
    "shovels": 1,
    "coins": 5,
    "rows": 7,
    "cols": 2,
    "c": 0,
    "b": -1,
    "dws": [
        "YID",
        "NID",
        "GID",
        "RIN",
        "YIN",
        "ING",
        "YIRD",
        "RYND",
        "INDY",
        "DING",
        "GYRI",
        "GIRN",
        "RINDY",
        "RIDGY",
        "DINGY"
    ],
    "ws": [
        {
            "w": "DIG",
            "v": true,
            "row": 1,
            "col": 2
        },
        {
            "w": "DIN",
            "v": true,
            "row": 4,
            "col": 7
        },
        {
            "w": "DRY",
            "v": false,
            "row": 5,
            "col": 0
        },
        {
            "w": "GIN",
            "v": false,
            "row": 6,
            "col": 3
        },
        {
            "w": "RID",
            "v": true,
            "row": 5,
            "col": 1
        },
        {
            "w": "RIG",
            "v": false,
            "row": 3,
            "col": 0
        },
        {
            "w": "GIRD",
            "v": false,
            "row": 8,
            "col": 4
        },
        {
            "w": "GRID",
            "v": true,
            "row": 2,
            "col": 0
        },
        {
            "w": "GRIN",
            "v": true,
            "row": 1,
            "col": 6
        },
        {
            "w": "RIND",
            "v": true,
            "row": 0,
            "col": 8
        },
        {
            "w": "RING",
            "v": false,
            "row": 2,
            "col": 6
        },
        {
            "w": "DYING",
            "v": false,
            "row": 1,
            "col": 2
        },
        {
            "w": "GRIND",
            "v": false,
            "row": 4,
            "col": 3
        },
        {
            "w": "DRYING",
            "v": true,
            "row": 3,
            "col": 4
        }
    ]
}