{
    "id": 891,
    "sub_category": "Sail Pack",
    "category": "Field Group",
    "type": 0,
    "letters": "ALPRSU",
    "mov": 28,
    "shovels": 1,
    "coins": 5,
    "rows": 15,
    "cols": 15,
    "c": 0,
    "b": -1,
    "w": 11,
    "h": 11,
    "dws": [
        "PUL",
        "UPAS",
        "SAL",
        "ALUS",
        "PLU",
        "PURLS",
        "LARS",
        "ALP",
        "SUPRA",
        "PRAU",
        "PALS",
        "PARS",
        "LAPS",
        "ALPS",
        "URSA",
        "PAUL",
        "PAS",
        "SURA",
        "PULA",
        "PURL",
        "URPS",
        "SAUL",
        "LAS",
        "SAR",
        "ARS",
        "SAU",
        "PULS",
        "URP",
        "ALS",
        "ALU",
        "LAR",
        "LURS",
        "LUR",
        "RUSA",
        "PALUS",
        "PAULS",
        "RAPS",
        "RAS",
        "PULAS",
        "PURS",
        "PRAUS",
        "SURAL",
        "SPAUL",
        "PUR",
        "SALP",
        "SLAP",
        "RASP",
        "SPA"
    ],
    "ws": [
        {
            "w": "LAP",
            "v": true,
            "row": 4,
            "col": 6,
            "def": "The loose part of a coat; the lower part of a garment that plays loosely; a skirt; an apron."
        },
        {
            "w": "PAL",
            "v": false,
            "row": 5,
            "col": 1,
            "def": "A friend, buddy, mate, cobber, someone to hang around with."
        },
        {
            "w": "PAR",
            "v": false,
            "row": 7,
            "col": 2,
            "def": "By; with."
        },
        {
            "w": "RAP",
            "v": false,
            "row": 3,
            "col": 1,
            "def": "A sharp blow with something hard."
        },
        {
            "w": "SAP",
            "v": false,
            "row": 2,
            "col": 4,
            "def": "The juice of plants of any kind, especially the ascending and descending juices or circulating fluid essential to nutrition."
        },
        {
            "w": "UPS",
            "v": true,
            "row": 0,
            "col": 4,
            "def": "Plural form of up."
        },
        {
            "w": "SUP",
            "v": true,
            "row": 0,
            "col": 6,
            "def": "Supremum."
        },
        {
            "w": "ASP",
            "v": true,
            "row": 2,
            "col": 5,
            "def": "A water snake."
        },
        {
            "w": "PUS",
            "v": false,
            "row": 6,
            "col": 6,
            "def": "A whitish-yellow or yellow substance composed primarily of dead white blood cells and dead pyogenic bacteria; normally found in regions of bacterial infection."
        },
        {
            "w": "PLUS",
            "v": false,
            "row": 4,
            "col": 5,
            "def": "Sum of the previous one and the following one."
        },
        {
            "w": "SPAR",
            "v": false,
            "row": 9,
            "col": 5,
            "def": "To bolt, bar."
        },
        {
            "w": "SPUR",
            "v": true,
            "row": 6,
            "col": 8,
            "def": "A rigid implement, often roughly y-shaped, that is fixed to one's heel for purpose of prodding a horse. Often worn by, and emblematic of, the cowboy or the knight."
        },
        {
            "w": "SLUR",
            "v": true,
            "row": 0,
            "col": 1,
            "def": "An insult or slight."
        },
        {
            "w": "SLURP",
            "v": false,
            "row": 1,
            "col": 0,
            "def": "To eat or drink (something) noisily."
        },
        {
            "w": "PULSAR",
            "v": true,
            "row": 3,
            "col": 3,
            "def": ": A rotating neutron star that emits radio pulses periodically."
        }
    ]
}