{
    "id": "8a02879a-0d39-11eb-a781-34363b5fdca4",
    "type": 0,
    "letters": "EINNST",
    "mov": 27,
    "shovels": 1,
    "coins": 5,
    "rows": 11,
    "cols": 2,
    "c": 0,
    "b": -1,
    "dws": [
        "TES",
        "EST",
        "TIS",
        "NIE",
        "ENS",
        "SEN",
        "SEI",
        "NIS",
        "INS",
        "TEIN",
        "TINE",
        "NITE",
        "STEN",
        "STIE",
        "SNIT",
        "NIES",
        "SINE",
        "SIEN",
        "INNS",
        "TEINS",
        "TINES",
        "NEIST",
        "NITES",
        "SENTI",
        "STEIN",
        "SENNIT",
        "SINNET",
        "NINES",
        "NETS",
        "SENT",
        "INN",
        "NET",
        "NIT",
        "TIN"
    ],
    "ws": [
        {
            "w": "ITS",
            "v": false,
            "row": 6,
            "col": 6
        },
        {
            "w": "SET",
            "v": false,
            "row": 0,
            "col": 6
        },
        {
            "w": "SIN",
            "v": true,
            "row": 7,
            "col": 5
        },
        {
            "w": "SIT",
            "v": true,
            "row": 0,
            "col": 6
        },
        {
            "w": "TEN",
            "v": false,
            "row": 0,
            "col": 2
        },
        {
            "w": "TIE",
            "v": false,
            "row": 2,
            "col": 6
        },
        {
            "w": "NEST",
            "v": false,
            "row": 3,
            "col": 0
        },
        {
            "w": "NINE",
            "v": false,
            "row": 9,
            "col": 5
        },
        {
            "w": "NITS",
            "v": false,
            "row": 7,
            "col": 2
        },
        {
            "w": "SITE",
            "v": true,
            "row": 6,
            "col": 8
        },
        {
            "w": "TENS",
            "v": true,
            "row": 1,
            "col": 0
        },
        {
            "w": "TIES",
            "v": true,
            "row": 0,
            "col": 2
        },
        {
            "w": "TINS",
            "v": false,
            "row": 5,
            "col": 1
        },
        {
            "w": "INSET",
            "v": true,
            "row": 2,
            "col": 7
        },
        {
            "w": "TENNIS",
            "v": true,
            "row": 3,
            "col": 3
        }
    ]
}