{
    "id": "8b9834da-0d41-11eb-a781-34363b5fdca4",
    "type": 0,
    "letters": "AAELPP",
    "mov": 17,
    "shovels": 1,
    "coins": 5,
    "rows": 6,
    "cols": 2,
    "c": 0,
    "b": -1,
    "dws": [
        "APP",
        "PAP",
        "ALP",
        "LEA",
        "AAL",
        "ALA",
        "PEP",
        "PEL",
        "LEP",
        "PAPE",
        "PAPA",
        "PALP",
        "PLAP",
        "PELA",
        "ALAP",
        "PAAL",
        "ALAE",
        "APPEL",
        "PEPLA",
        "APPAL",
        "PALEA"
    ],
    "ws": [
        {
            "w": "ALE",
            "v": true,
            "row": 3,
            "col": 7
        },
        {
            "w": "APE",
            "v": false,
            "row": 1,
            "col": 4
        },
        {
            "w": "LAP",
            "v": true,
            "row": 0,
            "col": 4
        },
        {
            "w": "PAL",
            "v": true,
            "row": 0,
            "col": 1
        },
        {
            "w": "PEA",
            "v": true,
            "row": 0,
            "col": 6
        },
        {
            "w": "LEAP",
            "v": false,
            "row": 2,
            "col": 1
        },
        {
            "w": "PALE",
            "v": true,
            "row": 4,
            "col": 1
        },
        {
            "w": "PEAL",
            "v": false,
            "row": 0,
            "col": 1
        },
        {
            "w": "PLEA",
            "v": false,
            "row": 6,
            "col": 0
        },
        {
            "w": "APPLE",
            "v": true,
            "row": 3,
            "col": 5
        },
        {
            "w": "PAPAL",
            "v": false,
            "row": 4,
            "col": 3
        },
        {
            "w": "APPEAL",
            "v": true,
            "row": 2,
            "col": 3
        }
    ]
}