{
    "id": "8c07be36-0d41-11eb-a781-34363b5fdca4",
    "type": 0,
    "letters": "EFGIRU",
    "mov": 17,
    "shovels": 1,
    "coins": 5,
    "rows": 6,
    "cols": 2,
    "c": 0,
    "b": -1,
    "dws": [
        "GIF",
        "RIF",
        "FIE",
        "FUG",
        "FEG",
        "FEU",
        "FER",
        "REF",
        "ERF",
        "GIE",
        "REI",
        "GUR",
        "GUE",
        "GER",
        "REG",
        "ERG",
        "URE",
        "FRIG",
        "FIER",
        "REIF",
        "FRUG",
        "GRUE",
        "FUGIE"
    ],
    "ws": [
        {
            "w": "FIG",
            "v": false,
            "row": 4,
            "col": 1
        },
        {
            "w": "FIR",
            "v": false,
            "row": 2,
            "col": 3
        },
        {
            "w": "FUR",
            "v": true,
            "row": 0,
            "col": 5
        },
        {
            "w": "IRE",
            "v": false,
            "row": 1,
            "col": 0
        },
        {
            "w": "RIG",
            "v": true,
            "row": 4,
            "col": 5
        },
        {
            "w": "RUE",
            "v": false,
            "row": 4,
            "col": 5
        },
        {
            "w": "RUG",
            "v": false,
            "row": 6,
            "col": 3
        },
        {
            "w": "FIRE",
            "v": true,
            "row": 1,
            "col": 7
        },
        {
            "w": "RIFE",
            "v": false,
            "row": 0,
            "col": 3
        },
        {
            "w": "URGE",
            "v": false,
            "row": 7,
            "col": 0
        },
        {
            "w": "GRIEF",
            "v": true,
            "row": 0,
            "col": 1
        },
        {
            "w": "FIGURE",
            "v": true,
            "row": 2,
            "col": 3
        }
    ]
}