{
    "id": 91,
    "sub_category": "Ravine Pack",
    "category": "Canyon Group",
    "type": 0,
    "letters": "AELPQU",
    "mov": 18,
    "shovels": 1,
    "coins": 5,
    "rows": 15,
    "cols": 15,
    "c": 0,
    "b": -1,
    "w": 7,
    "h": 7,
    "dws": [
        "PUL",
        "PELAU",
        "PLU",
        "ALP",
        "PAUL",
        "PEL",
        "PULE",
        "EAU",
        "ALE",
        "PULA",
        "LEA",
        "PELA",
        "QUA",
        "LAP",
        "QUALE",
        "ULE",
        "LEU",
        "ALU",
        "PLUE",
        "PEAL",
        "LEP",
        "AUE"
    ],
    "ws": [
        {
            "w": "APE",
            "v": false,
            "row": 3,
            "col": 4,
            "def": "A primate of the clade Hominoidea, generally larger than monkeys and distinguished from them by having no tail."
        },
        {
            "w": "PAL",
            "v": false,
            "row": 1,
            "col": 2,
            "def": "A friend, buddy, mate, cobber, someone to hang around with."
        },
        {
            "w": "PEA",
            "v": false,
            "row": 3,
            "col": 0,
            "def": "A plant, member of the legume (Fabaceae) family."
        },
        {
            "w": "LEAP",
            "v": true,
            "row": 0,
            "col": 0,
            "def": "To jump from one location to another."
        },
        {
            "w": "PALE",
            "v": true,
            "row": 0,
            "col": 6,
            "def": "Light in color."
        },
        {
            "w": "PLEA",
            "v": true,
            "row": 0,
            "col": 4,
            "def": "An appeal, petition, urgent prayer or entreaty."
        },
        {
            "w": "EQUAL",
            "v": false,
            "row": 6,
            "col": 2,
            "def": "The same in all respects."
        },
        {
            "w": "PLAQUE",
            "v": true,
            "row": 1,
            "col": 2,
            "def": "Any flat, thin piece of metal, clay, ivory, or the like, used for ornament, or for painting pictures upon, as a slab, plate, dish, or the like, hung upon a wall; also, a smaller decoration worn on the person, as a brooch."
        }
    ]
}