{
    "id": 98,
    "sub_category": "Pass Pack",
    "category": "Canyon Group",
    "type": 0,
    "letters": "CIPRSY",
    "mov": 20,
    "shovels": 1,
    "coins": 5,
    "rows": 15,
    "cols": 15,
    "c": 0,
    "b": -1,
    "w": 9,
    "h": 8,
    "dws": [
        "PICS",
        "SIC",
        "RISP",
        "SCRIP",
        "PSI",
        "PIS",
        "PIRS",
        "PYRIC",
        "RICY",
        "CRIPS",
        "SPIRY",
        "ICY",
        "SCRY",
        "CYPRIS",
        "CRIP",
        "PRYS",
        "YIP",
        "CIS",
        "SPIC",
        "PRICY",
        "CRIS",
        "SRI",
        "PIR",
        "YIPS",
        "PYIC",
        "RIPS",
        "CRY"
    ],
    "ws": [
        {
            "w": "PRY",
            "v": false,
            "row": 5,
            "col": 3,
            "def": "To look where one is not welcome; to be nosey."
        },
        {
            "w": "RIP",
            "v": false,
            "row": 2,
            "col": 3,
            "def": "A tear (in paper, etc.)."
        },
        {
            "w": "SIP",
            "v": true,
            "row": 4,
            "col": 1,
            "def": "A small mouthful of drink."
        },
        {
            "w": "SIR",
            "v": false,
            "row": 1,
            "col": 5,
            "def": "A man of a higher rank or position."
        },
        {
            "w": "SPY",
            "v": true,
            "row": 0,
            "col": 1,
            "def": "A person who secretly watches and examines the actions of other individuals or organizations and gathers information on them (usually to gain an advantage)."
        },
        {
            "w": "PIC",
            "v": false,
            "row": 1,
            "col": 1,
            "def": "A picture, especially a photographic image."
        },
        {
            "w": "SPRY",
            "v": false,
            "row": 6,
            "col": 0,
            "def": "Having great power of leaping or running; nimble; active."
        },
        {
            "w": "CRISP",
            "v": true,
            "row": 0,
            "col": 7,
            "def": "Sharp, clearly defined."
        },
        {
            "w": "SPICY",
            "v": true,
            "row": 1,
            "col": 5,
            "def": "Of, pertaining to, or containing spice."
        },
        {
            "w": "CRISPY",
            "v": true,
            "row": 1,
            "col": 3,
            "def": "Having a crisp texture; brittle yet tender."
        }
    ]
}