{
    "id": 987,
    "sub_category": "Set Pack",
    "category": "Lake Group",
    "type": 0,
    "letters": "ADEGGR",
    "mov": 20,
    "shovels": 1,
    "coins": 5,
    "rows": 15,
    "cols": 15,
    "c": 0,
    "b": -1,
    "w": 9,
    "h": 7,
    "dws": [
        "RADE",
        "RAGED",
        "RED",
        "ARE",
        "AREG",
        "GAG",
        "EGG",
        "RAG",
        "GAGE",
        "REG",
        "ERA",
        "GAR",
        "GADGE",
        "ARD",
        "GAGED",
        "GAGER",
        "EGAD",
        "EARD",
        "GADE",
        "DAE",
        "GARE",
        "GAE",
        "ERG",
        "GAED",
        "AGGER",
        "DREG",
        "GED",
        "RAGGED",
        "DARG",
        "EGGAR",
        "DAG",
        "AGER",
        "RAD",
        "RAGG",
        "EAR",
        "AGE",
        "GAD",
        "ARED",
        "GER",
        "DEG",
        "RADGE"
    ],
    "ws": [
        {
            "w": "AGED",
            "v": true,
            "row": 3,
            "col": 7,
            "def": "Old."
        },
        {
            "w": "DARE",
            "v": false,
            "row": 6,
            "col": 0,
            "def": "To have enough courage (to do something)."
        },
        {
            "w": "DEAR",
            "v": false,
            "row": 2,
            "col": 3,
            "def": "Loved; lovable."
        },
        {
            "w": "DRAG",
            "v": false,
            "row": 4,
            "col": 0,
            "def": "To pull along a surface or through a medium, sometimes with difficulty."
        },
        {
            "w": "GEAR",
            "v": true,
            "row": 1,
            "col": 1,
            "def": "Equipment or paraphernalia, especially that used for an athletic endeavor."
        },
        {
            "w": "GRAD",
            "v": false,
            "row": 0,
            "col": 4,
            "def": "A graduate."
        },
        {
            "w": "RAGE",
            "v": false,
            "row": 7,
            "col": 3,
            "def": "Violent uncontrolled anger."
        },
        {
            "w": "READ",
            "v": true,
            "row": 0,
            "col": 5,
            "def": "A reading or an act of reading, especially an actor's part of a play."
        },
        {
            "w": "GRADE",
            "v": false,
            "row": 5,
            "col": 3,
            "def": "A rating."
        },
        {
            "w": "DAGGER",
            "v": true,
            "row": 2,
            "col": 3,
            "def": "A stabbing weapon, similar to a sword but with a short, double-edged blade."
        }
    ]
}