{
    "id": 989,
    "sub_category": "Set Pack",
    "category": "Lake Group",
    "type": 0,
    "letters": "AELRRY",
    "mov": 18,
    "shovels": 1,
    "coins": 5,
    "rows": 15,
    "cols": 15,
    "c": 0,
    "b": -1,
    "w": 8,
    "h": 7,
    "dws": [
        "ARE",
        "YAR",
        "EYRA",
        "RAYLE",
        "YER",
        "YALE",
        "RYA",
        "ERA",
        "LARE",
        "REAR",
        "ARY",
        "RAY",
        "YARE",
        "REARLY",
        "YARR",
        "LAY",
        "AYRE",
        "EARLY",
        "ALE",
        "RALE",
        "RARE",
        "YARER",
        "LEA",
        "AERY",
        "LAER",
        "ARYL",
        "ERR",
        "RYE",
        "EAR",
        "LEAR",
        "ARLE",
        "AYE",
        "YAE",
        "LAR",
        "LYE",
        "YEA",
        "LYRA",
        "RYAL",
        "LEARY",
        "LEY"
    ],
    "ws": [
        {
            "w": "EARL",
            "v": false,
            "row": 6,
            "col": 0,
            "def": "A British nobleman next in rank above a viscount and below a marquess; equivalent to a European count. A female using the style is termed a countess."
        },
        {
            "w": "REAL",
            "v": true,
            "row": 4,
            "col": 1,
            "def": "A commodity; see reality."
        },
        {
            "w": "RELY",
            "v": false,
            "row": 4,
            "col": 3,
            "def": "To rest with confidence, as when fully satisfied of the veracity, integrity, or ability of persons, or of the certainty of facts or of evidence; to have confidence; to trust; to depend."
        },
        {
            "w": "YEAR",
            "v": false,
            "row": 2,
            "col": 0,
            "def": "The time it takes the Earth to complete one revolution of the Sun (between 365.24 and 365.26 days depending on the point of reference)."
        },
        {
            "w": "LYRE",
            "v": true,
            "row": 4,
            "col": 5,
            "def": "A stringed musical instrument."
        },
        {
            "w": "LAYER",
            "v": false,
            "row": 0,
            "col": 2,
            "def": "A single thickness of some material covering a surface."
        },
        {
            "w": "RELAY",
            "v": true,
            "row": 0,
            "col": 6,
            "def": "To lay (for example, flooring or railroad track) again."
        },
        {
            "w": "RARELY",
            "v": true,
            "row": 2,
            "col": 3,
            "def": "To a rare degree; very."
        }
    ]
}