{
    "id": "9abb85d2-0d43-11eb-a781-34363b5fdca4",
    "type": 0,
    "letters": "ABGIKN",
    "mov": 19,
    "shovels": 1,
    "coins": 5,
    "rows": 7,
    "cols": 2,
    "c": 0,
    "b": -1,
    "dws": [
        "KAB",
        "NAB",
        "GAB",
        "NIB",
        "GIB",
        "KAI",
        "KAN",
        "GAK",
        "AIN",
        "ANI",
        "GAN",
        "ING",
        "NABK",
        "BANI",
        "NABI",
        "BIGA",
        "BINK",
        "BING",
        "KAIN",
        "KINA",
        "IKAN",
        "NAIK",
        "KANG",
        "KNAG",
        "AGIN",
        "GINK",
        "KIANG"
    ],
    "ws": [
        {
            "w": "BAG",
            "v": false,
            "row": 3,
            "col": 0
        },
        {
            "w": "BAN",
            "v": false,
            "row": 3,
            "col": 4
        },
        {
            "w": "BIG",
            "v": true,
            "row": 7,
            "col": 6
        },
        {
            "w": "BIN",
            "v": false,
            "row": 1,
            "col": 1
        },
        {
            "w": "GIN",
            "v": false,
            "row": 6,
            "col": 0
        },
        {
            "w": "INK",
            "v": true,
            "row": 5,
            "col": 2
        },
        {
            "w": "KIN",
            "v": false,
            "row": 7,
            "col": 2
        },
        {
            "w": "NAG",
            "v": true,
            "row": 3,
            "col": 6
        },
        {
            "w": "AKIN",
            "v": false,
            "row": 4,
            "col": 6
        },
        {
            "w": "BANG",
            "v": true,
            "row": 3,
            "col": 0
        },
        {
            "w": "BANK",
            "v": true,
            "row": 2,
            "col": 9
        },
        {
            "w": "GAIN",
            "v": false,
            "row": 8,
            "col": 4
        },
        {
            "w": "KING",
            "v": true,
            "row": 0,
            "col": 2
        },
        {
            "w": "BAKING",
            "v": true,
            "row": 3,
            "col": 4
        }
    ]
}