{
    "id": "9ba56922-0d43-11eb-a781-34363b5fdca4",
    "type": 0,
    "letters": "ACEGHN",
    "mov": 17,
    "shovels": 1,
    "coins": 5,
    "rows": 6,
    "cols": 2,
    "c": 0,
    "b": -1,
    "dws": [
        "CHA",
        "ACH",
        "CHE",
        "ECH",
        "CAG",
        "HAN",
        "NAH",
        "HAG",
        "HAE",
        "GAN",
        "ANE",
        "NAE",
        "EAN",
        "GAE",
        "NEG",
        "GEN",
        "ENG",
        "NACH",
        "GACH",
        "CANG",
        "ANCE",
        "HAEN",
        "AGEN",
        "GANE",
        "GAEN",
        "GEAN",
        "GENA",
        "CHANG",
        "GANCH",
        "CANEH",
        "HANCE",
        "NACHE"
    ],
    "ws": [
        {
            "w": "ACE",
            "v": false,
            "row": 1,
            "col": 0
        },
        {
            "w": "AGE",
            "v": true,
            "row": 5,
            "col": 7
        },
        {
            "w": "CAN",
            "v": true,
            "row": 0,
            "col": 5
        },
        {
            "w": "HEN",
            "v": true,
            "row": 4,
            "col": 5
        },
        {
            "w": "NAG",
            "v": false,
            "row": 6,
            "col": 5
        },
        {
            "w": "ACHE",
            "v": false,
            "row": 4,
            "col": 3
        },
        {
            "w": "ACNE",
            "v": false,
            "row": 0,
            "col": 4
        },
        {
            "w": "CAGE",
            "v": true,
            "row": 0,
            "col": 0
        },
        {
            "w": "CANE",
            "v": false,
            "row": 2,
            "col": 3
        },
        {
            "w": "EACH",
            "v": false,
            "row": 3,
            "col": 0
        },
        {
            "w": "HANG",
            "v": false,
            "row": 6,
            "col": 0
        },
        {
            "w": "CHANGE",
            "v": true,
            "row": 2,
            "col": 3
        }
    ]
}