{
    "id": "9e8eb12a-0d39-11eb-a781-34363b5fdca4",
    "type": 0,
    "letters": "EGNORV",
    "mov": 19,
    "shovels": 1,
    "coins": 5,
    "rows": 7,
    "cols": 2,
    "c": 0,
    "b": -1,
    "dws": [
        "GOV",
        "VOG",
        "GOE",
        "GEO",
        "GOR",
        "ORG",
        "GON",
        "NOG",
        "VEG",
        "GER",
        "ERG",
        "REG",
        "GEN",
        "ENG",
        "NEG",
        "VOE",
        "EVO",
        "VOR",
        "REO",
        "EON",
        "REV",
        "ERN",
        "REN",
        "VEGO",
        "ERGO",
        "REGO",
        "RONG",
        "GREN",
        "ONER",
        "RENO",
        "RONE",
        "GONER",
        "GENRO",
        "GRONE",
        "ERGON",
        "NEGRO",
        "ROVEN"
    ],
    "ws": [
        {
            "w": "EGO",
            "v": true,
            "row": 7,
            "col": 7
        },
        {
            "w": "NOR",
            "v": true,
            "row": 0,
            "col": 5
        },
        {
            "w": "ONE",
            "v": false,
            "row": 4,
            "col": 4
        },
        {
            "w": "ORE",
            "v": true,
            "row": 2,
            "col": 6
        },
        {
            "w": "ROE",
            "v": false,
            "row": 2,
            "col": 5
        },
        {
            "w": "GOER",
            "v": false,
            "row": 2,
            "col": 0
        },
        {
            "w": "GONE",
            "v": false,
            "row": 9,
            "col": 6
        },
        {
            "w": "GORE",
            "v": true,
            "row": 5,
            "col": 1
        },
        {
            "w": "OGRE",
            "v": false,
            "row": 6,
            "col": 1
        },
        {
            "w": "OVEN",
            "v": false,
            "row": 0,
            "col": 2
        },
        {
            "w": "OVER",
            "v": true,
            "row": 0,
            "col": 2
        },
        {
            "w": "ROVE",
            "v": false,
            "row": 7,
            "col": 4
        },
        {
            "w": "GROVE",
            "v": true,
            "row": 5,
            "col": 9
        },
        {
            "w": "GOVERN",
            "v": true,
            "row": 3,
            "col": 4
        }
    ]
}