{
    "id": "a7c5cab8-0d47-11eb-a781-34363b5fdca4",
    "type": 0,
    "letters": "ADEIVW",
    "mov": 27,
    "shovels": 1,
    "coins": 5,
    "rows": 11,
    "cols": 2,
    "c": 0,
    "b": -1,
    "dws": [
        "WAI",
        "VAW",
        "WAE",
        "DAW",
        "AVE",
        "VAE",
        "DAE",
        "VID",
        "DIV",
        "IDE",
        "DEI",
        "DEV",
        "WAID",
        "WADI",
        "DEAW",
        "WIVE",
        "WEID",
        "VIAE",
        "VADE",
        "DEVA",
        "VIDE",
        "DEVI",
        "WIVED",
        "WAIVE",
        "WAVED",
        "AVID",
        "WADE",
        "WAVE",
        "AWE",
        "DEW"
    ],
    "ws": [
        {
            "w": "AID",
            "v": true,
            "row": 0,
            "col": 7
        },
        {
            "w": "DIE",
            "v": true,
            "row": 7,
            "col": 1
        },
        {
            "w": "VIA",
            "v": false,
            "row": 5,
            "col": 2
        },
        {
            "w": "VIE",
            "v": true,
            "row": 4,
            "col": 7
        },
        {
            "w": "WAD",
            "v": false,
            "row": 0,
            "col": 6
        },
        {
            "w": "WED",
            "v": false,
            "row": 6,
            "col": 6
        },
        {
            "w": "AIDE",
            "v": true,
            "row": 0,
            "col": 2
        },
        {
            "w": "AWED",
            "v": true,
            "row": 1,
            "col": 5
        },
        {
            "w": "DIVA",
            "v": true,
            "row": 1,
            "col": 0
        },
        {
            "w": "DIVE",
            "v": false,
            "row": 4,
            "col": 5
        },
        {
            "w": "IDEA",
            "v": false,
            "row": 1,
            "col": 2
        },
        {
            "w": "VIED",
            "v": false,
            "row": 8,
            "col": 0
        },
        {
            "w": "VIEW",
            "v": false,
            "row": 3,
            "col": 0
        },
        {
            "w": "WIDE",
            "v": false,
            "row": 2,
            "col": 5
        },
        {
            "w": "WAIVED",
            "v": true,
            "row": 3,
            "col": 3
        }
    ]
}