{
    "id": "b1bdea0e-0d39-11eb-a781-34363b5fdca4",
    "type": 0,
    "letters": "DENOZ",
    "mov": 19,
    "shovels": 1,
    "coins": 5,
    "rows": 7,
    "cols": 2,
    "c": 0,
    "b": -1,
    "dws": [
        "DZO",
        "ZED",
        "NED",
        "DOEN",
        "ZENDO"
    ],
    "ws": [
        {
            "w": "DEN",
            "v": false,
            "row": 8,
            "col": 1
        },
        {
            "w": "DOE",
            "v": false,
            "row": 4,
            "col": 3
        },
        {
            "w": "DON",
            "v": false,
            "row": 4,
            "col": 7
        },
        {
            "w": "END",
            "v": false,
            "row": 5,
            "col": 0
        },
        {
            "w": "EON",
            "v": true,
            "row": 2,
            "col": 9
        },
        {
            "w": "NOD",
            "v": false,
            "row": 1,
            "col": 1
        },
        {
            "w": "ODE",
            "v": false,
            "row": 6,
            "col": 2
        },
        {
            "w": "ONE",
            "v": false,
            "row": 3,
            "col": 0
        },
        {
            "w": "DONE",
            "v": true,
            "row": 5,
            "col": 2
        },
        {
            "w": "DOZE",
            "v": true,
            "row": 4,
            "col": 7
        },
        {
            "w": "NODE",
            "v": false,
            "row": 7,
            "col": 4
        },
        {
            "w": "ZONE",
            "v": true,
            "row": 0,
            "col": 2
        },
        {
            "w": "DOZEN",
            "v": true,
            "row": 3,
            "col": 4
        },
        {
            "w": "ZONED",
            "v": true,
            "row": 2,
            "col": 0
        }
    ]
}