{
    "id": "b286c934-0d47-11eb-a781-34363b5fdca4",
    "type": 0,
    "letters": "ELOVW",
    "mov": 13,
    "shovels": 1,
    "coins": 5,
    "rows": 4,
    "cols": 2,
    "c": 0,
    "b": -1,
    "dws": [
        "VOE",
        "EVO",
        "VOL",
        "LEV",
        "OLE",
        "LEW",
        "VOLE",
        "OVEL",
        "LEVO",
        "LOWE",
        "WOLVE"
    ],
    "ws": [
        {
            "w": "LOW",
            "v": true,
            "row": 1,
            "col": 3
        },
        {
            "w": "OWE",
            "v": false,
            "row": 2,
            "col": 3
        },
        {
            "w": "OWL",
            "v": false,
            "row": 5,
            "col": 0
        },
        {
            "w": "VOW",
            "v": false,
            "row": 3,
            "col": 1
        },
        {
            "w": "WOE",
            "v": true,
            "row": 0,
            "col": 5
        },
        {
            "w": "LOVE",
            "v": false,
            "row": 7,
            "col": 1
        },
        {
            "w": "WOVE",
            "v": true,
            "row": 4,
            "col": 4
        },
        {
            "w": "VOWEL",
            "v": true,
            "row": 3,
            "col": 1
        }
    ]
}