{
    "id": "b3ebc8dc-0d39-11eb-a781-34363b5fdca4",
    "type": 0,
    "letters": "EOPRW",
    "mov": 17,
    "shovels": 1,
    "coins": 5,
    "rows": 6,
    "cols": 2,
    "c": 0,
    "b": -1,
    "dws": [
        "POW",
        "WOP",
        "OPE",
        "PRE",
        "REP",
        "REO",
        "REW",
        "PROW",
        "REPO",
        "OWER",
        "OWRE",
        "WERO"
    ],
    "ws": [
        {
            "w": "ORE",
            "v": false,
            "row": 4,
            "col": 5
        },
        {
            "w": "OWE",
            "v": true,
            "row": 2,
            "col": 7
        },
        {
            "w": "PER",
            "v": false,
            "row": 3,
            "col": 3
        },
        {
            "w": "PEW",
            "v": false,
            "row": 0,
            "col": 2
        },
        {
            "w": "PRO",
            "v": true,
            "row": 0,
            "col": 2
        },
        {
            "w": "ROE",
            "v": true,
            "row": 3,
            "col": 5
        },
        {
            "w": "ROW",
            "v": false,
            "row": 7,
            "col": 3
        },
        {
            "w": "WOE",
            "v": false,
            "row": 5,
            "col": 3
        },
        {
            "w": "PORE",
            "v": false,
            "row": 6,
            "col": 0
        },
        {
            "w": "ROPE",
            "v": true,
            "row": 4,
            "col": 0
        },
        {
            "w": "WORE",
            "v": true,
            "row": 0,
            "col": 4
        },
        {
            "w": "POWER",
            "v": true,
            "row": 3,
            "col": 3
        }
    ]
}