{
    "id": "b74690da-0d47-11eb-a781-34363b5fdca4",
    "type": 0,
    "letters": "ADIRY",
    "mov": 19,
    "shovels": 1,
    "coins": 5,
    "rows": 7,
    "cols": 2,
    "c": 0,
    "b": -1,
    "dws": [
        "YID",
        "ARD",
        "YAD",
        "RAI",
        "RIA",
        "ARY",
        "RYA",
        "YAR",
        "DARI",
        "RIAD",
        "DIYA",
        "YIRD",
        "ADRY",
        "YAIRD"
    ],
    "ws": [
        {
            "w": "AID",
            "v": false,
            "row": 2,
            "col": 5
        },
        {
            "w": "AIR",
            "v": true,
            "row": 2,
            "col": 5
        },
        {
            "w": "DAY",
            "v": true,
            "row": 7,
            "col": 6
        },
        {
            "w": "DRY",
            "v": true,
            "row": 2,
            "col": 7
        },
        {
            "w": "RAD",
            "v": false,
            "row": 3,
            "col": 7
        },
        {
            "w": "RAY",
            "v": false,
            "row": 6,
            "col": 0
        },
        {
            "w": "RID",
            "v": false,
            "row": 7,
            "col": 4
        },
        {
            "w": "AIRY",
            "v": false,
            "row": 8,
            "col": 6
        },
        {
            "w": "ARID",
            "v": true,
            "row": 5,
            "col": 0
        },
        {
            "w": "DRAY",
            "v": false,
            "row": 4,
            "col": 4
        },
        {
            "w": "RAID",
            "v": true,
            "row": 0,
            "col": 9
        },
        {
            "w": "YARD",
            "v": true,
            "row": 6,
            "col": 8
        },
        {
            "w": "DAIRY",
            "v": true,
            "row": 4,
            "col": 4
        },
        {
            "w": "DIARY",
            "v": false,
            "row": 8,
            "col": 0
        }
    ]
}