{
    "id": "b86d3b30-0d42-11eb-a781-34363b5fdca4",
    "type": 0,
    "letters": "AEHRRT",
    "mov": 29,
    "shovels": 1,
    "coins": 5,
    "rows": 12,
    "cols": 2,
    "c": 0,
    "b": -1,
    "dws": [
        "RAH",
        "RET",
        "REH",
        "TAE",
        "ETA",
        "HAE",
        "HET",
        "ETH",
        "RATH",
        "TAHR",
        "THAR",
        "ARET",
        "TARE",
        "RHEA",
        "TEHR",
        "THAE",
        "HAET",
        "EATH",
        "RATHE",
        "HATER",
        "HEART",
        "EARTH",
        "ARRET",
        "TARRE",
        "TERRA",
        "HEAT",
        "RATE",
        "TEAR",
        "ARE",
        "EAR",
        "HAT",
        "RAT",
        "TEA",
        "THE"
    ],
    "ws": [
        {
            "w": "ART",
            "v": false,
            "row": 7,
            "col": 6
        },
        {
            "w": "ATE",
            "v": false,
            "row": 7,
            "col": 2
        },
        {
            "w": "EAT",
            "v": false,
            "row": 5,
            "col": 6
        },
        {
            "w": "ERA",
            "v": true,
            "row": 5,
            "col": 6
        },
        {
            "w": "ERR",
            "v": false,
            "row": 8,
            "col": 0
        },
        {
            "w": "HER",
            "v": false,
            "row": 6,
            "col": 4
        },
        {
            "w": "TAR",
            "v": true,
            "row": 7,
            "col": 8
        },
        {
            "w": "HARE",
            "v": true,
            "row": 6,
            "col": 2
        },
        {
            "w": "HART",
            "v": true,
            "row": 0,
            "col": 6
        },
        {
            "w": "HATE",
            "v": true,
            "row": 5,
            "col": 0
        },
        {
            "w": "HEAR",
            "v": false,
            "row": 9,
            "col": 5
        },
        {
            "w": "RARE",
            "v": false,
            "row": 1,
            "col": 5
        },
        {
            "w": "REAR",
            "v": true,
            "row": 0,
            "col": 8
        },
        {
            "w": "RATER",
            "v": false,
            "row": 3,
            "col": 4
        },
        {
            "w": "RATHER",
            "v": true,
            "row": 3,
            "col": 4
        }
    ]
}