{
    "id": "c013ce84-0d48-11eb-a781-34363b5fdca4",
    "type": 0,
    "letters": "DGINOS",
    "mov": 31,
    "shovels": 1,
    "coins": 5,
    "rows": 13,
    "cols": 2,
    "c": 0,
    "b": -1,
    "dws": [
        "DOS",
        "DSO",
        "ODS",
        "DIS",
        "NID",
        "GID",
        "OIS",
        "ISO",
        "IOS",
        "ONS",
        "NOS",
        "SOG",
        "GOS",
        "GIO",
        "NOG",
        "GON",
        "INS",
        "NIS",
        "SIG",
        "GIS",
        "ING",
        "SNOD",
        "DINO",
        "NODI",
        "DINS",
        "SIND",
        "NIDS",
        "GIDS",
        "DING",
        "GIOS",
        "SNOG",
        "NOGS",
        "GONS",
        "INGO",
        "SNIG",
        "INGS",
        "DINOS",
        "DONGS",
        "DINGS",
        "DOINGS",
        "DINGOS",
        "DOGS",
        "DONG",
        "GINS",
        "SIGN",
        "SONG",
        "DIG",
        "DON",
        "GIN",
        "GOD",
        "IDS",
        "SIN"
    ],
    "ws": [
        {
            "w": "DIN",
            "v": false,
            "row": 3,
            "col": 7
        },
        {
            "w": "DOG",
            "v": true,
            "row": 3,
            "col": 7
        },
        {
            "w": "ION",
            "v": false,
            "row": 7,
            "col": 2
        },
        {
            "w": "NOD",
            "v": false,
            "row": 5,
            "col": 0
        },
        {
            "w": "SOD",
            "v": true,
            "row": 7,
            "col": 0
        },
        {
            "w": "SON",
            "v": true,
            "row": 3,
            "col": 0
        },
        {
            "w": "DIGS",
            "v": false,
            "row": 9,
            "col": 0
        },
        {
            "w": "DONS",
            "v": true,
            "row": 0,
            "col": 5
        },
        {
            "w": "GODS",
            "v": false,
            "row": 3,
            "col": 2
        },
        {
            "w": "IONS",
            "v": true,
            "row": 1,
            "col": 9
        },
        {
            "w": "NODS",
            "v": true,
            "row": 5,
            "col": 6
        },
        {
            "w": "SING",
            "v": false,
            "row": 5,
            "col": 4
        },
        {
            "w": "DINGO",
            "v": false,
            "row": 1,
            "col": 1
        },
        {
            "w": "DOING",
            "v": true,
            "row": 5,
            "col": 2
        },
        {
            "w": "DOSING",
            "v": true,
            "row": 3,
            "col": 4
        }
    ]
}