{
    "id": "c1894982-0d3a-11eb-a781-34363b5fdca4",
    "type": 0,
    "letters": "BGILNO",
    "mov": 23,
    "shovels": 1,
    "coins": 5,
    "rows": 9,
    "cols": 2,
    "c": 0,
    "b": -1,
    "dws": [
        "GOB",
        "GIO",
        "GON",
        "NOG",
        "GIB",
        "LIG",
        "ING",
        "OBI",
        "BOI",
        "BIO",
        "BON",
        "NOB",
        "LIB",
        "LIN",
        "BLOG",
        "GOBI",
        "BIOG",
        "BONG",
        "INGO",
        "BING",
        "LING",
        "LOBI",
        "LINO",
        "NOIL",
        "BLIN",
        "GLOBI",
        "BOING",
        "LOGIN",
        "LINGO",
        "BLING",
        "GLOBIN",
        "LOB",
        "OIL"
    ],
    "ws": [
        {
            "w": "BIG",
            "v": false,
            "row": 2,
            "col": 0
        },
        {
            "w": "BIN",
            "v": true,
            "row": 0,
            "col": 8
        },
        {
            "w": "BOG",
            "v": true,
            "row": 0,
            "col": 2
        },
        {
            "w": "GIN",
            "v": true,
            "row": 7,
            "col": 1
        },
        {
            "w": "ION",
            "v": false,
            "row": 2,
            "col": 6
        },
        {
            "w": "LOG",
            "v": false,
            "row": 8,
            "col": 6
        },
        {
            "w": "NIB",
            "v": true,
            "row": 1,
            "col": 6
        },
        {
            "w": "NIL",
            "v": true,
            "row": 6,
            "col": 6
        },
        {
            "w": "BOIL",
            "v": true,
            "row": 0,
            "col": 4
        },
        {
            "w": "GLIB",
            "v": false,
            "row": 5,
            "col": 0
        },
        {
            "w": "GLOB",
            "v": false,
            "row": 3,
            "col": 3
        },
        {
            "w": "LION",
            "v": false,
            "row": 8,
            "col": 0
        },
        {
            "w": "LOIN",
            "v": false,
            "row": 6,
            "col": 3
        },
        {
            "w": "LONG",
            "v": true,
            "row": 5,
            "col": 8
        },
        {
            "w": "BINGO",
            "v": true,
            "row": 2,
            "col": 0
        },
        {
            "w": "GOBLIN",
            "v": true,
            "row": 3,
            "col": 3
        }
    ]
}