{
    "id": "c2737c18-0d3b-11eb-a781-34363b5fdca4",
    "type": 0,
    "letters": "EEHLSW",
    "mov": 17,
    "shovels": 1,
    "coins": 5,
    "rows": 6,
    "cols": 2,
    "c": 0,
    "b": -1,
    "dws": [
        "EWE",
        "EEW",
        "LEW",
        "HES",
        "EHS",
        "SHE",
        "LEE",
        "ESE",
        "ELS",
        "LES",
        "SEL",
        "WHEE",
        "HEWS",
        "SHEW",
        "WEEL",
        "WEES",
        "EWES",
        "SWEE",
        "WELS",
        "HELE",
        "LEES",
        "SELE",
        "SEEL",
        "SLEE",
        "WELSH",
        "WEELS",
        "SEWEL",
        "HELES",
        "SHEEL"
    ],
    "ws": [
        {
            "w": "EEL",
            "v": false,
            "row": 5,
            "col": 5
        },
        {
            "w": "HEW",
            "v": false,
            "row": 4,
            "col": 2
        },
        {
            "w": "SEE",
            "v": false,
            "row": 3,
            "col": 5
        },
        {
            "w": "SEW",
            "v": true,
            "row": 5,
            "col": 1
        },
        {
            "w": "WEE",
            "v": true,
            "row": 0,
            "col": 2
        },
        {
            "w": "EELS",
            "v": true,
            "row": 0,
            "col": 5
        },
        {
            "w": "ELSE",
            "v": true,
            "row": 0,
            "col": 0
        },
        {
            "w": "HEEL",
            "v": true,
            "row": 2,
            "col": 7
        },
        {
            "w": "SLEW",
            "v": false,
            "row": 2,
            "col": 0
        },
        {
            "w": "HEELS",
            "v": false,
            "row": 6,
            "col": 0
        },
        {
            "w": "WHEEL",
            "v": false,
            "row": 0,
            "col": 2
        },
        {
            "w": "WHEELS",
            "v": true,
            "row": 2,
            "col": 3
        }
    ]
}