{
    "id": "c2847d3a-0d39-11eb-a781-34363b5fdca4",
    "type": 0,
    "letters": "EISSTW",
    "mov": 25,
    "shovels": 1,
    "coins": 5,
    "rows": 10,
    "cols": 2,
    "c": 0,
    "b": -1,
    "dws": [
        "WIS",
        "EWT",
        "TEW",
        "SEI",
        "SIS",
        "TIS",
        "ESS",
        "EST",
        "TES",
        "WISS",
        "WIST",
        "WITE",
        "EWTS",
        "TEWS",
        "SIES",
        "SEIS",
        "STIE",
        "SIST",
        "ESTS",
        "WISES",
        "SWIES",
        "WITES",
        "WISTS",
        "WESTS",
        "STIES",
        "SITE",
        "WITS",
        "TIE",
        "WIT"
    ],
    "ws": [
        {
            "w": "ITS",
            "v": false,
            "row": 4,
            "col": 4
        },
        {
            "w": "SET",
            "v": true,
            "row": 7,
            "col": 1
        },
        {
            "w": "SEW",
            "v": false,
            "row": 3,
            "col": 2
        },
        {
            "w": "SIT",
            "v": true,
            "row": 5,
            "col": 7
        },
        {
            "w": "WET",
            "v": true,
            "row": 1,
            "col": 8
        },
        {
            "w": "SETS",
            "v": false,
            "row": 7,
            "col": 1
        },
        {
            "w": "SEWS",
            "v": true,
            "row": 0,
            "col": 2
        },
        {
            "w": "SITS",
            "v": true,
            "row": 1,
            "col": 0
        },
        {
            "w": "STEW",
            "v": false,
            "row": 1,
            "col": 0
        },
        {
            "w": "TIES",
            "v": false,
            "row": 5,
            "col": 1
        },
        {
            "w": "WEST",
            "v": false,
            "row": 0,
            "col": 4
        },
        {
            "w": "WETS",
            "v": false,
            "row": 3,
            "col": 6
        },
        {
            "w": "WISE",
            "v": false,
            "row": 6,
            "col": 6
        },
        {
            "w": "SITES",
            "v": true,
            "row": 3,
            "col": 9
        },
        {
            "w": "STEWS",
            "v": true,
            "row": 0,
            "col": 6
        },
        {
            "w": "WISEST",
            "v": true,
            "row": 3,
            "col": 4
        }
    ]
}