{
    "id": "c3f78c06-0d3a-11eb-a781-34363b5fdca4",
    "type": 0,
    "letters": "ALOPPT",
    "mov": 25,
    "shovels": 1,
    "coins": 5,
    "rows": 10,
    "cols": 2,
    "c": 0,
    "b": -1,
    "dws": [
        "ALP",
        "LAT",
        "ALT",
        "POL",
        "APO",
        "POA",
        "OPA",
        "APP",
        "TAO",
        "PALP",
        "PLAP",
        "LOTA",
        "TOLA",
        "POLT",
        "PLAT",
        "LOT",
        "PAT",
        "POP"
    ],
    "ws": [
        {
            "w": "APT",
            "v": true,
            "row": 0,
            "col": 3
        },
        {
            "w": "LAP",
            "v": false,
            "row": 6,
            "col": 0
        },
        {
            "w": "LOP",
            "v": false,
            "row": 8,
            "col": 2
        },
        {
            "w": "OAT",
            "v": false,
            "row": 4,
            "col": 7
        },
        {
            "w": "OPT",
            "v": true,
            "row": 5,
            "col": 6
        },
        {
            "w": "PAL",
            "v": true,
            "row": 6,
            "col": 2
        },
        {
            "w": "PAP",
            "v": false,
            "row": 4,
            "col": 3
        },
        {
            "w": "POT",
            "v": true,
            "row": 1,
            "col": 6
        },
        {
            "w": "TAP",
            "v": false,
            "row": 6,
            "col": 4
        },
        {
            "w": "TOP",
            "v": false,
            "row": 7,
            "col": 6
        },
        {
            "w": "ALTO",
            "v": true,
            "row": 5,
            "col": 0
        },
        {
            "w": "ATOP",
            "v": true,
            "row": 4,
            "col": 8
        },
        {
            "w": "OPAL",
            "v": false,
            "row": 2,
            "col": 6
        },
        {
            "w": "PLOP",
            "v": false,
            "row": 1,
            "col": 3
        },
        {
            "w": "PLOT",
            "v": true,
            "row": 1,
            "col": 9
        },
        {
            "w": "LAPTOP",
            "v": true,
            "row": 3,
            "col": 4
        }
    ]
}