{
    "id": "cecc1bc0-0d39-11eb-a781-34363b5fdca4",
    "type": 0,
    "letters": "IKLLSS",
    "mov": 19,
    "shovels": 1,
    "coins": 5,
    "rows": 7,
    "cols": 2,
    "c": 0,
    "b": -1,
    "dws": [
        "SIK",
        "KIS",
        "LIS",
        "SIS",
        "ILKS",
        "LISK",
        "LISKS"
    ],
    "ws": [
        {
            "w": "ILK",
            "v": false,
            "row": 4,
            "col": 4
        },
        {
            "w": "ILL",
            "v": false,
            "row": 5,
            "col": 0
        },
        {
            "w": "SKI",
            "v": true,
            "row": 6,
            "col": 6
        },
        {
            "w": "ILLS",
            "v": false,
            "row": 6,
            "col": 3
        },
        {
            "w": "KILL",
            "v": false,
            "row": 7,
            "col": 6
        },
        {
            "w": "KISS",
            "v": false,
            "row": 1,
            "col": 0
        },
        {
            "w": "SILK",
            "v": false,
            "row": 3,
            "col": 1
        },
        {
            "w": "SILL",
            "v": true,
            "row": 0,
            "col": 7
        },
        {
            "w": "SKIS",
            "v": false,
            "row": 0,
            "col": 4
        },
        {
            "w": "KILLS",
            "v": true,
            "row": 4,
            "col": 8
        },
        {
            "w": "SILKS",
            "v": true,
            "row": 4,
            "col": 0
        },
        {
            "w": "SILLS",
            "v": false,
            "row": 2,
            "col": 4
        },
        {
            "w": "SKILL",
            "v": true,
            "row": 1,
            "col": 2
        },
        {
            "w": "SKILLS",
            "v": true,
            "row": 2,
            "col": 4
        }
    ]
}