{
    "id": "d05c60c6-0d39-11eb-a781-34363b5fdca4",
    "type": 0,
    "letters": "ACEILM",
    "mov": 31,
    "shovels": 1,
    "coins": 5,
    "rows": 13,
    "cols": 2,
    "c": 0,
    "b": -1,
    "dws": [
        "MAL",
        "LAM",
        "AMI",
        "MAC",
        "CAM",
        "MAE",
        "AME",
        "MIL",
        "MEL",
        "MIC",
        "LAC",
        "CAL",
        "LEA",
        "LEI",
        "CEL",
        "MALI",
        "LIMA",
        "MELA",
        "ALME",
        "LEAM",
        "CAMI",
        "AMIE",
        "CLEM",
        "EMIC",
        "LAIC",
        "ILEA",
        "ALEC",
        "CIEL",
        "CEIL",
        "MALIC",
        "MAILE",
        "MACLE",
        "CLAME",
        "AMICE",
        "MELIC",
        "CLIME",
        "ILEAC",
        "MALEIC",
        "EMAIL",
        "CALM",
        "CAME",
        "LICE",
        "MACE",
        "MALE",
        "MICA",
        "MICE",
        "ACE",
        "AIM",
        "ELM"
    ],
    "ws": [
        {
            "w": "AIL",
            "v": false,
            "row": 8,
            "col": 7
        },
        {
            "w": "ALE",
            "v": false,
            "row": 3,
            "col": 0
        },
        {
            "w": "ICE",
            "v": false,
            "row": 5,
            "col": 7
        },
        {
            "w": "LIE",
            "v": true,
            "row": 3,
            "col": 9
        },
        {
            "w": "ACME",
            "v": true,
            "row": 0,
            "col": 2
        },
        {
            "w": "CLAM",
            "v": true,
            "row": 1,
            "col": 0
        },
        {
            "w": "LACE",
            "v": false,
            "row": 4,
            "col": 3
        },
        {
            "w": "LAME",
            "v": true,
            "row": 1,
            "col": 6
        },
        {
            "w": "LIME",
            "v": false,
            "row": 8,
            "col": 1
        },
        {
            "w": "MAIL",
            "v": true,
            "row": 5,
            "col": 1
        },
        {
            "w": "MEAL",
            "v": false,
            "row": 3,
            "col": 6
        },
        {
            "w": "MILE",
            "v": false,
            "row": 6,
            "col": 3
        },
        {
            "w": "CAMEL",
            "v": false,
            "row": 1,
            "col": 2
        },
        {
            "w": "CLAIM",
            "v": true,
            "row": 5,
            "col": 8
        },
        {
            "w": "MALICE",
            "v": true,
            "row": 3,
            "col": 4
        }
    ]
}