{
    "id": "d901fda2-0d44-11eb-a781-34363b5fdca4",
    "type": 0,
    "letters": "EEFLSX",
    "mov": 17,
    "shovels": 1,
    "coins": 5,
    "rows": 6,
    "cols": 2,
    "c": 0,
    "b": -1,
    "dws": [
        "FES",
        "EFS",
        "LEX",
        "LEE",
        "LES",
        "ELS",
        "SEL",
        "SEX",
        "ESE",
        "FELE",
        "ELFS",
        "LEES",
        "SEEL",
        "SELE",
        "SLEE",
        "EXES",
        "FLEES",
        "FEELS",
        "LEXES"
    ],
    "ws": [
        {
            "w": "EEL",
            "v": true,
            "row": 5,
            "col": 0
        },
        {
            "w": "ELF",
            "v": false,
            "row": 2,
            "col": 5
        },
        {
            "w": "FEE",
            "v": false,
            "row": 4,
            "col": 5
        },
        {
            "w": "SEE",
            "v": true,
            "row": 0,
            "col": 5
        },
        {
            "w": "EELS",
            "v": false,
            "row": 3,
            "col": 1
        },
        {
            "w": "ELSE",
            "v": false,
            "row": 6,
            "col": 0
        },
        {
            "w": "FEEL",
            "v": true,
            "row": 4,
            "col": 5
        },
        {
            "w": "FEES",
            "v": false,
            "row": 0,
            "col": 2
        },
        {
            "w": "FLEE",
            "v": true,
            "row": 1,
            "col": 1
        },
        {
            "w": "FLEX",
            "v": true,
            "row": 2,
            "col": 7
        },
        {
            "w": "SELF",
            "v": false,
            "row": 7,
            "col": 3
        },
        {
            "w": "FLEXES",
            "v": true,
            "row": 2,
            "col": 3
        }
    ]
}