{
    "id": "dd347cf8-0d47-11eb-a781-34363b5fdca4",
    "type": 0,
    "letters": "GNORST",
    "mov": 21,
    "shovels": 1,
    "coins": 5,
    "rows": 8,
    "cols": 2,
    "c": 0,
    "b": -1,
    "dws": [
        "ORS",
        "ONS",
        "NOS",
        "SOG",
        "GOS",
        "ORT",
        "TOG",
        "ORG",
        "GOR",
        "NOG",
        "GON",
        "TORS",
        "ROST",
        "ORTS",
        "SNOT",
        "ONST",
        "TOGS",
        "SORN",
        "ORGS",
        "SNOG",
        "NOGS",
        "GONS",
        "TRON",
        "RONT",
        "TROG",
        "GROT",
        "TONG",
        "RONG",
        "TRONS",
        "RONTS",
        "TROGS",
        "GROTS",
        "STONG"
    ],
    "ws": [
        {
            "w": "GOT",
            "v": false,
            "row": 9,
            "col": 6
        },
        {
            "w": "NOR",
            "v": true,
            "row": 0,
            "col": 5
        },
        {
            "w": "NOT",
            "v": true,
            "row": 7,
            "col": 8
        },
        {
            "w": "ROT",
            "v": false,
            "row": 2,
            "col": 5
        },
        {
            "w": "SON",
            "v": true,
            "row": 2,
            "col": 2
        },
        {
            "w": "SOT",
            "v": true,
            "row": 6,
            "col": 0
        },
        {
            "w": "TON",
            "v": true,
            "row": 2,
            "col": 7
        },
        {
            "w": "TOR",
            "v": false,
            "row": 8,
            "col": 0
        },
        {
            "w": "ROTS",
            "v": true,
            "row": 4,
            "col": 6
        },
        {
            "w": "SONG",
            "v": false,
            "row": 7,
            "col": 6
        },
        {
            "w": "SORT",
            "v": true,
            "row": 6,
            "col": 2
        },
        {
            "w": "TONS",
            "v": false,
            "row": 3,
            "col": 1
        },
        {
            "w": "TORN",
            "v": false,
            "row": 4,
            "col": 4
        },
        {
            "w": "SNORT",
            "v": false,
            "row": 6,
            "col": 2
        },
        {
            "w": "TONGS",
            "v": false,
            "row": 0,
            "col": 3
        },
        {
            "w": "STRONG",
            "v": true,
            "row": 3,
            "col": 4
        }
    ]
}