{
    "id": "de2b9f30-0d45-11eb-a781-34363b5fdca4",
    "type": 0,
    "letters": "CINOSU",
    "mov": 19,
    "shovels": 1,
    "coins": 5,
    "rows": 7,
    "cols": 2,
    "c": 0,
    "b": -1,
    "dws": [
        "COS",
        "SOC",
        "CIS",
        "SIC",
        "OUS",
        "SOU",
        "OIS",
        "ISO",
        "IOS",
        "ONS",
        "NOS",
        "SUI",
        "UNS",
        "NUS",
        "UNI",
        "INS",
        "NIS",
        "UNCO",
        "CONI",
        "CION",
        "UNCI",
        "UNIS",
        "CONUS",
        "UNCOS",
        "CIONS",
        "SONIC",
        "SCION",
        "INCUS"
    ],
    "ws": [
        {
            "w": "CON",
            "v": false,
            "row": 5,
            "col": 0
        },
        {
            "w": "ION",
            "v": false,
            "row": 2,
            "col": 6
        },
        {
            "w": "SIN",
            "v": true,
            "row": 3,
            "col": 2
        },
        {
            "w": "SON",
            "v": false,
            "row": 6,
            "col": 4
        },
        {
            "w": "SUN",
            "v": false,
            "row": 8,
            "col": 2
        },
        {
            "w": "COIN",
            "v": false,
            "row": 0,
            "col": 6
        },
        {
            "w": "CONS",
            "v": true,
            "row": 4,
            "col": 9
        },
        {
            "w": "ICON",
            "v": true,
            "row": 4,
            "col": 0
        },
        {
            "w": "IONS",
            "v": true,
            "row": 0,
            "col": 8
        },
        {
            "w": "NOUS",
            "v": true,
            "row": 6,
            "col": 6
        },
        {
            "w": "ONUS",
            "v": false,
            "row": 7,
            "col": 6
        },
        {
            "w": "COINS",
            "v": true,
            "row": 0,
            "col": 6
        },
        {
            "w": "ICONS",
            "v": false,
            "row": 4,
            "col": 2
        },
        {
            "w": "COUSIN",
            "v": true,
            "row": 3,
            "col": 4
        }
    ]
}