{
    "id": "e3ec62d2-0d41-11eb-a781-34363b5fdca4",
    "type": 0,
    "letters": "AENOPW",
    "mov": 29,
    "shovels": 1,
    "coins": 5,
    "rows": 12,
    "cols": 2,
    "c": 0,
    "b": -1,
    "dws": [
        "WAE",
        "WEN",
        "WAP",
        "WAN",
        "AWN",
        "NAW",
        "WOP",
        "POW",
        "EAN",
        "ANE",
        "NAE",
        "OPE",
        "NEP",
        "APO",
        "POA",
        "OPA",
        "WONE",
        "ENOW",
        "ANOW",
        "POWN",
        "PEAN",
        "NEAP",
        "EOAN",
        "AEON",
        "PEON",
        "PONE",
        "NOPE",
        "POWAN",
        "PAEON",
        "ANEW",
        "NAPE",
        "WANE",
        "APE",
        "NAP",
        "NEW",
        "ONE",
        "PAW",
        "PEN"
    ],
    "ws": [
        {
            "w": "AWE",
            "v": false,
            "row": 4,
            "col": 2
        },
        {
            "w": "EON",
            "v": false,
            "row": 8,
            "col": 2
        },
        {
            "w": "NOW",
            "v": true,
            "row": 0,
            "col": 7
        },
        {
            "w": "OWE",
            "v": true,
            "row": 0,
            "col": 9
        },
        {
            "w": "OWN",
            "v": true,
            "row": 4,
            "col": 6
        },
        {
            "w": "PAN",
            "v": false,
            "row": 6,
            "col": 4
        },
        {
            "w": "PEA",
            "v": true,
            "row": 7,
            "col": 2
        },
        {
            "w": "PEW",
            "v": false,
            "row": 2,
            "col": 0
        },
        {
            "w": "WOE",
            "v": false,
            "row": 2,
            "col": 7
        },
        {
            "w": "WON",
            "v": false,
            "row": 5,
            "col": 6
        },
        {
            "w": "OPEN",
            "v": true,
            "row": 2,
            "col": 8
        },
        {
            "w": "PANE",
            "v": true,
            "row": 2,
            "col": 0
        },
        {
            "w": "PAWN",
            "v": false,
            "row": 0,
            "col": 4
        },
        {
            "w": "WEAN",
            "v": true,
            "row": 2,
            "col": 2
        },
        {
            "w": "WEAPON",
            "v": true,
            "row": 3,
            "col": 4
        }
    ]
}