{
    "id": "eabec54a-0d47-11eb-a781-34363b5fdca4",
    "type": 0,
    "letters": "INNOO",
    "mov": 9,
    "shovels": 1,
    "coins": 5,
    "rows": 4,
    "cols": 1,
    "c": 0,
    "b": -1,
    "dws": [
        "ONO",
        "OON",
        "NOO",
        "NON",
        "NONI"
    ],
    "ws": [
        {
            "w": "INN",
            "v": true,
            "row": 1,
            "col": 4
        },
        {
            "w": "ION",
            "v": false,
            "row": 2,
            "col": 2
        },
        {
            "w": "NOON",
            "v": false,
            "row": 0,
            "col": 0
        },
        {
            "w": "ONION",
            "v": true,
            "row": 0,
            "col": 2
        }
    ]
}