{
    "id": "eac3ec20-0d40-11eb-a781-34363b5fdca4",
    "type": 0,
    "letters": "INNOSU",
    "mov": 19,
    "shovels": 1,
    "coins": 5,
    "rows": 7,
    "cols": 2,
    "c": 0,
    "b": -1,
    "dws": [
        "UNI",
        "UNS",
        "NUS",
        "SUI",
        "SOU",
        "OUS",
        "NIS",
        "INS",
        "NOS",
        "ONS",
        "NON",
        "ISO",
        "IOS",
        "OIS",
        "UNIS",
        "NOUS",
        "SUNN",
        "INNS",
        "NONI",
        "NONIS"
    ],
    "ws": [
        {
            "w": "INN",
            "v": false,
            "row": 5,
            "col": 4
        },
        {
            "w": "ION",
            "v": false,
            "row": 7,
            "col": 2
        },
        {
            "w": "NUN",
            "v": false,
            "row": 6,
            "col": 0
        },
        {
            "w": "SIN",
            "v": true,
            "row": 4,
            "col": 9
        },
        {
            "w": "SON",
            "v": true,
            "row": 3,
            "col": 6
        },
        {
            "w": "SUN",
            "v": false,
            "row": 6,
            "col": 7
        },
        {
            "w": "IONS",
            "v": false,
            "row": 9,
            "col": 0
        },
        {
            "w": "NOUN",
            "v": true,
            "row": 0,
            "col": 5
        },
        {
            "w": "NUNS",
            "v": false,
            "row": 0,
            "col": 3
        },
        {
            "w": "ONUS",
            "v": false,
            "row": 4,
            "col": 6
        },
        {
            "w": "NOUNS",
            "v": false,
            "row": 3,
            "col": 2
        },
        {
            "w": "UNION",
            "v": true,
            "row": 5,
            "col": 2
        },
        {
            "w": "UNIONS",
            "v": true,
            "row": 3,
            "col": 4
        },
        {
            "w": "UNISON",
            "v": true,
            "row": 1,
            "col": 0
        }
    ]
}