{
    "id": "eb2a878c-0d40-11eb-a781-34363b5fdca4",
    "type": 0,
    "letters": "AGIRTU",
    "mov": 19,
    "shovels": 1,
    "coins": 5,
    "rows": 7,
    "cols": 2,
    "c": 0,
    "b": -1,
    "dws": [
        "GAU",
        "GUR",
        "GIT",
        "TIG",
        "GAT",
        "GAR",
        "TUI",
        "UTA",
        "TAU",
        "ITA",
        "TAI",
        "AIT",
        "RIT",
        "RAI",
        "RIA",
        "TRUG",
        "GUAR",
        "GAUR",
        "RUGA",
        "RAGU",
        "TAIG",
        "GIRT",
        "TRIG",
        "GAIR",
        "GARI",
        "RAGI",
        "GART",
        "GRAT",
        "AITU",
        "RATU",
        "TIAR",
        "AIRT",
        "ARTI",
        "RAIT",
        "AGUTI",
        "TRAGI"
    ],
    "ws": [
        {
            "w": "AIR",
            "v": true,
            "row": 7,
            "col": 0
        },
        {
            "w": "ART",
            "v": false,
            "row": 7,
            "col": 4
        },
        {
            "w": "GUT",
            "v": false,
            "row": 6,
            "col": 2
        },
        {
            "w": "RAG",
            "v": false,
            "row": 1,
            "col": 6
        },
        {
            "w": "RAT",
            "v": true,
            "row": 5,
            "col": 6
        },
        {
            "w": "RIG",
            "v": false,
            "row": 5,
            "col": 6
        },
        {
            "w": "RUG",
            "v": true,
            "row": 3,
            "col": 8
        },
        {
            "w": "RUT",
            "v": false,
            "row": 9,
            "col": 0
        },
        {
            "w": "TAG",
            "v": false,
            "row": 0,
            "col": 4
        },
        {
            "w": "TAR",
            "v": false,
            "row": 3,
            "col": 6
        },
        {
            "w": "TUG",
            "v": false,
            "row": 4,
            "col": 3
        },
        {
            "w": "GAIT",
            "v": true,
            "row": 6,
            "col": 2
        },
        {
            "w": "GRIT",
            "v": true,
            "row": 0,
            "col": 6
        },
        {
            "w": "GUITAR",
            "v": true,
            "row": 3,
            "col": 4
        }
    ]
}