{
    "id": "eb2bcf58-0d44-11eb-a781-34363b5fdca4",
    "type": 0,
    "letters": "EILOTV",
    "mov": 29,
    "shovels": 1,
    "coins": 5,
    "rows": 12,
    "cols": 2,
    "c": 0,
    "b": -1,
    "dws": [
        "VOL",
        "VOE",
        "EVO",
        "LEV",
        "LEI",
        "TIL",
        "OLE",
        "ELT",
        "TEL",
        "VLEI",
        "VITE",
        "OVEL",
        "LEVO",
        "LOTI",
        "TEIL",
        "LOTE",
        "TOLE",
        "VOILE",
        "VOLTI",
        "VOLET",
        "VOLTE",
        "TOILE",
        "TELOI",
        "TOIL",
        "VILE",
        "VOLE",
        "VOTE",
        "LET",
        "LIE",
        "LOT",
        "VET",
        "VIE"
    ],
    "ws": [
        {
            "w": "LIT",
            "v": false,
            "row": 6,
            "col": 4
        },
        {
            "w": "OIL",
            "v": false,
            "row": 1,
            "col": 5
        },
        {
            "w": "TIE",
            "v": true,
            "row": 6,
            "col": 6
        },
        {
            "w": "TOE",
            "v": false,
            "row": 8,
            "col": 4
        },
        {
            "w": "EVIL",
            "v": true,
            "row": 1,
            "col": 9
        },
        {
            "w": "LITE",
            "v": true,
            "row": 1,
            "col": 7
        },
        {
            "w": "LIVE",
            "v": false,
            "row": 7,
            "col": 1
        },
        {
            "w": "LOVE",
            "v": true,
            "row": 0,
            "col": 5
        },
        {
            "w": "TILE",
            "v": true,
            "row": 1,
            "col": 2
        },
        {
            "w": "VEIL",
            "v": false,
            "row": 4,
            "col": 6
        },
        {
            "w": "VETO",
            "v": false,
            "row": 1,
            "col": 0
        },
        {
            "w": "VIOL",
            "v": true,
            "row": 6,
            "col": 2
        },
        {
            "w": "VOLT",
            "v": false,
            "row": 9,
            "col": 0
        },
        {
            "w": "OLIVE",
            "v": false,
            "row": 3,
            "col": 1
        },
        {
            "w": "VIOLET",
            "v": true,
            "row": 3,
            "col": 4
        }
    ]
}