{
    "id": "ec90945c-0d47-11eb-a781-34363b5fdca4",
    "type": 0,
    "letters": "BDELN",
    "mov": 13,
    "shovels": 1,
    "coins": 5,
    "rows": 4,
    "cols": 2,
    "c": 0,
    "b": -1,
    "dws": [
        "BEL",
        "BEN",
        "NEB",
        "DEB",
        "ELD",
        "DEL",
        "NED"
    ],
    "ws": [
        {
            "w": "BED",
            "v": false,
            "row": 1,
            "col": 4
        },
        {
            "w": "DEN",
            "v": true,
            "row": 5,
            "col": 4
        },
        {
            "w": "END",
            "v": false,
            "row": 6,
            "col": 4
        },
        {
            "w": "LED",
            "v": false,
            "row": 7,
            "col": 0
        },
        {
            "w": "BEND",
            "v": false,
            "row": 5,
            "col": 1
        },
        {
            "w": "BLED",
            "v": false,
            "row": 3,
            "col": 2
        },
        {
            "w": "LEND",
            "v": true,
            "row": 0,
            "col": 5
        },
        {
            "w": "BLEND",
            "v": true,
            "row": 3,
            "col": 2
        }
    ]
}