{
    "id": "eed6d816-0d47-11eb-a781-34363b5fdca4",
    "type": 0,
    "letters": "AEKOW",
    "mov": 13,
    "shovels": 1,
    "coins": 5,
    "rows": 4,
    "cols": 2,
    "c": 0,
    "b": -1,
    "dws": [
        "AWK",
        "KAW",
        "WAE",
        "OKA",
        "KOA",
        "AKE",
        "KAE",
        "KEA",
        "WOK",
        "KOW",
        "EWK",
        "OKE",
        "WEKA"
    ],
    "ws": [
        {
            "w": "AWE",
            "v": false,
            "row": 2,
            "col": 3
        },
        {
            "w": "OAK",
            "v": false,
            "row": 3,
            "col": 1
        },
        {
            "w": "OWE",
            "v": false,
            "row": 5,
            "col": 2
        },
        {
            "w": "WOE",
            "v": false,
            "row": 7,
            "col": 0
        },
        {
            "w": "WAKE",
            "v": false,
            "row": 0,
            "col": 3
        },
        {
            "w": "WEAK",
            "v": true,
            "row": 0,
            "col": 3
        },
        {
            "w": "WOKE",
            "v": false,
            "row": 1,
            "col": 0
        },
        {
            "w": "AWOKE",
            "v": true,
            "row": 3,
            "col": 2
        }
    ]
}