{
    "id": "f3f79d70-0d39-11eb-a781-34363b5fdca4",
    "type": 0,
    "letters": "CKOSTY",
    "mov": 17,
    "shovels": 1,
    "coins": 5,
    "rows": 6,
    "cols": 2,
    "c": 0,
    "b": -1,
    "dws": [
        "SOT",
        "TSK",
        "STY",
        "SOC",
        "COS",
        "KOS",
        "OYS",
        "TOC",
        "COY",
        "YOK",
        "SCOT",
        "TOCS",
        "COYS",
        "YOKS",
        "TOCK",
        "COKY",
        "YOCK",
        "TOCKS",
        "YOCKS"
    ],
    "ws": [
        {
            "w": "COT",
            "v": true,
            "row": 0,
            "col": 2
        },
        {
            "w": "SKY",
            "v": true,
            "row": 5,
            "col": 5
        },
        {
            "w": "SOY",
            "v": false,
            "row": 7,
            "col": 1
        },
        {
            "w": "TOY",
            "v": false,
            "row": 3,
            "col": 3
        },
        {
            "w": "COST",
            "v": false,
            "row": 1,
            "col": 4
        },
        {
            "w": "COSY",
            "v": true,
            "row": 0,
            "col": 5
        },
        {
            "w": "COTS",
            "v": false,
            "row": 2,
            "col": 0
        },
        {
            "w": "CYST",
            "v": false,
            "row": 5,
            "col": 3
        },
        {
            "w": "SOCK",
            "v": true,
            "row": 0,
            "col": 0
        },
        {
            "w": "TOYS",
            "v": true,
            "row": 4,
            "col": 1
        },
        {
            "w": "STOCK",
            "v": true,
            "row": 0,
            "col": 7
        },
        {
            "w": "STOCKY",
            "v": true,
            "row": 2,
            "col": 3
        }
    ]
}