{
    "id": "fdcce1bc-0d42-11eb-a781-34363b5fdca4",
    "type": 0,
    "letters": "BELOTT",
    "mov": 15,
    "shovels": 1,
    "coins": 5,
    "rows": 5,
    "cols": 2,
    "c": 0,
    "b": -1,
    "dws": [
        "BOT",
        "LOB",
        "OBE",
        "BEL",
        "OLE",
        "TET",
        "TEL",
        "ELT",
        "BOTT",
        "BOTE",
        "BOET",
        "BOLE",
        "BLET",
        "TOLT",
        "TOTE",
        "TOLE",
        "LOTE",
        "TELT",
        "BOTEL",
        "LOTTE"
    ],
    "ws": [
        {
            "w": "BET",
            "v": true,
            "row": 5,
            "col": 6
        },
        {
            "w": "LET",
            "v": true,
            "row": 2,
            "col": 5
        },
        {
            "w": "LOT",
            "v": false,
            "row": 0,
            "col": 4
        },
        {
            "w": "TOE",
            "v": false,
            "row": 7,
            "col": 1
        },
        {
            "w": "TOT",
            "v": true,
            "row": 0,
            "col": 6
        },
        {
            "w": "BELT",
            "v": false,
            "row": 2,
            "col": 3
        },
        {
            "w": "BLOT",
            "v": true,
            "row": 2,
            "col": 1
        },
        {
            "w": "BOLT",
            "v": false,
            "row": 4,
            "col": 0
        },
        {
            "w": "LOBE",
            "v": false,
            "row": 6,
            "col": 3
        },
        {
            "w": "BOTTLE",
            "v": true,
            "row": 2,
            "col": 3
        }
    ]
}