{
    "id": "ff0c4036-0d42-11eb-a781-34363b5fdca4",
    "type": 0,
    "letters": "BEEFOR",
    "mov": 21,
    "shovels": 1,
    "coins": 5,
    "rows": 8,
    "cols": 2,
    "c": 0,
    "b": -1,
    "dws": [
        "OBE",
        "REB",
        "FOB",
        "BOR",
        "BRO",
        "ERF",
        "FER",
        "REF",
        "REO",
        "ERE",
        "REE",
        "FRO",
        "ORF",
        "FEEB",
        "BERE",
        "BREE",
        "FORB",
        "FROE",
        "ORFE",
        "FERE",
        "FEER",
        "BOREE",
        "FEE"
    ],
    "ws": [
        {
            "w": "BEE",
            "v": false,
            "row": 4,
            "col": 2
        },
        {
            "w": "FOE",
            "v": false,
            "row": 8,
            "col": 2
        },
        {
            "w": "FOR",
            "v": false,
            "row": 5,
            "col": 4
        },
        {
            "w": "ORB",
            "v": false,
            "row": 2,
            "col": 7
        },
        {
            "w": "ORE",
            "v": true,
            "row": 0,
            "col": 3
        },
        {
            "w": "ROB",
            "v": true,
            "row": 5,
            "col": 6
        },
        {
            "w": "ROE",
            "v": true,
            "row": 1,
            "col": 5
        },
        {
            "w": "BEEF",
            "v": false,
            "row": 7,
            "col": 6
        },
        {
            "w": "BEER",
            "v": false,
            "row": 3,
            "col": 4
        },
        {
            "w": "BORE",
            "v": true,
            "row": 1,
            "col": 7
        },
        {
            "w": "FORE",
            "v": false,
            "row": 2,
            "col": 0
        },
        {
            "w": "FREE",
            "v": true,
            "row": 2,
            "col": 0
        },
        {
            "w": "REEF",
            "v": true,
            "row": 5,
            "col": 8
        },
        {
            "w": "ROBE",
            "v": true,
            "row": 2,
            "col": 2
        },
        {
            "w": "BEFORE",
            "v": true,
            "row": 3,
            "col": 4
        }
    ]
}